737159905
737130833
737045999
737028070
736636447
736370130
736271435
736257472
736225395
736062968
735840293
735756879
735720786
735653305
735520108
735433747
735376308
735058197
734839099
733758800
733657781
733368463
732801585
732751678
732184377
732148786
731919028
731876136
731627654
731255413
731115413
730854377
730417123
730297581
730185669
730155969
730131825
730115903
730059213
729901839
729764552
729743418
729439426
729200929
729112407
728893702
728860828
728775490
728718402
728635918
728277077
728147349
727893038
727848041
727687540
727656203
727432903
727390770
727172754
726826764
726568124
726285699
726269904
725806792
725342172
725157154
725063719
724472228
723612293
723471911
723392607
723344974
723004606
722953087
722951112
722878572
722861350
722858863
722496711
722473059
722097680
721326284
721074827
721008336
720765681
719913781
718877012
718360485
718092832
718060851
717778003
717624670
717458000
717358724
717055684
716631633
716522431
716410565
716360867
715969285
715352921
715203750
715110446
715079767
714946074
714923192
714751161
714663104
714539486
714168687
713890612
713746759
713730894
713633514
713489481
713429722
712985782
712783264
712752885
712742824
712448078
712439295
712242566
712205834
712202657
711970310
711868650
711745337
711691500
711060289
711055149
710846871
710674693
710568863
710466492
710293767
710248689
708741947
708445269
708429728
708377580
708351088
708278799
708219305
708124468
708050653
707523663
707148320
707068843
707004792
706505037
706244715
706189788
705824650
705790479
705620732
705538413
705530944
705468717
705416041
705312450
705284953
704766850
704721272
704642861
704223213
703846094
703668001
703422182
702664157
702590636
702522477
702316596
702308845
702300153
702248576
702133936
702117667
702079754
701036703
700841055
700484071
700002315
699839531
699482698
699322855
699176845
699152538
698629607
698437174
698254618
698212068
698202052
698093457
697976429
697952067
697887708
697881525
697428469
696996558
696763566
696602843
696380737
695925380
695880133
695865128
695443109
694848037
694678550
694644434
694593683
694164426
693946618
693410904
692817172
692634121
692494972
692289231
692218183
692200320
691980644
691941731
691665660
691375308
690908374
690517552
690394740
690180607
690045841
689931515
689878484
689843277
689229797
689125011
689120103
688694801
688683270
688659168
688522347
688269538
688007116
687740974
687436268
687151196
687052231
687039896
686929200
686605697
686467987
685787312
685511024
684291532
683793901
682114550
681777667
681191847
680978482
680971951
680899902
680617481
680331373
679899384
679809636
679652829
679585433
679487759
679419761
679388905
679048818
678745295
678249673
678058379
678045830
677754267
677640600
677432708
677427627
677346757
676534670
676528647
676186685
676039827
675761119
675694380
675389099
675310579
675160801
675085141
675053417
674891507
674292013
674211491
673596079
673358466
672923174
672596117
672174368
672102547
672087728
672024729
672009755
671666045
671067666
671062284
670920525
670919600
670872432
670208141
670204210
669980896
669731280
669377276
669051382
668514416
668504499
668468300
668340490
668279197
667626901
667396650
667343194
666856182
665934033
665890778
665449902
665127268
664620729
664313601
664169180
664168328
664109028
663783280
662799430
662749882
662580954
662495091
662167243
662103247
662039273
661955766
661861336
661733908
661391369
661160573
661147884
661137609
661085742
660980776
660928211
659897250
659657496
659545334
659302969
659115428
658944700
658380530
658314933
658149980
658130625
657933949
657857639
657836264
657645552
657526912
657503834
657306749
656868405
656843112
656758828
656673675
656639232
656601930
656507017
656461678
656308740
655844291
655720657
655563503
655258988
655248312
654945641
654944930
654939455
654455875
654330530
654318408
654202693
653873445
653744942
653508348
653466854
653389274
653282385
652796066
652757844
652098765
651973697
651724875
651523318
651276042
650724286
650509112
650496923
650443025
650132516
649822375
649749915
649737373
649699130
649637972
649320516
649263578
649146468
648557158
648134072
648079475
648057034
647668163
647635738
647381738
646980871
646888609
646718716
646629484
646343634
646158710
646150588
646005264
645400406
645340796
645310183
645278920
645077586
644477954
644266940
644012008
643474002
643137016
643094707
643041564
642824171
642456216
642303521
642256733
642175437
642145135
642061740
642027906
641903621
641748565
641488761
641229951
640323186
640249329
640156248
639583431
639377442
639038683
638789902
638250397
637958149
637506230
637328320
637251934
637078715
636244907
636179948
635970128
635860774
635703955
635557331
635387783
635311921
635274186
635210173
634984112
634568470
634419665
634203569
634195447
634045077
633707100
633536084
633160827
632610607
632028358
631582000
631374650
630915679
630566933
630519998
630063810
630008881
629972212
629586730
629545400
628830663
628810225
628743366
628721119
628710608
628708687
628429581
628143725
628000718
627436038
626827084
626816442
626809813
626703197
626319322
626290310
626136163
625718271
625577862
625556060
625442156
625375531
625238954
625112479
624958927
624488667
624423962
624223210
623939410
623561674
623193561
623123795
623032562
622351521
622132796
622002287
621502893
620964325
620960196
620873215
620744022
620709769
620219302
620063399
619631905
619426927
618916263
618867737
618718595
618299563
618244721
618215082
618182993
618169939
617929418
617891159
617707649
617680095
617660716
617644914
617522737
617373407
617255922
617174223
617141244
616466439
616304592
616121493
615951296
615745752
615460033
615290381
615278218
615045006
614700927
614223622
614155697
613207877
613146931
612771889
612726691
612594597
612182327
611899201
611151171
611029080
610869802
610069432
610054119
609815411
609769952
609595585
609548842
609266954
609056717
609040538
608361286
608106375
607745999
607238257
607007265
606514205
606456621
606389963
606022291
605896284
605711584
605466415
605448938
604963895
604745825
604730411
604724153
604626620
604452199
604434288
604396644
604391216
604240025
604006264
603962753
603715369
603306189
603244855
602619538
602611109
601669733
601153140
600696904
600525948
600449499
600347544
600192548
599771018
599672621
599642377
599452646
599412414
599260807
599200926
599037542
598742814
598395532
598226995
598084163
597939529
597907972
597870690
596331873
596100946
595448717
595244274
595241961
594938978
594917965
594010515
593990028
593308668
593160190
593073376
592978227
592845990
592763486
592640388
592461412
592410952
592235712
592077632
591864274
591556453
590729300
590603770
590560739
590534921
590254608
590055790
588447103
588154063
587937477
587657645
587272079
587077039
587070980
586499840
586227413
586220375
585777657
585755334
585729858
585547359
585086702
585078626
584783594
584576042
584237659
584032859
583820377
583758276
583532970
583290140
582871897
582820167
582664878
582637714
582598334
581694489
581482888
581255855
581137776
581031279
580759739
580610362
580334864
580090535
580055155
579948941
579685828
579477426
579348675
578962687
578912681
578852016
578256668
578145514
577695435
577077177
576895150
576844569
576807781
576757453
576595307
576193027
576187761
576104797
576037009
575992924
575868213
575751863
575665080
575469709
574886910
574790319
574770286
574598743
574075072
573981985
573924906
573896446
573575967
573021794
572856751
572708619
572694290
572620633
572566346
572547136
572443875
572344496
571777600
571421111
571008066
570985219
570970308
570930078
570833788
570672464
570605643
570566993
570379798
570376998
570267998
570228535
570161896
569966754
569845958
569837159
569829038
569762832
569482492
569254366
568805636
568605320
568466813
568402163
568327308
568311695
568218314
567817120
567598774
567562111
567283302
567065849
566631143
566365491
566301987
566275271
566125267
566069589
566003782
565987319
565960625
565891727
565499575
564932484
564858161
564752956
564368177
564283762
564184974
564047812
564041507
564008161
563875996
563579470
563498390
563464922
563011895
562812486
562473867
562055832
561918251
561802906
561775527
561234323
561109909
560772583
560725476
560510898
560430827
560001304
559689238
559199376
558927567
558887924
558700915
558402750
557094284
556923016
556840835
556528830
556469634
556061555
556026796
555770144
555088384
554775168
554040155
554035192
553831117
553706871
553674653
553632797
553519555
553088275
553044047
552531293
552458913
552426967
552194481
551980588
551808487
551738685
551051691
550854119
550738859
550654304
550632279
550628120
550504427
550371322
550340443
550330338
550187930
549888292
549546570
549423069
549394028
549223481
548768850
548705993
548325903
547952779
547915479
547372812
547311480
547298571
547043035
547037532
546941896
546878144
546543406
546502329
546478266
546372139
546032802
545324786
545030469
544806689
544771010
544472952
544468680
544465303
544265913
544236673
543971439
543858074
543744927
543609497
543446509
542836284
542583906
542493137
542263470
542224965
542086221
541960309
541831403
541806623
541752747
541530712
541523194
541416966
541389968
541111199
540767482
540684954
539857477
539627822
539576299
539570434
539295897
539144655
538965045
538813028
538716362
538431940
538084782
537804504
537142719
536845539
536247983
535645501
535529779
535499472
535372889
535309956
535162638
534587787
533980639
533704939
533506275
533452019
533331111
533196564
532913082
532801640
532758473
532005195
529753757
529543202
529341213
529222764
529132797
529050266
528985505
528592714
528430332
528080308
527959725
527867492
527619541
527260772
527155428
527082386
526973065
526956149
526891339
526750826
526680606
526588694
526420841
526146202
526123950
526083718
526068103
525969285
525856392
525644469
525462449
525403926
525343817
525089969
524991755
524958713
524950010
524874023
524479596
524319212
523997681
523874048
523677965
523561511
523237423
522975998
522967155
522803649
522754985
522215650
521935926
521883012
521339600
521297479
521258955
521059416
520816767
520813036
520407434
520097418
519910904
519757702
519610110
519607241
519053162
518626529
518541729
518093133
518049729
517762390
517673908
517616773
517517509
516908127
516830349
516792607
516721132
516452159
516378763
516250113
515848772
515228607
515097471
514912071
514798967
514582779
514248733
514158690
514019377
513688567
513584383
513477800
513109231
513060596
513030943
512457894
512301080
512024276
511671972
511598844
511427083
511287335
511273398
510832503
510777450
510735219
510451839
510059859
510042461
509850479
509827147
509717802
509400104
509254950
509154005
509116094
509069347
508835525
508654319
508630178
508360482
508203031
507872526
507677705
506719856
506649180
506587255
506171865
505614615
505572509
505492462
505388556
505240367
505097186
505072212
505026726
504767316
504587259
504339212
504312533
503796971
503681348
503527043
502922954
502677620
502589047
502045204
502042261
501911085
501586916
501438563
500922683
500886807
500880878
500693006
500660962
500205914
500195564
499954489
499426390
499264971
499258816
498706579
498257364
498096604
497947455
497775349
497755187
497697812
497454573
497196092
497169792
497062521
496921523
496806300
496724145
496698176
496284912
496235739
495880151
495423648
495353955
495346712
495161989
495025555
495015355
494949827
494844098
494823470
494489608
494350988
494293420
494229909
493902141
493775205
493610290
493579933
493522585
493369135
493204425
492687070
492565849
492545224
492452236
492416257
492029942
492013310
491828664
491574697
491544198
491513122
490728224
490221259
490158562
489770757
489697044
489589368
489566845
489066205
489023516
489005206
488721551
488441101
488428999
488330119
488306021
488270080
487890268
487686491
487597730
486818305
486625483
485985912
485979517
485960704
485830542
485821397
485436832
485039145
484777879
484748075
484631377
484595398
484269266
484024587
483605970
483333886
483152443
482807238
482607895
482472615
482465913
482457587
482388510
482058501
482023940
481993299
481803164
481264227
480906776
480611021
480003624
479827391
479602876
479433784
479267691
478772127
478590528
478335482
477918221
477164751
477011861
476822627
476499520
476406321
476225208
476221090
476064985
475762618
475739229
475586407
475553383
475092567
475042966
474943850
474686975
474256800
473424316
473406507
473385152
473360292
473243816
473145345
472278388
472277723
472248850
472167915
471729712
471105776
470838205
470754101
469866895
468853321
468539572
468489419
468099570
467128738
466980503
466975454
466975157
466651785
466587480
466548782
466441535
466424869
466415334
466080589
466022604
465667443
465630678
465279614
465157138
465096721
464927991
464665110
464297346
463556565
463212623
463133405
463122389
462796255
462606961
462594809
462566147
462561857
461902678
461734555
461690978
461278638
461269562
460965017
460844598
460622261
460486916
460479670
459844387
459819877
459765317
459753287
459732575
459642440
458964377
458802829
458041292
457943791
457942081
457880131
457466320
457433663
457372789
457372021
457269937
457220485
457032167
456885173
456871128
456852974
456790481
456329435
455956267
455892130
455614271
455442167
455366341
454596651
454416839
454116714
453960698
453319381
453304651
453260077
453040602
452781312
452392884
452343541
452339932
452207675
452157912
451793154
451773981
450959738
450306027
450117631
450041286
449727617
449674186
449498697
448786445
448650331
448356965
447997593
447815023
447781147
447633747
446784168
446730280
446424548
446044313
445943542
445941798
445789174
445777054
445380963
445161209
444893848
444628414
444607026
444448855
444283012
444269828
444006564
443317487
443307228
442780453
442602398
442474071
442392307
442071038
442035339
441900174
441857200
441605594
441427827
441399340
441322616
441148974
441038590
440848617
440428237
440218926
440139984
439962929
439842612
439814531
439681077
439540790
439537127
439083590
438971287
438861828
438794502
438735552
438619958
438583691
438091928
437665418
437284196
436913158
436889391
436129693
436123291
435883508
435840765
435583212
435132631
435124123
435080722
434769958
434540914
434535128
434424690
433789468
432982027
432978559
432726272
432646510
432142270
431923600
431418651
430782994
430613889
430375589
430109898
430016550
429736817
429073390
428941094
428753393
428279859
427895160
427891765
427639147
426984316
426907615
426864401
426430225
426383488
425702351
425688580
425582348
425456543
424883346
424851403
424665917
424581673
424294496
424286372
424246746
424096423
423351611
423134854
422959495
422673074
422569506
422224012
422156055
422121327
421998532
421982326
421892605
421838826
421539848
421504662
421384632
421384202
420918371
420873292
420419025
420381690
420101904
420035381
419969198
419499148
419458451
419058603
418518213
418314533
418180705
418144541
418126375
417979206
417952877
417603003
417345692
417310637
417263957
416546045
416493583
416366553
416239456
416238003
416187173
416142992
415669679
415625861
415477341
415147715
414886628
414824130
414625864
414609879
413897017
413791647
413533494
413050866
412935706
412616761
412572337
412570295
412425506
412263816
412167634
411824914
411511396
411130679
410725449
410547659
410336345
410174344
409620165
409451493
409257100
409181016
408777209
408716251
408351309
408099121
407951979
407929620
407873358
407788723
407122191
407102761
406753290
406658700
406644784
406623534
406413937
406334386
406202760
405920313
405894727
405496780
405234581
405193432
405088637
404932949
404830433
403521318
403159539
403063639
402554591
402255663
402142353
402040975
401486391
401129755
400865793
400856142
400838641
400820462
400538125
400476877
400444345
400088728
399983602
399669385
399565345
399259163
399175471
398862620
398659724
398508373
398434945
398340749
398292581
398290806
397492448
397058927
396896920
396864990
396225760
395736593
395736354
395727065
395725782
395355789
395101492
394963311
394194684
393968257
393861056
393701847
393059018
392827850
392268059
392247998
391943432
391484517
391340877
391314086
391129024
390935398
390599908
390483442
390206848
389742993
389661664
389450365
389117703
388965335
388846558
388817515
388446209
388192489
387535521
387131514
387120744
386765359
386715612
386654864
386426259
386424523
386417452
386214738
385707363
385661822
385646205
385408263
384525183
384234512
383829452
383318159
383109262
383092461
382954722
382602102
382564309
382413674
382115221
381988218
381335296
380812315
380556707
380421515
380414416
379803893
379675193
379454529
379303952
378704541
378697598
378261024
378058468
378033018
378000444
377927421
377754616
377621371
377441081
377386080
377139778
376949249
376484307
376011915
375591157
375468791
375203087
375112949
374869651
374821231
374718095
374598871
374313817
374122454
373651037
373618471
373534835
373363164
373268516
373147016
372771221
372171273
372159128
372122377
371538056
371468986
371135682
371126342
371084796
371080267
370951024
370947202
370892616
370649780
370523168
370395778
369993356
369947973
369909420
369099113
368790739
368571752
368509611
368207636
368197082
367977214
367859666
367544939
367352359
367198991
367022053
366871925
366850578
366751620
366698356
366448278
366375259
366169733
366119212
366067545
366044190
365975587
365732049
365289767
365127077
364916899
364842191
364438973
364397778
364303239
363959752
363882367
363381911
363063997
362926823
362913673
362490258
362349998
362226690
362225765
362085683
362076854
362073348
361936015
361773218
361735366
361686722
361135717
360628123
360533047
360515275
360282137
360068177
359914145
359880823
359588413
359275880
359185700
359020734
358922938
358729988
358567412
358408002
358353798
358258084
358182356
358132398
357799321
357781394
357753741
357378160
357186074
357106531
356963307
356831056
356435888
356161818
356001323
355629836
355570187
355235452
355094090
354366840
354321871
354312450
354135110
353783104
353555994
353395322
353230856
353073537
352996207
352929917
352790079
352527160
352477259
352458681
352386568
352154212
352080383
351952908
351860754
351443803
351091593
351042632
350852603
350799104
350484035
350384054
350028580
349844438
349800838
349567694
349350924
348582250
348575202
348547194
348343246
348342520
348267590
347584029
347027608
346904540
346613148
346215955
346197162
345948360
345709948
345676292
345444144
345306679
344460442
344303768
344194403
343655635
343509966
343401197
343324070
343134817
342909816
342875604
342615553
342394425
342050363
342043724
341859679
341586305
340811071
340580272
340450643
340158485
340127750
339474681
339411899
339363528
339156228
339107845
338867864
338425402
338031225
337992580
337831528
337635188
337540230
337525203
337460311
337446113
336940272
336784487
336628099
336541639
336526249
336474316
336260535
336235081
336033798
336029989
336000511
335944131
335853303
335096540
334893378
334664762
334408310
334078041
333600089
333220338
333163018
332915141
332893549
332888977
332556410
332529240
332207227
332168783
331807746
331253516
330954888
330760536
330435930
330432161
330348419
330128268
329876758
329752382
329669079
329531371
329448333
329374311
329118136
328628483
328606889
328279774
328263833
327914420
327309946
327187429
326939833
326846992
326749418
326522211
326407529
326368857
325699452
325549171
325198651
324809105
324684221
324618262
324478017
324467816
323923060
323832679
323610722
323429203
323082881
322895458
322786280
322697942
322491930
322478442
322419577
322303013
321278132
321005823
320690675
320481179
320305593
320086632
319869261
319579803
319193796
319081921
318180152
318167525
317860768
317375763
317330813
317115457
316974256
316767057
316553820
316296864
316262274
315995330
315699919
315614474
315604428
315594560
315170482
315135426
314663114
314468332
314154594
313973915
313249301
313085662
313008816
312933871
312506820
312203148
311887688
311843192
311831601
311809111
311681238
311533501
311397965
311388224
311048509
311022707
310948348
310863456
310818168
310303713
310168104
309966104
309943859
309823938
309800713
308966048
308949017
308948310
308235791
307965518
307496563
307392001
307386918
307100456
307007207
307004465
306915144
306645160
306305805
306226858
305588711
305542873
305332933
305318106
305241296
305129691
304917257
304773678
304365826
304010358
304006817
303895887
303746253
303614791
303538114
303401725
302762333
302576154
302564343
302531201
302308657
302166051
302148680
301940154
301675251
301519515
301171037
300736147
300549598
300264080
300126239
300053084
299538893
299467403
299301541
298968145
298789291
298510921
298487417
298219352
298194391
297450324
296922287
296593751
296546889
296426614
296414171
295986353
295441121
295404762
295361772
295198460
295095849
295068585
294655325
294612668
294589561
294458754
294429877
293960830
293881618
293769449
293735067
293673962
293207758
292784245
292462885
292245418
292190375
292007284
291843329
291800656
291704865
291674505
291033843
290839968
290562110
290491865
290383214
290275454
290261660
290014944
289791124
289776287
289671389
289656662
289448045
289429451
288820339
288571745
287691910
287401587
287353192
287319171
287167923
286832576
286201967
286000738
285814276
284913418
284405064
283929950
283127502
282788464
282502141
282481709
282422091
282103739
282085361
281881530
281621036
280924499
280914630
280879855
280865700
280861088
280711004
280652808
280632492
280457816
280403176
280378137
280365321
280158040
280108278
280076286
279750193
279746248
279722269
279626401
279067614
278974735
278485087
278450830
278375785
277298322
277221792
277042428
276762961
276347145
276333981
276287645
276245375
276170048
276142671
276123425
276104928
276021947
275842543
275735456
275569154
275331753
275308480
275168378
275143587
274955824
274806625
274413586
274360631
274352731
273847529
273751320
273600427
273439134
272726628
272639148
272539857
272464512
272446540
272188725
272046794
270624317
270504139
270310661
270223754
269965602
269579775
269551471
269229023
269132909
268435891
268347134
268296072
267676772
267496656
267124339
266922761
266853812
266590436
266127634
265916130
265866051
265484602
265397390
265264112
265199924
264547714
264313224
264302718
263973114
263608640
263559940
263387560
263266210
262473571
262174806
261935475
261782708
261656527
261638418
261627027
261512849
261415014
261309798
260913722
260550925
259710225
259506368
258865419
258671040
258463695
258366139
257706079
256649030
256321852
256083193
255735367
255647586
255516058
255463930
255463273
255361825
255345588
255254053
255068720
254840480
254626648
254460556
254382969
254149056
253840994
253709971
253567087
253561434
253097988
253073412
252960463
252934149
252857269
252693537
252546890
252539270
252429148
252401604
252380083
252330057
252285605
252236472
252109800
251996434
251917099
251456477
251295649
250515762
250497622
250395591
250308594
250281712
250065817
250021205
249959375
249931249
249915619
249299589
248853479
248706605
248621630
248412840
248131398
247778850
247738637
247599099
247470170
247409758
247327988
247157403
246556700
246439869
246410070
246142476
246131110
246001335
245962155
245781165
245204992
245187403
245046909
244824405
244559465
244356332
243531412
243371027
242814544
242757144
242226250
241877331
241510782
241333244
241332280
240842756
240804960
240765682
240461420
239852796
239771560
239447746
238717320
238439085
238274777
238183614
237871882
237848762
237582937
237386807
237343904
237265099
237130882
236830419
236770647
236712606
236442407
236330671
235449795
235210018
235166250
235011908
234941917
234452159
234433862
234394457
234315348
234125707
234085775
233867624
233776872
233399132
233032164
232855742
232798337
232701809
232122619
231770964
231598623
231419618
231221638
230412245
229796368
229117523
229013713
228836389
228643481
228015007
227752906
227741054
227666208
227511962
227285515
227208033
227004979
226866532
226269046
226225343
226116069
225986367
225553558
225412535
225255682
224929770
224893468
224641691
224486065
224342342
224294667
224282348
224102615
223822371
223815325
223486315
223446806
223289575
222515541
222479774
222326071
222297821
222262016
222259714
222251868
222102438
221743430
221638679
221324393
221235322
220786792
220767982
220582794
220344741
219878611
219865770
219790095
219413626
219291643
219136265
218907592
218865134
218835275
218671466
218395909
217726585
217112315
216959973
216740468
216637659
216453015
216419564
216352513
216096317
215733989
215063010
215041591
214654567
214556093
214536131
214375627
214052115
214019990
213744900
213708518
213705903
213685687
212499801
212223342
212010193
211907408
211618562
211543485
211427655
211409149
210918267
210747362
210343987
210157944
210110060
209998493
209687792
209457095
209341432
209287182
208983417
208969026
208800845
208730741
208722870
208514538
208357106
207912859
207381031
207262334
207210138
207190800
207112216
206224203
206173410
206110751
206095502
206070966
205865749
205283586
205093439
204970971
204570682
204415959
204349232
203706445
203549451
203470207
203356992
203044056
202668631
202486019
202419079
202078960
202049448
201618822
201518368
201129028
201120267
201036048
200821209
199140706
198596783
198053587
197837048
197832026
197788197
197539900
197435307
197101480
197064112
196984852
196874022
196838584
196688687
196682401
196663839
196152580
195066101
194956821
194841116
194794518
194352842
194117805
193754221
193663886
193574113
193484112
193373755
193296656
192804400
192558422
192159480
192035029
191752819
191272772
191171947
190708607
190546421
190384327
190066929
189705352
189642084
189432802
189425435
189304845
189263080
189155713
189088378
188672960
188028393
186523587
186395306
186174955
185692940
185583456
185560589
185276116
185142064
184570080
184470572
184466887
184011957
183807423
183747061
183619306
183345689
183167339
182403206
182348737
182212163
182007290
181959522
181811579
181780920
181603738
181394853
181056748
180906280
180614555
179954382
179855921
179462506
179270937
179187851
179166583
178852926
177855176
177547646
177332919
177170772
177163444
177108284
176904979
176795341
176794899
176648652
176565454
176512908
176490366
176200076
175893346
175859101
175379461
175366316
175316939
175158008
175034191
174840681
174646763
174615234
174606472
174530398
174328694
173773721
173683199
173428803
173426171
173237113
172996963
172903020
172845186
172567794
172317737
172235102
171997126
171896253
171895888
171872477
171776217
171690617
171271377
171269947
170837634
170813135
170511602
170389198
170199370
169534568
168944216
168925406
168584687
167149006
166886807
166825758
166422276
166221404
165799453
165792409
165451731
164912998
164451184
164288636
164038680
163748102
163509224
163331450
163142815
163136526
162727653
162505326
162297976
161728193
161716145
161576203
161399291
161334597
160868322
160494399
160293361
160258931
159100294
158965306
158951627
158481279
158465006
158380202
158333607
158319105
158313603
158254901
158200905
158152428
157805387
157772149
157760931
157705482
157703832
156979075
156925101
156844942
156760679
156588214
156544714
156543707
156400585
155423954
155416947
155232160
155197292
154853321
154780882
154746741
154559119
154141066
153717381
153196129
153193041
153185502
152985637
152700100
152645159
152100909
151950197
151613529
151265178
151083324
151033582
150473321
150376797
150204852
150125897
150057185
149992959
149977119
149393753
149365254
149110925
148786307
148545034
147293010
147178067
147167581
146696089
146529262
146306344
146030077
145775157
145723788
145475850
145336254
145261517
144461712
143905399
143711422
143578318
143194514
142907213
142801958
142674726
142442612
142431519
142049585
142014990
141357757
141201177
141127507
140970246
140581760
140555863
140470620
140444367
140423436
140258587
140229494
139986969
139963169
139961636
139957161
139901304
139860955
139542992
139319405
139179816
138993356
138420510
138340658
137381619
137251486
136700864
136581446
136478760
136340859
136028908
135934336
135759116
135048516
134551764
134243802
133870757
133840633
133576205
133143295
132715700
132644512
132489058
132483826
132273555
130742578
130619174
130498375
130398510
130301470
130131753
130103893
129980757
129351632
129333097
129167275
129036631
128892165
128833187
128743259
128703471
128608485
128486461
128292903
128138300
128120914
127607811
127588580
127512940
127477260
127465424
127374813
127255096
127181405
127073858
126802044
126776954
126717029
126500236
126399808
126291903
126241828
126161195
126158369
125990076
125663380
125123451
124002456
123213073
123183662
122542151
122272717
122256998
122161131
122041011
121855139
121722262
121714158
121639987
121481534
121126355
121069398
120833168
120600666
120040780
119894325
119714209
119083759
119041285
118875138
118718632
118489738
118416808
118367531
118320366
118122369
117955613
117929563
117851870
117821584
117762270
117521112
117490230
117159782
117153398
117143042
116914631
116827244
116782758
116654422
116267024
116077601
115981006
115736734
115599168
115352024
115209289
114368753
114314894
114177813
114133154
114014683
113981193
113667680
113282476
113101449
112972389
112883004
112865847
112810080
112750029
112603941
112018690
112007051
111461827
111454817
111318288
110994865
110922182
110433913
110034192
109918427
109378350
109353068
108354184
108032163
107963264
107943794
107787611
107566977
107514745
107507133
107504873
107433622
106652796
106161646
105839528
105628264
105328191
105095737
105046002
105020165
104751560
104691959
104097754
103997493
103809146
103684696
103611530
103197684
102822689
102736715
102577112
102107747
101685647
101446068
101381714
100973913
100832914
100781556
100771197
100697432
100329862
100310842
100107538
99144561
98828114
98807714
98791171
98773217
98415474
98283114
98100255
97435578
97070116
96939565
96847001
96793527
96405386
95672909
95507137
95429215
95349337
95212425
94896723
94824127
94676379
94626076
94213309
93663617
93472479
92101530
91896587
91883439
91687575
91429240
91183172
90778279
90668414
90647924
90578435
90226124
89910427
89905421
89870275
89646751
89597669
89373754
89069705
89025882
88952146
88348244
88248832
88175143
87980805
87972176
87568309
87273252
86518804
86300462
86251637
86105371
86065601
85979388
85688680
85546079
85441056
85292360
84965101
84841726
84733174
84581278
83891966
83836927
83767285
83760031
83142163
83121115
83018740
82785750
82430747
82309835
82213873
81900380
81249790
80833172
80609249
80565514
80354051
80286591
80243752
80097735
79872023
79631293
79470118
79284494
78980709
78795021
78717430
78469492
78466760
77540954
77389329
77259892
76943447
76812894
76407982
76383245
76325791
76219201
76172991
76000650
75752694
75507938
74896396
74824066
73996896
73756165
73549868
73429048
73294948
72467469
72445272
72428571
72387828
72260163
72179626
71703260
71683166
71634496
71575703
71468720
71301136
71112214
71106982
70705600
70605666
70461749
70457866
69867015
69767892
69692280
69624616
69292818
69100601
68892679
68831551
68727495
68426381
68419159
68083394
68073118
68029271
67676936
67347821
67201816
67109331
67030027
66825713
66669296
66451157
66300447
66218979
66088010
65736814
65234460
64878292
64628247
64554182
64318557
64230680
64216684
64146641
63721830
63023814
63017464
62917723
62610000
62466817
62232693
61545011
61324727
61254086
60963788
60935125
60867974
60851201
60452940
60334826
60067746
60053696
59683720
59481904
59476956
59454966
59452445
59272664
59049222
58904190
57325389
56990928
56917102
56142160
56077175
56030415
55964251
55821328
55668265
55525261
55372401
55122972
54995602
54938481
54930468
54470011
54455539
54409491
54393978
54328783
53963151
53928772
53727271
53433146
53382697
53083698
52960436
52604815
52369315
51983414
51854449
51575058
51555437
51349631
51278060
51267973
51046595
50408922
50313899
50309010
50192757
49802044
49682066
49663124
49433538
49341044
48722879
48636308
48620498
48495982
48302296
47411691
47087173
46644413
46640375
45743362
45724543
45641070
45296034
45277364
44603561
44510610
44340314
44312933
44052821
43856362
43831849
43346178
43132202
42940459
42882344
42616499
42427657
42065687
42024399
41763820
41681229
41448243
41437159
41393025
41095406
41056708
40879410
40343729
40118209
39450200
39288941
39287561
38866037
38735534
38582551
38565819
38375325
38144734
37965954
37402356
37201214
37106632
36968901
36855362
36493552
36445910
36339379
36245535
36178161
36158836
35785787
35760744
35585318
35068631
35027710
34796020
34787731
34594865
34461689
34445020
34409671
34282222
34158386
34147164
34070056
33586583
33464203
33304176
33216704
33060232
32881793
32773937
32610769
32557315
32529753
32455235
32332108
32222495
31435340
31261505
30939883
30387508
30030907
29702763
29514106
29449418
29406318
29334568
28913276
28683108
28617083
28022842
27945339
27854602
27816107
27612825
27406354
27335302
27271765
27064264
26532286
26175850
26091301
25824702
25490665
25255178
24142698
24036731
24030461
23927143
23756606
23734495
23466650
23439899
22638754
22629396
22311838
22222844
21827565
21356018
21070584
20899155
20865747
20713920
20335893
20333899
20174637
19853634
19765489
19166342
19014805
18909155
18755979
18755871
17519525
17452284
17384297
17240620
16648814
16304422
16278239
15982282
15617273
15374777
15203319
14872327
14855427
14736304
14519031
13747619
13704945
13147842
13134890
12712990
12538528
12518079
11654469
11403444
11291764
10871237
10637776
9801516
9781481
9754400
9415912
9192056
8594901
8567990
8196611
8049998
7981854
7456819
7275852
7212407
7163291
6607055
6426856
5258114
5012654
4934179
4668671
4603876
4201248
3981413
3930129
3708023
3576262
3316268
3264765
3180704
3032177
2890498
2647314
2453051
2405176
2286934
2144588
1923353
1729879
953034
930748
301545
277587
240618
18170
-123896
-158093
-672048
-1250464
-1473536
-1642793
-1670054
-1700702
-1740955
-1959581
-2255597
-2308926
-2409852
-2765011
-3068853
-3220683
-3343125
-3626910
-3647842
-4075682
-4296415
-4313114
-4392930
-4604107
-4808333
-5056493
-5447259
-5479907
-6114097
-6228024
-6412903
-6634285
-6894255
-7027909
-7219296
-7242641
-7589190
-7778952
-8527637
-8614162
-8652320
-8659811
-9061287
-9278660
-9466871
-9468666
-9614892
-9794159
-9813867
-9825931
-9964265
-10305557
-10309520
-10548109
-10747542
-10831974
-10946164
-11008068
-11254110
-11542831
-11774550
-11819448
-11961452
-12043203
-12078487
-12347303
-12410165
-12548328
-12570127
-12803450
-12875490
-12905603
-12920745
-13566920
-13681003
-13861851
-13872022
-14079052
-14247368
-14273280
-14406781
-14543834
-14783277
-14846081
-15051477
-15387067
-15401127
-15559110
-16052716
-16222748
-16327292
-16453174
-16497044
-16841288
-16963934
-17031126
-17740132
-18062738
-18847842
-19260274
-19452849
-19618806
-19651387
-19751540
-19786409
-19958349
-20070586
-20089370
-20176281
-20206247
-20293416
-20867139
-21005263
-21032027
-21160708
-21373977
-21756474
-21889364
-22369504
-22469259
-22566290
-22629856
-23032077
-23585070
-23833177
-24273354
-24725370
-24748718
-25072451
-25121983
-25185906
-25354279
-25585845
-25799737
-25920834
-25957111
-26066694
-26147882
-26313771
-26470456
-26522582
-26578850
-26637863
-27213833
-27312390
-27686048
-27889240
-27970692
-28017224
-28084786
-28147158
-28147730
-28225053
-28513248
-29453009
-29541765
-29661341
-29706093
-30019961
-30038348
-30255227
-30326071
-30404283
-30462069
-30873214
-30884873
-31041804
-31194505
-31315598
-31847279
-32236624
-32581103
-33141472
-33155691
-33464300
-33986738
-34088922
-34414094
-34456703
-34828782
-34843984
-34916431
-34947873
-35029922
-35352680
-35548459
-35735696
-35827581
-35954091
-36462067
-36592043
-36627462
-36820741
-37817404
-37994868
-38161376
-38293117
-38552109
-38593016
-38673838
-38742617
-38796382
-39268016
-39804094
-39872760
-39877495
-40055977
-40127098
-40520606
-41036453
-41181986
-41312474
-41520596
-41612261
-41808028
-41808854
-42041905
-42117679
-42124651
-42765855
-42870369
-43032114
-43518943
-43527963
-43595402
-44213693
-44576937
-44738659
-45352230
-45817251
-45879896
-45893355
-45979400
-46205175
-46293825
-46410088
-46458062
-46590678
-46710807
-46806647
-47268439
-47513735
-47907625
-48109926
-48392363
-48459731
-48548704
-48673682
-48764322
-48783672
-48792244
-48942404
-48962331
-49035358
-49144256
-49151661
-49444620
-49791080
-49954512
-50419667
-50549462
-50672531
-50723431
-50858171
-50997964
-51206144
-51873188
-51892020
-51941553
-52203323
-52317324
-52356657
-52451277
-52457197
-52675810
-52959651
-53012108
-53201665
-53386147
-53775361
-53926046
-54192831
-54420005
-54552437
-54880932
-55294392
-55698297
-55755171
-55905576
-56184534
-56184553
-56381875
-56531814
-56738384
-56802376
-57318152
-57531463
-57572697
-57601952
-57638343
-57654404
-57758568
-58073663
-58161733
-58428141
-58707835
-58942864
-59150830
-59384104
-59721174
-60126543
-60221096
-60504379
-60998753
-61259953
-61263422
-61490428
-61630671
-61921540
-62044698
-62286588
-62301129
-62894177
-62921262
-63027352
-63108057
-63272939
-63272974
-63372318
-63912838
-64239059
-65303541
-65481455
-65597953
-65669958
-65931467
-66121586
-66143911
-66440705
-66666601
-66816332
-67174838
-67430709
-67489273
-67532974
-67558275
-67765568
-67874490
-67902069
-68171425
-68220919
-68445291
-68642105
-68874627
-69048319
-69113775
-69298211
-69316497
-69453569
-69520704
-69617409
-69771601
-70040608
-70282883
-70577151
-70735948
-70988103
-71046249
-71077612
-71122098
-71347227
-71381630
-71454449
-71987770
-72048693
-72080011
-72163608
-72231380
-72731242
-72894402
-72996143
-73390948
-73869325
-74107012
-74107349
-74766080
-75076365
-75090077
-75365108
-75568632
-75687406
-75769198
-75925805
-75953629
-76122196
-76601690
-76618706
-76706127
-76760544
-76814704
-76937736
-77186232
-77410561
-77443217
-77544643
-77580563
-78392000
-78437725
-78517500
-78586748
-78705853
-78797838
-78977246
-79282081
-79610978
-79642813
-79927060
-80283879
-80459050
-80603827
-80677796
-80778715
-80820634
-80853423
-80882690
-81014094
-81034668
-81141693
-81180066
-81349827
-81360137
-81502651
-81764336
-82156674
-82190537
-82436753
-82578586
-82580172
-82586370
-82892858
-82946012
-82947466
-82974683
-83702362
-84505473
-84745093
-84845838
-84909183
-85465391
-85659824
-85685448
-86178803
-86330730
-86610914
-86650754
-86661019
-86688662
-87777051
-87914038
-88052623
-88851176
-89201508
-89579759
-89906474
-90379643
-90409622
-90612945
-90802143
-91009844
-91307105
-91830950
-91835129
-91902485
-92109046
-92297042
-92626825
-92637105
-92820512
-93210319
-93384195
-93408941
-93474578
-93835912
-93914927
-93998776
-94267648
-94588979
-94791665
-95035977
-95274654
-95501972
-96114278
-96521486
-96585494
-96640066
-96820160
-96855409
-97024268
-97108996
-98040566
-98074356
-98580428
-99337880
-99448792
-99890903
-99956078
-100350869
-100468399
-100792218
-100848506
-101256859
-101383799
-101398979
-101742782
-101863655
-101980080
-102033746
-102044558
-102491437
-102719874
-103250002
-103258830
-104052835
-104415206
-104775097
-104797187
-104802466
-105438897
-105656089
-106014651
-106190707
-106252553
-106640345
-106747464
-107030093
-107202639
-107388033
-107634874
-108179224
-108353171
-108429904
-108548296
-108708049
-108750322
-108803656
-108955245
-109117605
-109141634
-109394818
-109417250
-109835395
-110090096
-110196032
-110312898
-110573982
-110610359
-110716969
-111074593
-111077978
-111158670
-111363339
-112196335
-112553400
-112936474
-113068350
-113090536
-113540006
-113672033
-114064716
-114619888
-114653251
-114931299
-115264834
-115432882
-115457804
-115967554
-116022448
-117382989
-118071420
-118087317
-118116094
-118517609
-118989170
-119034709
-119057876
-119075814
-119479258
-119492357
-119765863
-119837169
-120747540
-120871663
-121629512
-121673222
-121720489
-121787265
-122155417
-122385951
-122435894
-122859884
-122890151
-123471504
-123490944
-123843362
-124028533
-124160634
-124354144
-124708133
-124722934
-124857470
-125504631
-125935197
-126127070
-126459338
-126461051
-126503120
-126637454
-126881385
-126967312
-127182415
-127194011
-127196561
-127296348
-127297405
-127360391
-127450596
-127545684
-127614197
-127774634
-128059385
-128120257
-128415820
-128576446
-129050863
-129115329
-129160460
-129420992
-129475802
-129913376
-130204559
-130322180
-130466890
-130543224
-130669267
-130843419
-130922984
-131209789
-131486810
-131797005
-131848836
-131885543
-133295580
-133573314
-133935837
-133993128
-134785757
-134936608
-135023924
-135615161
-135888913
-136186249
-136204645
-136317554
-136643064
-136826280
-136918256
-137169352
-137224379
-137454899
-137595097
-137884553
-138354412
-139036766
-140517566
-140758984
-140780124
-140940229
-140983444
-141191732
-141840899
-142005495
-142332321
-142436195
-142774287
-143435839
-143779824
-143924215
-144213345
-144259453
-144909887
-144947507
-145002038
-145615004
-146271599
-146407960
-146496266
-146609740
-146842320
-146863059
-147059641
-147133250
-147139682
-147407792
-147504014
-147721407
-147793686
-147933844
-148193577
-148304056
-148350997
-148652203
-148860784
-148909211
-148931747
-149070699
-149143971
-149252048
-149443285
-149471151
-149522066
-149575073
-149997481
-150123578
-150152585
-150642430
-150650856
-150826427
-150890487
-150926145
-151296036
-151435104
-151776898
-151954913
-152136332
-152675233
-154104081
-154177611
-154287521
-154379075
-154454841
-154638818
-154644431
-154660462
-154757686
-155181389
-155288452
-155751723
-155765779
-156201065
-156432591
-157134956
-157217927
-157637799
-157888962
-158120482
-158348748
-158395845
-158743136
-159102902
-159130177
-159238318
-160036708
-160110490
-160113754
-160134941
-160441159
-160625974
-161233422
-161293381
-161365739
-161527627
-162101326
-162339401
-162513096
-162686377
-162733107
-162779791
-162842681
-162947470
-162979440
-163059686
-163122138
-163125799
-163137031
-163191498
-163220898
-163248681
-163299310
-163338029
-163593038
-163666436
-163874077
-164034024
-164511965
-164750935
-164892153
-164945786
-165381610
-165737158
-165826974
-165962473
-166139680
-166583129
-166982638
-167071512
-167747267
-167912498
-168080809
-168470665
-168578657
-168668047
-168720451
-168866428
-168922991
-168978786
-169193761
-169238398
-169868345
-170030566
-170965338
-170993479
-171072280
-171394086
-171402929
-171605169
-171794853
-171851689
-172186999
-172721895
-172750913
-172756936
-173102059
-173279668
-173493190
-173633891
-173765511
-174105412
-174260894
-174660334
-175082422
-175086206
-175183538
-175312259
-175784451
-176362873
-176563117
-176963407
-177072925
-177228157
-177316653
-177750297
-178084395
-178134169
-178145088
-178222253
-178597704
-178653361
-178916380
-178999761
-179123965
-179330228
-179413165
-180111017
-180446934
-180928722
-181067741
-181342902
-181411838
-181685669
-181744758
-181772800
-181813209
-182421276
-182529915
-182627030
-182638361
-182800080
-182827266
-182986939
-182995828
-183133256
-183223822
-183291042
-183491595
-183608680
-183698440
-183857634
-183970732
-184002814
-184374233
-184436891
-185427829
-185596045
-185623605
-185767845
-186296358
-187820221
-187880790
-187950962
-187984323
-188069631
-188088361
-188330117
-188450192
-188594143
-188597820
-189122846
-189210858
-189364192
-189451569
-189515458
-189759464
-189787731
-189992382
-190151024
-190329353
-190567714
-190817718
-191110503
-191142640
-191343944
-192000016
-192703426
-192743258
-193044792
-193189160
-193258654
-193299617
-193655531
-193979403
-194074113
-194282911
-194396223
-194644643
-194725095
-194749694
-194879462
-195352984
-195408468
-195545112
-195711302
-196081840
-196147650
-196356945
-196518716
-196701503
-196903684
-196905913
-197241942
-197993323
-198026247
-198091678
-198184095
-199071354
-199106472
-199333680
-199655494
-199904555
-199938197
-200026902
-200111533
-200145931
-200797016
-200918775
-201187888
-201861073
-202794641
-202917468
-203261376
-203742277
-203946476
-204256559
-204302527
-204572178
-204685872
-204782268
-205052055
-206066402
-206774821
-206827644
-207567326
-207654818
-207705631
-207715591
-208390923
-208722861
-208767730
-209128990
-209207570
-209253438
-209271701
-209287024
-209288528
-209637868
-209716130
-210041502
-210129202
-210229860
-210308569
-210607555
-210625365
-210796611
-210798969
-211133636
-211428732
-211455013
-211519035
-211641745
-211768866
-211865912
-212026726
-212173754
-212198517
-212570206
-212971365
-213254163
-214037838
-214220420
-214402019
-214402516
-214644198
-215265981
-215477223
-215559134
-215596110
-215654110
-215722060
-216047412
-216291341
-216598125
-216713855
-216994857
-217056644
-217515815
-217594360
-217888764
-218046616
-218152479
-218367534
-218451388
-218463117
-218503136
-218829505
-218875851
-218975840
-219126226
-219219147
-219368436
-219415635
-219802131
-219832648
-220422464
-220434562
-220444423
-220485882
-220769037
-221290980
-221374267
-221711509
-221915323
-222064576
-222542392
-222959075
-223787895
-224143216
-224258004
-224275883
-224513845
-224995390
-225352060
-225362749
-225720390
-226210933
-226374462
-226731541
-226766302
-226925648
-226926931
-226964399
-227743926
-227871730
-228154125
-228915304
-228946444
-229018414
-229081327
-229599016
-230019327
-230037777
-230063230
-230642224
-230859570
-231440135
-231483017
-231496415
-231514572
-231520567
-231642977
-232308959
-232613602
-232998791
-233123566
-233364137
-233501507
-234002823
-234289969
-234624800
-234668129
-235347309
-235829256
-236258074
-236488904
-236515781
-236564147
-236565151
-237140706
-237534411
-237847019
-237883312
-237928859
-238127083
-238183983
-238334699
-238715323
-238789154
-238942906
-239044783
-239144456
-239291873
-239337536
-240126008
-240148641
-240823590
-241866410
-242155900
-242770416
-243078808
-243206549
-243267759
-243349495
-243473231
-243491549
-244008649
-244225858
-244299289
-244322189
-244322575
-244726809
-244744631
-245023194
-245246039
-246084769
-246219103
-246239474
-246334499
-246336834
-246398641
-246556022
-247084258
-247224029
-247297941
-247393503
-247529043
-247585476
-248073297
-248116060
-248153149
-248340378
-248558077
-249091951
-249128930
-249620143
-249667756
-250043620
-250078464
-250116204
-250569176
-250610327
-250654544
-250668228
-250719058
-250747905
-250876616
-250899480
-250944598
-251084104
-251120415
-251150539
-251244429
-251390038
-251490635
-251512703
-251631328
-251659851
-251696734
-251929585
-252062234
-252801401
-253850259
-254045844
-254106593
-254140816
-254287827
-254362331
-254522831
-254593961
-254805343
-255319198
-255708031
-255745521
-256284228
-256440601
-256481086
-257123085
-257505111
-257632605
-257643673
-257798044
-258086591
-258181081
-258412622
-258717562
-258881231
-259623635
-259745680
-259758133
-259881906
-260087958
-260219762
-260314897
-260626625
-260808274
-260974485
-261072029
-261284748
-261434725
-261505727
-261984950
-262006758
-262438660
-262525311
-262621535
-262711311
-263183892
-263206878
-263272252
-263712835
-263726337
-264238907
-264317156
-264348154
-265057539
-266163434
-266213505
-266490613
-266741053
-266784806
-267016094
-267206049
-267551132
-267728228
-267904098
-267949421
-268253153
-268403586
-268656005
-268878758
-269314725
-269348863
-269472713
-269619140
-269781010
-269874317
-270082147
-270194566
-270213192
-270836208
-270865704
-270885110
-270904468
-271122119
-271131343
-271456523
-271694117
-271792307
-271843049
-272887780
-273021034
-273026454
-273292068
-273297647
-273600447
-273745985
-273866029
-273879918
-274011680
-274395052
-274855965
-274908240
-274965394
-274983548
-275156522
-275626077
-275637466
-276135393
-276155271
-276666579
-276751977
-277013080
-277248238
-277259133
-277398573
-277571740
-277848628
-277886263
-277887470
-278094055
-278531590
-278767516
-278860485
-279017083
-279204202
-279579949
-279811620
-280163497
-280216832
-280522702
-280594057
-280604148
-280754052
-281139928
-281142640
-281227834
-281264367
-281473558
-281486491
-281713663
-281830597
-282351794
-282697483
-283096502
-283467593
-283704836
-283742380
-283846715
-284255324
-284273606
-284474942
-284923658
-285195997
-285214392
-285251980
-285970779
-286197136
-286210583
-286484451
-286512742
-286552471
-286570762
-286708857
-287094077
-287667104
-287763141
-287872172
-287976973
-288163537
-288248872
-288858060
-289066465
-289300778
-289304067
-289410383
-289700124
-290064230
-290106952
-290505876
-290608970
-290641176
-290667133
-290682334
-290811769
-290828481
-291068126
-291222851
-291491589
-291702722
-292033945
-292253497
-292428005
-292727738
-292778539
-293034788
-293114055
-293499794
-293525330
-293708653
-293761079
-293776579
-293922790
-294302209
-294313109
-294376874
-294546006
-295046307
-295255246
-295337283
-295387780
-295798515
-295979124
-296179938
-296378633
-296592911
-296653852
-297026467
-297037769
-297311356
-297570402
-297834812
-298075602
-298549840
-298951144
-299073866
-299075759
-299628245
-299700427
-299878256
-299929562
-300512207
-301023495
-301323366
-301416648
-301721418
-302009404
-302139582
-302236128
-302289384
-302845184
-302911063
-302933147
-303029790
-303191975
-303197899
-303288342
-303401101
-303548326
-303783699
-304359994
-304440380
-304859288
-304904239
-305559599
-305670477
-305779741
-306030259
-306368907
-306458861
-306619355
-306628287
-307022511
-307238409
-307526506
-308484407
-308548989
-308772348
-309329323
-309483919
-309609649
-310332431
-310363339
-310429412
-310605576
-310644594
-310686929
-310732662
-310802094
-310954718
-311023004
-311512146
-311532451
-311552743
-311607909
-311674863
-311679456
-312049037
-312068664
-312466917
-312804505
-312922675
-313009424
-313114858
-313540912
-313698507
-313799382
-314711324
-314877699
-315049157
-315190267
-315315316
-315550377
-315625279
-315696533
-316130799
-316208173
-316241404
-316276356
-316437909
-316841841
-317169348
-317385484
-317465743
-317536312
-317582142
-317625149
-317692314
-317757082
-317774591
-317821050
-317933390
-318077321
-318117615
-318459034
-318514739
-318907433
-319289178
-319365380
-320148333
-320628254
-320784221
-321024467
-321139640
-321146610
-321149918
-321297463
-321326946
-321724142
-321746298
-321925020
-322233364
-322570133
-322741957
-323262225
-323295439
-323424004
-323441642
-323985557
-324267895
-324741078
-325002049
-325302825
-325410482
-325860726
-325986752
-326261429
-326462428
-326577910
-326774274
-326800226
-326817940
-326883257
-327051556
-327128617
-327153147
-327158448
-328086343
-328775738
-328910914
-329333573
-329425223
-329596653
-329866265
-329973357
-330268403
-330331479
-330452144
-330813283
-331021567
-331210992
-331716930
-331759757
-331885096
-332015467
-332809204
-332942180
-333039441
-333279493
-333679260
-333705132
-333835286
-333953582
-334292136
-334385968
-334641629
-334675543
-335452151
-335781286
-335915188
-335941487
-336194184
-336311473
-336435614
-336465432
-337135589
-337381840
-337555932
-337594737
-337751389
-338268806
-338345291
-338642366
-338663079
-338758549
-338943538
-339093845
-339320427
-339365680
-339924661
-340131733
-340187849
-340725136
-340771576
-340957972
-341197700
-341705248
-342876477
-343265474
-343291406
-343415800
-343417051
-343927177
-344003158
-344340584
-344344100
-344434457
-344505882
-344606603
-345197909
-345712631
-346334702
-347341297
-347468236
-347481404
-347809583
-347864556
-348009593
-348148641
-348460806
-348499779
-348781495
-348986079
-349150587
-349304253
-349964939
-350122159
-350233763
-350368893
-350783663
-351230148
-351322692
-351335724
-351437777
-351951482
-351997023
-352028504
-352341017
-352432920
-352515536
-352646985
-352734834
-352804595
-352857847
-353551165
-353658451
-353964212
-354225793
-354322035
-354676093
-354721524
-354933663
-355145334
-355205762
-355444261
-355492567
-355630474
-355898112
-356277814
-356332992
-356461851
-356611750
-356644208
-356711840
-357963070
-358089656
-358464290
-358527424
-358535186
-358867132
-358946090
-359334718
-359701406
-359853991
-359981419
-360152200
-360792570
-361592672
-361832817
-361837636
-362178007
-362219246
-362690896
-363266754
-363329198
-363349746
-363575346
-363648681
-363689527
-363799972
-363986692
-364081773
-365051239
-365196866
-365237237
-365346194
-366113654
-366200948
-366987884
-367141567
-367584637
-367617461
-368434354
-368687219
-368862109
-369176584
-369364024
-369365434
-369397533
-369455021
-370920449
-370986472
-370997642
-371075271
-371490845
-371768331
-372464173
-372967663
-373058485
-373108895
-373261500
-373951105
-374770883
-375262440
-375576415
-375611477
-375905939
-376008857
-376893216
-377258909
-377288810
-377925992
-378535137
-378620778
-378668935
-378712223
-378942620
-379202500
-379337947
-379413312
-379469246
-380488012
-380499251
-380743433
-380954039
-381046953
-381253485
-381342760
-381903085
-382223632
-382781091
-383001413
-383666037
-383965205
-384168656
-384245667
-384868877
-384922274
-385032733
-385050817
-385186121
-385235780
-385280248
-385725380
-385771441
-386179332
-386195960
-386203353
-386298769
-386324854
-386390553
-387013214
-387072867
-387083407
-387219877
-387555603
-387822697
-388126919
-388549286
-388801712
-389333606
-389565512
-389895151
-390499166
-390779979
-390977212
-391009866
-391119291
-391156789
-391253365
-391262990
-391436830
-391789148
-391851573
-392115493
-392123292
-392191696
-392257849
-392377119
-392588443
-392807765
-393110090
-393340650
-394188140
-394293932
-394409417
-394547969
-395009450
-395352951
-395435004
-395614437
-395648711
-395911571
-395913558
-396097325
-396362918
-396465235
-396544641
-396673285
-396805899
-397075191
-397244677
-397983787
-397992109
-398554305
-399049131
-399053131
-399531645
-399871373
-399909676
-400022716
-400180076
-400490188
-400525098
-400952620
-400960264
-401260270
-401268467
-401429510
-401484118
-401660127
-401701838
-401708785
-401787449
-401937274
-402100167
-402929198
-403032236
-403829618
-404075297
-404130775
-404182458
-404230279
-404252000
-404467436
-405297625
-405353398
-405470575
-405644898
-405898874
-406610465
-406722142
-406795448
-407112185
-407169704
-407239148
-407444789
-407477180
-407990604
-408116303
-408711549
-408803936
-409049442
-409185711
-409207898
-409369189
-409499995
-409516093
-409535203
-409659929
-410170651
-410256490
-410521122
-410905880
-411036360
-411525314
-411806765
-412274036
-412393483
-412506985
-412720301
-412849594
-413161663
-413182955
-413457380
-413995484
-414027237
-414039491
-414110802
-414164314
-414343682
-414406355
-414940085
-415157079
-415323488
-415508597
-415703874
-415734296
-415863261
-416094648
-416180933
-416201338
-416220498
-416915862
-416938036
-417103969
-417468558
-417476546
-417789361
-417937919
-417988234
-418415785
-418681814
-419104726
-419320767
-419352368
-419522088
-419576586
-419645391
-419670582
-420811277
-420839762
-420868664
-420882934
-421300051
-421842506
-422271509
-422652660
-422753947
-422986609
-423064591
-423287996
-423708597
-423755833
-423809226
-424831481
-424911771
-424995103
-425244281
-425291239
-425715328
-425762491
-425836594
-425981821
-426047565
-426180429
-426244526
-426264570
-426666018
-426715844
-426771535
-426819764
-427414796
-427512540
-427641478
-427684055
-427820500
-428038379
-428089813
-428119588
-428772553
-428837305
-428944083
-429437063
-429579450
-429609846
-430276906
-430863903
-431261426
-431607715
-431701471
-432332233
-432998200
-433125821
-433148964
-433220811
-433350296
-433421908
-433820493
-434179014
-434268727
-434625155
-435220975
-435357161
-435588355
-435976126
-436068501
-436084744
-436259790
-436430072
-436761279
-436831814
-436969273
-437180740
-437296891
-437297616
-437473759
-437495699
-437760240
-438210613
-438593599
-438724103
-438730113
-439153207
-439728448
-439993836
-440369560
-440393098
-440932962
-441021727
-441414644
-441667052
-442032643
-442725565
-442989853
-443016204
-443180635
-443226963
-443559535
-443805830
-443989844
-444209829
-444341210
-444417880
-444591049
-444783100
-445325950
-445746150
-446257517
-446365927
-446403058
-446427786
-446587390
-446769959
-447517784
-447533534
-447605254
-447793526
-447875505
-448571209
-448751841
-448925654
-449110897
-449112551
-449206567
-449292067
-450416561
-450716399
-450767591
-451869553
-451898768
-452042517
-452263833
-452520905
-452584773
-452692668
-452780537
-452861440
-453000105
-453033799
-453055141
-453201495
-453373668
-453600969
-453714921
-454001737
-454013964
-454021035
-454030692
-455213067
-455521777
-456103408
-456532958
-456703363
-456747825
-456880876
-456947818
-457708627
-457800331
-458058618
-458095983
-458150105
-458504262
-458645233
-458771540
-458789301
-460012282
-460061980
-460202419
-460213928
-460235747
-460892128
-461224315
-461512730
-461585426
-461941473
-462091694
-462244146
-462672398
-462791287
-463204569
-463350967
-463355586
-463373315
-463500040
-463633278
-463633407
-463693982
-463775743
-463884369
-463912636
-464193109
-464207827
-464399747
-464456133
-464673396
-464818303
-465223924
-465289775
-465297804
-465530640
-465679221
-465801631
-465981287
-466056446
-466314263
-466368046
-466513571
-467035298
-467098576
-467352892
-467396130
-467536201
-467596069
-467775198
-467788826
-468144510
-468367534
-468400792
-468411854
-468613990
-468791444
-469091019
-469331707
-469353248
-469939026
-470496573
-470502196
-470567147
-471031276
-471137960
-471382571
-471394539
-471469031
-471636656
-471938835
-472070511
-472160259
-472343978
-472471292
-473217308
-473285607
-473466860
-473617277
-474304499
-474721888
-474868628
-475061427
-475162753
-475171907
-475183203
-475324916
-475741427
-475786810
-476030522
-476392094
-476475020
-476683085
-476800815
-476957697
-477124245
-477232457
-477532290
-477807548
-477931129
-478686480
-478965835
-479068570
-479405628
-479848219
-479935339
-480270066
-480299675
-480481331
-480561436
-480764832
-480870246
-480882760
-480954596
-480956151
-481276410
-481289995
-481397971
-481555665
-481901064
-482102629
-482119862
-482450677
-482957555
-483299067
-483819873
-483909591
-483954903
-484304843
-484520932
-484582856
-484704136
-485029977
-485319367
-485413729
-485557938
-485767391
-486014254
-486060631
-486246284
-486321924
-486515945
-486619014
-487078040
-487828031
-489021151
-489107731
-489135480
-489687752
-489713647
-490078247
-490183633
-490607265
-490669591
-490672466
-490774818
-490845318
-491368675
-491426099
-491729153
-491748639
-492014214
-492211910
-492394518
-493256297
-493434827
-493451958
-493552835
-493961521
-493967722
-494122425
-494239404
-494462417
-494681061
-494974313
-495149746
-495199415
-495610597
-496014891
-496233357
-496402828
-496689428
-497083616
-497179224
-497932289
-498008444
-498104422
-498196326
-498219043
-498303878
-498306730
-498652759
-498762678
-498771189
-498790419
-499110205
-499182748
-499205170
-499225034
-499870694
-500054949
-500386603
-500469398
-500602444
-501343845
-501411150
-501680451
-501749631
-501865204
-501931713
-502486413
-502489663
-502654545
-502850952
-503141087
-503192690
-503651743
-503992912
-504357914
-505197475
-505609279
-505814082
-505932313
-506013404
-506102340
-506233685
-506289546
-506308346
-506435015
-506985625
-507031745
-507200446
-507262096
-507399773
-507478863
-508017200
-508702704
-509317644
-509699603
-510157062
-510261355
-510376635
-510481321
-510726891
-511275204
-511460629
-511610916
-511672205
-511681619
-511689196
-511851974
-511862925
-511868856
-511957935
-511971186
-512130284
-512365927
-512792729
-513391043
-513436115
-513654742
-513778187
-513826403
-513874102
-513880066
-513950443
-514293644
-514593382
-514784256
-514902487
-515323607
-515349361
-515482808
-515875650
-515895632
-516033999
-516135915
-516273018
-516319344
-516580892
-516658771
-516858593
-516879511
-517198109
-517206127
-517410177
-517577562
-517672743
-517682408
-517748389
-517761980
-518251522
-518850135
-518934047
-518988123
-518989843
-519483277
-519541450
-519606580
-519726433
-520357550
-520636919
-521367004
-521454121
-521668669
-521955298
-522093286
-522115572
-522238087
-523196659
-523437247
-524020636
-524050305
-524236316
-524406876
-524528724
-524774793
-524917505
-524971659
-525029697
-525467989
-525891112
-525973392
-526024005
-526144204
-526496104
-526554845
-526603306
-526935646
-526938597
-527105348
-527223298
-527458718
-527827870
-528066639
-528096034
-528106201
-528554313
-528644620
-528703915
-528852668
-529305980
-529343288
-529604326
-529613612
-529677531
-529680513
-529694119
-529791386
-529836353
-529881157
-529954176
-529970397
-530178428
-530483408
-530667452
-530698266
-530703824
-530751330
-530798214
-530981205
-531062427
-531187497
-531437246
-531748744
-531879715
-531880184
-532014290
-532065190
-532699014
-532788275
-532819563
-533381774
-533536445
-533608484
-533754577
-533807790
-533944254
-534778495
-535307670
-535451584
-535871184
-536127022
-536464737
-536719763
-537051378
-537135649
-537256811
-537331276
-537409427
-537793106
-538073751
-538319438
-538392005
-538827813
-538843965
-539588250
-539716931
-539845788
-539875667
-540007669
-540178736
-540351077
-540460959
-540554599
-540957872
-540984611
-541080958
-541081125
-541476349
-541642525
-541668154
-541795559
-541826566
-542322191
-542657480
-543362943
-543704976
-543713812
-543717864
-543791699
-543959997
-544071280
-544241628
-544254493
-544513107
-544799030
-545111241
-545234229
-545432896
-545473759
-545807055
-545875258
-546008045
-546075932
-546265422
-546285338
-546344632
-547068653
-547090021
-547192992
-547589144
-547855265
-547964229
-548006219
-548106538
-548265398
-548324401
-548448330
-549023549
-549214290
-549365152
-549451337
-549791617
-550013368
-550105397
-550243369
-550653298
-550709071
-551291541
-551519591
-551656656
-552479841
-552509537
-552794982
-552909457
-552914431
-553147136
-553219741
-553333991
-553372646
-553733497
-553989769
-554028134
-554038619
-554247187
-554659443
-554917769
-555011198
-555098260
-555649811
-555806441
-556196518
-556200688
-556210637
-556259660
-556312638
-556608443
-556719282
-556916187
-556972678
-557155514
-557176238
-557318514
-557404579
-557539386
-557821842
-558074403
-558182574
-558469928
-558581878
-558673370
-559053623
-559281257
-559389785
-559413471
-559458402
-559734799
-560484955
-560796807
-561030317
-561095260
-561561829
-561597514
-561718741
-561901891
-561969908
-562108311
-562377198
-562656102
-563009578
-563038549
-563190378
-563323988
-563346133
-563654589
-563702200
-564286603
-564397960
-564670939
-564683883
-564769950
-564892179
-565143646
-565188475
-565357637
-565431036
-565503619
-565901721
-566122646
-566170856
-566248604
-566344252
-566390685
-566493238
-567042696
-567157861
-567308165
-567426928
-567754440
-568073841
-568311173
-568481135
-568562130
-568635355
-568825110
-569001254
-569889276
-569950782
-570017721
-570086336
-570751338
-570936967
-570961885
-571623983
-571668210
-572709370
-572755502
-573694985
-573771283
-573936980
-573949952
-574030233
-574278012
-574312089
-574396667
-574438123
-574500400
-574853866
-574973787
-575161911
-575209818
-575298708
-575418739
-575555643
-575590369
-575948574
-576261553
-576365196
-576441878
-576606361
-576742454
-576929123
-576975390
-577119731
-577401639
-577446434
-577533713
-577728639
-577872236
-577977098
-578215861
-578704996
-578708233
-578765970
-578914854
-578944923
-578945625
-578976386
-579121038
-579170270
-579450724
-579623346
-579773556
-580260891
-580644509
-580820072
-580994304
-581391768
-581652396
-581891781
-582091019
-582142694
-582261740
-582280341
-582335243
-582337263
-582389986
-582520479
-582999300
-583538518
-583604848
-583630086
-583913940
-584603778
-584616369
-585159308
-585562171
-585631182
-585900698
-586042079
-586700904
-586877265
-586918242
-586944372
-587268543
-587494669
-587590794
-587690747
-588023543
-588078099
-588114009
-588386711
-588906982
-589480187
-589525388
-589727139
-590093724
-590163022
-590327409
-590989838
-591161235
-591259681
-591649257
-591859921
-592572535
-592573607
-592589783
-593212589
-593388639
-593527066
-593647925
-593752906
-593832406
-593919151
-594317797
-594407220
-594447675
-594478368
-594661232
-594949229
-595325613
-595355544
-595398825
-595727262
-595739223
-595873027
-596081385
-597456030
-597673055
-597673388
-597798462
-597907955
-597914399
-598204036
-598914482
-599238162
-599248657
-599816206
-600136240
-600255957
-600299065
-602181011
-602591178
-602791786
-602798919
-602871271
-603334223
-603793141
-603952940
-604324485
-604495099
-604572993
-604747558
-604759808
-604879073
-604937698
-605421838
-605439722
-605598952
-605691859
-605734779
-606508377
-606658066
-606747436
-607436852
-607453382
-607482888
-607613074
-607777619
-607890224
-608212038
-608461686
-608650783
-609488788
-609546144
-609608465
-609810739
-609930580
-610132888
-610164226
-610435454
-610560122
-611080602
-611612996
-611650409
-611737497
-611745126
-612161585
-612399824
-613757525
-614159597
-614577960
-614605293
-614680659
-614759658
-615341760
-615637489
-616081611
-616150696
-616186637
-616251314
-616957436
-617134005
-617200406
-617422095
-617553809
-617785148
-617991961
-618019249
-618113539
-618319322
-618707276
-619021505
-619341470
-619393191
-619538834
-619589857
-620471277
-620661787
-620762115
-620827628
-620847150
-621003057
-621105425
-621162652
-621738736
-621881646
-622164408
-622433742
-622435349
-622518391
-622879499
-623179214
-623209943
-623465452
-623852411
-623958784
-624314125
-624509936
-624566026
-625022421
-625057746
-625275201
-625357292
-625764299
-626058466
-626254569
-626373239
-626819117
-626841486
-627022869
-627033770
-627243364
-627524170
-627852734
-628021961
-628071215
-628106953
-628856866
-629194743
-629503689
-630319380
-630420731
-630808256
-631463728
-631701128
-631726914
-631822860
-632134611
-632848540
-632855010
-633266665
-633326212
-633386006
-633946542
-633982131
-634100660
-634108982
-634149409
-634156982
-634281397
-634302224
-634923145
-634946325
-634964839
-635820507
-635935730
-636082892
-636356154
-636573900
-636795995
-636965205
-637153700
-637407660
-638058862
-638138070
-638258016
-638455442
-638506245
-638850053
-639190745
-639233004
-639424185
-639487113
-639740797
-639878345
-639888510
-640209468
-640245108
-640384735
-640768691
-640777460
-640824800
-641259242
-642282872
-642309279
-642844796
-642923365
-643131870
-643385117
-643423592
-643757259
-643778682
-643902213
-643951178
-644109384
-644854701
-644915986
-645085683
-645156953
-645173254
-645225190
-645227963
-645466609
-645556787
-646179298
-646216682
-646238628
-646435018
-647170502
-647291221
-647584447
-647648690
-647649275
-647864164
-648022505
-648215337
-648262780
-648270455
-648375450
-648416933
-648624442
-648799062
-648806105
-649195370
-649273476
-649503332
-649902163
-649922097
-650132769
-650472042
-650517096
-650999015
-651213072
-651746217
-652467080
-652653693
-652713995
-653385728
-653670527
-654118687
-654426052
-654445081
-654816520
-655038899
-655081989
-655627490
-656557818
-656820450
-656938171
-657049834
-657264335
-657362832
-658010176
-658058503
-658182796
-658553979
-658652580
-659033359
-659077092
-659258965
-659372132
-659664208
-659947485
-660389661
-660675035
-660751948
-660796641
-660865672
-661068228
-661273937
-661317695
-661523314
-661609475
-661618062
-661952170
-662224825
-662273492
-662388019
-662486613
-662538571
-662773590
-663016038
-663062921
-663476849
-663601809
-663685658
-663887278
-663940228
-663998649
-664123147
-664607430
-664891290
-664892160
-665033011
-665444375
-665673632
-666204309
-666585635
-666754065
-667286754
-667451775
-667485506
-667595105
-667663359
-667695127
-668395153
-668829742
-668861270
-670001086
-670079405
-670346384
-670443677
-670755406
-670852195
-671071321
-671202890
-671550687
-671740069
-672113651
-672392393
-672551648
-673315719
-673613157
-673925659
-674735624
-674967868
-675139675
-675407370
-675806816
-676055035
-676072760
-676438740
-676467080
-676787627
-677038173
-677375331
-677741361
-677777670
-677821736
-678139314
-678509356
-678532765
-678728244
-678853518
-679066157
-679327699
-679807370
-679842539
-679941587
-680219064
-680400797
-680493829
-680780293
-680910613
-680943204
-681170910
-681171237
-681710175
-682180939
-682227226
-682253403
-682367080
-682378726
-682688157
-682884451
-683222515
-683268767
-683456433
-684014178
-684020907
-684471766
-684534140
-684565924
-684795332
-684938165
-685041725
-685110138
-685187088
-685218888
-685231070
-685337093
-685379245
-685584837
-685675984
-685688904
-685759727
-685934677
-685954041
-686680346
-686849179
-687031653
-687093059
-687314108
-687394339
-687415146
-687445558
-688282949
-688488398
-688533112
-689734041
-690079346
-690262073
-690503420
-690592264
-690891688
-691042870
-691100991
-691184662
-691734126
-691761128
-691787539
-691870459
-691890643
-692220303
-692429082
-692434226
-692501592
-693405575
-693537444
-693551164
-693564636
-694010898
-694214969
-694428629
-694443695
-694515443
-694787530
-694809075
-694902841
-695217797
-695280426
-695426236
-695466656
-695555467
-695600335
-695617408
-695666304
-695803369
-696830012
-696917671
-697041592
-697919987
-697988196
-698063848
-698104691
-698378366
-699174587
-699465569
-699536510
-699693683
-699729195
-699732761
-699756149
-700171446
-700371581
-700540077
-700897164
-700965185
-701363338
-701491496
-701808865
-701916229
-702148745
-702398175
-702580260
-702801452
-703006533
-703618797
-703656029
-703948257
-704237173
-704408430
-705292862
-705553302
-706278116
-706680638
-706899651
-707800188
-707801339
-707892900
-707966302
-708207977
-708243521
-708383708
-708849650
-708862604
-709034835
-709569888
-709811752
-709981639
-710126157
-710245104
-710961320
-711127104
-711611590
-711641375
-711675766
-711681507
-712409567
-712739537
-712998861
-713233174
-713859033
-714973068
-714988022
-715074187
-715087055
-715186305
-715331879
-715442104
-715594673
-716367243
-716469512
-716505593
-716518452
-716657309
-717731623
-717983873
-718284276
-718754623
-718832686
-718874625
-718890145
-719265473
-719528050
-719713436
-719848769
-719870615
-720226278
-720346496
-720441293
-720723446
-721227890
-721284875
-721326266
-721449055
-721495404
-721691826
-721753506
-722135718
-722255530
-722268425
-722549669
-722604153
-722609166
-722652002
-723241412
-723354484
-723355852
-723398658
-723609472
-723637637
-723689063
-723775976
-723925760
-723976578
-724203704
-724204446
-724234667
-724614719
-725075164
-725239485
-725327420
-725459404
-725493872
-725515256
-725753235
-726154012
-726382582
-726473925
-726528692
-726592572
-726787498
-726801490
-726845876
-727529179
-727705137
-728250299
-728492311
-729034749
-729538184
-729642042
-730086461
-730620818
-730702641
-730816391
-730889859
-730999172
-731055137
-731100930
-731130990
-731306372
-731364668
-731369136
-731436589
-731581930
-731984209
-732086165
-732475771
-732793851
-732961227
-733150262
-733534193
-733589574
-733616138
-733689622
-733922214
-734281266
-734339444
-734712212
-734855848
-734908835
-735167254
-736017957
-736261064
-736397380
-736567910
-736752752
-736878837
-737168648
-737433129
-737759663
-737798417
-737924082
-737955602
-737997270
-738259706
-738305302
-738534995
-738993340
-738994907
-739010757
-739143270
-739709139
-739893368
-739981978
-740665338
-740681083
-740820339
-740989692
-741346910
-741468272
-741481144
-741714110
-741723860
-742436671
-743083718
-743134489
-743238311
-743457402
-744093815
-744586212
-744783399
-745060391
-745116970
-745429032
-745501810
-745749470
-745836264
-745862446
-745941038
-745942759
-746242893
-746429263
-746492385
-747144174
-747551611
-747604192
-747764974
-748107067
-748269834
-750017750
-750183587
-750215266
-750262497
-750544258
-751246465
-751802257
-751907932
-752139698
-752174203
-752317036
-752811538
-752904543
-752940947
-752945139
-753257986
-753318632
-753494591
-753629150
-753719498
-753765556
-753862152
-754262983
-754459823
-755052705
-755194254
-755244312
-755244600
-755331192
-755420195
-755999833
-756074607
-756355770
-756520166
-757224081
-757342567
-757424822
-757456099
-757458467
-757610719
-757614717
-757669855
-757796196
-757821505
-757877633
-758405928
-758589558
-758954121
-759245742
-759261961
-759382459
-759888402
-760396781
-760664165
-760828707
-761024430
-761376810
-762598493
-762765524
-762900697
-763031519
-763203293
-763308710
-763325645
-763443729
-763692212
-764210277
-764274901
-764278014
-764552667
-764679972
-764963665
-764981640
-765132060
-765452223
-766130451
-766139467
-766215263
-766320734
-766458500
-766535058
-766800271
-767008514
-767206290
-767316391
-767343571
-767371927
-767481233
-767813716
-767914750
-768010740
-768181064
-768337815
-768346223
-768400682
-768583717
-768738579
-769065303
-769214311
-769296904
-769530778
-769539714
-770120226
-770273543
-770597435
-771397687
-772157354
-772411769
-772547120
-772681980
-772757273
-772897650
-773064876
-773167304
-773580803
-773687634
-773728009
-773887012
-774135513
-774860883
-775183889
-775837784
-775842968
-775939934
-775973724
-776162757
-777202161
-777657941
-777765895
-777769060
-778396275
-778570177
-778965505
-778977573
-778998519
-779319782
-779399722
-779500777
-779721903
-779757666
-780085586
-780288409
-780544712
-780754566
-780848589
-780921907
-781984791
-782090466
-782113523
-782797187
-783070071
-783071343
-783373015
-784825052
-784949069
-785039892
-785188355
-785388803
-785469987
-785952648
-786222455
-786438013
-786545002
-786808410
-786850355
-786981855
-787067102
-787094715
-787418665
-787535478
-787548960
-787900651
-788214729
-788233436
-788403541
-788818657
-788842269
-789726488
-789730633
-789741337
-790497561
-790973686
-791004266
-791170034
-791403374
-791525287
-791845469
-792037764
-792111362
-792596404
-793056314
-793186918
-793189396
-793406174
-793671379
-793853005
-794053806
-794322276
-794335829
-794393606
-794435092
-794567871
-794695114
-794781829
-794901111
-795027009
-795126875
-795363961
-795524006
-795543517
-795711064
-795713146
-795838200
-796048669
-796404842
-797233774
-797273162
-797277924
-797306503
-797631310
-797777485
-797812942
-797980487
-797987047
-798169825
-798413026
-798513466
-798671058
-798811701
-799855439
-800016165
-800550983
-800563306
-800767306
-800784847
-800805687
-801001797
-801091686
-801291279
-801353017
-801390043
-801491856
-801641847
-801846128
-801878908
-802304781
-802714126
-803256087
-803389172
-803615219
-803896610
-804022883
-804101775
-804185007
-804747210
-805212110
-805689741
-805748637
-805777948
-806179104
-806446317
-806499931
-806721810
-807178452
-807394554
-807683238
-807992323
-808030243
-808296448
-808660772
-808950368
-808972500
-809179520
-809328350
-809362577
-809382791
-809415324
-809429511
-809706661
-809978805
-810117215
-810182147
-810185452
-810304104
-810307122
-810474598
-810698320
-810717017
-810737301
-810975037
-811444013
-811518227
-811626334
-812039056
-812250683
-812442809
-812847090
-813025825
-813093358
-813744047
-813846828
-813935277
-814543916
-814568470
-814583870
-814634230
-814670306
-814866123
-814967786
-815164778
-815263611
-815354366
-815367859
-815449997
-815482246
-815751313
-815918704
-816017970
-816186903
-816329937
-816351155
-816361333
-816490121
-816676749
-817192788
-817319173
-817583467
-817763844
-817949703
-818257815
-818886098
-818909330
-820027421
-820209097
-820734897
-820957089
-821643771
-821791373
-822096046
-822573934
-822690004
-822725232
-822759015
-822775558
-823084483
-823228811
-823422050
-823536396
-823714852
-823870131
-824128436
-824245262
-824333196
-824530455
-825151836
-825163883
-825435849
-825732558
-825831958
-826075475
-826093992
-826326795
-826618076
-826741485
-827034238
-827213155
-827378127
-827392906
-827586348
-827700080
-827712114
-827908569
-828007163
-828050560
-828214150
-828255206
-828265615
-828613004
-828723273
-828951974
-828981195
-829296033
-829594870
-829671001
-829707254
-829984404
-830558235
-830964153
-831084015
-831316048
-831567820
-831725040
-831862956
-831938848
-832009561
-832399261
-832432785
-832620921
-832799807
-832863269
-832888640
-833030674
-833085015
-833475297
-833929788
-834349566
-834515222
-834546078
-834813523
-835285185
-835380082
-835920511
-836084602
-836119161
-836188153
-836435644
-836440711
-836472533
-836681863
-836755382
-837025828
-837139090
-837344491
-837561191
-837667564
-838057642
-838191136
-838565186
-838811906
-839198412
-839573517
-839677098
-839960582
-840195565
-841023155
-841750892
-841937733
-842066247
-842603226
-842755075
-843187770
-843350159
-843542035
-843738342
-843741792
-843896197
-844136532
-844148470
-844182077
-844400037
-844420638
-844484775
-844673833
-844722917
-844837903
-844863966
-844882629
-845023350
-845033473
-845330166
-845566393
-845687564
-845993369
-846554226
-846593606
-846648306
-847108810
-847257977
-847360407
-847992801
-849122503
-849277887
-849311132
-849384017
-849530169
-849811574
-849814598
-850076003
-850232672
-850770358
-850785001
-850834981
-850939740
-851013945
-851391877
-851904022
-852064086
-852169743
-852618780
-852758903
-852788676
-852874307
-852896479
-853083069
-853258700
-853849815
-853974748
-854234964
-854511896
-854743237
-854754236
-854931720
-855028871
-855123372
-856060052
-856208969
-856255014
-856442686
-856629782
-856767346
-856823328
-856865879
-856954828
-856957630
-857040167
-857141541
-857949773
-858026161
-858312651
-858623895
-858713492
-858967287
-859456841
-859795281
-859865308
-859879017
-859887845
-860125110
-860420968
-860564842
-860583459
-860689264
-861032051
-861336772
-861731073
-862045014
-862197763
-862363074
-862873591
-863425410
-863572811
-863684244
-863837423
-864001652
-864284531
-864629650
-864712710
-864784859
-865081722
-865212795
-865346832
-865368758
-865471739
-865487889
-865830392
-866330762
-866442718
-866464082
-866488337
-866935677
-867034484
-867056112
-867391014
-867973878
-868511647
-868674068
-868964545
-869072446
-869382923
-869462340
-869518044
-869625914
-869890405
-869946251
-870082187
-870356669
-871049392
-871227332
-871412488
-871666882
-871913934
-872677274
-873028693
-873344482
-873402476
-873507248
-873507579
-874071793
-874248086
-874527613
-874551231
-874734511
-874736952
-874953341
-875253951
-875865900
-875911662
-875980496
-876209157
-876470851
-876788053
-876830521
-876949877
-877239613
-877363067
-877932627
-877938627
-878052737
-878054904
-878200224
-878201282
-878479037
-879162138
-879393119
-879533299
-879573930
-880222360
-880390839
-880618300
-881185160
-881345934
-881409667
-881719201
-882130048
-882711003
-882724705
-882807063
-883183603
-883243529
-883427389
-883572491
-883809796
-884286337
-884450347
-884824338
-885162240
-885308385
-885525731
-885580907
-886036600
-886164285
-886839838
-886844140
-886877793
-886947857
-887048326
-887205612
-887451500
-887812988
-887995056
-888629440
-888719757
-888741669
-888870265
-889151208
-889465029
-889656040
-889738952
-890129554
-890148153
-890154420
-890187659
-890856584
-891041824
-891105325
-891551071
-891629511
-891760309
-891774029
-892098850
-892455405
-893011747
-893169594
-893789895
-893963580
-894689151
-895375038
-895475762
-895733352
-895904534
-896087870
-896861603
-897091087
-897369212
-897376466
-897500376
-897610997
-897812600
-898129801
-898200102
-898269195
-898279585
-898336259
-898399162
-898432141
-898461563
-898534676
-899171161
-899192803
-899209251
-899835975
-899912743
-900381614
-900385458
-900788694
-900987119
-901126436
-901463471
-901859542
-902202178
-902307188
-902705055
-902799069
-902840112
-903148764
-903157013
-903227267
-903526455
-903871934
-903966084
-904434080
-904534686
-904550073
-904918806
-904953232
-905126584
-905230824
-905530239
-905579784
-905969954
-906253218
-906337340
-906411886
-906506559
-906508757
-906520346
-907147271
-907825833
-908736205
-908826678
-909017238
-909076376
-909188144
-909410911
-909539695
-909543340
-909661521
-909737471
-910044315
-910046186
-910145936
-910179670
-910186866
-910403764
-910617900
-910699154
-911038776
-911511432
-911648365
-911724253
-911984218
-912470194
-912505542
-912556966
-912633904
-913461898
-913495506
-913555178
-913788365
-913813137
-913890921
-914444338
-914551085
-914640703
-914660796
-915101297
-915161363
-915766016
-916778212
-916813053
-916820355
-916884190
-916916316
-917137745
-917150944
-917219606
-917265438
-917801685
-918241780
-918467281
-918508143
-919118815
-919517019
-919846627
-920336057
-920463587
-920680765
-921252875
-921382211
-921679292
-921682458
-921759130
-921765389
-922014279
-922596870
-923282423
-923385437
-923513645
-923551396
-923628038
-923784073
-923818182
-923851630
-924170244
-924540887
-924652019
-924766307
-925290418
-925898234
-925983768
-926349031
-926861191
-927038371
-927148887
-927235990
-927606511
-927692499
-927917386
-927974427
-928059273
-928067956
-928424243
-928767781
-928895344
-928909831
-929042685
-929065582
-929282656
-930170366
-930250498
-930265519
-930486408
-930870310
-931065347
-931855641
-932042679
-932095042
-932338210
-932608741
-932655084
-932847541
-932852622
-933045004
-933181214
-933199360
-933255230
-933413709
-933461400
-933498736
-933648205
-933687927
-933794771
-933799270
-933951966
-934138390
-934182119
-934508927
-934585174
-934645451
-934648475
-934808352
-934896628
-934958420
-935010977
-935030232
-935031653
-935159720
-935227551
-935228656
-935253992
-935383738
-935566803
-935631362
-936143652
-936168617
-936428684
-936884478
-937006590
-937081572
-937115373
-937220016
-937471497
-937755256
-937756723
-937803380
-937828225
-938912231
-939408531
-939435531
-939552692
-939585875
-940040270
-940156150
-940281417
-940337388
-940431371
-940469187
-940642483
-941044071
-941280777
-941549424
-941838998
-941870948
-941947859
-942148547
-942170046
-942259367
-942284490
-942436530
-942957278
-943913481
-943974675
-944039632
-944235563
-944716251
-944748373
-944879914
-944883978
-944895482
-945288444
-945331844
-945351338
-946313524
-946667965
-946778523
-947225984
-947375934
-947722131
-948452395
-948483239
-948695971
-949057237
-950228932
-950234721
-950611725
-950839957
-950983404
-951296199
-951305235
-951483566
-951492635
-951624116
-951861771
-952205244
-953192648
-953341769
-953549305
-953682898
-953765581
-954035661
-954113827
-954152365
-954259741
-954474823
-954858457
-955199938
-955271146
-955452266
-955785419
-956047367
-956090888
-956259022
-956789006
-956847508
-957798307
-957817595
-957831945
-957905776
-958056602
-958078862
-958217616
-958626413
-958706243
-958965357
-959343241
-959431700
-959668299
-959786190
-959822652
-959942311
-959999892
-960135684
-960189426
-960203562
-960218590
-961112413
-961130153
-961274726
-961411376
-961713402
-962125351
-962707974
-963308421
-963425825
-963523074
-963704537
-964015318
-964063939
-964176378
-964562253
-964702615
-964737106
-964896973
-965201017
-965614576
-965759841
-965799707
-965828079
-965942218
-966305479
-966647669
-966772252
-967330131
-967426386
-967967529
-968252811
-968365131
-968484147
-968599120
-968915547
-969074245
-969317335
-969430247
-969438431
-969631700
-969938783
-970029293
-970232322
-970546043
-970591487
-970694697
-970751038
-970768193
-970890086
-970977299
-971358923
-971537019
-971751615
-971773165
-971841182
-972070706
-972149938
-972210452
-972563928
-972851792
-973098187
-973305043
-973556056
-973820915
-973824706
-973886504
-974311868
-974346036
-974449306
-974877934
-974920259
-975207866
-975502566
-976246103
-976259484
-976386960
-976486602
-976581336
-976901228
-977121343
-977189459
-977549898
-977595284
-977833903
-977922947
-977934115
-978015405
-978018286
-978213889
-978233157
-978303411
-978486765
-978557351
-978742773
-978797345
-978941158
-979037350
-979069694
-979136532
-979260627
-979596363
-979820911
-979884975
-980194851
-980331892
-980364507
-980392916
-980409940
-980742807
-981320505
-981658764
-981883665
-982087799
-982307184
-983862304
-984069500
-984298247
-984390568
-984552574
-984827028
-984924976
-985523161
-985611025
-985872871
-985929018
-986330055
-986418350
-986610419
-986669699
-986943815
-987021793
-987369846
-987409775
-987474945
-987509065
-987510363
-987691566
-988097099
-988466786
-988471543
-988545707
-988599825
-988966939
-989191629
-989513488
-989753480
-989826213
-989980763
-990229839
-990406185
-990596616
-990736641
-991105648
-991199828
-991288155
-991457069
-991804847
-991996245
-992083547
-992110715
-992499608
-992883008
-992919942
-993040225
-993131874
-993277146
-993282858
-993750932
-994043776
-994074510
-994099789
-994236834
-994270398
-994353454
-994382660
-994673383
-994775436
-995393227
-995470121
-995902733
-995987404
-996010331
-996116299
-996129574
-996357892
-996468639
-996904467
-996949786
-997170847
-997205484
-997306301
-997444534
-997489159
-997558678
-997799550
-998472312
-998514516
-998771919
-998777859
-999089951
-999260319
-999317822
-999330807
-1000160671
-1000599278
-1000649376
-1000737816
-1001008734
-1001111914
-1001628395
-1001946484
-1002160394
-1002180313
-1002271247
-1002423640
-1002468407
-1002675024
-1002730536
-1002871836
-1002934087
-1003102309
-1003122526
-1003123177
-1003131547
-1003133335
-1003538812
-1003613539
-1003865759
-1004243866
-1004657016
-1004898084
-1005275791
-1005326635
-1005983465
-1006471870
-1006780575
-1007435446
-1007784838
-1007810162
-1008029537
-1008132121
-1008426338
-1008722586
-1008958289
-1009156307
-1009443339
-1009489168
-1010349682
-1010456277
-1010825994
-1010920231
-1011088229
-1011089147
-1011189796
-1011211399
-1011446542
-1011616326
-1011864585
-1012135474
-1012146192
-1012325248
-1012425081
-1012571397
-1013065848
-1013379744
-1013485949
-1013840002
-1014245620
-1014265738
-1014467509
-1014852857
-1014921921
-1015165377
-1015320050
-1015545929
-1015594114
-1015596493
-1016045016
-1016448870
-1016472144
-1016771198
-1016905588
-1017107362
-1017151405
-1017561793
-1017602738
-1017889683
-1017934367
-1018130917
-1018239191
-1018283644
-1018734975
-1018998015
-1019275436
-1019436489
-1019990575
-1020356586
-1020381881
-1020600956
-1020659746
-1020860857
-1021106012
-1021285058
-1022050030
-1022567026
-1022650708
-1023761776
-1024361528
-1024518251
-1024539976
-1024541442
-1024680189
-1025051590
-1025319942
-1025373127
-1026432158
-1026672973
-1026741793
-1027193307
-1027327242
-1027327748
-1027455462
-1027475217
-1027637844
-1027680764
-1027869894
-1028194744
-1028399027
-1028523665
-1028666502
-1029088997
-1029168643
-1029362511
-1029678049
-1029767884
-1029832327
-1029849362
-1030201009
-1030304758
-1030604381
-1030888936
-1031358498
-1031487424
-1032715961
-1032867658
-1032942948
-1032955841
-1032956102
-1032973441
-1033776378
-1033834042
-1034103087
-1034155791
-1034340709
-1034580880
-1034593991
-1034754062
-1034831416
-1034846042
-1034962449
-1035542366
-1036393592
-1036478807
-1036932481
-1037788119
-1038230884
-1038432094
-1038930986
-1039022899
-1039028908
-1039092165
-1039153980
-1039265439
-1039523756
-1039819827
-1040275296
-1040313353
-1040449391
-1040660209
-1041294891
-1042136317
-1042724485
-1042851555
-1042960822
-1042965348
-1043314340
-1043372440
-1043589415
-1043636735
-1043889534
-1044052454
-1044125246
-1044944246
-1045045468
-1045115810
-1045765993
-1045848084
-1045924339
-1046286562
-1046332173
-1046363602
-1046767593
-1046875046
-1047235709
-1047427034
-1047620875
-1047674687
-1047975600
-1048167388
-1048282333
-1048299219
-1048436912
-1048465747
-1048535324
-1048577759
-1048714862
-1049220947
-1049312953
-1049382792
-1049388170
-1049981418
-1050115450
-1050116000
-1050422796
-1050460021
-1050597392
-1050829587
-1051069642
-1051427293
-1051582941
-1051870831
-1052162547
-1052735904
-1053211902
-1053563816
-1054475005
-1054587376
-1054802263
-1055078318
-1055340868
-1055752862
-1056342570
-1056371491
-1056564855
-1056673924
-1056680013
-1056681873
-1056683706
-1056861567
-1056885570
-1057320820
-1057842770
-1057845797
-1057888612
-1057910507
-1058336827
-1058443666
-1058988945
-1059353755
-1059792171
-1060248012
-1060751723
-1061007910
-1061316087
-1061469696
-1061836561
-1061930035
-1061975832
-1062143131
-1062801326
-1062804985
-1063182303
-1063306005
-1063861208
-1064021361
-1064433900
-1064737367
-1065010053
-1065172952
-1065430290
-1065459056
-1065662449
-1065755184
-1066023135
-1066141958
-1066506097
-1067184759
-1067547497
-1067553386
-1067642964
-1068127678
-1068685642
-1069099242
-1069773475
-1069963213
-1070063387
-1070114845
-1070773545
-1071772043
-1072019606
-1072428219
-1072479613
-1072485130
-1072611184
-1072743590
-1073304384
-1073423302
-1074149351
-1074292407
-1074911811
-1075229798
-1075275990
-1075938383
-1076520308
-1077134048
-1077140288
-1077251254
-1077467672
-1077897053
-1078068651
-1078140215
-1078388112
-1078544511
-1078755528
-1078938403
-1078973371
-1080312857
-1080491415
-1081176901
-1081204304
-1081272046
-1081276224
-1081305385
-1081313727
-1081420297
-1081753102
-1081853223
-1082141802
-1082143722
-1082663651
-1082991361
-1083196288
-1083245650
-1083321344
-1083477501
-1083694201
-1083717040
-1083836935
-1084430790
-1084450858
-1084499544
-1085256493
-1085387050
-1085652459
-1085817289
-1086131045
-1086238020
-1086261353
-1086264019
-1086264563
-1086286018
-1086696291
-1086790110
-1086938146
-1087249624
-1087547120
-1087764343
-1088022334
-1088216834
-1088241567
-1088561476
-1088627996
-1089159758
-1089179636
-1089602589
-1089793880
-1089943735
-1090990341
-1091192456
-1091393214
-1091415028
-1091434266
-1091459371
-1092002123
-1092279987
-1092383840
-1092558650
-1092648820
-1092700164
-1093194455
-1093425385
-1093476165
-1093924496
-1094112411
-1094752468
-1094758944
-1095019975
-1095041244
-1095495562
-1096042850
-1096319319
-1096426500
-1096483926
-1096498590
-1096715566
-1096868356
-1096891602
-1097403319
-1097454493
-1097861270
-1097995782
-1098256804
-1098380708
-1098641904
-1099200794
-1099464185
-1099563840
-1099608604
-1099622482
-1099655696
-1099695164
-1099732031
-1100029490
-1100472626
-1100583498
-1100734436
-1100742954
-1100811595
-1100951518
-1101343977
-1101637399
-1101697107
-1101800850
-1102196770
-1102481681
-1102509930
-1102635874
-1102706623
-1102716443
-1102956665
-1102989802
-1103081689
-1103989596
-1104167332
-1104828321
-1104965042
-1105383003
-1105614164
-1105968628
-1106191329
-1107065012
-1107243212
-1107456692
-1107930760
-1108272824
-1108274890
-1108278968
-1108572292
-1109004927
-1109154395
-1109252378
-1109302548
-1109603717
-1109731279
-1109778754
-1110260768
-1110387700
-1110664193
-1110832898
-1110930652
-1111288135
-1112062616
-1112218815
-1112318756
-1112329680
-1113056723
-1113279948
-1113296828
-1113618825
-1114288356
-1114572552
-1114864513
-1115418265
-1115441069
-1115479450
-1116034795
-1116094333
-1116237508
-1116508481
-1116513590
-1117184041
-1117247278
-1117461909
-1117523760
-1117629423
-1118015461
-1118035073
-1118647830
-1118692790
-1118726703
-1118839903
-1119141099
-1119182832
-1119340628
-1119514387
-1119639869
-1119693526
-1119805771
-1119992628
-1120074578
-1120280781
-1120545482
-1120646017
-1120843313
-1121194075
-1121319372
-1121549572
-1121733506
-1121945934
-1121952267
-1122012903
-1122139715
-1122246166
-1122545480
-1122707674
-1122709048
-1122814262
-1123256318
-1123407159
-1123560458
-1123613160
-1123616856
-1123702204
-1124402545
-1124658416
-1124970871
-1125179776
-1125735695
-1126041414
-1126861221
-1126916743
-1127332194
-1127698556
-1128254884
-1128273537
-1128443246
-1128605061
-1128628891
-1128860349
-1129094160
-1129167954
-1129704717
-1129845017
-1131491980
-1131514768
-1131597112
-1131629914
-1132045888
-1132752338
-1132833656
-1133061203
-1133118174
-1133247899
-1133443407
-1133621150
-1133878453
-1133901101
-1134069514
-1134101769
-1134424214
-1134459267
-1134541596
-1134782422
-1134802089
-1134875856
-1136038719
-1136139671
-1136230564
-1136233876
-1136252701
-1136307182
-1136492995
-1136555740
-1136669505
-1136739986
-1136764235
-1136973959
-1137412991
-1137424913
-1137664650
-1137696624
-1137816962
-1138198665
-1138255193
-1138360523
-1138480343
-1138539752
-1138783534
-1138795404
-1138849021
-1138937169
-1139110801
-1139413248
-1139758033
-1139949918
-1140216527
-1140280789
-1140486532
-1140835613
-1140869101
-1141128783
-1141242877
-1141327803
-1141352720
-1141747561
-1141793736
-1142270520
-1142402100
-1142509015
-1142521705
-1142584730
-1142926773
-1143034517
-1143205078
-1143247125
-1143434997
-1144290116
-1144849740
-1144865051
-1145354025
-1145550730
-1145706464
-1145952087
-1146174799
-1146257617
-1146803529
-1147338518
-1147561090
-1147583572
-1147645111
-1147649629
-1148174294
-1148214392
-1148593590
-1148636236
-1148855625
-1149783923
-1149873623
-1150287502
-1150445678
-1150484819
-1150658091
-1151052744
-1151140474
-1151167896
-1151223725
-1151831104
-1152172046
-1152286006
-1152462081
-1153184622
-1153347483
-1153790292
-1153858405
-1154737501
-1155061476
-1155189107
-1155512776
-1155732934
-1155779671
-1156048626
-1156319974
-1156363841
-1156606306
-1157404342
-1157445988
-1157616974
-1157767421
-1158156151
-1158179456
-1158197156
-1158429338
-1158633466
-1158891388
-1159119289
-1159122801
-1159298922
-1159530159
-1159746326
-1160020551
-1160259035
-1160458633
-1160524489
-1160724015
-1160728156
-1160986067
-1161222863
-1161269401
-1161548252
-1161638313
-1161638929
-1161798248
-1161870146
-1162180223
-1162348597
-1162573646
-1162900932
-1163075712
-1163367477
-1163395084
-1163453718
-1163465349
-1163631841
-1163653046
-1163663201
-1163727610
-1163753039
-1165066721
-1165139381
-1165337675
-1165417003
-1165490432
-1165895056
-1166334365
-1166364414
-1166384118
-1166424355
-1166913727
-1167118534
-1168214674
-1168666042
-1169092702
-1169151754
-1169338292
-1169596792
-1169850098
-1169972137
-1170935652
-1171054526
-1171296795
-1171392965
-1171426276
-1171432263
-1171489135
-1171728085
-1171898102
-1172193391
-1172232911
-1172233452
-1172236799
-1172279002
-1172338606
-1172430583
-1172743262
-1172748008
-1172820631
-1172890324
-1172913983
-1174229008
-1174425203
-1174434497
-1174831837
-1175020053
-1175050041
-1175168638
-1175247790
-1176017722
-1176057144
-1176327993
-1176451817
-1176710231
-1176736918
-1176920837
-1177098124
-1177133564
-1177262269
-1177812549
-1177929910
-1177946550
-1178061625
-1178366152
-1178453414
-1178695030
-1178699301
-1178714245
-1178897275
-1178981618
-1179662643
-1180415680
-1180607836
-1181051822
-1181291616
-1181478942
-1181772423
-1181964181
-1182083054
-1182244320
-1182325069
-1182471588
-1182990014
-1183121747
-1183152189
-1183464739
-1183655970
-1184023753
-1184103789
-1184192017
-1184493390
-1184980286
-1185035214
-1185234691
-1185445791
-1186188734
-1186194582
-1186200136
-1186220006
-1186237265
-1186320218
-1186841690
-1187060082
-1187178633
-1187343475
-1187638770
-1187697134
-1187853875
-1188360686
-1188850133
-1188945490
-1189543219
-1189709675
-1189827695
-1190061240
-1190636253
-1191096023
-1191186964
-1191300083
-1191303262
-1191353454
-1191415719
-1191746042
-1191965268
-1191989379
-1192065216
-1192591424
-1192669799
-1193150670
-1193351504
-1193594533
-1193616506
-1193649494
-1193799119
-1194123340
-1194170042
-1194189226
-1194255897
-1195550822
-1195608679
-1195736473
-1195943365
-1195972812
-1196101692
-1196130791
-1196315092
-1196594488
-1197123469
-1197221796
-1197340675
-1198216810
-1198240647
-1198446997
-1198458959
-1199134746
-1199432349
-1199776241
-1200264741
-1200362286
-1200411857
-1200535178
-1200555112
-1200560911
-1200600570
-1200704339
-1200712468
-1200832195
-1200851515
-1200891061
-1201884556
-1202517816
-1202558228
-1202595265
-1202648013
-1202891574
-1203282974
-1203401117
-1203723868
-1203997632
-1204504763
-1204808771
-1205210561
-1205215559
-1205333580
-1206309406
-1206826737
-1207019689
-1207638493
-1207825518
-1207832004
-1208487641
-1208697697
-1208796644
-1208950954
-1209805504
-1210108569
-1210245231
-1210601912
-1210620335
-1210735632
-1210762738
-1210829854
-1211055030
-1211235641
-1211344215
-1211636433
-1211830069
-1211898251
-1212281280
-1212725462
-1212902251
-1212986018
-1213438940
-1213595741
-1213770515
-1213979242
-1214138266
-1214180641
-1214453280
-1214622408
-1214733309
-1215631807
-1215667059
-1215921432
-1216523772
-1216621396
-1216644582
-1216915333
-1217129283
-1217195043
-1217339245
-1217539591
-1217589678
-1217788722
-1217833491
-1217957549
-1218244060
-1218362986
-1218366778
-1218487365
-1218491779
-1218990148
-1219111317
-1219291350
-1219377594
-1219587620
-1220098853
-1220265969
-1220554403
-1220592793
-1220769739
-1221260101
-1221319711
-1221355502
-1221362314
-1221395494
-1221478126
-1221599304
-1221733053
-1222029637
-1222132069
-1222243334
-1222290337
-1222505167
-1222550991
-1222860593
-1222876141
-1222939343
-1222960749
-1223107805
-1223479149
-1224133940
-1224971063
-1225110943
-1225203295
-1225289529
-1225322205
-1225474726
-1225736824
-1225945552
-1225955996
-1226577716
-1226719638
-1227181044
-1227223435
-1227257123
-1227475077
-1227746086
-1227832065
-1227953894
-1228055420
-1228079219
-1228326013
-1228485387
-1228559107
-1228672682
-1228981289
-1229084098
-1229158468
-1229199743
-1229577477
-1229992652
-1230141113
-1230191064
-1230354323
-1230511614
-1230530392
-1230537834
-1230904833
-1231042871
-1231301445
-1231416089
-1232389022
-1232567180
-1232733758
-1232765620
-1232818408
-1232889310
-1233079634
-1233114183
-1233151913
-1233231565
-1233255642
-1234618626
-1234678332
-1234725029
-1235254910
-1235441195
-1235448901
-1235471541
-1235729069
-1235880665
-1236236904
-1236269786
-1236663567
-1236892132
-1236913977
-1237113096
-1237285895
-1237569556
-1237858310
-1238116769
-1238528623
-1238606307
-1238670135
-1238755533
-1238891846
-1239170858
-1239583167
-1239765805
-1239785742
-1240160230
-1240472376
-1240491988
-1240550191
-1240623906
-1241216839
-1241458661
-1241637792
-1241680922
-1241776775
-1242381246
-1242414443
-1242488560
-1242726179
-1242808695
-1242997496
-1243937205
-1244402501
-1244580127
-1244675463
-1244684554
-1244949319
-1245248891
-1245274662
-1245409628
-1245455752
-1245627840
-1245709561
-1245718482
-1246143722
-1246219396
-1246330230
-1246376260
-1246701318
-1246732938
-1247113964
-1247371682
-1247470689
-1247782607
-1247876553
-1248000694
-1248053355
-1248117528
-1248304132
-1248856757
-1249037291
-1249069882
-1249422725
-1249453316
-1249722964
-1250066848
-1250664315
-1250684181
-1250842133
-1250906052
-1251233583
-1251305120
-1251382311
-1251490708
-1251995781
-1252251490
-1252364539
-1252440523
-1252916093
-1252922579
-1253168627
-1253413704
-1253580157
-1254085581
-1254196918
-1254204439
-1254355823
-1254491846
-1254543613
-1254688406
-1254854113
-1254980122
-1255293249
-1255319818
-1255438931
-1255563242
-1255982264
-1256090687
-1256554154
-1256668244
-1257142229
-1257278293
-1257297105
-1257395276
-1257820932
-1258055846
-1258180415
-1258491107
-1258916621
-1259138913
-1259482756
-1259844164
-1259920461
-1260134319
-1260287466
-1260441663
-1260687099
-1260844462
-1261140038
-1261607564
-1261632041
-1261738119
-1261773230
-1262135421
-1263042717
-1263344632
-1263354803
-1263391243
-1264053299
-1264147418
-1264547705
-1264572489
-1265040749
-1265363891
-1265494363
-1265569146
-1265711047
-1265838697
-1265887298
-1266187926
-1266735206
-1267079841
-1267437028
-1267475796
-1267546862
-1267661383
-1267887593
-1267889128
-1267966284
-1268382824
-1268900776
-1269565707
-1269582087
-1269652614
-1269744279
-1270673871
-1270860670
-1271009553
-1271189026
-1271408422
-1271711883
-1271873874
-1271882481
-1272693119
-1272751757
-1272777484
-1272783402
-1272855883
-1272922129
-1273417826
-1273465761
-1273482079
-1273524310
-1273639468
-1273666560
-1273715342
-1273734046
-1273949091
-1274368903
-1274947393
-1275179845
-1275480277
-1275558947
-1275570902
-1275751036
-1275790256
-1275882257
-1276563338
-1276572341
-1276833142
-1277124316
-1277298755
-1277303183
-1277456216
-1277678540
-1277697447
-1278273147
-1278341327
-1278461470
-1278474155
-1278686490
-1279196800
-1279267319
-1279648248
-1279726236
-1279771808
-1280137242
-1280175738
-1280313591
-1280533076
-1280653182
-1280653493
-1280761155
-1280836082
-1281508022
-1281969774
-1282122601
-1282177074
-1282222561
-1282296529
-1282830144
-1282884609
-1283391804
-1283415544
-1283507997
-1284640639
-1285227099
-1285243137
-1285408057
-1285819420
-1285927046
-1286506771
-1286519387
-1286525520
-1286858573
-1287093840
-1287294524
-1287423972
-1287445950
-1287503805
-1287708510
-1287890349
-1288468428
-1288738633
-1288805406
-1288966923
-1289009173
-1289110675
-1289195203
-1289660123
-1289871631
-1290305442
-1290335317
-1290620710
-1290891673
-1291363068
-1291730640
-1292059378
-1292493721
-1292498608
-1292853126
-1293049948
-1293335988
-1294029023
-1294297642
-1294632728
-1294799532
-1294891846
-1294985563
-1295167118
-1295395883
-1295476414
-1295654029
-1295935089
-1295973864
-1296060966
-1296196740
-1296582924
-1296619742
-1297205851
-1297216627
-1297781729
-1297814521
-1297925702
-1297977353
-1298019308
-1298217964
-1298510240
-1298792282
-1299242950
-1299253359
-1299405077
-1299929325
-1300050172
-1300097341
-1300366278
-1300394986
-1300503391
-1300619353
-1300754939
-1300806920
-1301191606
-1301772339
-1301939151
-1301968427
-1301989483
-1302300941
-1302966953
-1303143709
-1303397800
-1303601483
-1303790921
-1303826340
-1303943759
-1304289576
-1305220277
-1305953054
-1306039645
-1306211517
-1306258432
-1306563490
-1306903913
-1306909538
-1306961503
-1307106254
-1307276684
-1307344092
-1307498970
-1307724192
-1307762544
-1307786707
-1307989266
-1308222839
-1308240427
-1308451303
-1308571574
-1308783399
-1308803432
-1309072531
-1309866715
-1310422210
-1310441891
-1310491941
-1311431484
-1311629334
-1311677648
-1311929670
-1311941459
-1311952406
-1312444481
-1312491689
-1312728740
-1312904809
-1312915211
-1312925046
-1313398664
-1313514657
-1313728099
-1313767131
-1313922212
-1313927806
-1314089795
-1314134307
-1314322239
-1314618637
-1314704196
-1315005652
-1315142369
-1315287140
-1315304768
-1315524259
-1315751282
-1316373357
-1316590553
-1316800968
-1316898330
-1317183338
-1317441967
-1317525265
-1318036698
-1318118215
-1318591258
-1318715180
-1318807615
-1318942897
-1319044606
-1319135485
-1319171850
-1319184965
-1319205351
-1319433991
-1319503097
-1319579126
-1319775500
-1319845450
-1320115874
-1320124365
-1320138859
-1320411841
-1320480449
-1320596371
-1321174461
-1321175735
-1321248618
-1321256894
-1321333501
-1321515776
-1321677711
-1322013652
-1322157413
-1322281175
-1322516547
-1322557589
-1322782945
-1323270390
-1323304690
-1323342824
-1323494016
-1323623140
-1324134875
-1324301172
-1324583739
-1324775052
-1324957094
-1325201517
-1325430955
-1325676229
-1325870185
-1326131828
-1326236109
-1326438617
-1326559801
-1326734532
-1327124088
-1327204476
-1327298615
-1327347726
-1327816977
-1328057104
-1328208277
-1328514614
-1328774036
-1328815181
-1328824659
-1329011697
-1329221787
-1329295812
-1329374256
-1329544148
-1329599656
-1330006340
-1330010350
-1330148753
-1330166735
-1330173878
-1330207594
-1330441190
-1330761471
-1331228311
-1332106161
-1332565531
-1332567002
-1333070377
-1333498158
-1333688356
-1333727212
-1333852615
-1334358635
-1334536710
-1334575584
-1334836191
-1334865571
-1335313390
-1335457841
-1335693505
-1335815254
-1335848537
-1336116617
-1336208527
-1336290437
-1336771049
-1336866257
-1336956199
-1336979543
-1337026968
-1337128223
-1337177361
-1337206730
-1337481055
-1337601348
-1337886778
-1338227135
-1338374225
-1338515190
-1338527244
-1338538405
-1338633422
-1338957979
-1338959081
-1339008014
-1339014507
-1339034442
-1339073848
-1339172587
-1339402307
-1339579526
-1339604851
-1339740017
-1339969766
-1340492499
-1340734134
-1340767161
-1340853017
-1340865568
-1340872312
-1340989483
-1341005674
-1341340302
-1341373081
-1341393738
-1341992578
-1342103147
-1342553974
-1342720760
-1343703258
-1343871085
-1344063379
-1344087075
-1344213788
-1344397371
-1344488125
-1344508895
-1345185578
-1345508806
-1345575150
-1345760881
-1345941459
-1346166596
-1346881046
-1346969934
-1347110469
-1347210884
-1348020599
-1348501564
-1348570362
-1348744411
-1348885460
-1348949301
-1349087206
-1349463964
-1349505420
-1349586015
-1349853086
-1349889519
-1350866049
-1350959518
-1351056028
-1351113437
-1351621925
-1351624201
-1351741597
-1352020723
-1352055171
-1352154412
-1352320702
-1352971228
-1352986285
-1353279572
-1353302363
-1353361460
-1353460139
-1353621139
-1354007273
-1354022443
-1354169920
-1354242811
-1354689090
-1355192181
-1355195988
-1355287514
-1355511607
-1355512190
-1355852157
-1356059398
-1356124273
-1356873186
-1357011210
-1357158172
-1357712498
-1358009096
-1358234171
-1358341277
-1358690466
-1358865042
-1359459668
-1359891524
-1359951984
-1360084414
-1360139679
-1360162589
-1360390115
-1360577427
-1360940355
-1360978372
-1361323263
-1361470064
-1361919770
-1362067121
-1362067929
-1362143148
-1362562455
-1362644299
-1362924290
-1363256416
-1363479841
-1363523345
-1363594949
-1363721848
-1364108709
-1364300858
-1364305138
-1364733162
-1365057367
-1365123504
-1365139758
-1365213096
-1365404386
-1365499825
-1365505157
-1365637888
-1366019278
-1366304998
-1366486580
-1366551984
-1366587528
-1367018665
-1367365043
-1367407824
-1367604947
-1367796821
-1368102464
-1368268524
-1368595747
-1368977521
-1369396866
-1369471363
-1369616476
-1369667047
-1370335455
-1371017419
-1371092700
-1371300397
-1371391685
-1372200842
-1372366580
-1372703241
-1372944527
-1372961461
-1373851437
-1373955324
-1374227395
-1374235213
-1374236965
-1374788128
-1375000701
-1375038176
-1375195467
-1375270357
-1375362360
-1375365458
-1375602972
-1376000191
-1376073519
-1376460250
-1376500698
-1376508532
-1376815856
-1377120596
-1377600878
-1378065819
-1378301154
-1378577559
-1378672383
-1378917288
-1379201008
-1379314928
-1379589954
-1379651855
-1379844645
-1380051243
-1380770380
-1380919894
-1381925379
-1382475244
-1382514220
-1382972651
-1383447963
-1383557399
-1383626531
-1383745744
-1383746086
-1383809029
-1383899374
-1383927902
-1384010402
-1384038291
-1384074994
-1384183077
-1384295885
-1384609149
-1384882886
-1384972010
-1385097143
-1385523609
-1385528607
-1385617060
-1385713152
-1385835716
-1385925221
-1386419855
-1386532583
-1386550599
-1386640956
-1387609352
-1387618102
-1388002258
-1388292562
-1388298336
-1388302990
-1388489129
-1388577671
-1389311030
-1389539145
-1389707815
-1389883444
-1390297653
-1390322796
-1390400277
-1390529338
-1390738817
-1390753426
-1390802944
-1390882930
-1391338750
-1391489721
-1391943915
-1392187243
-1392265822
-1392412669
-1392427891
-1392450102
-1392643577
-1393126245
-1393293276
-1393542777
-1393558358
-1393596363
-1394035551
-1394321052
-1394380461
-1394451219
-1394530210
-1394641646
-1394889928
-1394985825
-1395040202
-1395332865
-1395613395
-1395922739
-1396005062
-1396434883
-1397155927
-1397200369
-1397355214
-1397410455
-1397531547
-1397923731
-1397943408
-1398157421
-1398397267
-1398413267
-1399111806
-1399677483
-1399961105
-1400136847
-1400590371
-1400921105
-1401069170
-1401167051
-1402011650
-1402332267
-1402448504
-1402548644
-1402875362
-1402999323
-1403569432
-1403773607
-1403786614
-1404004256
-1404417020
-1404550308
-1404681797
-1405528865
-1405853616
-1405921183
-1405934039
-1405963117
-1406059060
-1406111398
-1406164153
-1406215271
-1406258638
-1406496248
-1406572711
-1407685014
-1407710705
-1407747041
-1407828587
-1408111809
-1408120567
-1408377115
-1408428413
-1408450625
-1408833025
-1409191411
-1409399397
-1409474679
-1409660957