-46590678
-827213155
-956789006
-639487113
-1230530392
363381911
-165962473
-615341760
-1319135485
654945641
194794518
-168470665
-9825931
207912859
-176362873
560772583
-847992801
634195447
126291903
-493434827
207190800
726269904
-321326946
-453055141
-895375038
-955271146
-608461686
665934033
-1122709048
521258955
-1220592793
240765682
-1043372440
-767316391
-1136139671
-863837423
-1141352720
107963264
-69113775
-1050422796
25490665
-611737497
191171947
-721753506
-1141242877
-722609166
-898399162
-579170270
-825831958
637958149
337460311
-1356059398
626809813
-721284875
-399049131
-1005983465
-266490613
402554591
-1077467672
20865747
186395306
-887995056
-475786810
553088275
-245246039
-201861073
-1048167388
23466650
-831316048
292784245
383109262
604240025
-1056371491
-163137031
-854931720
-787548960
524319212
-343265474
43346178
-1038930986
-442725565
-356611750
-984924976
-553333991
332168783
26091301
-149252048
-671740069
-308772348
183345689
-1388292562
-859795281
705416041
-454013964
-1044125246
-277248238
-1393293276
-682227226
-991199828
-814543916
-1126861221
-1345508806
-947722131
-773167304
-98580428
-392588443
-150650856
-311679456
674211491
-844722917
59454966
-505932313
208730741
484595398
350799104
-196518716
-226731541
-535871184
541806623
-1272922129
-1089943735
563579470
-722652002
-1121945934
-627852734
-356711840
10871237
-611080602
371126342
429736817
-15559110
654330530
494293420
446784168
-856255014
-341705248
-683222515
403159539
-1390802944
-746429263
-1178981618
78717430
157703832
439814531
-174105412
-228915304
-494122425
-1138255193
645278920
-689734041
-1001111914
-1182083054
-863572811
-313698507
-893963580
-81360137
-1407828587
526973065
717624670
373363164
219291643
-35352680
290275454
-23833177
-325986752
-1303397800
-1102956665
400856142
509827147
-1083694201
-1082991361
-1406572711
405088637
484777879
443307228
-506435015
-481555665
-788233436
-234624800
-573694985
-67902069
174328694
-345712631
478590528
-876788053
170389198
-340187849
-874551231
-40055977
-359981419
-1238606307
-558182574
-1132752338
461734555
-1319433991
-48673682
568402163
-1012325248
-385235780
340811071
-685954041
-58161733
344303768
-1018283644
-310802094
50192757
-114653251
617707649
672024729
-1086696291
-693405575
-133295580
497697812
370947202
-392123292
-1116508481
-196081840
677754267
-580994304
-973556056
-419645391
-409535203
-121673222
-142332321
-685218888
-31041804
-928424243
-854234964
366698356
96405386
-1250842133
-1056673924
-699174587
503527043
-664892160
400088728
-183698440
630519998
280378137
-249091951
-1193594533
-1150445678
-1119805771
714168687
630566933
-101863655
-1139758033
-302933147
-161527627
-310686929
133576205
-1318591258
689843277
-725515256
-50858171
-732793851
653508348
430782994
-176963407
282788464
-210229860
-17740132
636179948
500660962
-251631328
-766130451
163331450
-1172748008
-873028693
-293708653
-11774550
-656557818
-34088922
278485087
-679807370
-140940229
-560796807
-409499995
-1181291616
687740974
689878484
362349998
-1368268524
642303521
-1100583498
-9061287
-827908569
-1184493390
-315696533
405193432
508360482
-1263344632
-349964939
407122191
647381738
-1339014507
-1096426500
73294948
-1101697107
-559389785
-957831945
296593751
194117805
418144541
-162339401
-1223107805
-460213928
686929200
-222542392
-231440135
637251934
-270082147
-606508377
679048818
-365196866
-297026467
-67430709
216959973
-71454449
-1120545482
-115264834
-300512207
-973824706
-1202648013
-630808256
-1063861208
-1131597112
-317169348
419499148
-823228811
533506275
-1275751036
-1264053299
-9794159
552458913
-16327292
177163444
-645173254
-66816332
-782797187
533452019
-166982638
357186074
-810474598
-225352060
-745429032
302564343
-1030201009
-1265887298
-506308346
-740681083
28913276
603244855
-304440380
236330671
-764981640
41763820
514798967
327914420
-276155271
-1045848084
124002456
-141840899
-899835975
-623209943
-326800226
493902141
-1183464739
438091928
-310332431
-556196518
234125707
-1214733309
-936428684
-1313767131
-30019961
-271792307
398862620
349844438
-127614197
-844863966
-1128254884
-836119161
-979037350
-22629856
-1337206730
-333953582
-718284276
587657645
-743457402
415625861
-1195608679
-1356873186
-463633278
-685379245
-570017721
619631905
-928895344
-343417051
320305593
170837634
510451839
-182986939
366169733
-1163395084
-86688662
-401268467
-25121983
-425244281
-788842269
-890154420
139957161
-507031745
-316208173
570985219
-1267079841
-243349495
-500386603
-575298708
-393110090
166221404
-897091087
-178653361
219413626
49341044
546032802
-1088022334
-68445291
-1120280781
-21373977
-485557938
460622261
-248340378
-1405963117
89373754
-1670054
-82586370
-1049312953
-764210277
-1245248891
-428089813
-244299289
304773678
474943850
-1297925702
138340658
617929418
-131209789
-1099464185
-694787530
-1261738119
476822627
-181813209
-30326071
-41181986
-869890405
-221711509
280861088
471729712
68073118
-477931129
-751246465
-208722861
683793901
-747144174
-856767346
-55294392
580334864
-496014891
590560739
-1402332267
485960704
-391156789
312506820
223486315
-279017083
-286570762
103997493
-1147645111
24030461
-1328208277
-999317822
-236565151
-99956078
380421515
-1015165377
440218926
-578708233
675761119
174530398
-1248053355
-539588250
-1314134307
-46710807
-593212589
-651213072
506587255
-1385925221
-808296448
-726845876
614700927
-800563306
-978303411
-513874102
-1225474726
655248312
617174223
-101980080
21827565
-1267889128
-815367859
103684696
-857141541
358132398
-733689622
-1214138266
-1394451219
-1030888936
-382781091
691375308
553706871
-220769037
-585631182
649637972
-1004898084
231221638
-738993340
-1235729069
255361825
-137224379
-552509537
132644512
472277723
-120747540
-1118647830
656868405
-202917468
-1238891846
-182529915
-918508143
-1096715566
412167634
595241961
-543791699
32881793
-875865900
-347864556
48495982
-496689428
679419761
2453051
-680400797
-278767516
-1320596371
-768181064
126399808
320690675
-97108996
300736147
-161365739
-971751615
-989191629
-766139467
-1236892132
300126239
-474721888
-1317441967
-640209468
-303548326
-89906474
-148652203
9801516
-415157079
-290828481
-1271408422
-1119693526
243371027
-209207570
338867864
-990736641
-267206049
-396097325
-261072029
-1283391804
-306628287
380812315
253073412
-723355852
-453714921
-183608680
525343817
-15401127
237265099
-978213889
157772149
-200026902
-42870369
250395591
569829038
-1083836935
-576929123
-316241404
336029989
417979206
-1344488125
474686975
708351088
308948310
-471938835
309800713
728277077
670920525
-823714852
-270213192
-1349889519
279722269
-626819117
313249301
-1181051822
329531371
-607777619
-1393126245
-423287996
-1107930760
-961274726
-1002934087
102107747
405920313
657526912
-65481455
732148786
-656820450
-1119141099
330760536
-976259484
-1053563816
68029271
-1005326635
665449902
-1141327803
714539486
656308740
-1207825518
-846593606
-351322692
-1147649629
-1304289576
431923600
575665080
-1075275990
24036731
-769530778
-1058336827
-1136669505
-467396130
-609546144
-729538184
-1102706623
-941044071
-809429511
241877331
-946313524
-56184553
532801640
-1352971228
377621371
-1258180415
125123451
-1365123504
-1330148753
393861056
-1388002258
736225395
596100946
-824530455
-352515536
-1288966923
-718754623
-658010176
696763566
-383965205
-1371391685
-810185452
-32236624
-1097995782
132483826
-1379201008
-417468558
439842612
-910179670
183167339
-55698297
-446427786
-610435454
-260314897
-389333606
-970232322
-108429904
-1001628395
-925290418
-28513248
-1345185578
-903227267
-29706093
660980776
-317692314
-1119639869
-1365404386
373618471
-367584637
-1406059060
-747764974
-328910914
-806179104
630063810
-16841288
736370130
660928211
-1171728085
438794502
-986669699
421504662
-354322035
-23032077
-926349031
-1352055171
-1149783923
-486515945
-50419667
-741346910
-1740955
-816351155
-676467080
505097186
564008161
-752904543
-550013368
-1293049948
-708243521
-913813137
-250569176
-704237173
-251512703
-1316898330
-100350869
-358867132
76325791
-101398979
-435357161
314663114
-400022716
-11961452
-1250464
655720657
-772411769
482465913
713730894
-512130284
-741468272
-74107012
156588214
666856182
519607241
-1257297105
434535128
346197162
-600136240
-852896479
463212623
101685647
-356644208
-524774793
-1339969766
-1345575150
-431607715
-30255227
-294376874
-1092700164
-869072446
680331373
632028358
140970246
-69048319
-106640345
59272664
568605320
-361592672
35585318
-680943204
307004465
-775939934
-1261773230
236442407
-993750932
-1109004927
-66440705
-1384972010
-299075759
490728224
488306021
-934808352
-603334223
-773887012
-864712710
-538843965
204570682
515097471
576844569
521935926
-1091393214
519757702
416546045
459642440
-286708857
-427512540
-218503136
-455521777
620960196
-920336057
273600427
190546421
-286210583
421892605
-310429412
130103893
722953087
-1114288356
155197292
-313540912
-1360978372
-93914927
161716145
-554247187
542263470
707068843
316974256
9415912
484748075
156400585
-206066402
-1344063379
-61259953
-526938597
525644469
-1085387050
455614271
-430276906
-130843419
339156228
59452445
-594661232
-207715591
-964176378
-910186866
-1255563242
575992924
-924652019
-959786190
-6228024
171872477
-910699154
-837561191
-403829618
-54880932
-1032715961
-434179014
-475324916
386765359
-686849179
-1056342570
-556719282
-620847150
292462885
326407529
-832620921
617141244
44603561
147167581
-251120415
-353658451
-530798214
564283762
-1298792282
-84909183
-1083321344
-1144290116
-246334499
-597907955
-694010898
-989980763
-1163453718
-194644643
-417476546
-157217927
-986943815
-40127098
-1328815181
-52203323
-390779979
-605598952
301519515
462566147
183619306
-143435839
51555437
-1386419855
-263712835
-641259242
170813135
-1252251490
415147715
-1097403319
722097680
526420841
227752906
-1098641904
-1355287514
-755999833
-286484451
-639233004
-335915188
-39872760
576187761
656673675
-934508927
-1148174294
-120871663
-853258700
209687792
-1249069882
-48792244
-226210933
623561674
-602591178
-1107065012
-62301129
-578945625
39287561
706505037
-1145550730
197101480
384234512
-832888640
181780920
173237113
-1342553974
493204425
228015007
-688488398
-530698266
-1148636236
385661822
-1307989266
-1309866715
304917257
-832432785
-1047975600
-553372646
-275626077
571777600
-392377119
-1061836561
-391851573
-506233685
-254362331
-88851176
-1305953054
576757453
-786981855
-1336866257
-1306211517
-1327298615
457433663
-729034749
264547714
-106747464
-661523314
20333899
-616150696
60053696
-1247782607
-354721524
-291702722
-1145706464
-254522831
-724203704
-568073841
107566977
132489058
566365491
-58073663
-997306301
-1232889310
-1187343475
-93474578
-77186232
133870757
10637776
-237847019
-1390529338
83836927
-133993128
-1307762544
-196147650
547037532
366850578
-1040313353
-851904022
-350233763
-246398641
618215082
-187950962
-1338538405
-410905880
76407982
-182995828
274955824
-1229084098
-812847090
-329973357
-1400136847
539144655
82785750
-1222960749
-1385617060
-748107067
109918427
158319105
672596117
-865346832
177855176
19014805
410725449
280158040
-914551085
220344741
-90409622
-544799030
-1368977521
-1178061625
618867737
659302969
44052821
690394740
-489021151
-616957436
-230019327
-951483566
-435976126
367198991
128608485
-426047565
168925406
-526024005
-238942906
193373755
135934336
-866442718
-385725380
71112214
-321724142
-945288444
-647291221
-648416933
-1402548644
-151776898
-1165490432
-82892858
713489481
-1124402545
149110925
594938978
-1202517816
-544254493
547915479
-281473558
248853479
-419522088
177108284
-924540887
-789741337
-431701471
59476956
-1358234171
452339932
-916884190
245204992
-149143971
-373261500
-877938627
-815449997
715079767
-413161663
-52675810
-670755406
-405644898
-941870948
-426180429
-1225955996
-965799707
-140517566
333220338
-1108278968
67030027
-948452395
-1297781729
-951861771
710466492
-307238409
635311921
-951492635
313085662
-533807790
518049729
364916899
-818886098
-1136252701
-127296348
442035339
-99448792
404830433
-1110832898
-121787265
-745749470
246556700
617522737
258671040
714751161
-546075932
442780453
-988466786
723471911
38582551
-686680346
53083698
500195564
-574396667
511287335
473243816
528430332
409181016
-1215667059
104097754
-862045014
712448078
-268403586
-270865704
-1161222863
-1133118174
-566248604
149393753
681777667
-267016094
-709811752
-801390043
-757877633
-829707254
-1280137242
-780544712
34282222
572708619
-358946090
20335893
-126127070
364438973
-663998649
-363349746
-947375934
-890129554
-627524170
-1156363841
-1218366778
-433125821
357799321
-670346384
-458095983
-648022505
468853321
-209253438
-371075271
-834813523
-797277924
-426715844
308235791
-97024268
181959522
-1187060082
483333886
311887688
-557539386
-219802131
147178067
493579933
-936884478
-716367243
120600666
-190817718
330348419
583290140
329118136
-1034593991
-1310491941
520816767
-57654404
457372789
-886947857
-1253168627
-928067956
-1155512776
-52356657
110922182
-580260891
560430827
-1053211902
-1009443339
-274011680
538813028
-786438013
-528096034
113282476
66088010
662167243
-476957697
-177750297
-1012135474
216740468
-794567871
207112216
-190329353
-948695971
-201187888
185142064
-849122503
-417789361
-609930580
-1129167954
105328191
-453033799
-647170502
359880823
-1242808695
-1273666560
-957798307
727687540
-916813053
-557176238
-283742380
-1115418265
66451157
598226995
407929620
-604879073
522975998
-806446317
627436038
-1226577716
-1327124088
-904550073
390599908
-107388033
-443180635
-548006219
-659664208
117762270
444269828
140470620
398659724
-187820221
-1049981418
-985929018
-565357637
-882724705
-849530169
-113090536
-892455405
-356277814
-1407685014
233867624
-61630671
68831551
94676379
-391119291
-1273465761
-119765863
212499801
-1383447963
63721830
295441121
-877932627
-283096502
-549365152
88952146
578962687
201036048
-530703824
285814276
-395911571
-869462340
-639424185
-35827581
-445325950
205283586
491513122
115209289
-645225190
-1138360523
-978486765
-642844796
505572509
369947973
-1311431484
-137169352
-758589558
-1174831837
-994353454
-1283507997
-1148214392
479433784
421998532
-616081611
-541080958
-864784859
-1264547705
-699536510
-1401167051
-385186121
-1151140474
-387013214
155416947
-380499251
-1160259035
-1027327242
-912633904
-1406164153
497947455
-147793686
-1134459267
-1217957549
619426927
-1366304998
562055832
718060851
-93408941
-933951966
-1194189226
322303013
-807394554
-932338210
64318557
-1122814262
-138354412
-1214180641
-577533713
7163291
-503651743
-568635355
-1115441069
-244726809
454416839
450041286
-1362644299
704223213
-1314704196
-865212795
708124468
593308668
397058927
-1163753039
-1362067121
279067614
-1119992628
610054119
259710225
196663839
-1061316087
475586407
-218451388
-458645233
-1194170042
-891551071
-171394086
77540954
-695666304
661137609
-652713995
210747362
-644915986
-358089656
-771397687
-927917386
-645466609
-723976578
-961112413
-550105397
-179123965
-990406185
-694214969
-519483277
-744093815
-646216682
-977833903
-454021035
-773580803
691941731
-994775436
-424831481
430109898
196838584
526588694
646005264
715352921
-382223632
-13872022
-717731623
-458504262
-1404004256
-1244402501
306645160
-352028504
-605734779
-1358690466
412570295
80354051
-909737471
-874953341
-836188153
-490078247
-159102902
54393978
175893346
604745825
486625483
-1015545929
-906253218
441148974
-600255957
78980709
133840633
-1140835613
-131848836
42427657
-1162900932
-1251490708
-708862604
-470567147
-299929562
-702801452
-304904239
-730702641
355235452
499426390
-679327699
30387508
-157637799
-178999761
565499575
416239456
-1406496248
-331021567
-266784806
179462506
-463693982
-517577562
573981985
40118209
-813846828
-763692212
-618319322
730059213
-494462417
659897250
35068631
-247297941
-1329011697
736271435
692200320
-218875851
-703948257
-350122159
460486916
-1086131045
-588114009
-956259022
354321871
664313601
274806625
182403206
343134817
278375785
-886036600
-661068228
-279579949
60334826
231419618
-443016204
-636965205
-1319845450
203356992
154780882
-1327204476
-1028523665
77259892
117929563
134243802
158313603
116782758
89025882
-797980487
-1324583739
-998514516
-1074911811
-1000649376
-176563117
-621105425
-1383745744
-249667756
-1083717040
208722870
-643951178
604724153
732751678
105046002
-412274036
55668265
-400952620
554775168
-1318715180
-310732662
20713920
246131110
-227871730
402255663
-414027237
-847360407
-200918775
-993131874
679487759
-849311132
-381046953
-1382514220
-437760240
-45893355
-973098187
-1351741597
-1404417020
-946778523
-191343944
-1078068651
672009755
574770286
-1210762738
667343194
-57601952
-212971365
-14406781
-1195972812
-395614437
76943447
-96640066
-1112318756
-414343682
-1061930035
700002315
581694489
-499225034
-238334699
-1148855625
-557155514
322419577
-119837169
-529604326
-852758903
-903148764
-92637105
-794435092
-897500376
370649780
424286372
-565503619
305241296
261638418
-366200948
235166250
-533381774
-1316590553
-516658771
-319289178
-302139582
-1177133564
-1153347483
-4392930
-181411838
-805212110
-41808854
-337135589
105628264
-1017561793
-75925805
-1188945490
714923192
-933181214
-308484407
-875253951
-426264570
-1138539752
-259623635
86300462
642175437
-572755502
-1216621396
209998493
-1048535324
-172756936
-292253497
-171851689
-79282081
601153140
-1228559107
-1118839903
-1313398664
-971841182
286832576
-84745093
-366987884
-492394518
-1159298922
-998777859
-99890903
174840681
-777657941
-122385951
651724875
323923060
412425506
-511957935
595448717
-584616369
-1163075712
500205914
252693537
-969631700
-27213833
614223622
267676772
-1056885570
-295046307
-549023549
-1193150670
-113540006
-257798044
-1096483926
324684221
-708383708
228836389
-779721903
209287182
479602876
-368434354
-628021961
-82974683
263973114
659657496
-168668047
-149522066
334664762
729439426
-291491589
-987369846
-1171054526
-528703915
675389099
-730620818
-1293335988
552194481
-1200362286
-940156150
-480270066
-339320427
-723241412
-1331228311
-1334536710
-409659929
403521318
-632855010
-918241780
-1113618825
-1160986067
-1176057144
-71987770
-378942620
151033582
-545432896
-456703363
-755052705
715110446
-859456841
-763031519
-313799382
-436761279
-524020636
567562111
-498790419
155423954
684291532
-684014178
365127077
-993282858
245781165
-711611590
-306458861
324618262
-636082892
693946618
-9278660
141127507
-961713402
287167923
390206848
-727705137
-522238087
-726154012
-1314089795
342394425
227208033
-659077092
320086632
-1369667047
-12043203
-731130990
-396362918
-1273482079
-900987119
514912071
292007284
-954113827
-906520346
-80283879
-537331276
-1398157421
618169939
566275271
336526249
-755331192
522803649
-410170651
-1351621925
-1176327993
-860420968
448650331
-493967722
27406354
-1014921921
-397992109
-367617461
622351521
352996207
-784949069
662749882
-396465235
-106014651
-471031276
-259881906
403063639
-693537444
-705292862
-1288468428
-189992382
624488667
-415734296
-178084395
505240367
-586877265
-578976386
-987509065
-801491856
420918371
-929065582
-567754440
-1176920837
-1217833491
348343246
260550925
-822690004
-787067102
-844484775
-937756723
-1171489135
-219368436
-1012425081
-157888962
-1062801326
-73390948
-1155189107
-1397155927
643137016
-450416561
-1275558947
-284273606
-563346133
-281227834
-1199776241
-795524006
541960309
-368687219
-372967663
-996949786
-685187088
108032163
-154638818
-452042517
300264080
-543713812
-928909831
-1259844164
79284494
-363329198
-787535478
317860768
-1320115874
-389895151
-577446434
-972851792
-1200704339
-322570133
-959942311
-1294985563
637078715
-825435849
-169193761
-663685658
303401725
41095406
-49144256
107943794
-1065010053
-1159530159
521059416
-340131733
358567412
-370997642
617891159
-78586748
495353955
-1048436912
71634496
-162779791
-1700702
694164426
-582337263
88248832
-433148964
250281712
525462449
-223787895
-809706661
-1171898102
-108708049
-910046186
-587268543
-1015320050
-163666436
-1021285058
435840765
-950228932
496724145
-1366587528
-699693683
280365321
-296653852
-1078544511
-828050560
-416180933
252934149
-1070114845
-54552437
-412849594
177170772
-793671379
-456103408
-1142584730
704642861
520813036
517762390
492687070
-440393098
-1029362511
730854377
-1286519387
-529343288
-593832406
-891774029
717055684
-205052055
-1193351504
-970591487
-445746150
-1149873623
-260219762
-902799069
-36462067
71301136
-320784221
-1190061240
-413182955
19166342
165451731
584032859
-541081125
-1365637888
-609488788
-273600447
-1398413267
-826093992
-493256297
504339212
143578318
-112553400
497775349
267124339
-1379314928
-833475297
-1362067929
-1399677483
371538056
-1145354025
-960203562
-811626334
-885162240
189642084
-304359994
488441101
-476475020
-1362562455
708445269
520407434
66669296
136478760
367022053
-1211830069
180906280
-979884975
-75365108
192558422
-395913558
-1306039645
-40520606
-989753480
-8527637
-280163497
687436268
22222844
296426614
735433747
32610769
-69453569
-1147338518
482472615
528985505
-622435349
-65303541
-512792729
-871412488
-1279196800
-465289775
-900385458
651276042
-1136038719
646158710
280879855
-937803380
89646751
711060289
396896920
-455213067
-422271509
500922683
-1233151913
-1959581
-245023194
-103250002
-51941553
-960218590
-544241628
-53926046
482457587
-1351113437
208800845
227511962
587937477
-1151052744
-575209818
-662273492
-612399824
-444341210
282502141
-102719874
-530483408
556528830
-193979403
-987021793
-1118692790
-841750892
-1013379744
688269538
113101449
-25585845
451773981
290014944
-764963665
-530667452
-550653298
593160190
-80820634
315170482
-198184095
-335781286
374122454
-726801490
-845687564
224641691
-467788826
-10831974
-1175050041
329876758
-1192591424
517517509
-510261355
-313009424
336628099
705824650
110034192
628000718
-873344482
506719856
578852016
649822375
-256284228
293207758
202419079
388817515
-974877934
-1085652459
244559465
354366840
639583431
-691042870
-718832686
276287645
-7778952
-154454841
-236488904
-1212986018
-902705055
-1473536
526956149
-685231070
-221374267
-720723446
411824914
-622164408
-752317036
-215559134
-731581930
-215596110
-446257517
-890148153
-303191975
707523663
-1334358635
-838191136
358922938
-899171161
-513778187
-133935837
-1282222561
-611612996
585086702
-590989838
-1072743590
-160110490
664620729
100832914
36968901
-975502566
-638058862
-173493190
-250668228
550632279
515848772
-576261553
-808950368
-973886504
618244721
-130466890
220582794
-565431036
389450365
-820027421
-595325613
465157138
-248153149
-973820915
-1171432263
648134072
302308657
-1043589415
-700897164
149977119
-224513845
-363575346
-747551611
-297311356
-1000160671
699482698
137251486
-228154125
-211428732
-850834981
-414940085
-432998200
-17031126
186174955
3180704
-136204645
-681710175
-513654742
708429728
-1029678049
76383245
-624314125
-1301939151
-909188144
-188069631
-1063306005
-998472312
-623179214
-696830012
-289304067
-1210620335
488721551
-1390297653
-548106538
-546008045
-980392916
-586042079
-1146174799
201518368
612594597
-586944372
-950839957
-557821842
-1341393738
645400406
-1292059378
-67532974
-773728009
-395648711
-96521486
-393340650
-1056683706
689229797
-285214392
-555806441
-236258074
61545011
-144213345
550628120
-1372703241
-1170935652
-1397410455
526083718
-1151167896
-535451584
-757342567
-721495404
288571745
-493451958
-1257395276
163748102
329669079
-798169825
-1131491980
398340749
-890187659
-1013485949
-406610465
-253850259
930748
-1240550191
-1384609149
354312450
-1288738633
-259758133
-938912231
-114931299
-935631362
326939833
-301721418
-898269195
566069589
-289066465
-1109603717
-1322516547
585547359
-456880876
-633946542
136700864
459732575
-481276410
-436969273
51983414
130619174
-158395845
-287094077
650496923
238183614
716360867
-340771576
-498303878
-1261607564
-315315316
-881409667
-1140280789
-1312491689
-410256490
154853321
-838057642
-820734897
-884286337
-326261429
-992083547
236712606
-25799737
-904534686
84841726
-1220098853
-128415820
-515875650
649699130
-1347110469
457220485
-35735696
193574113
-438593599
-1060248012
106652796
-937828225
-1081305385
-971537019
-26066694
-932847541
123213073
502589047
-663062921
220786792
-645085683
-1245627840
-1354689090
-55755171
-719848769
-270885110
362226690
-1220554403
-1034103087
-1279726236
274352731
-844136532
1923353
-978941158
-931855641
64878292
-1259138913
442474071
-478965835
-287667104
-1355192181
-1109731279
184570080
-1026432158
-671202890
-578914854
-549214290
-1285408057
-813744047
197788197
345444144
-48764322
362225765
400820462
-841937733
-1095041244
-607482888
-1217129283
-905530239
-231520567
-1086790110
-1368595747
334408310
325198651
-937471497
-1334865571
-347341297
-786545002
517673908
583758276
335853303
572547136
-1263391243
-216994857
-1191303262
-524528724
614155697
-330452144
-399871373
-937006590
-870082187
-791845469
424294496
-1245274662
-1128443246
-1155061476
-930250498
-325860726
-962125351
-425715328
-1294799532
-638850053
-384245667
449674186
-1051069642
88348244
524874023
11654469
711868650
305129691
-142005495
310303713
140258587
4668671
-644109384
359020734
-1257278293
-767371927
-708849650
-247084258
-294313109
-168866428
371135682
-607436852
-4075682
652757844
-352432920
475739229
-410521122
95507137
-687394339
-295255246
-1280761155
338425402
-582999300
-921765389
-310644594
-795543517
499954489
-336194184
-1227832065
-379469246
-763308710
322491930
-1112218815
2647314
-55905576
-959431700
645340796
645310183
203549451
-386390553
-260974485
-162733107
416238003
-1002468407
-247393503
-673613157
-1264147418
-1395332865
-1315524259
-541476349
-280522702
-1186220006
-940469187
546543406
-697919987
158951627
-986418350
-935383738
-914660796
-804185007
95212425
-267904098
-1219111317
393059018
-1002675024
135048516
-1303790921
-1094752468
42940459
309823938
-71077612
-955452266
-590327409
-392257849
-547855265
572344496
344194403
-401937274
587077039
438735552
466651785
-430863903
662580954
-1211235641
-621738736
-772757273
357781394
-198091678
-298075602
-1294297642
407788723
-940281417
-152136332
598742814
-1284640639
255254053
-3626910
-1178366152
570566993
-698104691
541523194
-237928859
-243491549
-786222455
-1367604947
618718595
-951296199
386654864
-520636919
-1101637399
87972176
-791403374
-122435894
13134890
-592573607
665890778
650443025
-972210452
-269619140
-385050817
-856442686
-599248657
84733174
401486391
-737924082
210157944
-80677796
668514416
441857200
-247529043
-767008514
245962155
-1222876141
399565345
-1277678540
-1180415680
280865700
-818909330
616304592
-977189459
-510481321
-33141472
-358527424
-1370335455
-757424822
458964377
705620732
-844400037
-1250664315
-301416648
180614555
-697041592
509400104
-472070511
-1032973441
-965942218
-999330807
296414171
-1034846042
-1294891846
-688533112
-391789148
361135717
-501343845
-729642042
493522585
-271694117
-1186194582
-1062804985
-392807765
-753318632
-163220898
-1163367477
298219352
-123490944
-510726891
19765489
-155288452
54938481
179166583
-1194123340
-501865204
-1255293249
725342172
436129693
-878201282
-978018286
-1300619353
-1319205351
-602798919
-1185445791
-597673055
415477341
585755334
311048509
-1051582941
341859679
-698063848
-827712114
689120103
319193796
-170965338
-211519035
565891727
-610164226
-1072428219
-682253403
-1327816977
182348737
-1364733162
261415014
398290806
-456532958
416187173
386214738
-757821505
-1199432349
-1329221787
-648375450
-1108572292
-521955298
-423755833
-296179938
-843896197
-575418739
-722549669
-485413729
-970977299
-10548109
96939565
-1019275436
-428772553
-811444013
179270937
-600299065
-11542831
516908127
127512940
70705600
-38161376
172845186
-405297625
-377288810
-1021106012
-726528692
-728492311
-368862109
-515895632
-647648690
392827850
-214402516
240461420
-768346223
-1248000694
-1340853017
66300447
-560484955
-416201338
505388556
-1308451303
-1056680013
-1251305120
-327158448
-458058618
338031225
482607895
-1207019689
117521112
-127297405
273751320
-658058503
-691870459
-868964545
374718095
-302911063
-185427829
-1091192456
-1409191411
708741947
-328775738
393701847
-243078808
-825732558
-1112062616
-81014094
-756520166
364303239
-1378917288
237343904
132273555
-1277303183
590729300
291033843
-194396223
-604747558
-108353171
-449206567
-401701838
-728250299
-1313922212
-865368758
23756606
-595727262
-324267895
-338943538
511427083
-1247113964
-20070586
512301080
-1275790256
-1086264563
168584687
-108803656
-501931713
466587480
-927235990
151613529
93472479
-896087870
-348460806
-511672205
-763325645
-495149746
-958056602
452343541
310168104
343655635
-734281266
-828951974
-1122012903
-638138070
-284255324
311809111
176200076
-1345941459
-764552667
-49791080
-1182990014
625442156
-274908240
-1048714862
-1198240647
-843741792
252546890
-290106952
-1114572552
735376308
-875911662
388965335
-898129801
185692940
-860125110
-251390038
-1046875046
-408116303
-536464737
673358466
-801878908
139319405
-893011747
-513826403
-1236236904
232798337
-939435531
350028580
296922287
-293922790
-437180740
523997681
-405898874
697976429
-1262135421
-194074113
-883183603
400476877
-1221599304
-587690747
398434945
-687445558
-936143652
-1237113096
-1239170858
-386203353
-78437725
-875980496
615745752
-1352320702
-940040270
-923551396
197064112
-422986609
-27312390
370892616
-927606511
443317487
-16497044
-1368102464
-588023543
-1191096023
565960625
416142992
-1230537834
713890612
-515349361
-703656029
376949249
-326883257
118718632
37965954
395736593
592640388
210918267
566631143
-530981205
-604937698
-1046767593
-652653693
-547192992
-576742454
-166139680
-1087547120
410336345
-930870310
693410904
-1254688406
-1224971063
-60504379
-1212725462
-402929198
158465006
-1384183077
-724204446
337992580
-1407710705
170511602
-1103081689
379303952
-893789895
425702351
-320148333
-1235471541
280924499
-846648306
-1406258638
-987474945
-41520596
-1042960822
-230063230
-1326131828
-209637868
-1133621150
-1003613539
-536719763
-654426052
-1047620875
-381342760
-469331707
301940154
-184002814
537804504
-277013080
-158120482
-923818182
-676438740
-155765779
656758828
-369455021
-513880066
-974449306
-681170910
576037009
-799855439
-1137664650
-1008029537
-796048669
-715074187
360515275
-428944083
464927991
444448855
-1376000191
-1406111398
-1296582924
-502654545
-650472042
-934138390
526068103
290261660
-1369616476
-395352951
90647924
-236564147
-1290891673
576895150
497062521
-36592043
496235739
-609810739
-1287890349
-1215631807
119083759
698212068
-605421838
391484517
-1047235709
8594901
-1061007910
723344974
-1157767421
-1333498158
430375589
-1123702204
-1329544148
543858074
-216291341
-569950782
-1127698556
-427641478
-1017107362
-1087249624
587070980
483605970
86251637
706244715
323082881
-154104081
-67765568
81900380
646150588
54409491
276333981
27816107
15203319
-1066506097
-318117615
378033018
352154212
30939883
363959752
604452199
107507133
56917102
-1256668244
188028393
-136643064
-62894177
-1119340628
145723788
-1227953894
-726382582
468539572
-1378301154
-980194851
-182627030
-1409474679
-1394530210
-1074149351
-67174838
97435578
-1165417003
-750183587
-363648681
272464512
675085141
-20089370
-783071343
315699919
-405353398
657933949
-57758568
-538319438
28022842
-738259706
-384922274
-521367004
535162638
-1185234691
-230642224
-56531814
-1003123177
453040602
-325410482
-971358923
-1264572489
-1245455752
-970768193
-1249037291
-909539695
372122377
258463695
-664891290
-1115479450
-842603226
-1129845017
-1177812549
547372812
-502850952
547952779
-595398825
-582335243
-247224029
276347145
-1291730640
424581673
-845993369
-403032236
222326071
-621162652
-1371092700
-571623983
-214220420
492013310
513030943
224486065
637506230
677640600
663783280
-1348949301
-969317335
298487417
319579803
-224143216
593073376
-1260441663
56077175
-1322157413
696996558
-1184192017
635860774
-635820507
-356461851
-348781495
-1096891602
-238127083
-661618062
-532819563
-1378577559
-1176710231
256083193
-1339604851
-338268806
-695555467
562473867
-562656102
-1208487641
462561857
-622433742
-1282122601
523677965
-181685669
426430225
105839528
-1143247125
282085361
255463273
322895458
369993356
215041591
548768850
268435891
-1158197156
-545111241
-817763844
-845023350
626827084
-69316497
32222495
658314933
164038680
-449112551
728775490
-911648365
265397390
553831117
-64239059
466975157
278974735
723392607
594917965
65234460
-195711302
283929950
-566344252
71106982
-171402929
-1048299219
-343415800
-538827813
576807781
-532065190
-1007810162
-1318807615
332888977
-415508597
-753765556
222297821
-1222243334
688522347
143194514
351860754
-498008444
134551764
-1297205851
-970029293
-49035358
48620498
-1240472376
-507478863
34594865
-1382972651
-1179662643
-898534676
311022707
-335941487
582637714
-597798462
25824702
-498196326
273439134
-134785757
379803893
675694380
-43527963
-24725370
-477232457
612771889
-539845788
-289410383
563875996
-1134069514
-674967868
-671550687
410547659
-562108311
-231514572
-375905939
-1250906052
-61921540
526680606
193754221
-34828782
-1390400277
705284953
-461224315
-316276356
550504427
351042632
-1027869894
-685110138
-112936474
247409758
-1042724485
-174660334
-533536445
342615553
-1389311030
-658182796
-934648475
-268656005
-831725040
-658652580
466441535
-93210319
-985523161
-833085015
-1062143131
48636308
-673925659
286000738
-162101326
-1217589678
-486246284
-142436195
-1249722964
462594809
-1196130791
710846871
76219201
-813935277
-711681507
-774135513
-1303943759
-344340584
461269562
-427414796
-739143270
482023940
324467816
-263726337
-524050305
-1244675463
487686491
-795027009
72179626
-1235254910
-218046616
420101904
223446806
518093133
-31315598
-676072760
710568863
-1254980122
591556453
-1276572341
617680095
-1341992578
-1303143709
-43518943
-745862446
-604759808
592410952
-639740797
460965017
316262274
342909816
-1015596493
60867974
-70040608
130742578
-1200600570
95349337
-118989170
-585562171
-569889276
55821328
606456621
-887205612
-458150105
387131514
491544198
275842543
360282137
646629484
129980757
493775205
526891339
198053587
600696904
-254045844
-1285227099
-741481144
-399053131
-514902487
-1017934367
-820209097
-909410911
-623465452
650724286
430613889
-1230141113
-1287294524
-211455013
60935125
-462791287
628721119
-620661787
-593752906
-995902733
331253516
-944039632
-1241776775
-130322180
-1321175735
-1332565531
-737759663
582664878
604391216
-1277124316
445943542
-387072867
-1152286006
-1032955841
623939410
-257123085
-640824800
-933687927
243531412
145775157
-1020381881
-63272939
325699452
-897610997
-1012146192
-350783663
49663124
-1120843313
438619958
-1281508022
-706680638
32455235
-815482246
-538392005
-835285185
-726592572
-460892128
-162979440
-881345934
-593919151
-30038348
-1172820631
429073390
227741054
-795711064
315594560
-766800271
-26470456
-1355511607
-1260687099
-618113539
-965828079
86105371
-1029832327
-453373668
484024587
29449418
-1141128783
-1374236965
-269348863
-1012571397
-670852195
-974311868
-417988234
200821209
-399531645
265484602
-997489159
-1299929325
-1353279572
-181342902
80097735
-1116034795
-489687752
-429579450
-501680451
-911511432
213685687
-1265569146
-856957630
363063997
-473617277
-412720301
-288248872
-93384195
543971439
-541642525
-801353017
-1334575584
-505814082
339363528
-937081572
233399132
-1372366580
54995602
-303197899
-361832817
-416938036
109378350
-251696734
-360152200
-809382791
-909017238
-66121586
110994865
71468720
-1305220277
609548842
-452263833
-1160724015
-984827028
-826618076
-224275883
12518079
295198460
-1055078318
-180928722
-983862304
-446365927
-105438897
-79610978
-844420638
367544939
-583630086
-806721810
-314877699
523237423
241510782
678249673
-104802466
-747604192
-419320767
495880151
-246556022
-1222860593
-130543224
-912505542
-1118015461
-258412622
45296034
-868674068
166825758
628743366
317115457
-558074403
186523587
672102547
671062284
612726691
-511681619
-171794853
-204302527
53963151
-541668154
622132796
657306749
553519555
407951979
161399291
494350988
-434268727
-1323623140
-662388019
-675806816
-160113754
-475183203
603715369
337446113
-183133256
-392115493
-354676093
358258084
-962707974
-463350967
-62044698
-110716969
-1014245620
-127360391
-177072925
-1138937169
-1376460250
-1086286018
66825713
87568309
-217888764
-48459731
7456819
-401787449
-377925992
-568562130
-644854701
597870690
-482119862
102822689
-815354366
-1379651855
-1109778754
-949057237
367859666
117153398
68892679
-724234667
-262006758
516250113
222479774
-1061469696
-331885096
618299563
221235322
-1246376260
-1258055846
254840480
-922596870
218835275
-395009450
269579775
-567042696
-1124970871
-869625914
465096721
-283467593
-104415206
325549171
644477954
-739010757
-1227223435
674891507
-438724103
-766215263
305332933
-1058988945
712742824
-1156319974
89069705
491574697
476225208
437665418
-577728639
357106531
-78517500
-414039491
509116094
-561095260
73429048
-9466871
453960698
-394409417
-1313927806
-1408428413
146030077
561234323
-281830597
-695803369
149365254
-374770883
-24748718
332207227
-437297616
-1200891061
-1171426276
-869382923
-849814598
-1196101692
-615637489
649320516
705538413
-876830521
349567694
-609608465
-1257142229
-466368046
386417452
662039273
382602102
-277571740
-84845838
99144561
-1409399397
11291764
100781556
146696089
-164892153
-918467281
-1286525520
-752945139
116827244
98791171
-1158156151
-1057888612
307965518
-919517019
-517206127
-1279267319
-705553302
277221792
-1367365043
-737433129
-1337026968
392268059
63023814
-1184103789
-811518227
-287976973
-1259482756
-1166334365
-1302966953
65736814
342875604
-1302300941
-660389661
-293761079
254460556
584783594
197837048
378000444
-905579784
-422753947
-260626625
-653670527
-70577151
-690079346
-163122138
-1325201517
-559281257
541389968
362085683
-516580892
-933461400
435124123
-861731073
539627822
661085742
-263183892
-485767391
-1335815254
-19452849
-378668935
139986969
-413995484
-270904468
-1257820932
702308845
-753862152
737028070
162727653
-1113279948
-905969954
-997444534
36158836
-149575073
342043724
-1391338750
-1050115450
426907615
-540554599
-1246143722
51575058
352929917
-769539714
-250719058
-1246219396
-967330131
-327051556
-99337880
-43032114
-252801401
-856208969
-1159119289
-850232672
139860955
-19958349
-697988196
104751560
636244907
-698378366
-469939026
-1214453280
-194282911
-57318152
231770964
-1081276224
-452692668
250497622
-721326266
-763203293
-1027475217
-557404579
698437174
735520108
83121115
-289700124
-1248117528
525856392
-1354169920
62610000
-254593961
-196905913
616466439
-3647842
362926823
18909155
-761024430
-1072479613
-613757525
-862197763
-360792570
326368857
-666585635
-1292493721
-468367534
-1172232911
-963704537
489005206
488330119
-274965394
-1011616326
-1276563338
577695435
-1050597392
-1278461470
-76601690
69767892
-1116513590
-288163537
125663380
356161818
-1280175738
-808660772
235210018
126241828
-1183152189
-483299067
-1372200842
-845566393
313008816
-824333196
203706445
-98040566
-80853423
321278132
-1303826340
156979075
-1379844645
595244274
-92109046
-244744631
-1153790292
41393025
-404467436
-794322276
172996963
-1218487365
685511024
466548782
-96585494
73756165
85292360
33304176
675160801
-416915862
-577872236
-1245409628
509850479
-540007669
-680910613
85441056
45724543
-1214622408
-750017750
-772547120
516721132
-643778682
-1352986285
546941896
-785952648
-35029922
-435220975
-529677531
-731055137
570376998
86065601
-1295476414
-1385528607
34158386
581137776
-72048693
-629503689
-70988103
-776162757
-691761128
-1225322205
56030415
-527105348
694593683
-1221395494
202049448
42616499
234394457
397492448
702664157
-1275570902
176795341
-678532765
-1218491779
-13681003
-54420005
156543707
-1186320218
-1321515776
-1311929670
-1353361460
174615234
-1197340675
-1328824659
-528644620
-1353621139
9192056
251917099
-14543834
643094707
-1177262269
170199370
-38293117
-294302209
127374813
150376797
-829671001
-567426928
-352646985
-1169596792
-602181011
-218152479
417263957
129351632
-26578850
-333835286
-662486613
-607453382
-110090096
-573936980
-509317644
-53386147
-1136739986
-296592911
27854602
-255319198
-240148641
-700371581
-740820339
-992110715
-794695114
-508017200
588154063
577077177
607745999
-21889364
-9964265
-959343241
-1326734532
-1100029490
-718874625
-518850135
91883439
-1039028908
-1126916743
-672113651
37201214
-379337947
130498375
-810307122
456790481
-1116237508
546372139
730115903
-2765011
-163191498
-262621535
-980331892
546502329
406623534
-562377198
-985611025
-838811906
-711641375
-1145952087
-968484147
676534670
254149056
-517761980
-1387618102
564184974
173428803
-496402828
-81349827
544465303
-213254163
656601930
-155751723
-1330010350
49682066
444006564
536845539
343509966
252960463
529543202
-396673285
-647649275
-470496573
33060232
-838565186
-801291279
-1266735206
-414110802
-230037777
-568311173
-149997481
211543485
-629194743
-633266665
-1043636735
-606747436
-806499931
539857477
306915144
522215650
346904540
-643757259
441399340
-546265422
-563702200
-246336834
-839677098
-764274901
-640245108
-1324134875
-972149938
373147016
-561718741
-32581103
-331210992
9781481
576193027
-187880790
-1141747561
-391262990
653873445
118320366
-917137745
-712739537
-1252364539
-550709071
90578435
-648799062
-748269834
-339924661
-864001652
-1138783534
426383488
-1160020551
-274983548
-874736952
3708023
295404762
-228946444
-1373955324
381335296
208969026
409257100
-917801685
-561030317
-659372132
502045204
-722255530
562812486
-1377120596
296546889
479267691
151265178
-1358009096
-970890086
308966048
-498652759
529753757
-1077251254
163142815
-547589144
-531187497
434424690
-858623895
-281142640
-577977098
-323295439
-1014852857
-1019990575
-1289660123
-978742773
-1376073519
329374311
-1306903913
-883809796
-969074245
-556210637
-1119182832
-281264367
-730816391
-1086238020
-722135718
-988966939
475092567
-670079405
-549791617
46640375
241333244
-757456099
379454529
-332942180
105020165
-889151208
-635935730
656461678
239771560
196152580
-404252000
634984112
586227413
-283846715
-1081176901
620219302
-691890643
-978015405
-1001008734
-250899480
-124160634
-710126157
-1269582087
555088384
-386298769
-581652396
-1171296795
-648624442
158333607
-311023004
-1339402307
-337751389
341586305
450117631
-1408111809
-290811769
-1176451817
-633982131
-371768331
473385152
-1175247790
634045077
370951024
-1326438617
-387219877
699839531
703846094
330954888
-1015594114
-1034580880
-657362832
270310661
-334641629
-516879511
87980805
689125011
311533501
326749418
-696917671
-267551132
-721691826
-626254569
-1342720760
-1117523760
-913555178
-1340767161
1729879
-679941587
-564683883
-1107456692
-943974675
-329866265
-1210829854
-1310441891
-246239474
-187984323
-1348020599
-279811620
-594447675
-953549305
95672909
158254901
726826764
-976386960
-1096042850
77389329
-1024680189
625556060
-333279493
-311532451
-379413312
355094090
472278388
-312068664
647635738
-1178695030
-242770416
-88052623
-448571209
602611109
214556093
17519525
-464673396
413791647
117143042
699152538
-511610916
179187851
-318077321
304006817
635703955
-959822652
-275156522
625112479
-526144204
38866037
-34916431
-140758984
-72996143
-1105614164
-1189709675
-1189827695
659545334
692634121
-91830950
569762832
-1223479149
-1072019606
-255708031
-261984950
-1206826737
-778570177
-981883665
-261434725
-1102196770
545324786
-299700427
-203742277
-12905603
-1355195988
-637153700
-114619888
-904953232
497755187
-226925648
-21032027
-200797016
-999260319
-899209251
-1011211399
-694809075
-678853518
-790973686
-772681980
-723637637
527260772
-940337388
-537051378
-1282177074
214019990
611029080
-1078938403
-1301968427
-1108272824
69692280
-994099789
-1300366278
-967426386
212223342
96793527
-912556966
-1162348597
-755244600
-407444789
-1402011650
427895160
-1165895056
-192743258
-1308783399
-655038899
206110751
-593527066
76172991
-1322281175
43856362
-1384882886
615045006
513584383
-511868856
-1404550308
-9813867
-638258016
-1073423302
98283114
-336465432
406334386
514248733
-226766302
-1298510240
-10946164
-867391014
-801001797
236770647
-212570206
201618822
244824405
-522093286
445789174
-685337093
-420811277
-946667965
-1216644582
395727065
539570434
-1128860349
-297834812
564752956
-1251233583
-521668669
-684534140
-1245718482
-1268900776
87273252
-909076376
239447746
-986610419
-1240160230
16278239
196688687
-1128605061
-732086165
-1408120567
-519541450
-1232733758
-210625365
-1055340868
422156055
677346757
-1346969934
-1000599278
-480882760
-883572491
-807178452
-822573934
-1081420297
-525973392
289656662
-1254085581
-367141567
-969430247
-528554313
-202794641
-828265615
-1178699301
298194391
-1326236109
-755244312
468099570
100107538
-1295973864
-1397923731
-1369396866
-1294029023
-507399773
-1192065216
-94588979
-152675233
640156248
-154660462
-89579759
-1097861270
-1372961461
436913158
-494974313
-785469987
-1381925379
389117703
-1233231565
-1225945552
-715442104
-792596404
-344434457
491828664
-210796611
-113068350
52604815
-126967312
541752747
-216713855
-764278014
655844291
-204572178
-723609472
-1375602972
698093457
-505609279
-60126543
-192000016
-602871271
-952205244
-1018998015
-290667133
-915101297
-1319503097
624423962
-290505876
-1291363068
276123425
-113672033
-1107243212
-1176736918
503796971
-41612261
725157154
-444417880
-892098850
40343729
-1308803432
-1087764343
-913788365
-663016038
-1169338292
291704865
23439899
-1134875856
252380083
-1219587620
215063010
-677038173
-412393483
672923174
-285970779
707004792
-979596363
-195408468
594010515
139963169
-76706127
132715700
-711127104
226116069
366044190
-944748373
-552914431
353783104
20899155
-34947873
-343291406
122161131
287353192
152985637
-1278273147
528080308
-292727738
155232160
-1344213788
-777765895
345709948
280914630
-44738659
-804101775
216419564
-1068127678
-834515222
646888609
146529262
-977922947
49433538
-667595105
564858161
-1399111806
-1178897275
193484112
-933794771
-321746298
-190151024
497169792
-1094112411
-1270860670
-118087317
603306189
292190375
13704945
393968257
-737955602
-568481135
459819877
-105656089
-960189426
3316268
-887812988
-354225793
-517682408
-545875258
221324393
-608212038
-1136764235
653466854
-1296196740
-394293932
480906776
-1285243137
-163125799
-63027352
-808972500
-1222290337
-990596616
-1049220947
-906337340
-851391877
242757144
-1040449391
-1296619742
-480956151
-1383899374
-624509936
360628123
485985912
679899384
-1336979543
-248116060
-945331844
-281139928
644266940
-81141693
-797233774
-701363338
192159480
-881185160
-587494669
-939552692
-1137696624
-462672398
307386918
209341432
138420510
495161989
628810225
499264971
-1148593590
-959999892
4603876
-778977573
-846554226
-1213770515
-752811538
-60998753
556923016
-1004243866
-118517609
630008881
157705482
346215955
-388549286
64554182
-472343978
224282348
-1374227395
-1017602738
-1394321052
-551656656
-547090021
-1121952267
395736354
-977121343
497454573
-203261376
-1219377594
388846558
-441414644
-957905776
-1308571574
-1174229008
-326817940
-745060391
-977934115
330435930
604006264
-1158429338
736257472
-251929585
-1265838697
156544714
-643131870
-244322575
-516319344
294589561
-757458467
-480481331
687052231
-741714110
377927421
-597456030
-453600969
36245535
-164511965
-693564636
-904434080
26175850
-1042136317
64216684
478335482
-940642483
300053084
-585900698
-275637466
732184377
-992883008
-409049442
-1163663201
-994043776
-1398397267
-1019436489
572566346
-631463728
146306344
-681171237
-1074292407
-1348570362
248412840
-1124658416
-680219064
-111077978
-312049037
276245375
-812250683
-1213979242
-1154737501
-306619355
222262016
-786808410
-979820911
-36820741
-317385484
730297581
-1360139679
-1330441190
725063719
-942957278
-329425223
-1176017722
-526935646
-317757082
-785388803
-691787539
460844598
-1376500698
37106632
-1350866049
-1315005652
-451898768
-1065459056
-585159308
-1300394986
32557315
-1046332173
-702580260
228643481
-791004266
400865793
-286512742
-167747267
-1316373357
-1060751723
-1222550991
-1323494016
-1010825994
-1142926773
-1335848537
-543717864
-62286588
-1101800850
339411899
-1117461909
-477124245
-1089793880
-1394035551
-443559535
357378160
-1334836191
-348499779
-831938848
-990229839
476406321
-722268425
452392884
-1307344092
-14783277
-56381875
-688282949
-351335724
-1080312857
554035192
-257643673
-730999172
-1405934039
-171072280
-331759757
-1138795404
-96855409
534587787
208983417
211409149
136581446
501586916
-1003133335
456852974
517616773
-36627462
76812894
592845990
-1122545480
654939455
-1134802089
-1383557399
-804747210
727656203
-1280836082
590534921
-66143911
-559053623
-498219043
263608640
-742436671
654202693
-1204808771
-738305302
-254287827
-126503120
-467035298
-1088561476
-329333573
-995470121
532913082
-930170366
-1231301445
-1207638493
-1210735632
696380737
165799453
276142671
551808487
453319381
193663886
-1320411841
479827391
-1348501564
-1330173878
609056717
652098765
13747619
-687415146
-583538518
-460061980
-19786409
-666754065
-254805343
651973697
489023516
-1118726703
-552479841
-1336956199
-37994868
-137884553
606022291
441900174
40879410
-1339034442
641229951
-158093
236830419
179954382
-185767845
-47268439
-363799972
-96114278
-304859288
-302236128
-16222748
-433220811
-387555603
-739893368
289429451
438971287
210110060
-467775198
-965201017
-782113523
-553219741
-1213595741
-490774818
304365826
-1140486532
-1266187926
-570936967
-1271882481
585777657
-1267475796
-1200851515
489589368
142431519
446044313
-67874490
-780754566
-338642366
-1169092702
533196564
-1380919894
-61263422
-220444423
-404075297
-1186237265
449727617
-852064086
662799430
-77580563
90226124
-1039819827
550371322
-1200411857
-843350159
-677821736
514019377
-573771283
-533944254
-794335829
-435588355
-685584837
-651746217
-226374462
-933413709
-1246732938
-517748389
408777209
-617422095
553674653
649749915
-821643771
582820167
-148931747
367977214
-558673370
74896396
80286591
-672048
277587
-734712212
-647864164
370523168
-921759130
-438210613
-1210245231
-189515458
-661609475
-373951105
686605697
-45879896
600525948
-736397380
712439295
-363266754
-259745680
-1271711883
529050266
-588386711
-479068570
345306679
-676055035
109353068
190708607
585078626
-260087958
-1105383003
-77443217
-917219606
304010358
-814583870
-241866410
-1081272046
-1181478942
246439869
-109417250
-981658764
-680493829
639038683
54455539
-731306372
-144259453
-82436753
-57638343
-169238398
-1183121747
-1054802263
-30884873
-1391489721
-233123566
-1247371682
363882367
500886807
272046794
-182827266
348547194
-725459404
121855139
-466314263
-232613602
-311552743
129167275
-1211898251
17240620
357753741
444607026
-829594870
-1361323263
-973305043
-927974427
103197684
-294546006
337831528
-716657309
-1089602589
-568825110
-489713647
-734339444
-1337128223
-471137960
442602398
-1174434497
-844673833
206070966
507677705
382564309
-182800080
-955199938
-232998791
-1386532583
222251868
-1281969774
152700100
420419025
145336254
-226964399
127607811
725806792
-178222253
564368177
-939585875
-812442809
-467596069
-1339172587
-119034709
-147133250
-497932289
-1346166596
528592714
-424995103
-407239148
233776872
-189364192
158152428
-297570402
-419104726
-196701503
-1217788722
35760744
-1167118534
-1194255897
-479405628
-1039022899
368509611
-796404842
516378763
-595873027
-1406215271
504767316
635970128
568218314
-1172236799
-913890921
-636795995
-1101343977
377139778
626136163
-189210858
441038590
417310637
-1351624201
-703618797
-86330730
-130922984
-1282884609
-1121319372
-1287445950
-69520704
-929042685
158380202
173426171
-713233174
-1058443666
544468680
-1082141802
-444783100
323429203
-267949421
-440932962
90778279
-369397533
-610132888
328606889
126776954
163136526
637328320
-233501507
51854449
-289300778
-529881157
-268253153
-230859570
176565454
-1092002123
-1099200794
303746253
-803256087
-976581336
-503192690
-322233364
591864274
-1067184759
374598871
-1203997632
-1260134319
702522477
-238715323
473360292
-302845184
730417123
-173279668
-1409660957
-617134005
-582091019
127181405
-1191415719
-682180939
-843738342
270504139
438583691
36445910
-735167254
-529694119
-524406876
-417103969
-218829505
-958078862
189705352
214654567
-51206144
-869946251
69100601
291674505
-1232765620
275168378
441605594
-1267661383
-700965185
177547646
-160441159
-707966302
-733150262
-160036708
84965101
94824127
-770273543
303614791
-1324775052
-203946476
-163299310
523874048
-904918806
511598844
-743238311
-19260274
-642923365
447997593
432726272
-1190636253
-74766080
-355898112
-650517096
-743083718
-801641847
-473217308
-1205333580
-1097454493
-330813283
-496233357
490158562
-1228672682
205865749
-980409940
21356018
-446587390
524479596
661147884
-880390839
609769952
-280216832
366375259
396225760
224929770
140555863
-1084430790
-531748744
-1239785742
-1373851437
-836440711
-1020356586
-38552109
217726585
-260808274
628429581
-1321333501
676039827
-1314322239
-1008722586
-392191696
-400490188
-1255982264
-210798969
-932042679
-826326795
-926861191
31435340
-1039265439
-1003131547
561109909
-1166913727
126717029
190066929
639377442
-385771441
-406795448
-1182471588
492545224
-236515781
-1146257617
-1081313727
153193041
225255682
546478266
-845033473
116267024
635210173
-906411886
212010193
-1110930652
111461827
-925898234
-956847508
-836755382
-447875505
-373108895
-353551165
-1153858405
-2308926
53382697
-1330166735
240842756
-557318514
269965602
142801958
466975454
-874248086
370395778
222102438
299301541
634203569
550854119
-284923658
122041011
359914145
280108278
-499110205
257706079
-1363721848
-1024518251
556840835
157805387
-540351077
-1137424913
731115413
421838826
-100468399
-359853991
678045830
-840195565
-1043889534
-1389539145
-1336771049
-191142640
290491865
216096317
-461585426
-1321174461
-150926145
-976901228
388192489
-254140816
-1163465349
-634149409
-869518044
606514205
-1091459371
41437159
126802044
-1045115810
426984316
-53775361
522754985
-850785001
218865134
516452159
-1166364414
-619021505
-580820072
-1225736824
-49151661
-214644198
-1205210561
24142698
-1143205078
495346712
-497179224
-194725095
584237659
-1385523609
238439085
235011908
-229599016
485039145
-1136555740
310948348
354135110
-817949703
-385032733
-256481086
-453000105
-695466656
-1047674687
-667663359
-136186249
581255855
-888629440
107514745
-775183889
-59384104
291843329
585729858
-1011446542
496698176
-127545684
-744586212
254626648
-1362143148
470754101
101446068
-1337601348
-28225053
-400960264
-157134956
-280604148
-127450596
-583604848
-663887278
464665110
441427827
489697044
-725753235
-991457069
-1295395883
16648814
282422091
695925380
538084782
-347481404
-816676749
-258717562
-793056314
-968365131
139901304
-1033776378
314154594
-1342103147
630915679
362076854
538716362
-5056493
434540914
-226926931
-1143434997
-460012282
-1244949319
139179816
366448278
-498771189
-133573314
70457866
-746492385
550738859
489066205
-631822860
-170030566
34070056
-673315719
-369364024
-1050829587
-79927060
-1365499825
-433820493
361773218
184466887
-57531463
-61490428
252429148
-164034024
-436831814
53727271
-906508757
-739709139
-910617900
-639878345
210343987
-745501810
-1238116769
-160625974
165792409
38375325
-827586348
-1318118215
-148304056
-1075938383
-539875667
-1055752862
368197082
196874022
-15051477
727432903
-620471277
29514106
-443805830
-996116299
-523437247
-1238755533
352458681
-1008426338
7275852
-821791373
455366341
510832503
-151435104
-1192669799
-866464082
-678509356
-528106201
-694515443
570930078
-1099732031
-1393558358
-994074510
-1007784838
-131797005
-659947485
-137595097
222515541
-1029168643
-678139314
-529954176
-1039153980
111454817
-1237858310
-72894402
525403926
-351230148
98415474
140444367
50408922
-631726914
728718402
-231642977
-858312651
-160134941
-14247368
-314711324
571421111
-1279771808
400838641
404932949
-969438431
417345692
-1326559801
-567157861
-451869553
-576441878
705312450
-966772252
-195545112
-710245104
-86661019
175366316
-1336208527
85546079
-634946325
599260807
-1003102309
-1273949091
2286934
457372021
-495610597
-6412903
-511689196
56142160
-903966084
-1263354803
-995987404
-1069963213
-1133061203
-1332567002
-1402448504
-692434226
494844098
-1318942897
150473321
-694443695
-485319367
118367531
-251150539
729200929
-1329295812
-1075229798
167149006
-1255438931
420381690
-1205215559
-1393596363
-1320138859
-1069099242
18755979
547298571
-154644431
-725075164
-701808865
-835920511
-218975840
-555098260
-421842506
121126355
-278094055
-344344100
128743259
439537127
-586918242
219865770
-147407792
128703471
-1002871836
-766458500
-859865308
-1011089147
-685688904
-525029697
566125267
-531062427
-842066247
-1376508532
-514593382
-752139698
-1035542366
-1233255642
-942259367
219878611
-548265398
-234002823
-1353460139
642824171
620964325
-365237237
26532286
-394547969
700484071
-582142694
-692429082
-623852411
-1099695164
570228535
-1232567180
-692501592
-933648205
-682367080
-293525330
-209271701
202668631
-464818303
669731280
-1376815856
-431261426
-582280341
-718890145
-56738384
-405470575
-251084104
-574278012
456329435
-1222505167
-517672743
361735366
-1338959081
527155428
-349150587
-323441642
490221259
478772127
394194684
-871049392
-1358341277
227004979
-693551164
-640777460
703422182
34147164
475762618
-243267759
-500602444
-726473925
-310954718
-467352892
252330057
516830349
223822371
-541826566
-626058466
-764679972
293960830
-907147271
-577119731
-961130153
-1282830144
-506013404
-1171392965
-221915323
580610362
728893702
-480561436
237386807
-879573930
-428837305
-273026454
-163059686
340450643
-307022511
-866330762
78795021
-1287708510
43132202
-1385097143
-188597820
-1161638929
277298322
-409185711
472248850
-1001946484
374821231
-1029849362
702079754
-1269744279
-196903684
-996468639
-1142509015
707148320
-757796196
45641070
550340443
-766320734
-1172338606
50309010
-235829256
-191110503
-960135684
-1136307182
-588078099
142907213
-592572535
-1246701318
265264112
-1286858573
-1221733053
-660751948
-1038432094
465630678
340127750
-1303601483
-1273734046
-22469259
-923385437
-1309072531
117851870
289776287
-895475762
385408263
259506368
-243206549
-306368907
72428571
400538125
-68642105
-614680659
-572709370
-997170847
-164750935
-298951144
-175183538
-759261961
518541729
-11819448
-1231416089
641748565
176512908
-482102629
-1134101769
-95274654
-879393119
-1027637844
41056708
508203031
-540957872
142049585
-111363339
-988599825
656639232
-463373315
680971951
-323985557
640323186
15982282
-660865672
-165737158
-1336116617
176490366
247157403
-90802143
-859879017
-665444375
560001304
-1078755528
732801585
-1408833025
-1174425203
171896253
-480870246
-898461563
-660796641
49802044
-516033999
-1357158172
-179413165
353073537
194956821
-1028194744
-1372944527
114177813
-81502651
718092832
-947225984
-178597704
-3343125
-198026247
-1081753102
70605666
-758954121
575469709
-757614717
-208767730
-827392906
-935031653
122542151
-832009561
-933799270
358182356
-1397531547
-4604107
-1277697447
-648262780
-692220303
-383666037
-595355544
538431940
-768010740
-1137816962
-1227181044
-730889859
386426259
101381714
-750215266
-1298217964
-814634230
656507017
-86178803
-486321924
-10305557
564932484
-648270455
642145135
-381253485
-65597953
-1030304758
-996129574
512457894
-554038619
-1375365458
524991755
-1296060966
-1242997496
-860689264
-578215861
-216598125
-45979400
-777202161
425456543
226269046
-594317797
-1042851555
-124722934
-1230354323
-383001413
-12875490
-634923145
-463912636
-836472533
288820339
-1211636433
-1008958289
-1096868356
-1306909538
19853634
247599099
-927148887
433789468
22638754
-71122098
468489419
-189787731
42882344
635557331
359588413
-1272751757
-318459034
-423809226
-639888510
-630420731
-934958420
175859101
-263206878
350384054
355570187
-1383626531
-399909676
-1016771198
-437473759
173683199
682114550
-239044783
574790319
-1152172046
-135888913
-142774287
505492462
347027608
-446403058
-209287024
-461512730
-715331879
-1136492995
-1156048626
-817192788
633160827
-1018734975
274413586
-528066639
-248558077
-1093425385
-52959651
-810117215
53433146
-439993836
-1191965268
79872023
570161896
-798671058
-1095019975
6426856
-853974748
76000650
-156201065
-596081385
-797306503
-1036393592
-828007163
-1187697134
-72731242
372771221
-239144456
622002287
646343634
14872327
-932608741
542086221
406202760
-1395613395
-723398658
-579773556
-1078973371
633707100
20174637
384525183
-543704976
238274777
-273021034
-710961320
-1297814521
42024399
705530944
-741723860
-619393191
-188088361
72260163
-6634285
185583456
654318408
215733989
-624566026
289671389
-760828707
-739981978
198596783
664109028
-262525311
3264765
332893549
-248073297
689931515
-984298247
83018740
586220375
445941798
-269874317
-694902841
-53201665
-1280313591
4201248
59049222
171776217
-27686048
727390770
-1185035214
-953192648
62232693
218395909
642456216
-20867139
-303288342
-719528050
-468613990
345948360
-49444620
-1007435446
272639148
-1049388170
405894727
-131885543
112603941
358408002
293881618
-541795559
207210138
2405176
598395532
-1225110943
-788214729
728147349
189155713
680899902
162505326
-575948574
670872432
387535521
-119075814
-4313114
-131486810
-214037838
-762598493
-1172193391
476499520
178852926
583820377
-310363339
581482888
119041285
50313899
249959375
-750262497
-574500400
-129050863
-1193799119
293769449
-659258965
218671466
154746741
-474304499
-1306961503
145475850
-1022567026
-1363479841
-429437063
-188450192
717458000
-779319782
-1044944246
-24273354
499258816
151083324
623193561
737130833
-109835395
64628247
583532970
-1157616974
-91307105
-34843984
302762333
-578765970
624958927
-1009156307
702248576
-1306258432
694678550
-694428629
322478442
112007051
241332280
425582348
-479935339
628830663
472167915
500693006
-297037769
452207675
-1016045016
68083394
-309483919
-1254204439
-518251522
-423708597
-1254491846
-1365505157
-1096498590
-1408377115
-1113056723
222259714
-33155691
599771018
-1093924496
-145615004
-1146803529
-1129094160
-41808028
-1189543219
-413457380
-456747825
332529240
-909543340
-768583717
-884824338
-1018130917
-1033834042
-1121549572
94896723
-1319044606
-727529179
-574438123
-218463117
-571668210
317375763
-1379589954
-416094648
361936015
-1066023135
-414406355
658944700
566301987
-1184980286
521297479
-1265040749
79470118
-1362924290
-984069500
-699756149
-1142402100
12538528
253561434
600192548
513060596
-1252440523
-1022050030
-1242488560
-876209157
-733534193
262473571
-785188355
-50997964
-1049382792
406413937
-1360084414
678058379
436889391
-366113654
302576154
-1366551984
629545400
224102615
609815411
-1292853126
7981854
-1392643577
196682401
55122972
-966647669
-1240491988
322786280
455956267
423134854
185560589
231598623
580759739
573575967
399175471
-1032867658
-897376466
-75769198
-407990604
461690978
284913418
-738994907
511671972
225553558
-1039523756
-591859921
-209288528
-996010331
-699732761
-722604153
-1123613160
-582520479
695443109
-1106191329
-1123256318
13147842
-662773590
-953682898
-401484118
-944235563
-1267966284
-953341769
697428469
722858863
-1117184041
359185700
-1047427034
-604495099
-454001737
-45352230
-880222360
-906506559
625718271
-1105968628
729112407
-1151223725
-287763141
-217594360
-737168648
422569506
469866895
-450716399
-897369212
427891765
-146842320
-610560122
-296378633
600449499
-154177611
712202657
-1081204304
-12078487
-978557351
-1121194075
-26637863
-685675984
648057034
336000511
119894325
-543362943
-446769959
649737373
-39804094
-558469928
-1193649494
-48109926
-299628245
-71347227
-1003122526
373268516
-386195960
-1270673871
-814866123
126500236
567283302
448356965
-1221478126
-466513571
311388224
34409671
-491729153
640249329
-715087055
-60221096
-1218362986
668340490
664168328
-1307724192
266922761
46644413
-441021727
-917265438
-41036453
-1218244060
-65669958
175379461
143711422
-1102716443
-633386006
550654304
680617481
390483442
690045841
-871666882
-220434562
519910904
-1160728156
-31847279
-684020907
560725476
-734855848
234315348
463556565
-39877495
-563323988
655258988
-108955245
-636573900
-1389883444
-579450724
-1327347726
-420839762
-86650754
41681229
-229018414
-889738952
-520357550
-822725232
-582389986
256321852
-1009489168
-639190745
-90612945
-1056861567
-100792218
-1048465747
-1274368903
148545034
329752382
-548324401
-28147730
-1142521705
-1051427293
-302009404
227666208
-204685872
-384168656
-618707276
568805636
-363986692
211907408
651523318
625238954
-612161585
-44213693
-341197700
-91835129
-1301989483
246142476
735840293
364397778
646718716
-640768691
-463633407
-1147561090
668504499
-102033746
-1011864585
79631293
-509699603
-150123578
-685934677
-242155900
208514538
422121327
-751907932
-733589574
-699465569
39450200
-902202178
346613148
-486060631
-988097099
234433862
311843192
377754616
-844182077
-517410177
485830542
-1335457841
-518988123
112810080
721326284
250308594
-1088241567
-1163653046
181394853
219790095
-765452223
-476392094
-1027327748
494489608
247738637
140581760
-34414094
-67558275
-1348744411
642061740
643041564
100771197
-997558678
252236472
-1122707674
-575590369
-250747905
599200926
-935253992
315135426
-655627490
-1186841690
389742993
235449795
336033798
373651037
-251659851
657857639
620063399
-807683238
140229494
-882807063
125990076
522967155
-1125735695
-363689527
-73869325
249915619
-1168666042
-12548328
154559119
-1263042717
-649195370
567065849
399259163
-361837636
-745942759
-588906982
-500054949
-271131343
-1011189796
254382969
-47907625
-1358865042
-247585476
-449292067
424851403
-1236663567
-528852668
307496563
-634281397
-1126041414
-1312728740
-1245709561
-1340492499
-1028399027
-199333680
-4296415
631582000
42065687
-754262983
48722879
189088378
6607055
-121629512
-149070699
-1092648820
542493137
672087728
-182638361
-466056446
-1076520308
-665673632
-1251382311
-1025319942
496806300
-290608970
-1337886778
670208141
590603770
379675193
-701491496
-1272855883
477011861
-537135649
-1203282974
-1288805406
673596079
202486019
-1394641646
-21756474
-1289195203
64146641
-570086336
127477260
-794901111
690908374
444893848
-989826213
625577862
-475162753
-45817251
-1188360686
269229023
112865847
-803615219
28617083
-915161363
-731436589
-38593016
-1061975832
-1089179636
669980896
-924766307
-1349586015
-604572993
-717983873
-1228326013
-668395153
-1252916093
-1212902251
719913781
-1132045888
261309798
-587590794
405496780
-1271009553
-634100660
112972389
-850770358
-745941038
-1099608604
513477800
-524236316
579685828
-111074593
82213873
-129115329
383829452
-1386640956
-905126584
731919028
-1065755184
-972563928
-930265519
-1005275791
-167071512
-238183983
-823536396
574598743
-81034668
-626373239
557094284
196984852
-1102481681
-767914750
-134936608
-963425825
8049998
-759382459
-404130775
672174368
-448925654
-628071215
-589480187
-606658066
670919600
-1244684554
674292013
317330813
-1221260101
-968252811
311831601
-876949877
-530751330
-1355852157
-472160259
712242566
-183970732
114368753
549423069
-1002423640
-1249422725
369099113
604626620
-941838998
-1136233876
-267728228
-495199415
281881530
382954722
510735219
216637659
-803389172
-854754236
-1110260768
18170
-921252875
-944879914
-63108057
-1341340302
-756074607
378704541
380556707
-222959075
-889465029
434769958
714946074
-914640703
-486619014
91896587
-1102635874
-78977246
252539270
676528647
-211768866
720765681
-1197123469
-1216915333
-511851974
494823470
576104797
-738534995
-25957111
-964702615
-183223822
273847529
445380963
305588711
-1408450625
-355145334
374313817
-754459823
-713859033
17452284
432646510
-193258654
-285195997
410174344
302166051
638250397
-235347309
609595585
-178145088
-720226278
548705993
-1127332194
-736878837
-1385835716
-934182119
161334597
519053162
-1095495562
-1314618637
-244322189
-650132769
-87777051
-707892900
-942170046
-519606580
-706278116
112750029
-882711003
-50672531
-1338527244
544806689
-355444261
-121720489
-477807548
-682688157
-556972678
-576975390
492029942
-684795332
654944930
-965614576
-873507579
-1209805504
-292428005
-849277887
-733922214
-868511647
-1067642964
-419352368
-773064876
98100255
340580272
549223481
-1347210884
-1339008014
-707801339
-643423592
183807423
-180446934
715969285
255345588
-373058485
-376893216
-603793141
559199376
350484035
249299589
-755194254
105095737
-1172913983
-837667564
549546570
-636356154
-637407660
-480299675
-75568632
38735534
61254086
266853812
-1118035073
698254618
-372464173
632610607
510059859
-309609649
703668001
-935159720
457032167
150057185
294458754
435583212
-332015467
-816017970
-678728244
474256800
-994236834
-1065662449
-13861851
-339365680
449498697
223289575
233032164
261627027
-1150484819
-1141793736
-956090888
184011957
307007207
515228607
-286552471
599037542
476064985
-1396434883
494229909
248706605
-295979124
460479670
723612293
-576365196
-126881385
280652808
-878200224
-1196315092
-1272783402
-146863059
688007116
-856954828
197539900
-63272974
213744900
-90379643
-577401639
-290641176
-566170856
-317821050
-22369504
-112196335
-871227332
-452780537
-334385968
252285605
-591161235
-595739223
265916130
-834349566
-1084450858
-767481233
-1111288135
-1098256804
66218979
171895888
592461412
598084163
385646205
729743418
-286197136
336235081
-864629650
-826075475
-464456133
-1388302990
493610290
368207636
-268878758
-809978805
-687031653
-1028666502
487890268
-148193577
-71381630
-583913940
-633326212
-1399961105
230412245
-1104828321
-824245262
556026796
-462244146
-525467989
-1279648248
-1133443407
-1090990341
722878572
-1272777484
704721272
715203750
-148909211
303538114
-886844140
435080722
-898336259
-865081722
191272772
-1267546862
276104928
-1356124273
-544513107
657503834
541831403
717358724
-151296036
-779500777
-653385728
-141191732
-1286506771
-348148641
444628414
679585433
599672621
-818257815
-1337481055
-1271189026
-499182748
-1352020723
-1133901101
-531879715
-1374235213
127255096
-965759841
-851013945
-175082422
-454030692
-306030259
-721227890
-311512146
-767343571
-667286754
554040155
-847257977
-862873591
533980639
411511396
-232308959
-856823328
-467098576
-108750322
205093439
-759888402
-166583129
67347821
-168080809
-93998776
206224203
-1404681797
-35954091
482388510
-526496104
-123896
-127774634
-82190537
558927567
-1040275296
-1273639468
-484520932
-351437777
-175086206
158200905
391340877
-358464290
721008336
-1208950954
-561901891
395101492
-31194505
-8659811
-809415324
-877363067
-540984611
-159238318
366119212
-1211055030
-1064737367
-465297804
405234581
-1059353755
-1238670135
150204852
-175784451
171271377
-714988022
-995393227
-7219296
-345197909
-858967287
-1229158468
713429722
376011915
339107845
367352359
-719870615
322697942
568466813
128292903
-19618806
-200145931
-617785148
581031279
332556410
251295649
-315625279
-38742617
450306027
29702763
-1241458661
118122369
380414416
-1070063387
-469091019
-532788275
511273398
225986367
-118116094
-233364137
-856629782
432982027
-52457197
-880618300
71575703
-450767591
-1250684181
-1385713152
-865487889
727848041
152645159
524958713
-209716130
-1202558228
368571752
-614577960
458802829
-684471766
-1390738817
171690617
-1392187243
-1222132069
-447605254
398292581
-882130048
493369135
-871913934
-1108274890
-18062738
420035381
68426381
535372889
115599168
-721449055
-1082663651
-550243369
237848762
-923282423
-525891112
-1365057367
-932852622
-1110664193
569966754
267496656
-903157013
201120267
-1084499544
-1181772423
-1220769739
-1065172952
399983602
-1202891574
-877239613
-785039892
605466415
-349304253
-1029088997
-1003865759
-47513735
362913673
-1321248618
-716505593
160868322
204415959
-27889240
488270080
-1083245650
-527458718
-1172430583
-199071354
-482450677
-695217797
100329862
-649902163
-1165139381
607238257
-1186200136
-839573517
-1311952406
-996904467
-494681061
498096604
-789730633
38144734
-1024361528
-921682458
-1048577759
-643385117
-515482808
313973915
-1017889683
-426666018
-1139949918
553044047
-959668299
242226250
303895887
-632848540
-1022650708
541530712
578145514
-95035977
-891105325
-58942864
665127268
-646179298
-189122846
-1258491107
-75687406
-91009844
-845330166
-1307786707
-330331479
-224995390
140423436
55372401
263387560
501911085
-1325430955
-989513488
78466760
-933255230
-6114097
348582250
-1117629423
444283012
-146609740
596331873
-925983768
240804960
400444345
-1085256493
-591649257
-1228079219
265866051
-663940228
-464193109
-660675035
-512365927
-1277298755
658380530
52369315
-1175020053
-409369189
-910044315
375468791
-1091415028
-1384074994
139961636
-1006780575
-963523074
-518989843
-529970397
440428237
-907825833
-237534411
147293010
355629836
-378620778
631374650
-140983444
-715594673
-1191300083
677432708
-533608484
484631377
-723925760
412263816
-913461898
173773721
545030469
-992499608
-511275204
-1367407824
8196611
-11254110
418126375
326846992
14736304
-179330228
730131825
461278638
711745337
-537256811
164288636
-933498736
635274186
-425836594
-1315287140
-480764832
-531880184
-46205175
213705903
-313114858
-106190707
-1057320820
-565901721
579948941
-1382475244
-69298211
16304422
572620633
348267590
-1232389022
615278218
-380954039
166422276
295986353
-791525287
-556259660
-620762115
-798811701
-832399261
-646435018
73996896
-1405528865
-169868345
-28147158
-421300051
-75090077
-1246330230
456885173
-858713492
377441081
-593647925
445161209
730185669
250515762
287691910
-1389707815
-556200688
-433421908
592978227
-945351338
-255745521
470838205
83760031
-826741485
29406318
702300153
27064264
-1328774036
-833929788
604730411
-565143646
650132516
609266954
675053417
-115432882
-549451337
-137454899
48302296
-829984404
413897017
-311674863
-13566920
121639987
-318907433
-500469398
-328086343
-298549840
353395322
648557158
-442989853
-1329374256
-344606603
-709569888
164451184
238717320
729901839
129333097
-471636656
-1336290437
705468717
-604324485
-491368675
618182993
-732475771
-553733497
-234668129
128138300
718877012
-923784073
708219305
395355789
174606472
-42765855
-220422464
-881719201
-1280653493
-1285927046
229796368
482807238
-1374788128
-950611725
563498390
-309329323
-250116204
-9468666
-808030243
-257632605
-617553809
130398510
-183857634
-649503332
-1211344215
734839099
-768738579
-533754577
-556312638
406658700
-1143034517
-574853866
-1254543613
-1172233452
-916916316
330128268
195066101
272726628
-1289009173
324478017
396864990
350852603
69867015
432142270
-1337177361
-104052835
-614605293
-177228157
-850939740
-12570127
-1172279002
-58428141
-619589857
53928772
702133936
-420868664
51349631
-804022883
455442167
-1242381246
-1134782422
722473059
-407169704
-979260627
-1187178633
85979388
-1386550599
417952877
-378712223
-1265494363
5012654
-719265473
495423648
-662538571
-1024541442
568311695
643474002
-229081327
-346334702
-944883978
-979069694
-108548296
406753290
-188594143
-792037764
371468986
-1346881046
669377276
-1169972137
518626529
-1310422210
-894689151
503681348
-307526506
-463884369
726568124
-958965357
-440369560
407102761
72387828
-295798515
-325302825
-1384295885
-537793106
422224012
-998771919
-706899651
328279774
182212163
356831056
-1354022443
613207877
-489135480
462796255
-312804505
128892165
96847001
-249620143
60851201
336940272
-468411854
160494399
-1295167118
-702148745
-884450347
-348986079
-712998861
-433350296
620709769
-1043314340
-1098380708
-412506985
41448243
-1072611184
459765317
-273745985
-661317695
-984552574
-682884451
-1216523772
-1365139758
-626841486
-1340734134
-444209829
-901463471
-243473231
-1052735904
605448938
-1230511614
418180705
204970971
-288858060
-158743136
319869261
419058603
366871925
-766535058
-1031358498
-803896610
-883243529
-664607430
-492211910
114314894
-1360577427
-154757686
-163338029
-224258004
593990028
262174806
502922954
-1359951984
307100456
-861336772
-1290620710
-874527613
-352734834
-124028533
-517198109
-484704136
55525261
-836435644
-1017151405
-970751038
414886628
712783264
-1289110675
44340314
-791170034
-910403764
650509112
-264348154
-164945786
-579121038
-887451500
-115457804
676186685
359275880
-1077134048
532758473
-115967554
-1311629334
582871897
-546285338
-762900697
702316596
-10747542
294429877
-159130177
-1265363891
-927692499
-841023155
-691734126
-534778495
-401708785
-1014265738
-559413471
-280754052
440139984
59481904
218907592
353230856
-942284490
-683456433
-963308421
-419670582
611151171
-1024539976
-797812942
-1203401117
-1229199743
496284912
-1104965042
-1383746086
-787418665
-457800331
728635918
611899201
-900788694
-167912498
-1390882930
-418415785
401129755
-672551648
456871128
-737997270
-276751977
-839960582
391314086
-574030233
629586730
-127196561
-958217616
-1050116000
599412414
-511460629
-59721174
473145345
-125935197
552531293
679809636
54930468
311397965
-1162573646
81249790
-1213438940
-210308569
72467469
-1338957979
298968145
-832863269
-1319775500
-856865879
-1169151754
-582261740
-1137412991
-497083616
551051691
-567308165
-843187770
-760396781
-675139675
439681077
-308548989
-315190267
301675251
590055790
-1112329680
37402356
-273297647
-1297216627
-20206247
-955785419
424246746
227285515
535529779
620873215
-720441293
-129420992
691980644
-1158891388
447781147
-1365213096
-605691859
688694801
-537409427
-333039441
-545807055
-723775976
509717802
21070584
-74107349
-902840112
-276666579
-1120074578
192035029
-712409567
-1267437028
489770757
735058197
-130669267
602619538
-22566290
323610722
289448045
-532699014
121722262
172903020
156925101
-745116970
127465424
408099121
-1034754062
172317737
-935010977
-1083477501
-1102509930
142014990
-219219147
-416220498
-85685448
-935566803
-1227746086
421539848
197832026
-937755256
-123843362
-1251995781
-795126875
-371490845
-1254355823
484269266
-506289546
133143295
70461749
-954259741
-1136973959
-545234229
628708687
430016550
119714209
18755871
100697432
495025555
-546344632
575751863
-1325870185
-238789154
-19651387
-135023924
-1392427891
-842755075
339474681
-1210108569
-1158633466
-200111533
-737798417
127588580
-42041905
-122859884
-981320505
113667680
-376008857
-77544643
-490607265
-1042965348
378261024
-217515815
-178134169
269551471
-524917505
-795838200
-449110897
-1161638313
-1038230884
414609879
-1323304690
-954035661
-561597514
67109331
321005823
-543959997
634419665
-76937736
-344003158
-1261632041
-1014467509
328263833
276021947
353555994
-532014290
704766850
-270194566
502042261
-110196032
649263578
-1278341327
-469353248
-305670477
-46410088
-937220016
579477426
567817120
23734495
-1319579126
-1207832004
-299073866
-1232818408
-751802257
549394028
244356332
-1168214674
-731984209
141357757
164912998
334078041
289791124
560510898
-75076365
-171605169
176648652
-1344508895
-204256559
-830964153
567598774
-1051870831
-919118815
699322855
-111158670
185276116
-84505473
361686722
27335302
-254106593
-351997023
117821584
-51873188
-1388489129
295068585
606389963
570970308
-197993323
-1299242950
-898432141
-794053806
275735456
-1301772339
-1241680922
98828114
33216704
-3220683
-461941473
98773217
-944895482
117159782
-71046249
-586700904
608106375
-109141634
712205834
55964251
-931065347
336474316
-654118687
224893468
-752940947
-1273715342
-564397960
-731364668
431418651
-695426236
-897812600
-503992912
-584603778
-386179332
112018690
-1046286562
-277886263
280403176
462606961
-982087799
-460235747
-736752752
526750826
4934179
-1357011210
-281713663
-1319184965
661160573
-1128273537
-1344397371
-20293416
-649273476
402142353
735653305
-1161798248
-1088216834
-1275480277
-316130799
-409516093
566003782
398508373
102736715
-675407370
-923513645
-1020860857
-1300806920
-559734799
111318288
389661664
-834546078
539295897
-807992323
-161233422
328628483
607007265
-108179224
-690503420
697887708
-184436891
-408711549
-1383927902
-942148547
352080383
428279859
-943913481
600347544
-1397355214
-809328350
-453201495
-396805899
-980742807
-792111362
-1031487424
-246084769
-305559599
-642282872
-136826280
544771010
-1268382824
-484582856
-1027193307
680978482
117490230
221638679
272188725
-12920745
-623958784
-1155732934
-52451277
601669733
-154379075
-26313771
-1077897053
-539716931
-335452151
-611745126
-676787627
-322741957
-11008068
280076286
690517552
418314533
-1249453316
-1078388112
-565188475
-144947507
-310605576
708050653
-337594737
-168922991
-513950443
45277364
-225362749
-1133878453
-470502196
-690592264
263266210
315604428
-436259790
-526603306
179855921
-1328057104
-1290335317
512024276
-457708627
-215722060
-837139090
275569154
-1275882257
561918251
-181772800
-1322782945
242814544
-21160708
-991105648
-1059792171
-903526455
108354184
-1089159758
168944216
-797987047
-193044792
-523196659
386715612
83142163
416366553
-1041294891
-391009866
-5447259
-67489273
492452236
-563009578
14519031
612182327
-788403541
-1180607836
-340957972
-215477223
505026726
-206774821
-390977212
-414164314
-119492357
-885580907
-1172743262
299467403
-535307670
-666204309
-329596653
-214402019
-1234678332
282481709
-1144865051
-347809583
-68220919
348342520
-668861270
300549598
-780085586
735756879
-504357914
-1025051590
-564670939
-1227257123
-1150287502
56990928
-997799550
-81180066
-895904534
-1230191064
-1025373127
123183662
-234289969
265199924
647668163
3032177
-172750913
-625057746
-1400590371
-1239765805
570605643
-1225203295
452781312
-1311677648
-162947470
-352857847
446730280
578256668
-789726488
-1070773545
576595307
115981006
-685759727
-725493872
298789291
-425981821
-1405921183
711055149
-1244580127
-891760309
-1256554154
-859887845
641488761
-80778715
-1332106161
551738685
-815164778
-94791665
-810737301
-805689741
75507938
-977549898
-620827628
-209128990
-879162138
626290310
-1299405077
-1169850098
467128738
-679066157
-830558235
306305805
-1300503391
-106252553
-1156606306
408351309
-1269652614
-1152462081
381988218
-1104167332
-634156982
535499472
-553989769
-730086461
-282697483
-476030522
-915766016
312203148
-1308240427
-316437909
-1230904833
177332919
116077601
-441667052
-769214311
646980871
-552794982
-658553979
-1260287466
-823084483
72445272
-680780293
-1254196918
182007290
623032562
-1000737816
-147059641
-1384038291
-743134489
-502489663
-1078140215
32773937
-704408430
-222064576
712752885
422959495
711970310
-940431371
-2255597
-1333688356
153196129
176904979
253709971
-468144510
-1002180313
-1252922579
-558581878
-144909887
-501411150
-408803936
442071038
-1166384118
320481179
597939529
425688580
206095502
-1140216527
-458789301
232122619
-473285607
448786445
564047812
-1177929910
-993040225
-395435004
-1202595265
-1307498970
-420882934
-732961227
100310842
-344505882
-1317183338
-460202419
-828214150
-375262440
-52317324
-671071321
476221090
-934645451
237582937
-670001086
-1229992652
481264227
-1086938146
-1369471363
169534568
529222764
-1099622482
-1026672973
23927143
-162842681
-1315304768
-149443285
69292818
-898279585
-1282296529
276762961
-795713146
-293114055
-1193616506
714663104
-1375038176
-1100734436
-482957555
-793186918
-65931467
-1272693119
-54192831
-327128617
-797273162
-554028134
412935706
-617200406
-810182147
736062968
-576606361
-1378065819
527867492
-266163434
-994673383
-185623605
-1166424355
-899912743
-1072485130
312933871
-388126919
-944716251
-147721407
226225343
172235102
68727495
203470207
207262334
378058468
-1016905588
-1323342824
-425291239
-879533299
32529753
657645552
-266741053
-1258916621
333163018
526123950
-659033359
331807746
-787900651
-627033770
122256998
356001323
-211641745
-800784847
599642377
298510921
-463204569
175158008
-827034238
2144588
-709981639
-1338227135
-563038549
-1378672383
275308480
-1093194455
409451493
668468300
-1006471870
-753257986
-948483239
436123291
-833030674
194841116
587272079
-1237285895
-16453174
-809179520
504587259
605711584
-26147882
-110573982
224294667
-975207866
498706579
86518804
733368463
-701916229
-475741427
-831084015
710293767
224342342
-759245742
-590163022
255735367
-1221355502
-273292068
-72231380
-1290305442
130301470
584576042
-828723273
-170993479
-985872871
-1371300397
-321139640
-813093358
22311838
279746248
-1045924339
-109394818
-483819873
253567087
-622518391
-48962331
14855427
-1273417826
-53012108
723004606
-339093845
525969285
695880133
-852169743
-970694697
-631701128
-1333852615
-781984791
505072212
3981413
-662224825
-102044558
-148860784
-80882690
-1010456277
275331753
-42117679
78469492
-1275179845
-757224081
-379202500
-911038776
543446509
547043035
-1394889928
-816490121
-239337536
30030907
-679842539
-1029767884
15617273
391129024
-1241216839
-25920834
-1198458959
-801846128
-1395040202
-1122246166
-173765511
520097418
291800656
574075072
-319365380
-594478368
-244225858
80243752
-1056564855
-1023761776
-578704996
-921679292
-370920449
452157912
-422652660
-564892179
261782708
-407477180
28683108
-714973068
-1114864513
-1388577671
-334675543
310818168
412616761
-165826974
-452520905
624223210
442392307
-437495699
-1235441195
-468791444
-654816520
466424869
-632134611
435883508
-865471739
533704939
-221290980
-511971186
-1227475077
610069432
-23585070
-188330117
324809105
-1183655970
656843112
-150826427
-181067741
-51892020
544265913
114133154
-30404283
-527827870
-312466917
-355205762
716410565
645077586
-468400792
421384632
-529836353
-293776579
-784825052
225412535
-564769950
-6894255
-76122196
-20176281
-210607555
-1034831416
-1269565707
-28017224
-1162180223
116914631
-953765581
572694290
343324070
-1034340709
-315550377
-575161911
323832679
-508702704
-1198446997
-443989844
373534835
-100848506
610869802
352527160
-193189160
-594949229
36493552
687039896
521339600
661733908
175034191
-780848589
-82578586
-638506245
609040538
-1030604381
-263272252
-1397943408
351443803
-15387067
129036631
-1339740017
-180111017
-265057539
-964015318
-1233079634
569845958
-1377600878
-331716930
-1366019278
-411525314
-695600335
-56802376
-538073751
-1080491415
-987409775
277042428
366067545
-1037788119
60963788
290383214
547311480
690180607
-529613612
-828613004
561802906
-150152585
318180152
573924906
-536127022
-434625155
-34456703
-465801631
-1352154412
-1036932481
-19751540
-1175168638
-1204504763
12712990
-96820160
-1160458633
-1136230564
617644914
192804400
-264238907
-1200264741
615460033
-724614719
575868213
-1159746326
-1401069170
128833187
-1349853086
699176845
-1138198665
-768400682
523561511
121714158
-1187638770
360068177
-1151831104
-212198517
-411806765
-207567326
-154287521
-38673838
-964737106
80609249
166886807
458041292
-753629150
416493583
731876136
-873402476
-128120257
-269781010
-663601809
-250078464
415669679
-825151836
240618
424665917
713746759
60452940
386424523
-1161870146
702117667
172567794
369909420
-1222939343
-204782268
628143725
-25072451
-1354007273
-316841841
-916778212
17384297
128486461
573896446
-553147136
-150890487
-917150944
-874071793
-156432591
-380488012
407873358
-1163631841
365975587
-579623346
662103247
-1196594488
-1316800968
349350924
-1220265969
153717381
-1642793
-972070706
118416808
-566493238
-1339579526
305542873
638789902
698629607
-456947818
694848037
-355630474
36339379
-25185906
-964562253
-127182415
-1315751282
294612668
365732049
-779757666
-599238162
-752174203
-1109302548
-352804595
-1123616856
-278860485
-428119588
-910145936
-185596045
-816186903
-720346496
-769296904
592235712
-282351794
-1388298336
-711675766
-211865912
327309946
-810304104
-250654544
-867056112
-852874307
-1343703258
579348675
532005195
-898200102
-285251980
626319322
-1341005674
-656938171
-890856584
-530178428
953034
-590093724
527082386
287401587
541111199
-638455442
-1360162589
-381903085
-44576937
-670443677
258865419
-189759464
457269937
280632492
508630178
-492014214
-129475802
-1039092165
667396650
413533494
-481901064
733758800
255463930
-687314108
-901859542
-767206290
-798413026
-832799807
-14079052
-279204202
47087173
-750544258
540767482
-163248681
-1200560911
344460442
608361286
-1150658091
-774860883
-173633891
-411036360
-1253413704
-1100811595
-691184662
437284196
-1329599656
226866532
-429609846
-958626413
156844942
-753494591
-30462069
153185502
-1235448901
692289231
661391369
-592589783
-843542035
-908826678
-1344087075
287319171
548325903
-684565924
90668414
-352341017
-475061427
-302289384
-481397971
-215654110
332915141
-1392450102
-1364108709
489566845
-1083196288
-645227963
189432802
-1002730536
-1155779671
-977595284
-551291541
411130679
-321024467
-1319171850
-173102059
-146407960
-1364300858
-249128930
671067666
-797777485
252109800
737045999
-1247876553
63017464
-684938165
252857269
-1026741793
250065817
-786850355
-98074356
-703006533
-1191353454
-80459050
-657049834
708278799
246410070
107787611
160293361
653744942
362073348
592763486
-634964839
35785787
-465679221
-544071280
-874734511
-1349505420
-498306730
286201967
731627654
113981193
-199106472
731255413
276170048
-873507248
-691100991
-208390923
-490183633
-1178453414
414824130
-1325676229
-471394539
633536084
3930129
281621036
604396644
-487078040
-348009593
27271765
-570751338
-723354484
-117382989
204349232
722496711
-1320480449
-1077140288
-889656040
-1259920461
-165381610
-1340872312
-1265711047
-788818657
-129913376
-1271873874
-1250066848
406644784
-552909457
-48392363
-820957089
-321297463
-370986472
-736567910
617373407
-474868628
677427627
161576203
-607890224
-547068653
-923851630
-1318036698
292245418
-237140706
-25354279
-240823590
-252062234
64230680
92101530
268347134
214375627
-810698320
337540230
358729988
-189451569
-529791386
496921523
-29453009
-860564842
-793406174
-815263611
-271456523
295361772
223815325
402040975
175316939
-988471543
342050363
-400525098
-186296358
-942436530
85688680
-94267648
-1387609352
-888870265
-857040167
-218367534
269132909
617255922
-863684244
-199938197
94213309
-264317156
-599816206
-284474942
-1191186964
280457816
-524971659
189425435
-1317525265
91687575
-1363256416
-178916380
-350368893
270624317
-514293644
-912470194
692218183
-909661521
97070116
-231496415
-442032643
-554659443
-1063182303
-419576586
-33464300
-510157062
-1375362360
-501749631
-630319380
-828981195
708377580
-1273524310
316767057
-628856866
-147933844
535645501
-1085817289
737159905
-12347303
-993277146
91429240
34461689
237871882
-996357892
-432332233
-1013840002
-498762678
-477532290
-513436115
-1139110801
701036703
454596651
-283704836
-1099563840
-702398175
-1054587376
-199655494
-667695127
-146271599
580090535
-86610914
-175312259
716631633
-507262096
605896284
-168720451
-709034835
-1217339245
-168978786
688683270
-800550983
-814967786
-14273280
-1300097341
-401260270
-1184023753
-903871934
510042461
-251490635
-7242641
-1366486580
-287872172
-290064230
-240126008
22629396
417603003
115352024
-914444338
-987510363
-768337815
-1071772043
335944131
466415334
-1092558650
-908736205
334893378
148786307
-207705631
527619541
-757610719
-256440601
-1010349682
-162513096
-1008132121
-900381614
-1301191606
-782090466
-394188140
618916263
376484307
-1138849021
662495091
-648806105
-18847842
-315049157
-1363594949
-338663079
-937115373
-867973878
83891966
-295387780
-529680513
-317582142
-566390685
-212173754
183747061
-968915547
-800805687
-761376810
-1178714245
-148350997
392247998
-778998519
-1048282333
-1353302363
-269314725
-939408531
-725327420
-1400921105
-1057910507
-1086261353
-1129704717
-1132833656
-325002049
261512849
-37817404
-278531590
-814568470
435132631
263559940
679388905
-597673388
-1003538812
-375611477
246001335
194352842
-929282656
687151196
-1343871085
-280594057
-1228981289
-82156674
-625764299
-597914399
279626401
-569001254
542836284
-1397200369
115736734
551980588
-1045045468
439540790
-1315142369
-767813716
-622879499
356435888
604434288
508654319
-1195550822
302148680
34796020
-1253580157
-1032942948
441322616
-219126226
623123795
-101742782
261656527
572856751
-35548459
-756355770
-1393542777
-855123372
27945339
-581391768
-1312915211
-1278474155
-775973724
-1300050172
247327988
-961411376
-935030232
-50549462
-866488337
-292778539
736636447
-1247470689
-425762491
507872526
-1032956102
-861032051
-194749694
-876470851
-483909591
-490845318
314468332
-598204036
-1330006340
-161293381
-762765524
44510610
492416257
-746242893
599452646
-217056644
82430747
696602843
-85465391
716522431
-1340865568
-575555643
-982307184
-865830392
-1363523345
-438730113
251456477
-1364305138
-276135393
-911724253
553632797
100973913
-362690896
-378535137
634568470
563464922
540684954
211618562
-772157354
620744022
-687093059
-124857470
-72163608
-932095042
538965045
-210129202
260913722
-116022448
-250944598
-561969908
-136918256
-181744758
272539857
290839968
362490258
319081921
-885308385
-123471504
364842191
248621630
374869651
181056748
-387822697
-725239485
-934896628
-490672466
-899192803
-1131629914
-1016472144
-261284748
-1248304132
-293499794
-1123560458
89597669
184470572
-1322013652
-857949773
-292033945
-27970692
301171037
556061555
-902307188
-617991961
91183172
-1348885460
-992919942
-327153147
-824128436
293673962
-699729195
-1312925046
-68874627
-1256090687
-290682334
615951296
-780921907
628710608
-1020659746
-502486413
-1125179776
128120914
-340725136
-8614162
414625864
-988545707
-561561829
502677620
-436430072
556469634
-262711311
-872677274
375112949
245046909
-80603827
-271122119
306226858
336541639
-1335693505
-1255319818
-107202639
-625357292
-1158179456
-913495506
-471382571
-38796382
-1034962449
157760931
-147504014
-645556787
-1082143722
137381619
-1254854113
-12803450
-608650783
569837159
408716251
239852796
335096540
-765132060
58904190
-665033011
-227743926
-303401101
-1157404342
-1045765993
-1311941459
558887924
700841055
-1237569556
713633514
-143779824
-452861440
-1181964181
352790079
485821397
189304845
727893038
-93835912
-695617408
-655081989
234085775
-1295654029
-499870694
-516135915
-494239404
-667451775
-844837903
-991804847
-1069773475
-199904555
477164751
-324741078
-1165066721
-563654589
-72080011
-800767306
-465530640
-250610327
-837344491
-293034788
-274395052
428941094
664169180
-46293825
44312933
412572337
-594407220
34787731
-418681814
120040780
-1357712498
-922014279
234452159
-447517784
-28084786
-997205484
295095849
537142719
-578944923
635387783
-400180076
-839198412
-426771535
-155181389
7212407
-1236269786
454116714
-1195736473
-76814704
-1120646017
-78705853
-1088627996
718360485
-151954913
275143587
25255178
-476800815
-1056681873
-677375331
514582779
473424316
-625022421
-1144849740
-29541765
337525203
237130882
383318159
-104797187
36855362
-933045004
-206827644
-1100742954
-362178007
-1371017419
154141066
-1092383840
-1197221796
-129160460
-878054904
136028908
160258931
453304651
457466320
141201177
-436068501
-4808333
-570961885
497196092
348575202
161728193
274360631
84581278
-1200712468
539576299
-682378726
546878144
39288941
-1036478807
-295337283
-661273937
-559458402
-1239583167
-351951482
488428999
-1200535178
-935228656
-1341373081
-987691566
345676292
-809362577
558402750
-231483017
-1093476165
278450830
-827700080
-119479258
-463775743
11403444
-359701406
-852618780
-564286603
-822759015
642027906
-354933663
-1020600956
-777769060
-545473759
428753393
-404182458
569254366
-969938783
446424548
-1407747041
88175143
197435307
-1198216810
563011895
266127634
-775842968
171269947
-1280653182
-954858457
-797631310
-964063939
733657781
-215265981
326522211
-467536201
-941280777
-770597435
89910427
-95501972
-183291042
-5479907
-1187853875
206173410
626816442
-323262225
-102491437
-514784256
-491426099
337635188
-805777948
-489107731
-311607909
-1345760881
-277259133
-486014254
330432161
356963307
-1052162547
459844387
-1335313390
-439728448
-1241637792
-1339073848
-1392412669
494949827
-396544641
-923628038
-1013065848
-1044052454
390935398
213708518
360533047
613146931
-317536312
249931249
-447533534
-1157445988
-1002271247
471105776
590254608
-397983787
-755420195
-458771540
-333679260
377386080
465279614
-740665338
-3068853
-1324301172
-1018239191
71683166
-353964212
-849811574
142674726
-336311473
-1092279987
-991288155
150125897
-695280426
-625275201
-196356945
-1218990148
-1002160394
-320628254
-126461051
657836264
641903621
126158369
-1081853223
375591157
-21005263
-69771601
-1117247278
-1217195043
-1140869101
670204210
658149980
-471469031
-70282883
-1403569432
-79642813
-736017957
-347468236
480611021
-1330761471
726285699
-1349087206
-911984218
138993356
-634302224
-127194011
-794781829
-443226963
280711004
294655325
-1307106254
201129028
199140706
229117523
529341213
-162686377
-529305980
-277848628
130131753
-336435614
-8652320
62917723
-415703874
-1217539591
-744783399
-409207898
112883004
-70735948
653389274
-143924215
8567990
642256733
-82946012
506649180
43831849
692817172
-357963070
659115428
-487828031
-814670306
216352513
-384868877
-1350959518
-321925020
-893169594
588447103
-1222029637
-12410165
-426819764
318167525
-1086264019
-1172890324
-356332992
-91902485
-980364507
308949017
-1238528623
542583906
-499205170
-1322557589
-338758549
-1228055420
729764552
-1159122801
688659168
36178161
-1203723868
-406722142
-42124651
-281486491
188672960
-563190378
-1403773607
247778850
524950010
-886877793
98807714
712985782
510777450
-1065430290
293735067
-1312904809
-828255206
-800016165
5258114
-398554305
-1228485387
176794899
-593388639
-317625149
264302718
477918221
-135615161
256649030
728860828
-184374233
-444591049
-1212281280
-1328514614
-1224133940
-83702362
270223754
-377258909
-77410561
-219415635
-589727139
445777054
-858026161
-614159597
219136265
-513391043
-1057842770
316296864
68419159
-447793526
-415863261
-1067553386
-266213505
-976486602
-250876616
-1321256894
697881525
-510376635
-46806647
217112315
-518934047
-968599120
-964896973
-321149918
-887048326
-778965505
-1142270520
-1354242811
253840994
190384327
-163593038
-1073304384
-101256859
388446209
-277398573
-619538834
-862363074
74824066
-1040660209
616121493
-1110387700
-46458062
-1188850133
33464203
387120744
-29661341
122272717
347584029
-1277456216
-661952170
-172721895
-386324854
-220485882
272446540
702590636
302531201
-1243937205
-1177098124
358353798
419969198
423351611
-542657480
-1390753426
-415323488
-891629511
-258086591
375203087
-343927177
-920680765
-1402875362
-465223924
-621003057
-39268016
-244008649
-1324957094
-389565512
-1011088229
207381031
-779399722
-878479037
-1191989379
457943791
145261517
-2409852
-7027909
110433913
-437296891
159100294
343401197
-816361333
-158348748
29334568
51046595
-139036766
-1123407159
569482492
-1134541596
661861336
-511862925
-645156953
669051382
432978559
143905399
-107634874
-548448330
229013713
-1234618626
-149471151
-301023495
-603952940
382115221
-82947466
-883427389
-210041502
-822775558
519610110
-837025828
149992959
-58707835
-1231042871
-1403786614
-954474823
208357106
57325389
316553820
495015355
-110610359
592077632
419458451
-1359891524
-790497561
351091593
483152443
-1384010402
-493961521
-802714126
255068720
-318514739
457880131
-783373015
487597730
102577112
543744927
-1133247899
-844882629
-1016448870
-1351056028
-271843049
543609497
301545
-92820512
549888292
455892130
-621881646
-130204559
35027710
-864284531
-978233157
-110312898
-1182244320
-928059273
509254950
578912681
-1182325069
535309956
-652467080
-574973787
52960436
439083590
-854511896
679652829
189263080
658130625
485979517
466080589
-924170244
-1267887593
525089969
214052115
685787312
-212026726
-616186637
498257364
-493552835
171997126
-369365434
-1195943365
717778003
62466817
103809146
-1201884556
544472952
-124354144
-1360390115
-1375270357
-326462428
-602791786
-540178736
-1010920231
-901126436
15374777
-1068685642
698202052
-63912838
-1320124365
426864401
421982326
-1177946550
214536131
-101383799
-1229577477
-734908835
692494972
678745295
181603738
127073858
-428038379
395725782
107433622
-1102989802
-237883312
315614474
-1295935089
-1099655696
365289767
-1261140038
-16052716
-974920259
-391253365
383092461
-465981287
-1113296828
724472228
-505197475
232855742
-1333070377
-815751313
-82580172
-1100951518
-1338633422
-921382211
-920463587
-663476849
-966305479
-979136532
-1219291350
570833788
2890498
586499840
-59150830
309966104
-388801712
-480954596
424096423
-78392000
-853083069
573021794
-831862956
-417937919
-555649811
-1186188734
526146202
-258881231
-1199134746
-716469512
-763443729
-1122139715
-122155417
564041507
-813025825
-50723431
-1094758944
-323424004
695865128
-650999015
107504873
-1260844462
-817583467
-627022869
735720786
533331111
-1054475005
-390499166
-685041725
-1367796821
-1206309406
-128059385
615290381
-628106953
-1283415544
-677777670
-404230279
652796066
473406507
-193299617
-801091686
-1027455462
94626076
486818305
-1200832195
691665660
-301323366
-885525731
-369176584
-342876477
-126459338
-999089951
-193655531
466022604
-216047412
-195352984
261935475
139542992
-1323270390
-1160524489
181811579
-1119514387
121481534
59683720
-337555932
248131398
-1355512190
668279197
163509224
527959725
-262438660
-1375000701
-1236913977
-905230824
521883012
-1027680764
-950983404
-516858593
-503141087
89905421
550330338
-1367018665
500880878
-380743433
509069347
-452584773
-1313514657
33586583
-1050460021
-1226719638
283127502
541416966
-936168617
-332809204
-136317554
136340859
-822096046
-81764336
67201816
-1396005062
-291222851
-932655084
-1360940355
-118071420
-427820500
571008066
264313224
31261505
-683268767
-976246103
-616251314
-870356669
-933199360
-852788676
158965306
-1161548252
104691959
255516058
282103739
464297346
438861828
-172186999
268296072
-1234725029
-1242414443
-605439722
311681238
-654445081
722861350
-358535186
-640384735
-305779741
118875138
-591259681
-1161269401
-1046363602
-757669855
513109231
394963311
-30873214
-1200555112
-958706243
508835525
-723689063
-401429510
-69617409
-475171907
-1034155791
-551519591
-930486408
-1307276684
-850076003
307392001
371084796
-674735624
475042966
-971773165
-1100472626
-916820355
-986330055
-48942404
-147139682
117955613
-667485506
671666045
366751620
-303783699
-823422050
142442612
-646238628
555770144
351952908
-194879462
327187429
-1109154395
-1333727212
-479848219
-174260894
-957817595
378697598
305318106
-855028871
-1208796644
-124708133
-1221362314
-473466860
-387083407
-783070071
-163874077
106161646
-359334718
-950234721
-778396275
-978797345
-207654818
-844148470
-1349463964
-1248856757
-257505111
203044056
-485029977
-439153207
-182421276
730155969
-849384017
118489738
-1340989483
80833172
-793189396
-888741669
-277887470
-1225289529
-333705132
-76618706
60067746
-145002038
-1287503805
-1064433900
481993299
-41312474
451793154
-614759658
418518213
-1064021361
-183491595
-526554845
-498104422
-122890151
-365346194
654455875
-657264335
559689238
-522115572
570379798
552426967
38565819
-48548704
621502893
-618019249
568327308
-1004657016
514158690
-1394380461
71703260
-299878256
75752694
-810717017
-177316653
421384202
-1066141958
-956047367
135759116
-270836208
-1274947393
481803164
-1191746042
-391436830
-753719498
95429215
653282385
-836681863
-1299253359
475553383
51267973
681191847
290562110
-647584447
-104775097
174646763
144461712
-273866029
580055155
-78797838
-258181081
-85659824
-1116094333
-919846627
513688567
116654422
-1235880665
-1289871631
570672464
309943859
-150642430
705790479
54328783
67676936
-423064591
710674693
-574312089
-507200446
-863425410
-463500040
-769065303
597907972
-519726433
-1215921432
-787094715
-1361919770
368790739
-1380051243
-225720390
211427655
-48783672
-1221319711
-611650409
245187403
-731100930
-835380082
-375576415
-556916187
-715186305
-542322191
-984390568
544236673
-573949952
480003624
-125504631
413050866
453260077
710248689
-831567820
-1147583572
-490669591
-190567714
-1287093840
399669385
3576262
-664123147
447815023
-365051239
-634108982
-515323607
-891041824
727172754
-326577910
-92626825
234941917
352386568
482058501
-878052737
-941947859
-970546043
-10309520
-516273018
-1163727610
-1321677711
-773687634
120833168
501438563
-1057845797
93663617
-1067547497
-795363961
-1134424214
151950197
-672392393
675310579
-581891781
73549868
385707363
463122389
-1297977353
-867034484
-1165337675
-1308222839
216453015
152100909
336784487
-168578657
-103258830
-1278686490
299538893
336260535
121069398
-954152365
582598334
209457095
-317774591
-33986738
-26522582
34445020
-677741361
315995330
649146468
-402100167
-269472713
-760664165
-464207827
558700915
722951112
-815918704
284405064
-1312444481
-272887780
529132797
-1210601912
-793853005
-56184534
536247983
447633747
-896861603
667626901
9754400
-1298019308
51278060
465667443
694644434
-476683085
-589525388
-76760544
-1240623906
-1292498608
655563503
485436832
-1380770380
-483954903
-521454121
-731369136
461902678
-700171446
-745836264
-1091434266
-1153184622
-648215337
45743362
-1361470064
-448751841
661955766
-7589190
-649922097
372171273
505614615
-719713436
-355492567
617660716
-1405853616
-627243364
574886910
-472471292
193296656
-239291873
-303029790
310863456
-321146610
-555011198
340158485
604963895
333600089
-1128628891
329448333
-1103989596
-464399747
648079475
-847108810
297450324
-43595402
-798513466
-888719757
-119057876
603962753
-128576446
-484304843
372159128
561775527
570267998
252401604
565987319
-794393606
89870275
-643902213
-1338515190
-886839838
463133405
382413674
202078960
-829296033
-14846081
69624616
-1233114183
266590436
-338345291
-927038371
-935227551
-427684055
-364081773
-1375195467
-1208697697
247470170
-853849815
82309835
114014683
427639147
-1139413248
-251244429
251996434
-1306563490
-736261064
80565514
-690891688
-1383809029
-1300754939
-619341470
-860583459
572443875
-974346036
-1395922739
-994270398
420873292
83767285
-817319173
-49954512
-991996245
-334292136
424883346
-9614892
711691500
459753287
191752819
221743430
-1131514768
-463355586
-401660127
706189788
-192703426
-1390322796
220767982
-89201508
-716518452
-436084744
629972212
-690262073
-326774274
-726787498
-140780124
-491748639
-291068126
-126637454
-75953629
-607613074
-780288409
516792607
-1394985825
-362219246
-554917769
439962929
-1109252378
-580644509
162297976
492565849
-1096319319
440848617
-708207977
-87914038
409620165
509154005
-68171425
-107030093
-317465743
625375531
-1280533076
-424911771
-802304781
-197241942
258366139
466980503
721074827
-770120226
-397075191
-92297042
32332108
232701809
-312922675
47411691
-866935677
542224965
-250043620
-566122646
-775837784
-825163883
-810975037
-462091694
-1121733506
-109117605
-1287423972
697952067
-337381840
54470011
-146496266
-1392265822
-57572697
-16963934
-407112185
550187930
-951624116
-886164285
279750193
-967967529
-246219103
-854743237
349800838
-951305235
-1359459668
-700540077
506171865
-816329937
-895733352
-481289995
27612825
-261505727
103611530
626703197
686467987
391943432
-219832648
-1338374225
352477259
-1294632728
126161195
-531437246
-1276833142
-668829742
-1285819420
-273879918
-856060052
-827378127
250021205
-1313728099
-385280248
-733616138
-758405928
-772897650
-274855965
-707800188
-63372318
-506102340
-114064716
450959738
422673074
-823870131
-547964229
-211133636
-934585174
-598914482
-556608443
255647586
-527223298
-941549424
371080267
-1138480343
-62921262
504312533
-397244677
61324727
-506985625
156760679
644012008
-994382660
253097988
-478686480
-317933390
-1242726179
158481279
-1330207594
-540460959
-642309279
-426244526
-1391943915
-928767781
-740989692
-805748637
-66666601
457942081
-330268403
-1402999323
-836084602
-812039056