-1409660957
-1409474679
-1409399397
-1409191411
-1408833025
-1408450625
-1408428413
-1408377115
-1408120567
-1408111809
-1407828587
-1407747041
-1407710705
-1407685014
-1406572711
-1406496248
-1406258638
-1406215271
-1406164153
-1406111398
-1406059060
-1405963117
-1405934039
-1405921183
-1405853616
-1405528865
-1404681797
-1404550308
-1404417020
-1404004256
-1403786614
-1403773607
-1403569432
-1402999323
-1402875362
-1402548644
-1402448504
-1402332267
-1402011650
-1401167051
-1401069170
-1400921105
-1400590371
-1400136847
-1399961105
-1399677483
-1399111806
-1398413267
-1398397267
-1398157421
-1397943408
-1397923731
-1397531547
-1397410455
-1397355214
-1397200369
-1397155927
-1396434883
-1396005062
-1395922739
-1395613395
-1395332865
-1395040202
-1394985825
-1394889928
-1394641646
-1394530210
-1394451219
-1394380461
-1394321052
-1394035551
-1393596363
-1393558358
-1393542777
-1393293276
-1393126245
-1392643577
-1392450102
-1392427891
-1392412669
-1392265822
-1392187243
-1391943915
-1391489721
-1391338750
-1390882930
-1390802944
-1390753426
-1390738817
-1390529338
-1390400277
-1390322796
-1390297653
-1389883444
-1389707815
-1389539145
-1389311030
-1388577671
-1388489129
-1388302990
-1388298336
-1388292562
-1388002258
-1387618102
-1387609352
-1386640956
-1386550599
-1386532583
-1386419855
-1385925221
-1385835716
-1385713152
-1385617060
-1385528607
-1385523609
-1385097143
-1384972010
-1384882886
-1384609149
-1384295885
-1384183077
-1384074994
-1384038291
-1384010402
-1383927902
-1383899374
-1383809029
-1383746086
-1383745744
-1383626531
-1383557399
-1383447963
-1382972651
-1382514220
-1382475244
-1381925379
-1380919894
-1380770380
-1380051243
-1379844645
-1379651855
-1379589954
-1379314928
-1379201008
-1378917288
-1378672383
-1378577559
-1378301154
-1378065819
-1377600878
-1377120596
-1376815856
-1376508532
-1376500698
-1376460250
-1376073519
-1376000191
-1375602972
-1375365458
-1375362360
-1375270357
-1375195467
-1375038176
-1375000701
-1374788128
-1374236965
-1374235213
-1374227395
-1373955324
-1373851437
-1372961461
-1372944527
-1372703241
-1372366580
-1372200842
-1371391685
-1371300397
-1371092700
-1371017419
-1370335455
-1369667047
-1369616476
-1369471363
-1369396866
-1368977521
-1368595747
-1368268524
-1368102464
-1367796821
-1367604947
-1367407824
-1367365043
-1367018665
-1366587528
-1366551984
-1366486580
-1366304998
-1366019278
-1365637888
-1365505157
-1365499825
-1365404386
-1365213096
-1365139758
-1365123504
-1365057367
-1364733162
-1364305138
-1364300858
-1364108709
-1363721848
-1363594949
-1363523345
-1363479841
-1363256416
-1362924290
-1362644299
-1362562455
-1362143148
-1362067929
-1362067121
-1361919770
-1361470064
-1361323263
-1360978372
-1360940355
-1360577427
-1360390115
-1360162589
-1360139679
-1360084414
-1359951984
-1359891524
-1359459668
-1358865042
-1358690466
-1358341277
-1358234171
-1358009096
-1357712498
-1357158172
-1357011210
-1356873186
-1356124273
-1356059398
-1355852157
-1355512190
-1355511607
-1355287514
-1355195988
-1355192181
-1354689090
-1354242811
-1354169920
-1354022443
-1354007273
-1353621139
-1353460139
-1353361460
-1353302363
-1353279572
-1352986285
-1352971228
-1352320702
-1352154412
-1352055171
-1352020723
-1351741597
-1351624201
-1351621925
-1351113437
-1351056028
-1350959518
-1350866049
-1349889519
-1349853086
-1349586015
-1349505420
-1349463964
-1349087206
-1348949301
-1348885460
-1348744411
-1348570362
-1348501564
-1348020599
-1347210884
-1347110469
-1346969934
-1346881046
-1346166596
-1345941459
-1345760881
-1345575150
-1345508806
-1345185578
-1344508895
-1344488125
-1344397371
-1344213788
-1344087075
-1344063379
-1343871085
-1343703258
-1342720760
-1342553974
-1342103147
-1341992578
-1341393738
-1341373081
-1341340302
-1341005674
-1340989483
-1340872312
-1340865568
-1340853017
-1340767161
-1340734134
-1340492499
-1339969766
-1339740017
-1339604851
-1339579526
-1339402307
-1339172587
-1339073848
-1339034442
-1339014507
-1339008014
-1338959081
-1338957979
-1338633422
-1338538405
-1338527244
-1338515190
-1338374225
-1338227135
-1337886778
-1337601348
-1337481055
-1337206730
-1337177361
-1337128223
-1337026968
-1336979543
-1336956199
-1336866257
-1336771049
-1336290437
-1336208527
-1336116617
-1335848537
-1335815254
-1335693505
-1335457841
-1335313390
-1334865571
-1334836191
-1334575584
-1334536710
-1334358635
-1333852615
-1333727212
-1333688356
-1333498158
-1333070377
-1332567002
-1332565531
-1332106161
-1331228311
-1330761471
-1330441190
-1330207594
-1330173878
-1330166735
-1330148753
-1330010350
-1330006340
-1329599656
-1329544148
-1329374256
-1329295812
-1329221787
-1329011697
-1328824659
-1328815181
-1328774036
-1328514614
-1328208277
-1328057104
-1327816977
-1327347726
-1327298615
-1327204476
-1327124088
-1326734532
-1326559801
-1326438617
-1326236109
-1326131828
-1325870185
-1325676229
-1325430955
-1325201517
-1324957094
-1324775052
-1324583739
-1324301172
-1324134875
-1323623140
-1323494016
-1323342824
-1323304690
-1323270390
-1322782945
-1322557589
-1322516547
-1322281175
-1322157413
-1322013652
-1321677711
-1321515776
-1321333501
-1321256894
-1321248618
-1321175735
-1321174461
-1320596371
-1320480449
-1320411841
-1320138859
-1320124365
-1320115874
-1319845450
-1319775500
-1319579126
-1319503097
-1319433991
-1319205351
-1319184965
-1319171850
-1319135485
-1319044606
-1318942897
-1318807615
-1318715180
-1318591258
-1318118215
-1318036698
-1317525265
-1317441967
-1317183338
-1316898330
-1316800968
-1316590553
-1316373357
-1315751282
-1315524259
-1315304768
-1315287140
-1315142369
-1315005652
-1314704196
-1314618637
-1314322239
-1314134307
-1314089795
-1313927806
-1313922212
-1313767131
-1313728099
-1313514657
-1313398664
-1312925046
-1312915211
-1312904809
-1312728740
-1312491689
-1312444481
-1311952406
-1311941459
-1311929670
-1311677648
-1311629334
-1311431484
-1310491941
-1310441891
-1310422210
-1309866715
-1309072531
-1308803432
-1308783399
-1308571574
-1308451303
-1308240427
-1308222839
-1307989266
-1307786707
-1307762544
-1307724192
-1307498970
-1307344092
-1307276684
-1307106254
-1306961503
-1306909538
-1306903913
-1306563490
-1306258432
-1306211517
-1306039645
-1305953054
-1305220277
-1304289576
-1303943759
-1303826340
-1303790921
-1303601483
-1303397800
-1303143709
-1302966953
-1302300941
-1301989483
-1301968427
-1301939151
-1301772339
-1301191606
-1300806920
-1300754939
-1300619353
-1300503391
-1300394986
-1300366278
-1300097341
-1300050172
-1299929325
-1299405077
-1299253359
-1299242950
-1298792282
-1298510240
-1298217964
-1298019308
-1297977353
-1297925702
-1297814521
-1297781729
-1297216627
-1297205851
-1296619742
-1296582924
-1296196740
-1296060966
-1295973864
-1295935089
-1295654029
-1295476414
-1295395883
-1295167118
-1294985563
-1294891846
-1294799532
-1294632728
-1294297642
-1294029023
-1293335988
-1293049948
-1292853126
-1292498608
-1292493721
-1292059378
-1291730640
-1291363068
-1290891673
-1290620710
-1290335317
-1290305442
-1289871631
-1289660123
-1289195203
-1289110675
-1289009173
-1288966923
-1288805406
-1288738633
-1288468428
-1287890349
-1287708510
-1287503805
-1287445950
-1287423972
-1287294524
-1287093840
-1286858573
-1286525520
-1286519387
-1286506771
-1285927046
-1285819420
-1285408057
-1285243137
-1285227099
-1284640639
-1283507997
-1283415544
-1283391804
-1282884609
-1282830144
-1282296529
-1282222561
-1282177074
-1282122601
-1281969774
-1281508022
-1280836082
-1280761155
-1280653493
-1280653182
-1280533076
-1280313591
-1280175738
-1280137242
-1279771808
-1279726236
-1279648248
-1279267319
-1279196800
-1278686490
-1278474155
-1278461470
-1278341327
-1278273147
-1277697447
-1277678540
-1277456216
-1277303183
-1277298755
-1277124316
-1276833142
-1276572341
-1276563338
-1275882257
-1275790256
-1275751036
-1275570902
-1275558947
-1275480277
-1275179845
-1274947393
-1274368903
-1273949091
-1273734046
-1273715342
-1273666560
-1273639468
-1273524310
-1273482079
-1273465761
-1273417826
-1272922129
-1272855883
-1272783402
-1272777484
-1272751757
-1272693119
-1271882481
-1271873874
-1271711883
-1271408422
-1271189026
-1271009553
-1270860670
-1270673871
-1269744279
-1269652614
-1269582087
-1269565707
-1268900776
-1268382824
-1267966284
-1267889128
-1267887593
-1267661383
-1267546862
-1267475796
-1267437028
-1267079841
-1266735206
-1266187926
-1265887298
-1265838697
-1265711047
-1265569146
-1265494363
-1265363891
-1265040749
-1264572489
-1264547705
-1264147418
-1264053299
-1263391243
-1263354803
-1263344632
-1263042717
-1262135421
-1261773230
-1261738119
-1261632041
-1261607564
-1261140038
-1260844462
-1260687099
-1260441663
-1260287466
-1260134319
-1259920461
-1259844164
-1259482756
-1259138913
-1258916621
-1258491107
-1258180415
-1258055846
-1257820932
-1257395276
-1257297105
-1257278293
-1257142229
-1256668244
-1256554154
-1256090687
-1255982264
-1255563242
-1255438931
-1255319818
-1255293249
-1254980122
-1254854113
-1254688406
-1254543613
-1254491846
-1254355823
-1254204439
-1254196918
-1254085581
-1253580157
-1253413704
-1253168627
-1252922579
-1252916093
-1252440523
-1252364539
-1252251490
-1251995781
-1251490708
-1251382311
-1251305120
-1251233583
-1250906052
-1250842133
-1250684181
-1250664315
-1250066848
-1249722964
-1249453316
-1249422725
-1249069882
-1249037291
-1248856757
-1248304132
-1248117528
-1248053355
-1248000694
-1247876553
-1247782607
-1247470689
-1247371682
-1247113964
-1246732938
-1246701318
-1246376260
-1246330230
-1246219396
-1246143722
-1245718482
-1245709561
-1245627840
-1245455752
-1245409628
-1245274662
-1245248891
-1244949319
-1244684554
-1244675463
-1244580127
-1244402501
-1243937205
-1242997496
-1242808695
-1242726179
-1242488560
-1242414443
-1242381246
-1241776775
-1241680922
-1241637792
-1241458661
-1241216839
-1240623906
-1240550191
-1240491988
-1240472376
-1240160230
-1239785742
-1239765805
-1239583167
-1239170858
-1238891846
-1238755533
-1238670135
-1238606307
-1238528623
-1238116769
-1237858310
-1237569556
-1237285895
-1237113096
-1236913977
-1236892132
-1236663567
-1236269786
-1236236904
-1235880665
-1235729069
-1235471541
-1235448901
-1235441195
-1235254910
-1234725029
-1234678332
-1234618626
-1233255642
-1233231565
-1233151913
-1233114183
-1233079634
-1232889310
-1232818408
-1232765620
-1232733758
-1232567180
-1232389022
-1231416089
-1231301445
-1231042871
-1230904833
-1230537834
-1230530392
-1230511614
-1230354323
-1230191064
-1230141113
-1229992652
-1229577477
-1229199743
-1229158468
-1229084098
-1228981289
-1228672682
-1228559107
-1228485387
-1228326013
-1228079219
-1228055420
-1227953894
-1227832065
-1227746086
-1227475077
-1227257123
-1227223435
-1227181044
-1226719638
-1226577716
-1225955996
-1225945552
-1225736824
-1225474726
-1225322205
-1225289529
-1225203295
-1225110943
-1224971063
-1224133940
-1223479149
-1223107805
-1222960749
-1222939343
-1222876141
-1222860593
-1222550991
-1222505167
-1222290337
-1222243334
-1222132069
-1222029637
-1221733053
-1221599304
-1221478126
-1221395494
-1221362314
-1221355502
-1221319711
-1221260101
-1220769739
-1220592793
-1220554403
-1220265969
-1220098853
-1219587620
-1219377594
-1219291350
-1219111317
-1218990148
-1218491779
-1218487365
-1218366778
-1218362986
-1218244060
-1217957549
-1217833491
-1217788722
-1217589678
-1217539591
-1217339245
-1217195043
-1217129283
-1216915333
-1216644582
-1216621396
-1216523772
-1215921432
-1215667059
-1215631807
-1214733309
-1214622408
-1214453280
-1214180641
-1214138266
-1213979242
-1213770515
-1213595741
-1213438940
-1212986018
-1212902251
-1212725462
-1212281280
-1211898251
-1211830069
-1211636433
-1211344215
-1211235641
-1211055030
-1210829854
-1210762738
-1210735632
-1210620335
-1210601912
-1210245231
-1210108569
-1209805504
-1208950954
-1208796644
-1208697697
-1208487641
-1207832004
-1207825518
-1207638493
-1207019689
-1206826737
-1206309406
-1205333580
-1205215559
-1205210561
-1204808771
-1204504763
-1203997632
-1203723868
-1203401117
-1203282974
-1202891574
-1202648013
-1202595265
-1202558228
-1202517816
-1201884556
-1200891061
-1200851515
-1200832195
-1200712468
-1200704339
-1200600570
-1200560911
-1200555112
-1200535178
-1200411857
-1200362286
-1200264741
-1199776241
-1199432349
-1199134746
-1198458959
-1198446997
-1198240647
-1198216810
-1197340675
-1197221796
-1197123469
-1196594488
-1196315092
-1196130791
-1196101692
-1195972812
-1195943365
-1195736473
-1195608679
-1195550822
-1194255897
-1194189226
-1194170042
-1194123340
-1193799119
-1193649494
-1193616506
-1193594533
-1193351504
-1193150670
-1192669799
-1192591424
-1192065216
-1191989379
-1191965268
-1191746042
-1191415719
-1191353454
-1191303262
-1191300083
-1191186964
-1191096023
-1190636253
-1190061240
-1189827695
-1189709675
-1189543219
-1188945490
-1188850133
-1188360686
-1187853875
-1187697134
-1187638770
-1187343475
-1187178633
-1187060082
-1186841690
-1186320218
-1186237265
-1186220006
-1186200136
-1186194582
-1186188734
-1185445791
-1185234691
-1185035214
-1184980286
-1184493390
-1184192017
-1184103789
-1184023753
-1183655970
-1183464739
-1183152189
-1183121747
-1182990014
-1182471588
-1182325069
-1182244320
-1182083054
-1181964181
-1181772423
-1181478942
-1181291616
-1181051822
-1180607836
-1180415680
-1179662643
-1178981618
-1178897275
-1178714245
-1178699301
-1178695030
-1178453414
-1178366152
-1178061625
-1177946550
-1177929910
-1177812549
-1177262269
-1177133564
-1177098124
-1176920837
-1176736918
-1176710231
-1176451817
-1176327993
-1176057144
-1176017722
-1175247790
-1175168638
-1175050041
-1175020053
-1174831837
-1174434497
-1174425203
-1174229008
-1172913983
-1172890324
-1172820631
-1172748008
-1172743262
-1172430583
-1172338606
-1172279002
-1172236799
-1172233452
-1172232911
-1172193391
-1171898102
-1171728085
-1171489135
-1171432263
-1171426276
-1171392965
-1171296795
-1171054526
-1170935652
-1169972137
-1169850098
-1169596792
-1169338292
-1169151754
-1169092702
-1168666042
-1168214674
-1167118534
-1166913727
-1166424355
-1166384118
-1166364414
-1166334365
-1165895056
-1165490432
-1165417003
-1165337675
-1165139381
-1165066721
-1163753039
-1163727610
-1163663201
-1163653046
-1163631841
-1163465349
-1163453718
-1163395084
-1163367477
-1163075712
-1162900932
-1162573646
-1162348597
-1162180223
-1161870146
-1161798248
-1161638929
-1161638313
-1161548252
-1161269401
-1161222863
-1160986067
-1160728156
-1160724015
-1160524489
-1160458633
-1160259035
-1160020551
-1159746326
-1159530159
-1159298922
-1159122801
-1159119289
-1158891388
-1158633466
-1158429338
-1158197156
-1158179456
-1158156151
-1157767421
-1157616974
-1157445988
-1157404342
-1156606306
-1156363841
-1156319974
-1156048626
-1155779671
-1155732934
-1155512776
-1155189107
-1155061476
-1154737501
-1153858405
-1153790292
-1153347483
-1153184622
-1152462081
-1152286006
-1152172046
-1151831104
-1151223725
-1151167896
-1151140474
-1151052744
-1150658091
-1150484819
-1150445678
-1150287502
-1149873623
-1149783923
-1148855625
-1148636236
-1148593590
-1148214392
-1148174294
-1147649629
-1147645111
-1147583572
-1147561090
-1147338518
-1146803529
-1146257617
-1146174799
-1145952087
-1145706464
-1145550730
-1145354025
-1144865051
-1144849740
-1144290116
-1143434997
-1143247125
-1143205078
-1143034517
-1142926773
-1142584730
-1142521705
-1142509015
-1142402100
-1142270520
-1141793736
-1141747561
-1141352720
-1141327803
-1141242877
-1141128783
-1140869101
-1140835613
-1140486532
-1140280789
-1140216527
-1139949918
-1139758033
-1139413248
-1139110801
-1138937169
-1138849021
-1138795404
-1138783534
-1138539752
-1138480343
-1138360523
-1138255193
-1138198665
-1137816962
-1137696624
-1137664650
-1137424913
-1137412991
-1136973959
-1136764235
-1136739986
-1136669505
-1136555740
-1136492995
-1136307182
-1136252701
-1136233876
-1136230564
-1136139671
-1136038719
-1134875856
-1134802089
-1134782422
-1134541596
-1134459267
-1134424214
-1134101769
-1134069514
-1133901101
-1133878453
-1133621150
-1133443407
-1133247899
-1133118174
-1133061203
-1132833656
-1132752338
-1132045888
-1131629914
-1131597112
-1131514768
-1131491980
-1129845017
-1129704717
-1129167954
-1129094160
-1128860349
-1128628891
-1128605061
-1128443246
-1128273537
-1128254884
-1127698556
-1127332194
-1126916743
-1126861221
-1126041414
-1125735695
-1125179776
-1124970871
-1124658416
-1124402545
-1123702204
-1123616856
-1123613160
-1123560458
-1123407159
-1123256318
-1122814262
-1122709048
-1122707674
-1122545480
-1122246166
-1122139715
-1122012903
-1121952267
-1121945934
-1121733506
-1121549572
-1121319372
-1121194075
-1120843313
-1120646017
-1120545482
-1120280781
-1120074578
-1119992628
-1119805771
-1119693526
-1119639869
-1119514387
-1119340628
-1119182832
-1119141099
-1118839903
-1118726703
-1118692790
-1118647830
-1118035073
-1118015461
-1117629423
-1117523760
-1117461909
-1117247278
-1117184041
-1116513590
-1116508481
-1116237508
-1116094333
-1116034795
-1115479450
-1115441069
-1115418265
-1114864513
-1114572552
-1114288356
-1113618825
-1113296828
-1113279948
-1113056723
-1112329680
-1112318756
-1112218815
-1112062616
-1111288135
-1110930652
-1110832898
-1110664193
-1110387700
-1110260768
-1109778754
-1109731279
-1109603717
-1109302548
-1109252378
-1109154395
-1109004927
-1108572292
-1108278968
-1108274890
-1108272824
-1107930760
-1107456692
-1107243212
-1107065012
-1106191329
-1105968628
-1105614164
-1105383003
-1104965042
-1104828321
-1104167332
-1103989596
-1103081689
-1102989802
-1102956665
-1102716443
-1102706623
-1102635874
-1102509930
-1102481681
-1102196770
-1101800850
-1101697107
-1101637399
-1101343977
-1100951518
-1100811595
-1100742954
-1100734436
-1100583498
-1100472626
-1100029490
-1099732031
-1099695164
-1099655696
-1099622482
-1099608604
-1099563840
-1099464185
-1099200794
-1098641904
-1098380708
-1098256804
-1097995782
-1097861270
-1097454493
-1097403319
-1096891602
-1096868356
-1096715566
-1096498590
-1096483926
-1096426500
-1096319319
-1096042850
-1095495562
-1095041244
-1095019975
-1094758944
-1094752468
-1094112411
-1093924496
-1093476165
-1093425385
-1093194455
-1092700164
-1092648820
-1092558650
-1092383840
-1092279987
-1092002123
-1091459371
-1091434266
-1091415028
-1091393214
-1091192456
-1090990341
-1089943735
-1089793880
-1089602589
-1089179636
-1089159758
-1088627996
-1088561476
-1088241567
-1088216834
-1088022334
-1087764343
-1087547120
-1087249624
-1086938146
-1086790110
-1086696291
-1086286018
-1086264563
-1086264019
-1086261353
-1086238020
-1086131045
-1085817289
-1085652459
-1085387050
-1085256493
-1084499544
-1084450858
-1084430790
-1083836935
-1083717040
-1083694201
-1083477501
-1083321344
-1083245650
-1083196288
-1082991361
-1082663651
-1082143722
-1082141802
-1081853223
-1081753102
-1081420297
-1081313727
-1081305385
-1081276224
-1081272046
-1081204304
-1081176901
-1080491415
-1080312857
-1078973371
-1078938403
-1078755528
-1078544511
-1078388112
-1078140215
-1078068651
-1077897053
-1077467672
-1077251254
-1077140288
-1077134048
-1076520308
-1075938383
-1075275990
-1075229798
-1074911811
-1074292407
-1074149351
-1073423302
-1073304384
-1072743590
-1072611184
-1072485130
-1072479613
-1072428219
-1072019606
-1071772043
-1070773545
-1070114845
-1070063387
-1069963213
-1069773475
-1069099242
-1068685642
-1068127678
-1067642964
-1067553386
-1067547497
-1067184759
-1066506097
-1066141958
-1066023135
-1065755184
-1065662449
-1065459056
-1065430290
-1065172952
-1065010053
-1064737367
-1064433900
-1064021361
-1063861208
-1063306005
-1063182303
-1062804985
-1062801326
-1062143131
-1061975832
-1061930035
-1061836561
-1061469696
-1061316087
-1061007910
-1060751723
-1060248012
-1059792171
-1059353755
-1058988945
-1058443666
-1058336827
-1057910507
-1057888612
-1057845797
-1057842770
-1057320820
-1056885570
-1056861567
-1056683706
-1056681873
-1056680013
-1056673924
-1056564855
-1056371491
-1056342570
-1055752862
-1055340868
-1055078318
-1054802263
-1054587376
-1054475005
-1053563816
-1053211902
-1052735904
-1052162547
-1051870831
-1051582941
-1051427293
-1051069642
-1050829587
-1050597392
-1050460021
-1050422796
-1050116000
-1050115450
-1049981418
-1049388170
-1049382792
-1049312953
-1049220947
-1048714862
-1048577759
-1048535324
-1048465747
-1048436912
-1048299219
-1048282333
-1048167388
-1047975600
-1047674687
-1047620875
-1047427034
-1047235709
-1046875046
-1046767593
-1046363602
-1046332173
-1046286562
-1045924339
-1045848084
-1045765993
-1045115810
-1045045468
-1044944246
-1044125246
-1044052454
-1043889534
-1043636735
-1043589415
-1043372440
-1043314340
-1042965348
-1042960822
-1042851555
-1042724485
-1042136317
-1041294891
-1040660209
-1040449391
-1040313353
-1040275296
-1039819827
-1039523756
-1039265439
-1039153980
-1039092165
-1039028908
-1039022899
-1038930986
-1038432094
-1038230884
-1037788119
-1036932481
-1036478807
-1036393592
-1035542366
-1034962449
-1034846042
-1034831416
-1034754062
-1034593991
-1034580880
-1034340709
-1034155791
-1034103087
-1033834042
-1033776378
-1032973441
-1032956102
-1032955841
-1032942948
-1032867658
-1032715961
-1031487424
-1031358498
-1030888936
-1030604381
-1030304758
-1030201009
-1029849362
-1029832327
-1029767884
-1029678049
-1029362511
-1029168643
-1029088997
-1028666502
-1028523665
-1028399027
-1028194744
-1027869894
-1027680764
-1027637844
-1027475217
-1027455462
-1027327748
-1027327242
-1027193307
-1026741793
-1026672973
-1026432158
-1025373127
-1025319942
-1025051590
-1024680189
-1024541442
-1024539976
-1024518251
-1024361528
-1023761776
-1022650708
-1022567026
-1022050030
-1021285058
-1021106012
-1020860857
-1020659746
-1020600956
-1020381881
-1020356586
-1019990575
-1019436489
-1019275436
-1018998015
-1018734975
-1018283644
-1018239191
-1018130917
-1017934367
-1017889683
-1017602738
-1017561793
-1017151405
-1017107362
-1016905588
-1016771198
-1016472144
-1016448870
-1016045016
-1015596493
-1015594114
-1015545929
-1015320050
-1015165377
-1014921921
-1014852857
-1014467509
-1014265738
-1014245620
-1013840002
-1013485949
-1013379744
-1013065848
-1012571397
-1012425081
-1012325248
-1012146192
-1012135474
-1011864585
-1011616326
-1011446542
-1011211399
-1011189796
-1011089147
-1011088229
-1010920231
-1010825994
-1010456277
-1010349682
-1009489168
-1009443339
-1009156307
-1008958289
-1008722586
-1008426338
-1008132121
-1008029537
-1007810162
-1007784838
-1007435446
-1006780575
-1006471870
-1005983465
-1005326635
-1005275791
-1004898084
-1004657016
-1004243866
-1003865759
-1003613539
-1003538812
-1003133335
-1003131547
-1003123177
-1003122526
-1003102309
-1002934087
-1002871836
-1002730536
-1002675024
-1002468407
-1002423640
-1002271247
-1002180313
-1002160394
-1001946484
-1001628395
-1001111914
-1001008734
-1000737816
-1000649376
-1000599278
-1000160671
-999330807
-999317822
-999260319
-999089951
-998777859
-998771919
-998514516
-998472312
-997799550
-997558678
-997489159
-997444534
-997306301
-997205484
-997170847
-996949786
-996904467
-996468639
-996357892
-996129574
-996116299
-996010331
-995987404
-995902733
-995470121
-995393227
-994775436
-994673383
-994382660
-994353454
-994270398
-994236834
-994099789
-994074510
-994043776
-993750932
-993282858
-993277146
-993131874
-993040225
-992919942
-992883008
-992499608
-992110715
-992083547
-991996245
-991804847
-991457069
-991288155
-991199828
-991105648
-990736641
-990596616
-990406185
-990229839
-989980763
-989826213
-989753480
-989513488
-989191629
-988966939
-988599825
-988545707
-988471543
-988466786
-988097099
-987691566
-987510363
-987509065
-987474945
-987409775
-987369846
-987021793
-986943815
-986669699
-986610419
-986418350
-986330055
-985929018
-985872871
-985611025
-985523161
-984924976
-984827028
-984552574
-984390568
-984298247
-984069500
-983862304
-982307184
-982087799
-981883665
-981658764
-981320505
-980742807
-980409940
-980392916
-980364507
-980331892
-980194851
-979884975
-979820911
-979596363
-979260627
-979136532
-979069694
-979037350
-978941158
-978797345
-978742773
-978557351
-978486765
-978303411
-978233157
-978213889
-978018286
-978015405
-977934115
-977922947
-977833903
-977595284
-977549898
-977189459
-977121343
-976901228
-976581336
-976486602
-976386960
-976259484
-976246103
-975502566
-975207866
-974920259
-974877934
-974449306
-974346036
-974311868
-973886504
-973824706
-973820915
-973556056
-973305043
-973098187
-972851792
-972563928
-972210452
-972149938
-972070706
-971841182
-971773165
-971751615
-971537019
-971358923
-970977299
-970890086
-970768193
-970751038
-970694697
-970591487
-970546043
-970232322
-970029293
-969938783
-969631700
-969438431
-969430247
-969317335
-969074245
-968915547
-968599120
-968484147
-968365131
-968252811
-967967529
-967426386
-967330131
-966772252
-966647669
-966305479
-965942218
-965828079
-965799707
-965759841
-965614576
-965201017
-964896973
-964737106
-964702615
-964562253
-964176378
-964063939
-964015318
-963704537
-963523074
-963425825
-963308421
-962707974
-962125351
-961713402
-961411376
-961274726
-961130153
-961112413
-960218590
-960203562
-960189426
-960135684
-959999892
-959942311
-959822652
-959786190
-959668299
-959431700
-959343241
-958965357
-958706243
-958626413
-958217616
-958078862
-958056602
-957905776
-957831945
-957817595
-957798307
-956847508
-956789006
-956259022
-956090888
-956047367
-955785419
-955452266
-955271146
-955199938
-954858457
-954474823
-954259741
-954152365
-954113827
-954035661
-953765581
-953682898
-953549305
-953341769
-953192648
-952205244
-951861771
-951624116
-951492635
-951483566
-951305235
-951296199
-950983404
-950839957
-950611725
-950234721
-950228932
-949057237
-948695971
-948483239
-948452395
-947722131
-947375934
-947225984
-946778523
-946667965
-946313524
-945351338
-945331844
-945288444
-944895482
-944883978
-944879914
-944748373
-944716251
-944235563
-944039632
-943974675
-943913481
-942957278
-942436530
-942284490
-942259367
-942170046
-942148547
-941947859
-941870948
-941838998
-941549424
-941280777
-941044071
-940642483
-940469187
-940431371
-940337388
-940281417
-940156150
-940040270
-939585875
-939552692
-939435531
-939408531
-938912231
-937828225
-937803380
-937756723
-937755256
-937471497
-937220016
-937115373
-937081572
-937006590
-936884478
-936428684
-936168617
-936143652
-935631362
-935566803
-935383738
-935253992
-935228656
-935227551
-935159720
-935031653
-935030232
-935010977
-934958420
-934896628
-934808352
-934648475
-934645451
-934585174
-934508927
-934182119
-934138390
-933951966
-933799270
-933794771
-933687927
-933648205
-933498736
-933461400
-933413709
-933255230
-933199360
-933181214
-933045004
-932852622
-932847541
-932655084
-932608741
-932338210
-932095042
-932042679
-931855641
-931065347
-930870310
-930486408
-930265519
-930250498
-930170366
-929282656
-929065582
-929042685
-928909831
-928895344
-928767781
-928424243
-928067956
-928059273
-927974427
-927917386
-927692499
-927606511
-927235990
-927148887
-927038371
-926861191
-926349031
-925983768
-925898234
-925290418
-924766307
-924652019
-924540887
-924170244
-923851630
-923818182
-923784073
-923628038
-923551396
-923513645
-923385437
-923282423
-922596870
-922014279
-921765389
-921759130
-921682458
-921679292
-921382211
-921252875
-920680765
-920463587
-920336057
-919846627
-919517019
-919118815
-918508143
-918467281
-918241780
-917801685
-917265438
-917219606
-917150944
-917137745
-916916316
-916884190
-916820355
-916813053
-916778212
-915766016
-915161363
-915101297
-914660796
-914640703
-914551085
-914444338
-913890921
-913813137
-913788365
-913555178
-913495506
-913461898
-912633904
-912556966
-912505542
-912470194
-911984218
-911724253
-911648365
-911511432
-911038776
-910699154
-910617900
-910403764
-910186866
-910179670
-910145936
-910046186
-910044315
-909737471
-909661521
-909543340
-909539695
-909410911
-909188144
-909076376
-909017238
-908826678
-908736205
-907825833
-907147271
-906520346
-906508757
-906506559
-906411886
-906337340
-906253218
-905969954
-905579784
-905530239
-905230824
-905126584
-904953232
-904918806
-904550073
-904534686
-904434080
-903966084
-903871934
-903526455
-903227267
-903157013
-903148764
-902840112
-902799069
-902705055
-902307188
-902202178
-901859542
-901463471
-901126436
-900987119
-900788694
-900385458
-900381614
-899912743
-899835975
-899209251
-899192803
-899171161
-898534676
-898461563
-898432141
-898399162
-898336259
-898279585
-898269195
-898200102
-898129801
-897812600
-897610997
-897500376
-897376466
-897369212
-897091087
-896861603
-896087870
-895904534
-895733352
-895475762
-895375038
-894689151
-893963580
-893789895
-893169594
-893011747
-892455405
-892098850
-891774029
-891760309
-891629511
-891551071
-891105325
-891041824
-890856584
-890187659
-890154420
-890148153
-890129554
-889738952
-889656040
-889465029
-889151208
-888870265
-888741669
-888719757
-888629440
-887995056
-887812988
-887451500
-887205612
-887048326
-886947857
-886877793
-886844140
-886839838
-886164285
-886036600
-885580907
-885525731
-885308385
-885162240
-884824338
-884450347
-884286337
-883809796
-883572491
-883427389
-883243529
-883183603
-882807063
-882724705
-882711003
-882130048
-881719201
-881409667
-881345934
-881185160
-880618300
-880390839
-880222360
-879573930
-879533299
-879393119
-879162138
-878479037
-878201282
-878200224
-878054904
-878052737
-877938627
-877932627
-877363067
-877239613
-876949877
-876830521
-876788053
-876470851
-876209157
-875980496
-875911662
-875865900
-875253951
-874953341
-874736952
-874734511
-874551231
-874527613
-874248086
-874071793
-873507579
-873507248
-873402476
-873344482
-873028693
-872677274
-871913934
-871666882
-871412488
-871227332
-871049392
-870356669
-870082187
-869946251
-869890405
-869625914
-869518044
-869462340
-869382923
-869072446
-868964545
-868674068
-868511647
-867973878
-867391014
-867056112
-867034484
-866935677
-866488337
-866464082
-866442718
-866330762
-865830392
-865487889
-865471739
-865368758
-865346832
-865212795
-865081722
-864784859
-864712710
-864629650
-864284531
-864001652
-863837423
-863684244
-863572811
-863425410
-862873591
-862363074
-862197763
-862045014
-861731073
-861336772
-861032051
-860689264
-860583459
-860564842
-860420968
-860125110
-859887845
-859879017
-859865308
-859795281
-859456841
-858967287
-858713492
-858623895
-858312651
-858026161
-857949773
-857141541
-857040167
-856957630
-856954828
-856865879
-856823328
-856767346
-856629782
-856442686
-856255014
-856208969
-856060052
-855123372
-855028871
-854931720
-854754236
-854743237
-854511896
-854234964
-853974748
-853849815
-853258700
-853083069
-852896479
-852874307
-852788676
-852758903
-852618780
-852169743
-852064086
-851904022
-851391877
-851013945
-850939740
-850834981
-850785001
-850770358
-850232672
-850076003
-849814598
-849811574
-849530169
-849384017
-849311132
-849277887
-849122503
-847992801
-847360407
-847257977
-847108810
-846648306
-846593606
-846554226
-845993369
-845687564
-845566393
-845330166
-845033473
-845023350
-844882629
-844863966
-844837903
-844722917
-844673833
-844484775
-844420638
-844400037
-844182077
-844148470
-844136532
-843896197
-843741792
-843738342
-843542035
-843350159
-843187770
-842755075
-842603226
-842066247
-841937733
-841750892
-841023155
-840195565
-839960582
-839677098
-839573517
-839198412
-838811906
-838565186
-838191136
-838057642
-837667564
-837561191
-837344491
-837139090
-837025828
-836755382
-836681863
-836472533
-836440711
-836435644
-836188153
-836119161
-836084602
-835920511
-835380082
-835285185
-834813523
-834546078
-834515222
-834349566
-833929788
-833475297
-833085015
-833030674
-832888640
-832863269
-832799807
-832620921
-832432785
-832399261
-832009561
-831938848
-831862956
-831725040
-831567820
-831316048
-831084015
-830964153
-830558235
-829984404
-829707254
-829671001
-829594870
-829296033
-828981195
-828951974
-828723273
-828613004
-828265615
-828255206
-828214150
-828050560
-828007163
-827908569
-827712114
-827700080
-827586348
-827392906
-827378127
-827213155
-827034238
-826741485
-826618076
-826326795
-826093992
-826075475
-825831958
-825732558
-825435849
-825163883
-825151836
-824530455
-824333196
-824245262
-824128436
-823870131
-823714852
-823536396
-823422050
-823228811
-823084483
-822775558
-822759015
-822725232
-822690004
-822573934
-822096046
-821791373
-821643771
-820957089
-820734897
-820209097
-820027421
-818909330
-818886098
-818257815
-817949703
-817763844
-817583467
-817319173
-817192788
-816676749
-816490121
-816361333
-816351155
-816329937
-816186903
-816017970
-815918704
-815751313
-815482246
-815449997
-815367859
-815354366
-815263611
-815164778
-814967786
-814866123
-814670306
-814634230
-814583870
-814568470
-814543916
-813935277
-813846828
-813744047
-813093358
-813025825
-812847090
-812442809
-812250683
-812039056
-811626334
-811518227
-811444013
-810975037
-810737301
-810717017
-810698320
-810474598
-810307122
-810304104
-810185452
-810182147
-810117215
-809978805
-809706661
-809429511
-809415324
-809382791
-809362577
-809328350
-809179520
-808972500
-808950368
-808660772
-808296448
-808030243
-807992323
-807683238
-807394554
-807178452
-806721810
-806499931
-806446317
-806179104
-805777948
-805748637
-805689741
-805212110
-804747210
-804185007
-804101775
-804022883
-803896610
-803615219
-803389172
-803256087
-802714126
-802304781
-801878908
-801846128
-801641847
-801491856
-801390043
-801353017
-801291279
-801091686
-801001797
-800805687
-800784847
-800767306
-800563306
-800550983
-800016165
-799855439
-798811701
-798671058
-798513466
-798413026
-798169825
-797987047
-797980487
-797812942
-797777485
-797631310
-797306503
-797277924
-797273162
-797233774
-796404842
-796048669
-795838200
-795713146
-795711064
-795543517
-795524006
-795363961
-795126875
-795027009
-794901111
-794781829
-794695114
-794567871
-794435092
-794393606
-794335829
-794322276
-794053806
-793853005
-793671379
-793406174
-793189396
-793186918
-793056314
-792596404
-792111362
-792037764
-791845469
-791525287
-791403374
-791170034
-791004266
-790973686
-790497561
-789741337
-789730633
-789726488
-788842269
-788818657
-788403541
-788233436
-788214729
-787900651
-787548960
-787535478
-787418665
-787094715
-787067102
-786981855
-786850355
-786808410
-786545002
-786438013
-786222455
-785952648
-785469987
-785388803
-785188355
-785039892
-784949069
-784825052
-783373015
-783071343
-783070071
-782797187
-782113523
-782090466
-781984791
-780921907
-780848589
-780754566
-780544712
-780288409
-780085586
-779757666
-779721903
-779500777
-779399722
-779319782
-778998519
-778977573
-778965505
-778570177
-778396275
-777769060
-777765895
-777657941
-777202161
-776162757
-775973724
-775939934
-775842968
-775837784
-775183889
-774860883
-774135513
-773887012
-773728009
-773687634
-773580803
-773167304
-773064876
-772897650
-772757273
-772681980
-772547120
-772411769
-772157354
-771397687
-770597435
-770273543
-770120226
-769539714
-769530778
-769296904
-769214311
-769065303
-768738579
-768583717
-768400682
-768346223
-768337815
-768181064
-768010740
-767914750
-767813716
-767481233
-767371927
-767343571
-767316391
-767206290
-767008514
-766800271
-766535058
-766458500
-766320734
-766215263
-766139467
-766130451
-765452223
-765132060
-764981640
-764963665
-764679972
-764552667
-764278014
-764274901
-764210277
-763692212
-763443729
-763325645
-763308710
-763203293
-763031519
-762900697
-762765524
-762598493
-761376810
-761024430
-760828707
-760664165
-760396781
-759888402
-759382459
-759261961
-759245742
-758954121
-758589558
-758405928
-757877633
-757821505
-757796196
-757669855
-757614717
-757610719
-757458467
-757456099
-757424822
-757342567
-757224081
-756520166
-756355770
-756074607
-755999833
-755420195
-755331192
-755244600
-755244312
-755194254
-755052705
-754459823
-754262983
-753862152
-753765556
-753719498
-753629150
-753494591
-753318632
-753257986
-752945139
-752940947
-752904543
-752811538
-752317036
-752174203
-752139698
-751907932
-751802257
-751246465
-750544258
-750262497
-750215266
-750183587
-750017750
-748269834
-748107067
-747764974
-747604192
-747551611
-747144174
-746492385
-746429263
-746242893
-745942759
-745941038
-745862446
-745836264
-745749470
-745501810
-745429032
-745116970
-745060391
-744783399
-744586212
-744093815
-743457402
-743238311
-743134489
-743083718
-742436671
-741723860
-741714110
-741481144
-741468272
-741346910
-740989692
-740820339
-740681083
-740665338
-739981978
-739893368
-739709139
-739143270
-739010757
-738994907
-738993340
-738534995
-738305302
-738259706
-737997270
-737955602
-737924082
-737798417
-737759663
-737433129
-737168648
-736878837
-736752752
-736567910
-736397380
-736261064
-736017957
-735167254
-734908835
-734855848
-734712212
-734339444
-734281266
-733922214
-733689622
-733616138
-733589574
-733534193
-733150262
-732961227
-732793851
-732475771
-732086165
-731984209
-731581930
-731436589
-731369136
-731364668
-731306372
-731130990
-731100930
-731055137
-730999172
-730889859
-730816391
-730702641
-730620818
-730086461
-729642042
-729538184
-729034749
-728492311
-728250299
-727705137
-727529179
-726845876
-726801490
-726787498
-726592572
-726528692
-726473925
-726382582
-726154012
-725753235
-725515256
-725493872
-725459404
-725327420
-725239485
-725075164
-724614719
-724234667
-724204446
-724203704
-723976578
-723925760
-723775976
-723689063
-723637637
-723609472
-723398658
-723355852
-723354484
-723241412
-722652002
-722609166
-722604153
-722549669
-722268425
-722255530
-722135718
-721753506
-721691826
-721495404
-721449055
-721326266
-721284875
-721227890
-720723446
-720441293
-720346496
-720226278
-719870615
-719848769
-719713436
-719528050
-719265473
-718890145
-718874625
-718832686
-718754623
-718284276
-717983873
-717731623
-716657309
-716518452
-716505593
-716469512
-716367243
-715594673
-715442104
-715331879
-715186305
-715087055
-715074187
-714988022
-714973068
-713859033
-713233174
-712998861
-712739537
-712409567
-711681507
-711675766
-711641375
-711611590
-711127104
-710961320
-710245104
-710126157
-709981639
-709811752
-709569888
-709034835
-708862604
-708849650
-708383708
-708243521
-708207977
-707966302
-707892900
-707801339
-707800188
-706899651
-706680638
-706278116
-705553302
-705292862
-704408430
-704237173
-703948257
-703656029
-703618797
-703006533
-702801452
-702580260
-702398175
-702148745
-701916229
-701808865
-701491496
-701363338
-700965185
-700897164
-700540077
-700371581
-700171446
-699756149
-699732761
-699729195
-699693683
-699536510
-699465569
-699174587
-698378366
-698104691
-698063848
-697988196
-697919987
-697041592
-696917671
-696830012
-695803369
-695666304
-695617408
-695600335
-695555467
-695466656
-695426236
-695280426
-695217797
-694902841
-694809075
-694787530
-694515443
-694443695
-694428629
-694214969
-694010898
-693564636
-693551164
-693537444
-693405575
-692501592
-692434226
-692429082
-692220303
-691890643
-691870459
-691787539
-691761128
-691734126
-691184662
-691100991
-691042870
-690891688
-690592264
-690503420
-690262073
-690079346
-689734041
-688533112
-688488398
-688282949
-687445558
-687415146
-687394339
-687314108
-687093059
-687031653
-686849179
-686680346
-685954041
-685934677
-685759727
-685688904
-685675984
-685584837
-685379245
-685337093
-685231070
-685218888
-685187088
-685110138
-685041725
-684938165
-684795332
-684565924
-684534140
-684471766
-684020907
-684014178
-683456433
-683268767
-683222515
-682884451
-682688157
-682378726
-682367080
-682253403
-682227226
-682180939
-681710175
-681171237
-681170910
-680943204
-680910613
-680780293
-680493829
-680400797
-680219064
-679941587
-679842539
-679807370
-679327699
-679066157
-678853518
-678728244
-678532765
-678509356
-678139314
-677821736
-677777670
-677741361
-677375331
-677038173
-676787627
-676467080
-676438740
-676072760
-676055035
-675806816
-675407370
-675139675
-674967868
-674735624
-673925659
-673613157
-673315719
-672551648
-672392393
-672113651
-671740069
-671550687
-671202890
-671071321
-670852195
-670755406
-670443677
-670346384
-670079405
-670001086
-668861270
-668829742
-668395153
-667695127
-667663359
-667595105
-667485506
-667451775
-667286754
-666754065
-666585635
-666204309
-665673632
-665444375
-665033011
-664892160
-664891290
-664607430
-664123147
-663998649
-663940228
-663887278
-663685658
-663601809
-663476849
-663062921
-663016038
-662773590
-662538571
-662486613
-662388019
-662273492
-662224825
-661952170
-661618062
-661609475
-661523314
-661317695
-661273937
-661068228
-660865672
-660796641
-660751948
-660675035
-660389661
-659947485
-659664208
-659372132
-659258965
-659077092
-659033359
-658652580
-658553979
-658182796
-658058503
-658010176
-657362832
-657264335
-657049834
-656938171
-656820450
-656557818
-655627490
-655081989
-655038899
-654816520
-654445081
-654426052
-654118687
-653670527
-653385728
-652713995
-652653693
-652467080
-651746217
-651213072
-650999015
-650517096
-650472042
-650132769
-649922097
-649902163
-649503332
-649273476
-649195370
-648806105
-648799062
-648624442
-648416933
-648375450
-648270455
-648262780
-648215337
-648022505
-647864164
-647649275
-647648690
-647584447
-647291221
-647170502
-646435018
-646238628
-646216682
-646179298
-645556787
-645466609
-645227963
-645225190
-645173254
-645156953
-645085683
-644915986
-644854701
-644109384
-643951178
-643902213
-643778682
-643757259
-643423592
-643385117
-643131870
-642923365
-642844796
-642309279
-642282872
-641259242
-640824800
-640777460
-640768691
-640384735
-640245108
-640209468
-639888510
-639878345
-639740797
-639487113
-639424185
-639233004
-639190745
-638850053
-638506245
-638455442
-638258016
-638138070
-638058862
-637407660
-637153700
-636965205
-636795995
-636573900
-636356154
-636082892
-635935730
-635820507
-634964839
-634946325
-634923145
-634302224
-634281397
-634156982
-634149409
-634108982
-634100660
-633982131
-633946542
-633386006
-633326212
-633266665
-632855010
-632848540
-632134611
-631822860
-631726914
-631701128
-631463728
-630808256
-630420731
-630319380
-629503689
-629194743
-628856866
-628106953
-628071215
-628021961
-627852734
-627524170
-627243364
-627033770
-627022869
-626841486
-626819117
-626373239
-626254569
-626058466
-625764299
-625357292
-625275201
-625057746
-625022421
-624566026
-624509936
-624314125
-623958784
-623852411
-623465452
-623209943
-623179214
-622879499
-622518391
-622435349
-622433742
-622164408
-621881646
-621738736
-621162652
-621105425
-621003057
-620847150
-620827628
-620762115
-620661787
-620471277
-619589857
-619538834
-619393191
-619341470
-619021505
-618707276
-618319322
-618113539
-618019249
-617991961
-617785148
-617553809
-617422095
-617200406
-617134005
-616957436
-616251314
-616186637
-616150696
-616081611
-615637489
-615341760
-614759658
-614680659
-614605293
-614577960
-614159597
-613757525
-612399824
-612161585
-611745126
-611737497
-611650409
-611612996
-611080602
-610560122
-610435454
-610164226
-610132888
-609930580
-609810739
-609608465
-609546144
-609488788
-608650783
-608461686
-608212038
-607890224
-607777619
-607613074
-607482888
-607453382
-607436852
-606747436
-606658066
-606508377
-605734779
-605691859
-605598952
-605439722
-605421838
-604937698
-604879073
-604759808
-604747558
-604572993
-604495099
-604324485
-603952940
-603793141
-603334223
-602871271
-602798919
-602791786
-602591178
-602181011
-600299065
-600255957
-600136240
-599816206
-599248657
-599238162
-598914482
-598204036
-597914399
-597907955
-597798462
-597673388
-597673055
-597456030
-596081385
-595873027
-595739223
-595727262
-595398825
-595355544
-595325613
-594949229
-594661232
-594478368
-594447675
-594407220
-594317797
-593919151
-593832406
-593752906
-593647925
-593527066
-593388639
-593212589
-592589783
-592573607
-592572535
-591859921
-591649257
-591259681
-591161235
-590989838
-590327409
-590163022
-590093724
-589727139
-589525388
-589480187
-588906982
-588386711
-588114009
-588078099
-588023543
-587690747
-587590794
-587494669
-587268543
-586944372
-586918242
-586877265
-586700904
-586042079
-585900698
-585631182
-585562171
-585159308
-584616369
-584603778
-583913940
-583630086
-583604848
-583538518
-582999300
-582520479
-582389986
-582337263
-582335243
-582280341
-582261740
-582142694
-582091019
-581891781
-581652396
-581391768
-580994304
-580820072
-580644509
-580260891
-579773556
-579623346
-579450724
-579170270
-579121038
-578976386
-578945625
-578944923
-578914854
-578765970
-578708233
-578704996
-578215861
-577977098
-577872236
-577728639
-577533713
-577446434
-577401639
-577119731
-576975390
-576929123
-576742454
-576606361
-576441878
-576365196
-576261553
-575948574
-575590369
-575555643
-575418739
-575298708
-575209818
-575161911
-574973787
-574853866
-574500400
-574438123
-574396667
-574312089
-574278012
-574030233
-573949952
-573936980
-573771283
-573694985
-572755502
-572709370
-571668210
-571623983
-570961885
-570936967
-570751338
-570086336
-570017721
-569950782
-569889276
-569001254
-568825110
-568635355
-568562130
-568481135
-568311173
-568073841
-567754440
-567426928
-567308165
-567157861
-567042696
-566493238
-566390685
-566344252
-566248604
-566170856
-566122646
-565901721
-565503619
-565431036
-565357637
-565188475
-565143646
-564892179
-564769950
-564683883
-564670939
-564397960
-564286603
-563702200
-563654589
-563346133
-563323988
-563190378
-563038549
-563009578
-562656102
-562377198
-562108311
-561969908
-561901891
-561718741
-561597514
-561561829
-561095260
-561030317
-560796807
-560484955
-559734799
-559458402
-559413471
-559389785
-559281257
-559053623
-558673370
-558581878
-558469928
-558182574
-558074403
-557821842
-557539386
-557404579
-557318514
-557176238
-557155514
-556972678
-556916187
-556719282
-556608443
-556312638
-556259660
-556210637
-556200688
-556196518
-555806441
-555649811
-555098260
-555011198
-554917769
-554659443
-554247187
-554038619
-554028134
-553989769
-553733497
-553372646
-553333991
-553219741
-553147136
-552914431
-552909457
-552794982
-552509537
-552479841
-551656656
-551519591
-551291541
-550709071
-550653298
-550243369
-550105397
-550013368
-549791617
-549451337
-549365152
-549214290
-549023549
-548448330
-548324401
-548265398
-548106538
-548006219
-547964229
-547855265
-547589144
-547192992
-547090021
-547068653
-546344632
-546285338
-546265422
-546075932
-546008045
-545875258
-545807055
-545473759
-545432896
-545234229
-545111241
-544799030
-544513107
-544254493
-544241628
-544071280
-543959997
-543791699
-543717864
-543713812
-543704976
-543362943
-542657480
-542322191
-541826566
-541795559
-541668154
-541642525
-541476349
-541081125
-541080958
-540984611
-540957872
-540554599
-540460959
-540351077
-540178736
-540007669
-539875667
-539845788
-539716931
-539588250
-538843965
-538827813
-538392005
-538319438
-538073751
-537793106
-537409427
-537331276
-537256811
-537135649
-537051378
-536719763
-536464737
-536127022
-535871184
-535451584
-535307670
-534778495
-533944254
-533807790
-533754577
-533608484
-533536445
-533381774
-532819563
-532788275
-532699014
-532065190
-532014290
-531880184
-531879715
-531748744
-531437246
-531187497
-531062427
-530981205
-530798214
-530751330
-530703824
-530698266
-530667452
-530483408
-530178428
-529970397
-529954176
-529881157
-529836353
-529791386
-529694119
-529680513
-529677531
-529613612
-529604326
-529343288
-529305980
-528852668
-528703915
-528644620
-528554313
-528106201
-528096034
-528066639
-527827870
-527458718
-527223298
-527105348
-526938597
-526935646
-526603306
-526554845
-526496104
-526144204
-526024005
-525973392
-525891112
-525467989
-525029697
-524971659
-524917505
-524774793
-524528724
-524406876
-524236316
-524050305
-524020636
-523437247
-523196659
-522238087
-522115572
-522093286
-521955298
-521668669
-521454121
-521367004
-520636919
-520357550
-519726433
-519606580
-519541450
-519483277
-518989843
-518988123
-518934047
-518850135
-518251522
-517761980
-517748389
-517682408
-517672743
-517577562
-517410177
-517206127
-517198109
-516879511
-516858593
-516658771
-516580892
-516319344
-516273018
-516135915
-516033999
-515895632
-515875650
-515482808
-515349361
-515323607
-514902487
-514784256
-514593382
-514293644
-513950443
-513880066
-513874102
-513826403
-513778187
-513654742
-513436115
-513391043
-512792729
-512365927
-512130284
-511971186
-511957935
-511868856
-511862925
-511851974
-511689196
-511681619
-511672205
-511610916
-511460629
-511275204
-510726891
-510481321
-510376635
-510261355
-510157062
-509699603
-509317644
-508702704
-508017200
-507478863
-507399773
-507262096
-507200446
-507031745
-506985625
-506435015
-506308346
-506289546
-506233685
-506102340
-506013404
-505932313
-505814082
-505609279
-505197475
-504357914
-503992912
-503651743
-503192690
-503141087
-502850952
-502654545
-502489663
-502486413
-501931713
-501865204
-501749631
-501680451
-501411150
-501343845
-500602444
-500469398
-500386603
-500054949
-499870694
-499225034
-499205170
-499182748
-499110205
-498790419
-498771189
-498762678
-498652759
-498306730
-498303878
-498219043
-498196326
-498104422
-498008444
-497932289
-497179224
-497083616
-496689428
-496402828
-496233357
-496014891
-495610597
-495199415
-495149746
-494974313
-494681061
-494462417
-494239404
-494122425
-493967722
-493961521
-493552835
-493451958
-493434827
-493256297
-492394518
-492211910
-492014214
-491748639
-491729153
-491426099
-491368675
-490845318
-490774818
-490672466
-490669591
-490607265
-490183633
-490078247
-489713647
-489687752
-489135480
-489107731
-489021151
-487828031
-487078040
-486619014
-486515945
-486321924
-486246284
-486060631
-486014254
-485767391
-485557938
-485413729
-485319367
-485029977
-484704136
-484582856
-484520932
-484304843
-483954903
-483909591
-483819873
-483299067
-482957555
-482450677
-482119862
-482102629
-481901064
-481555665
-481397971
-481289995
-481276410
-480956151
-480954596
-480882760
-480870246
-480764832
-480561436
-480481331
-480299675
-480270066
-479935339
-479848219
-479405628
-479068570
-478965835
-478686480
-477931129
-477807548
-477532290
-477232457
-477124245
-476957697
-476800815
-476683085
-476475020
-476392094
-476030522
-475786810
-475741427
-475324916
-475183203
-475171907
-475162753
-475061427
-474868628
-474721888
-474304499
-473617277
-473466860
-473285607
-473217308
-472471292
-472343978
-472160259
-472070511
-471938835
-471636656
-471469031
-471394539
-471382571
-471137960
-471031276
-470567147
-470502196
-470496573
-469939026
-469353248
-469331707
-469091019
-468791444
-468613990
-468411854
-468400792
-468367534
-468144510
-467788826
-467775198
-467596069
-467536201
-467396130
-467352892
-467098576
-467035298
-466513571
-466368046
-466314263
-466056446
-465981287
-465801631
-465679221
-465530640
-465297804
-465289775
-465223924
-464818303
-464673396
-464456133
-464399747
-464207827
-464193109
-463912636
-463884369
-463775743
-463693982
-463633407
-463633278
-463500040
-463373315
-463355586
-463350967
-463204569
-462791287
-462672398
-462244146
-462091694
-461941473
-461585426
-461512730
-461224315
-460892128
-460235747
-460213928
-460202419
-460061980
-460012282
-458789301
-458771540
-458645233
-458504262
-458150105
-458095983
-458058618
-457800331
-457708627
-456947818
-456880876
-456747825
-456703363
-456532958
-456103408
-455521777
-455213067
-454030692
-454021035
-454013964
-454001737
-453714921
-453600969
-453373668
-453201495
-453055141
-453033799
-453000105
-452861440
-452780537
-452692668
-452584773
-452520905
-452263833
-452042517
-451898768
-451869553
-450767591
-450716399
-450416561
-449292067
-449206567
-449112551
-449110897
-448925654
-448751841
-448571209
-447875505
-447793526
-447605254
-447533534
-447517784
-446769959
-446587390
-446427786
-446403058
-446365927
-446257517
-445746150
-445325950
-444783100
-444591049
-444417880
-444341210
-444209829
-443989844
-443805830
-443559535
-443226963
-443180635
-443016204
-442989853
-442725565
-442032643
-441667052
-441414644
-441021727
-440932962
-440393098
-440369560
-439993836
-439728448
-439153207
-438730113
-438724103
-438593599
-438210613
-437760240
-437495699
-437473759
-437297616
-437296891
-437180740
-436969273
-436831814
-436761279
-436430072
-436259790
-436084744
-436068501
-435976126
-435588355
-435357161
-435220975
-434625155
-434268727
-434179014
-433820493
-433421908
-433350296
-433220811
-433148964
-433125821
-432998200
-432332233
-431701471
-431607715
-431261426
-430863903
-430276906
-429609846
-429579450
-429437063
-428944083
-428837305
-428772553
-428119588
-428089813
-428038379
-427820500
-427684055
-427641478
-427512540
-427414796
-426819764
-426771535
-426715844
-426666018
-426264570
-426244526
-426180429
-426047565
-425981821
-425836594
-425762491
-425715328
-425291239
-425244281
-424995103
-424911771
-424831481
-423809226
-423755833
-423708597
-423287996
-423064591
-422986609
-422753947
-422652660
-422271509
-421842506
-421300051
-420882934
-420868664
-420839762
-420811277
-419670582
-419645391
-419576586
-419522088
-419352368
-419320767
-419104726
-418681814
-418415785
-417988234
-417937919
-417789361
-417476546
-417468558
-417103969
-416938036
-416915862
-416220498
-416201338
-416180933
-416094648
-415863261
-415734296
-415703874
-415508597
-415323488
-415157079
-414940085
-414406355
-414343682
-414164314
-414110802
-414039491
-414027237
-413995484
-413457380
-413182955
-413161663
-412849594
-412720301
-412506985
-412393483
-412274036
-411806765
-411525314
-411036360
-410905880
-410521122
-410256490
-410170651
-409659929
-409535203
-409516093
-409499995
-409369189
-409207898
-409185711
-409049442
-408803936
-408711549
-408116303
-407990604
-407477180
-407444789
-407239148
-407169704
-407112185
-406795448
-406722142
-406610465
-405898874
-405644898
-405470575
-405353398
-405297625
-404467436
-404252000
-404230279
-404182458
-404130775
-404075297
-403829618
-403032236
-402929198
-402100167
-401937274
-401787449
-401708785
-401701838
-401660127
-401484118
-401429510
-401268467
-401260270
-400960264
-400952620
-400525098
-400490188
-400180076
-400022716
-399909676
-399871373
-399531645
-399053131
-399049131
-398554305
-397992109
-397983787
-397244677
-397075191
-396805899
-396673285
-396544641
-396465235
-396362918
-396097325
-395913558
-395911571
-395648711
-395614437
-395435004
-395352951
-395009450
-394547969
-394409417
-394293932
-394188140
-393340650
-393110090
-392807765
-392588443
-392377119
-392257849
-392191696
-392123292
-392115493
-391851573
-391789148
-391436830
-391262990
-391253365
-391156789
-391119291
-391009866
-390977212
-390779979
-390499166
-389895151
-389565512
-389333606
-388801712
-388549286
-388126919
-387822697
-387555603
-387219877
-387083407
-387072867
-387013214
-386390553
-386324854
-386298769
-386203353
-386195960
-386179332
-385771441
-385725380
-385280248
-385235780
-385186121
-385050817
-385032733
-384922274
-384868877
-384245667
-384168656
-383965205
-383666037
-383001413
-382781091
-382223632
-381903085
-381342760
-381253485
-381046953
-380954039
-380743433
-380499251
-380488012
-379469246
-379413312
-379337947
-379202500
-378942620
-378712223
-378668935
-378620778
-378535137
-377925992
-377288810
-377258909
-376893216
-376008857
-375905939
-375611477
-375576415
-375262440
-374770883
-373951105
-373261500
-373108895
-373058485
-372967663
-372464173
-371768331
-371490845
-371075271
-370997642
-370986472
-370920449
-369455021
-369397533
-369365434
-369364024
-369176584
-368862109
-368687219
-368434354
-367617461
-367584637
-367141567
-366987884
-366200948
-366113654
-365346194
-365237237
-365196866
-365051239
-364081773
-363986692
-363799972
-363689527
-363648681
-363575346
-363349746
-363329198
-363266754
-362690896
-362219246
-362178007
-361837636
-361832817
-361592672
-360792570
-360152200
-359981419
-359853991
-359701406
-359334718
-358946090
-358867132
-358535186
-358527424
-358464290
-358089656
-357963070
-356711840
-356644208
-356611750
-356461851
-356332992
-356277814
-355898112
-355630474
-355492567
-355444261
-355205762
-355145334
-354933663
-354721524
-354676093
-354322035
-354225793
-353964212
-353658451
-353551165
-352857847
-352804595
-352734834
-352646985
-352515536
-352432920
-352341017
-352028504
-351997023
-351951482
-351437777
-351335724
-351322692
-351230148
-350783663
-350368893
-350233763
-350122159
-349964939
-349304253
-349150587
-348986079
-348781495
-348499779
-348460806
-348148641
-348009593
-347864556
-347809583
-347481404
-347468236
-347341297
-346334702
-345712631
-345197909
-344606603
-344505882
-344434457
-344344100
-344340584
-344003158
-343927177
-343417051
-343415800
-343291406
-343265474
-342876477
-341705248
-341197700
-340957972
-340771576
-340725136
-340187849
-340131733
-339924661
-339365680
-339320427
-339093845
-338943538
-338758549
-338663079
-338642366
-338345291
-338268806
-337751389
-337594737
-337555932
-337381840
-337135589
-336465432
-336435614
-336311473
-336194184
-335941487
-335915188
-335781286
-335452151
-334675543
-334641629
-334385968
-334292136
-333953582
-333835286
-333705132
-333679260
-333279493
-333039441
-332942180
-332809204
-332015467
-331885096
-331759757
-331716930
-331210992
-331021567
-330813283
-330452144
-330331479
-330268403
-329973357
-329866265
-329596653
-329425223
-329333573
-328910914
-328775738
-328086343
-327158448
-327153147
-327128617
-327051556
-326883257
-326817940
-326800226
-326774274
-326577910
-326462428
-326261429
-325986752
-325860726
-325410482
-325302825
-325002049
-324741078
-324267895
-323985557
-323441642
-323424004
-323295439
-323262225
-322741957
-322570133
-322233364
-321925020
-321746298
-321724142
-321326946
-321297463
-321149918
-321146610
-321139640
-321024467
-320784221
-320628254
-320148333
-319365380
-319289178
-318907433
-318514739
-318459034
-318117615
-318077321
-317933390
-317821050
-317774591
-317757082
-317692314
-317625149
-317582142
-317536312
-317465743
-317385484
-317169348
-316841841
-316437909
-316276356
-316241404
-316208173
-316130799
-315696533
-315625279
-315550377
-315315316
-315190267
-315049157
-314877699
-314711324
-313799382
-313698507
-313540912
-313114858
-313009424
-312922675
-312804505
-312466917
-312068664
-312049037
-311679456
-311674863
-311607909
-311552743
-311532451
-311512146
-311023004
-310954718
-310802094
-310732662
-310686929
-310644594
-310605576
-310429412
-310363339
-310332431
-309609649
-309483919
-309329323
-308772348
-308548989
-308484407
-307526506
-307238409
-307022511
-306628287
-306619355
-306458861
-306368907
-306030259
-305779741
-305670477
-305559599
-304904239
-304859288
-304440380
-304359994
-303783699
-303548326
-303401101
-303288342
-303197899
-303191975
-303029790
-302933147
-302911063
-302845184
-302289384
-302236128
-302139582
-302009404
-301721418
-301416648
-301323366
-301023495
-300512207
-299929562
-299878256
-299700427
-299628245
-299075759
-299073866
-298951144
-298549840
-298075602
-297834812
-297570402
-297311356
-297037769
-297026467
-296653852
-296592911
-296378633
-296179938
-295979124
-295798515
-295387780
-295337283
-295255246
-295046307
-294546006
-294376874
-294313109
-294302209
-293922790
-293776579
-293761079
-293708653
-293525330
-293499794
-293114055
-293034788
-292778539
-292727738
-292428005
-292253497
-292033945
-291702722
-291491589
-291222851
-291068126
-290828481
-290811769
-290682334
-290667133
-290641176
-290608970
-290505876
-290106952
-290064230
-289700124
-289410383
-289304067
-289300778
-289066465
-288858060
-288248872
-288163537
-287976973
-287872172
-287763141
-287667104
-287094077
-286708857
-286570762
-286552471
-286512742
-286484451
-286210583
-286197136
-285970779
-285251980
-285214392
-285195997
-284923658
-284474942
-284273606
-284255324
-283846715
-283742380
-283704836
-283467593
-283096502
-282697483
-282351794
-281830597
-281713663
-281486491
-281473558
-281264367
-281227834
-281142640
-281139928
-280754052
-280604148
-280594057
-280522702
-280216832
-280163497
-279811620
-279579949
-279204202
-279017083
-278860485
-278767516
-278531590
-278094055
-277887470
-277886263
-277848628
-277571740
-277398573
-277259133
-277248238
-277013080
-276751977
-276666579
-276155271
-276135393
-275637466
-275626077
-275156522
-274983548
-274965394
-274908240
-274855965
-274395052
-274011680
-273879918
-273866029
-273745985
-273600447
-273297647
-273292068
-273026454
-273021034
-272887780
-271843049
-271792307
-271694117
-271456523
-271131343
-271122119
-270904468
-270885110
-270865704
-270836208
-270213192
-270194566
-270082147
-269874317
-269781010
-269619140
-269472713
-269348863
-269314725
-268878758
-268656005
-268403586
-268253153
-267949421
-267904098
-267728228
-267551132
-267206049
-267016094
-266784806
-266741053
-266490613
-266213505
-266163434
-265057539
-264348154
-264317156
-264238907
-263726337
-263712835
-263272252
-263206878
-263183892
-262711311
-262621535
-262525311
-262438660
-262006758
-261984950
-261505727
-261434725
-261284748
-261072029
-260974485
-260808274
-260626625
-260314897
-260219762
-260087958
-259881906
-259758133
-259745680
-259623635
-258881231
-258717562
-258412622
-258181081
-258086591
-257798044
-257643673
-257632605
-257505111
-257123085
-256481086
-256440601
-256284228
-255745521
-255708031
-255319198
-254805343
-254593961
-254522831
-254362331
-254287827
-254140816
-254106593
-254045844
-253850259
-252801401
-252062234
-251929585
-251696734
-251659851
-251631328
-251512703
-251490635
-251390038
-251244429
-251150539
-251120415
-251084104
-250944598
-250899480
-250876616
-250747905
-250719058
-250668228
-250654544
-250610327
-250569176
-250116204
-250078464
-250043620
-249667756
-249620143
-249128930
-249091951
-248558077
-248340378
-248153149
-248116060
-248073297
-247585476
-247529043
-247393503
-247297941
-247224029
-247084258
-246556022
-246398641
-246336834
-246334499
-246239474
-246219103
-246084769
-245246039
-245023194
-244744631
-244726809
-244322575
-244322189
-244299289
-244225858
-244008649
-243491549
-243473231
-243349495
-243267759
-243206549
-243078808
-242770416
-242155900
-241866410
-240823590
-240148641
-240126008
-239337536
-239291873
-239144456
-239044783
-238942906
-238789154
-238715323
-238334699
-238183983
-238127083
-237928859
-237883312
-237847019
-237534411
-237140706
-236565151
-236564147
-236515781
-236488904
-236258074
-235829256
-235347309
-234668129
-234624800
-234289969
-234002823
-233501507
-233364137
-233123566
-232998791
-232613602
-232308959
-231642977
-231520567
-231514572
-231496415
-231483017
-231440135
-230859570
-230642224
-230063230
-230037777
-230019327
-229599016
-229081327
-229018414
-228946444
-228915304
-228154125
-227871730
-227743926
-226964399
-226926931
-226925648
-226766302
-226731541
-226374462
-226210933
-225720390
-225362749
-225352060
-224995390
-224513845
-224275883
-224258004
-224143216
-223787895
-222959075
-222542392
-222064576
-221915323
-221711509
-221374267
-221290980
-220769037
-220485882
-220444423
-220434562
-220422464
-219832648
-219802131
-219415635
-219368436
-219219147
-219126226
-218975840
-218875851
-218829505
-218503136
-218463117
-218451388
-218367534
-218152479
-218046616
-217888764
-217594360
-217515815
-217056644
-216994857
-216713855
-216598125
-216291341
-216047412
-215722060
-215654110
-215596110
-215559134
-215477223
-215265981
-214644198
-214402516
-214402019
-214220420
-214037838
-213254163
-212971365
-212570206
-212198517
-212173754
-212026726
-211865912
-211768866
-211641745
-211519035
-211455013
-211428732
-211133636
-210798969
-210796611
-210625365
-210607555
-210308569
-210229860
-210129202
-210041502
-209716130
-209637868
-209288528
-209287024
-209271701
-209253438
-209207570
-209128990
-208767730
-208722861
-208390923
-207715591
-207705631
-207654818
-207567326
-206827644
-206774821
-206066402
-205052055
-204782268
-204685872
-204572178
-204302527
-204256559
-203946476
-203742277
-203261376
-202917468
-202794641
-201861073
-201187888
-200918775
-200797016
-200145931
-200111533
-200026902
-199938197
-199904555
-199655494
-199333680
-199106472
-199071354
-198184095
-198091678
-198026247
-197993323
-197241942
-196905913
-196903684
-196701503
-196518716
-196356945
-196147650
-196081840
-195711302
-195545112
-195408468
-195352984
-194879462
-194749694
-194725095
-194644643
-194396223
-194282911
-194074113
-193979403
-193655531
-193299617
-193258654
-193189160
-193044792
-192743258
-192703426
-192000016
-191343944
-191142640
-191110503
-190817718
-190567714
-190329353
-190151024
-189992382
-189787731
-189759464
-189515458
-189451569
-189364192
-189210858
-189122846
-188597820
-188594143
-188450192
-188330117
-188088361
-188069631
-187984323
-187950962
-187880790
-187820221
-186296358
-185767845
-185623605
-185596045
-185427829
-184436891
-184374233
-184002814
-183970732
-183857634
-183698440
-183608680
-183491595
-183291042
-183223822
-183133256
-182995828
-182986939
-182827266
-182800080
-182638361
-182627030
-182529915
-182421276
-181813209
-181772800
-181744758
-181685669
-181411838
-181342902
-181067741
-180928722
-180446934
-180111017
-179413165
-179330228
-179123965
-178999761
-178916380
-178653361
-178597704
-178222253
-178145088
-178134169
-178084395
-177750297
-177316653
-177228157
-177072925
-176963407
-176563117
-176362873
-175784451
-175312259
-175183538
-175086206
-175082422
-174660334
-174260894
-174105412
-173765511
-173633891
-173493190
-173279668
-173102059
-172756936
-172750913
-172721895
-172186999
-171851689
-171794853
-171605169
-171402929
-171394086
-171072280
-170993479
-170965338
-170030566
-169868345
-169238398
-169193761
-168978786
-168922991
-168866428
-168720451
-168668047
-168578657
-168470665
-168080809
-167912498
-167747267
-167071512
-166982638
-166583129
-166139680
-165962473
-165826974
-165737158
-165381610
-164945786
-164892153
-164750935
-164511965
-164034024
-163874077
-163666436
-163593038
-163338029
-163299310
-163248681
-163220898
-163191498
-163137031
-163125799
-163122138
-163059686
-162979440
-162947470
-162842681
-162779791
-162733107
-162686377
-162513096
-162339401
-162101326
-161527627
-161365739
-161293381
-161233422
-160625974
-160441159
-160134941
-160113754
-160110490
-160036708
-159238318
-159130177
-159102902
-158743136
-158395845
-158348748
-158120482
-157888962
-157637799
-157217927
-157134956
-156432591
-156201065
-155765779
-155751723
-155288452
-155181389
-154757686
-154660462
-154644431
-154638818
-154454841
-154379075
-154287521
-154177611
-154104081
-152675233
-152136332
-151954913
-151776898
-151435104
-151296036
-150926145
-150890487
-150826427
-150650856
-150642430
-150152585
-150123578
-149997481
-149575073
-149522066
-149471151
-149443285
-149252048
-149143971
-149070699
-148931747
-148909211
-148860784
-148652203
-148350997
-148304056
-148193577
-147933844
-147793686
-147721407
-147504014
-147407792
-147139682
-147133250
-147059641
-146863059
-146842320
-146609740
-146496266
-146407960
-146271599
-145615004
-145002038
-144947507
-144909887
-144259453
-144213345
-143924215
-143779824
-143435839
-142774287
-142436195
-142332321
-142005495
-141840899
-141191732
-140983444
-140940229
-140780124
-140758984
-140517566
-139036766
-138354412
-137884553
-137595097
-137454899
-137224379
-137169352
-136918256
-136826280
-136643064
-136317554
-136204645
-136186249
-135888913
-135615161
-135023924
-134936608
-134785757
-133993128
-133935837
-133573314
-133295580
-131885543
-131848836
-131797005
-131486810
-131209789
-130922984
-130843419
-130669267
-130543224
-130466890
-130322180
-130204559
-129913376
-129475802
-129420992
-129160460
-129115329
-129050863
-128576446
-128415820
-128120257
-128059385
-127774634
-127614197
-127545684
-127450596
-127360391
-127297405
-127296348
-127196561
-127194011
-127182415
-126967312
-126881385
-126637454
-126503120
-126461051
-126459338
-126127070
-125935197
-125504631
-124857470
-124722934
-124708133
-124354144
-124160634
-124028533
-123843362
-123490944
-123471504
-122890151
-122859884
-122435894
-122385951
-122155417
-121787265
-121720489
-121673222
-121629512
-120871663
-120747540
-119837169
-119765863
-119492357
-119479258
-119075814
-119057876
-119034709
-118989170
-118517609
-118116094
-118087317
-118071420
-117382989
-116022448
-115967554
-115457804
-115432882
-115264834
-114931299
-114653251
-114619888
-114064716
-113672033
-113540006
-113090536
-113068350
-112936474
-112553400
-112196335
-111363339
-111158670
-111077978
-111074593
-110716969
-110610359
-110573982
-110312898
-110196032
-110090096
-109835395
-109417250
-109394818
-109141634
-109117605
-108955245
-108803656
-108750322
-108708049
-108548296
-108429904
-108353171
-108179224
-107634874
-107388033
-107202639
-107030093
-106747464
-106640345
-106252553
-106190707
-106014651
-105656089
-105438897
-104802466
-104797187
-104775097
-104415206
-104052835
-103258830
-103250002
-102719874
-102491437
-102044558
-102033746
-101980080
-101863655
-101742782
-101398979
-101383799
-101256859
-100848506
-100792218
-100468399
-100350869
-99956078
-99890903
-99448792
-99337880
-98580428
-98074356
-98040566
-97108996
-97024268
-96855409
-96820160
-96640066
-96585494
-96521486
-96114278
-95501972
-95274654
-95035977
-94791665
-94588979
-94267648
-93998776
-93914927
-93835912
-93474578
-93408941
-93384195
-93210319
-92820512
-92637105
-92626825
-92297042
-92109046
-91902485
-91835129
-91830950
-91307105
-91009844
-90802143
-90612945
-90409622
-90379643
-89906474
-89579759
-89201508
-88851176
-88052623
-87914038
-87777051
-86688662
-86661019
-86650754
-86610914
-86330730
-86178803
-85685448
-85659824
-85465391
-84909183
-84845838
-84745093
-84505473
-83702362
-82974683
-82947466
-82946012
-82892858
-82586370
-82580172
-82578586
-82436753
-82190537
-82156674
-81764336
-81502651
-81360137
-81349827
-81180066
-81141693
-81034668
-81014094
-80882690
-80853423
-80820634
-80778715
-80677796
-80603827
-80459050
-80283879
-79927060
-79642813
-79610978
-79282081
-78977246
-78797838
-78705853
-78586748
-78517500
-78437725
-78392000
-77580563
-77544643
-77443217
-77410561
-77186232
-76937736
-76814704
-76760544
-76706127
-76618706
-76601690
-76122196
-75953629
-75925805
-75769198
-75687406
-75568632
-75365108
-75090077
-75076365
-74766080
-74107349
-74107012
-73869325
-73390948
-72996143
-72894402
-72731242
-72231380
-72163608
-72080011
-72048693
-71987770
-71454449
-71381630
-71347227
-71122098
-71077612
-71046249
-70988103
-70735948
-70577151
-70282883
-70040608
-69771601
-69617409
-69520704
-69453569
-69316497
-69298211
-69113775
-69048319
-68874627
-68642105
-68445291
-68220919
-68171425
-67902069
-67874490
-67765568
-67558275
-67532974
-67489273
-67430709
-67174838
-66816332
-66666601
-66440705
-66143911
-66121586
-65931467
-65669958
-65597953
-65481455
-65303541
-64239059
-63912838
-63372318
-63272974
-63272939
-63108057
-63027352
-62921262
-62894177
-62301129
-62286588
-62044698
-61921540
-61630671
-61490428
-61263422
-61259953
-60998753
-60504379
-60221096
-60126543
-59721174
-59384104
-59150830
-58942864
-58707835
-58428141
-58161733
-58073663
-57758568
-57654404
-57638343
-57601952
-57572697
-57531463
-57318152
-56802376
-56738384
-56531814
-56381875
-56184553
-56184534
-55905576
-55755171
-55698297
-55294392
-54880932
-54552437
-54420005
-54192831
-53926046
-53775361
-53386147
-53201665
-53012108
-52959651
-52675810
-52457197
-52451277
-52356657
-52317324
-52203323
-51941553
-51892020
-51873188
-51206144
-50997964
-50858171
-50723431
-50672531
-50549462
-50419667
-49954512
-49791080
-49444620
-49151661
-49144256
-49035358
-48962331
-48942404
-48792244
-48783672
-48764322
-48673682
-48548704
-48459731
-48392363
-48109926
-47907625
-47513735
-47268439
-46806647
-46710807
-46590678
-46458062
-46410088
-46293825
-46205175
-45979400
-45893355
-45879896
-45817251
-45352230
-44738659
-44576937
-44213693
-43595402
-43527963
-43518943
-43032114
-42870369
-42765855
-42124651
-42117679
-42041905
-41808854
-41808028
-41612261
-41520596
-41312474
-41181986
-41036453
-40520606
-40127098
-40055977
-39877495
-39872760
-39804094
-39268016
-38796382
-38742617
-38673838
-38593016
-38552109
-38293117
-38161376
-37994868
-37817404
-36820741
-36627462
-36592043
-36462067
-35954091
-35827581
-35735696
-35548459
-35352680
-35029922
-34947873
-34916431
-34843984
-34828782
-34456703
-34414094
-34088922
-33986738
-33464300
-33155691
-33141472
-32581103
-32236624
-31847279
-31315598
-31194505
-31041804
-30884873
-30873214
-30462069
-30404283
-30326071
-30255227
-30038348
-30019961
-29706093
-29661341
-29541765
-29453009
-28513248
-28225053
-28147730
-28147158
-28084786
-28017224
-27970692
-27889240
-27686048
-27312390
-27213833
-26637863
-26578850
-26522582
-26470456
-26313771
-26147882
-26066694
-25957111
-25920834
-25799737
-25585845
-25354279
-25185906
-25121983
-25072451
-24748718
-24725370
-24273354
-23833177
-23585070
-23032077
-22629856
-22566290
-22469259
-22369504
-21889364
-21756474
-21373977
-21160708
-21032027
-21005263
-20867139
-20293416
-20206247
-20176281
-20089370
-20070586
-19958349
-19786409
-19751540
-19651387
-19618806
-19452849
-19260274
-18847842
-18062738
-17740132
-17031126
-16963934
-16841288
-16497044
-16453174
-16327292
-16222748
-16052716
-15559110
-15401127
-15387067
-15051477
-14846081
-14783277
-14543834
-14406781
-14273280
-14247368
-14079052
-13872022
-13861851
-13681003
-13566920
-12920745
-12905603
-12875490
-12803450
-12570127
-12548328
-12410165
-12347303
-12078487
-12043203
-11961452
-11819448
-11774550
-11542831
-11254110
-11008068
-10946164
-10831974
-10747542
-10548109
-10309520
-10305557
-9964265
-9825931
-9813867
-9794159
-9614892
-9468666
-9466871
-9278660
-9061287
-8659811
-8652320
-8614162
-8527637
-7778952
-7589190
-7242641
-7219296
-7027909
-6894255
-6634285
-6412903
-6228024
-6114097
-5479907
-5447259
-5056493
-4808333
-4604107
-4392930
-4313114
-4296415
-4075682
-3647842
-3626910
-3343125
-3220683
-3068853
-2765011
-2409852
-2308926
-2255597
-1959581
-1740955
-1700702
-1670054
-1642793
-1473536
-1250464
-672048
-158093
-123896
18170
240618
277587
301545
930748
953034
1729879
1923353
2144588
2286934
2405176
2453051
2647314
2890498
3032177
3180704
3264765
3316268
3576262
3708023
3930129
3981413
4201248
4603876
4668671
4934179
5012654
5258114
6426856
6607055
7163291
7212407
7275852
7456819
7981854
8049998
8196611
8567990
8594901
9192056
9415912
9754400
9781481
9801516
10637776
10871237
11291764
11403444
11654469
12518079
12538528
12712990
13134890
13147842
13704945
13747619
14519031
14736304
14855427
14872327
15203319
15374777
15617273
15982282
16278239
16304422
16648814
17240620
17384297
17452284
17519525
18755871
18755979
18909155
19014805
19166342
19765489
19853634
20174637
20333899
20335893
20713920
20865747
20899155
21070584
21356018
21827565
22222844
22311838
22629396
22638754
23439899
23466650
23734495
23756606
23927143
24030461
24036731
24142698
25255178
25490665
25824702
26091301
26175850
26532286
27064264
27271765
27335302
27406354
27612825
27816107
27854602
27945339
28022842
28617083
28683108
28913276
29334568
29406318
29449418
29514106
29702763
30030907
30387508
30939883
31261505
31435340
32222495
32332108
32455235
32529753
32557315
32610769
32773937
32881793
33060232
33216704
33304176
33464203
33586583
34070056
34147164
34158386
34282222
34409671
34445020
34461689
34594865
34787731
34796020
35027710
35068631
35585318
35760744
35785787
36158836
36178161
36245535
36339379
36445910
36493552
36855362
36968901
37106632
37201214
37402356
37965954
38144734
38375325
38565819
38582551
38735534
38866037
39287561
39288941
39450200
40118209
40343729
40879410
41056708
41095406
41393025
41437159
41448243
41681229
41763820
42024399
42065687
42427657
42616499
42882344
42940459
43132202
43346178
43831849
43856362
44052821
44312933
44340314
44510610
44603561
45277364
45296034
45641070
45724543
45743362
46640375
46644413
47087173
47411691
48302296
48495982
48620498
48636308
48722879
49341044
49433538
49663124
49682066
49802044
50192757
50309010
50313899
50408922
51046595
51267973
51278060
51349631
51555437
51575058
51854449
51983414
52369315
52604815
52960436
53083698
53382697
53433146
53727271
53928772
53963151
54328783
54393978
54409491
54455539
54470011
54930468
54938481
54995602
55122972
55372401
55525261
55668265
55821328
55964251
56030415
56077175
56142160
56917102
56990928
57325389
58904190
59049222
59272664
59452445
59454966
59476956
59481904
59683720
60053696
60067746
60334826
60452940
60851201
60867974
60935125
60963788
61254086
61324727
61545011
62232693
62466817
62610000
62917723
63017464
63023814
63721830
64146641
64216684
64230680
64318557
64554182
64628247
64878292
65234460
65736814
66088010
66218979
66300447
66451157
66669296
66825713
67030027
67109331
67201816
67347821
67676936
68029271
68073118
68083394
68419159
68426381
68727495
68831551
68892679
69100601
69292818
69624616
69692280
69767892
69867015
70457866
70461749
70605666
70705600
71106982
71112214
71301136
71468720
71575703
71634496
71683166
71703260
72179626
72260163
72387828
72428571
72445272
72467469
73294948
73429048
73549868
73756165
73996896
74824066
74896396
75507938
75752694
76000650
76172991
76219201
76325791
76383245
76407982
76812894
76943447
77259892
77389329
77540954
78466760
78469492
78717430
78795021
78980709
79284494
79470118
79631293
79872023
80097735
80243752
80286591
80354051
80565514
80609249
80833172
81249790
81900380
82213873
82309835
82430747
82785750
83018740
83121115
83142163
83760031
83767285
83836927
83891966
84581278
84733174
84841726
84965101
85292360
85441056
85546079
85688680
85979388
86065601
86105371
86251637
86300462
86518804
87273252
87568309
87972176
87980805
88175143
88248832
88348244
88952146
89025882
89069705
89373754
89597669
89646751
89870275
89905421
89910427
90226124
90578435
90647924
90668414
90778279
91183172
91429240
91687575
91883439
91896587
92101530
93472479
93663617
94213309
94626076
94676379
94824127
94896723
95212425
95349337
95429215
95507137
95672909
96405386
96793527
96847001
96939565
97070116
97435578
98100255
98283114
98415474
98773217
98791171
98807714
98828114
99144561
100107538
100310842
100329862
100697432
100771197
100781556
100832914
100973913
101381714
101446068
101685647
102107747
102577112
102736715
102822689
103197684
103611530
103684696
103809146
103997493
104097754
104691959
104751560
105020165
105046002
105095737
105328191
105628264
105839528
106161646
106652796
107433622
107504873
107507133
107514745
107566977
107787611
107943794
107963264
108032163
108354184
109353068
109378350
109918427
110034192
110433913
110922182
110994865
111318288
111454817
111461827
112007051
112018690
112603941
112750029
112810080
112865847
112883004
112972389
113101449
113282476
113667680
113981193
114014683
114133154
114177813
114314894
114368753
115209289
115352024
115599168
115736734
115981006
116077601
116267024
116654422
116782758
116827244
116914631
117143042
117153398
117159782
117490230
117521112
117762270
117821584
117851870
117929563
117955613
118122369
118320366
118367531
118416808
118489738
118718632
118875138
119041285
119083759
119714209
119894325
120040780
120600666
120833168
121069398
121126355
121481534
121639987
121714158
121722262
121855139
122041011
122161131
122256998
122272717
122542151
123183662
123213073
124002456
125123451
125663380
125990076
126158369
126161195
126241828
126291903
126399808
126500236
126717029
126776954
126802044
127073858
127181405
127255096
127374813
127465424
127477260
127512940
127588580
127607811
128120914
128138300
128292903
128486461
128608485
128703471
128743259
128833187
128892165
129036631
129167275
129333097
129351632
129980757
130103893
130131753
130301470
130398510
130498375
130619174
130742578
132273555
132483826
132489058
132644512
132715700
133143295
133576205
133840633
133870757
134243802
134551764
135048516
135759116
135934336
136028908
136340859
136478760
136581446
136700864
137251486
137381619
138340658
138420510
138993356
139179816
139319405
139542992
139860955
139901304
139957161
139961636
139963169
139986969
140229494
140258587
140423436
140444367
140470620
140555863
140581760
140970246
141127507
141201177
141357757
142014990
142049585
142431519
142442612
142674726
142801958
142907213
143194514
143578318
143711422
143905399
144461712
145261517
145336254
145475850
145723788
145775157
146030077
146306344
146529262
146696089
147167581
147178067
147293010
148545034
148786307
149110925
149365254
149393753
149977119
149992959
150057185
150125897
150204852
150376797
150473321
151033582
151083324
151265178
151613529
151950197
152100909
152645159
152700100
152985637
153185502
153193041
153196129
153717381
154141066
154559119
154746741
154780882
154853321
155197292
155232160
155416947
155423954
156400585
156543707
156544714
156588214
156760679
156844942
156925101
156979075
157703832
157705482
157760931
157772149
157805387
158152428
158200905
158254901
158313603
158319105
158333607
158380202
158465006
158481279
158951627
158965306
159100294
160258931
160293361
160494399
160868322
161334597
161399291
161576203
161716145
161728193
162297976
162505326
162727653
163136526
163142815
163331450
163509224
163748102
164038680
164288636
164451184
164912998
165451731
165792409
165799453
166221404
166422276
166825758
166886807
167149006
168584687
168925406
168944216
169534568
170199370
170389198
170511602
170813135
170837634
171269947
171271377
171690617
171776217
171872477
171895888
171896253
171997126
172235102
172317737
172567794
172845186
172903020
172996963
173237113
173426171
173428803
173683199
173773721
174328694
174530398
174606472
174615234
174646763
174840681
175034191
175158008
175316939
175366316
175379461
175859101
175893346
176200076
176490366
176512908
176565454
176648652
176794899
176795341
176904979
177108284
177163444
177170772
177332919
177547646
177855176
178852926
179166583
179187851
179270937
179462506
179855921
179954382
180614555
180906280
181056748
181394853
181603738
181780920
181811579
181959522
182007290
182212163
182348737
182403206
183167339
183345689
183619306
183747061
183807423
184011957
184466887
184470572
184570080
185142064
185276116
185560589
185583456
185692940
186174955
186395306
186523587
188028393
188672960
189088378
189155713
189263080
189304845
189425435
189432802
189642084
189705352
190066929
190384327
190546421
190708607
191171947
191272772
191752819
192035029
192159480
192558422
192804400
193296656
193373755
193484112
193574113
193663886
193754221
194117805
194352842
194794518
194841116
194956821
195066101
196152580
196663839
196682401
196688687
196838584
196874022
196984852
197064112
197101480
197435307
197539900
197788197
197832026
197837048
198053587
198596783
199140706
200821209
201036048
201120267
201129028
201518368
201618822
202049448
202078960
202419079
202486019
202668631
203044056
203356992
203470207
203549451
203706445
204349232
204415959
204570682
204970971
205093439
205283586
205865749
206070966
206095502
206110751
206173410
206224203
207112216
207190800
207210138
207262334
207381031
207912859
208357106
208514538
208722870
208730741
208800845
208969026
208983417
209287182
209341432
209457095
209687792
209998493
210110060
210157944
210343987
210747362
210918267
211409149
211427655
211543485
211618562
211907408
212010193
212223342
212499801
213685687
213705903
213708518
213744900
214019990
214052115
214375627
214536131
214556093
214654567
215041591
215063010
215733989
216096317
216352513
216419564
216453015
216637659
216740468
216959973
217112315
217726585
218395909
218671466
218835275
218865134
218907592
219136265
219291643
219413626
219790095
219865770
219878611
220344741
220582794
220767982
220786792
221235322
221324393
221638679
221743430
222102438
222251868
222259714
222262016
222297821
222326071
222479774
222515541
223289575
223446806
223486315
223815325
223822371
224102615
224282348
224294667
224342342
224486065
224641691
224893468
224929770
225255682
225412535
225553558
225986367
226116069
226225343
226269046
226866532
227004979
227208033
227285515
227511962
227666208
227741054
227752906
228015007
228643481
228836389
229013713
229117523
229796368
230412245
231221638
231419618
231598623
231770964
232122619
232701809
232798337
232855742
233032164
233399132
233776872
233867624
234085775
234125707
234315348
234394457
234433862
234452159
234941917
235011908
235166250
235210018
235449795
236330671
236442407
236712606
236770647
236830419
237130882
237265099
237343904
237386807
237582937
237848762
237871882
238183614
238274777
238439085
238717320
239447746
239771560
239852796
240461420
240765682
240804960
240842756
241332280
241333244
241510782
241877331
242226250
242757144
242814544
243371027
243531412
244356332
244559465
244824405
245046909
245187403
245204992
245781165
245962155
246001335
246131110
246142476
246410070
246439869
246556700
247157403
247327988
247409758
247470170
247599099
247738637
247778850
248131398
248412840
248621630
248706605
248853479
249299589
249915619
249931249
249959375
250021205
250065817
250281712
250308594
250395591
250497622
250515762
251295649
251456477
251917099
251996434
252109800
252236472
252285605
252330057
252380083
252401604
252429148
252539270
252546890
252693537
252857269
252934149
252960463
253073412
253097988
253561434
253567087
253709971
253840994
254149056
254382969
254460556
254626648
254840480
255068720
255254053
255345588
255361825
255463273
255463930
255516058
255647586
255735367
256083193
256321852
256649030
257706079
258366139
258463695
258671040
258865419
259506368
259710225
260550925
260913722
261309798
261415014
261512849
261627027
261638418
261656527
261782708
261935475
262174806
262473571
263266210
263387560
263559940
263608640
263973114
264302718
264313224
264547714
265199924
265264112
265397390
265484602
265866051
265916130
266127634
266590436
266853812
266922761
267124339
267496656
267676772
268296072
268347134
268435891
269132909
269229023
269551471
269579775
269965602
270223754
270310661
270504139
270624317
272046794
272188725
272446540
272464512
272539857
272639148
272726628
273439134
273600427
273751320
273847529
274352731
274360631
274413586
274806625
274955824
275143587
275168378
275308480
275331753
275569154
275735456
275842543
276021947
276104928
276123425
276142671
276170048
276245375
276287645
276333981
276347145
276762961
277042428
277221792
277298322
278375785
278450830
278485087
278974735
279067614
279626401
279722269
279746248
279750193
280076286
280108278
280158040
280365321
280378137
280403176
280457816
280632492
280652808
280711004
280861088
280865700
280879855
280914630
280924499
281621036
281881530
282085361
282103739
282422091
282481709
282502141
282788464
283127502
283929950
284405064
284913418
285814276
286000738
286201967
286832576
287167923
287319171
287353192
287401587
287691910
288571745
288820339
289429451
289448045
289656662
289671389
289776287
289791124
290014944
290261660
290275454
290383214
290491865
290562110
290839968
291033843
291674505
291704865
291800656
291843329
292007284
292190375
292245418
292462885
292784245
293207758
293673962
293735067
293769449
293881618
293960830
294429877
294458754
294589561
294612668
294655325
295068585
295095849
295198460
295361772
295404762
295441121
295986353
296414171
296426614
296546889
296593751
296922287
297450324
298194391
298219352
298487417
298510921
298789291
298968145
299301541
299467403
299538893
300053084
300126239
300264080
300549598
300736147
301171037
301519515
301675251
301940154
302148680
302166051
302308657
302531201
302564343
302576154
302762333
303401725
303538114
303614791
303746253
303895887
304006817
304010358
304365826
304773678
304917257
305129691
305241296
305318106
305332933
305542873
305588711
306226858
306305805
306645160
306915144
307004465
307007207
307100456
307386918
307392001
307496563
307965518
308235791
308948310
308949017
308966048
309800713
309823938
309943859
309966104
310168104
310303713
310818168
310863456
310948348
311022707
311048509
311388224
311397965
311533501
311681238
311809111
311831601
311843192
311887688
312203148
312506820
312933871
313008816
313085662
313249301
313973915
314154594
314468332
314663114
315135426
315170482
315594560
315604428
315614474
315699919
315995330
316262274
316296864
316553820
316767057
316974256
317115457
317330813
317375763
317860768
318167525
318180152
319081921
319193796
319579803
319869261
320086632
320305593
320481179
320690675
321005823
321278132
322303013
322419577
322478442
322491930
322697942
322786280
322895458
323082881
323429203
323610722
323832679
323923060
324467816
324478017
324618262
324684221
324809105
325198651
325549171
325699452
326368857
326407529
326522211
326749418
326846992
326939833
327187429
327309946
327914420
328263833
328279774
328606889
328628483
329118136
329374311
329448333
329531371
329669079
329752382
329876758
330128268
330348419
330432161
330435930
330760536
330954888
331253516
331807746
332168783
332207227
332529240
332556410
332888977
332893549
332915141
333163018
333220338
333600089
334078041
334408310
334664762
334893378
335096540
335853303
335944131
336000511
336029989
336033798
336235081
336260535
336474316
336526249
336541639
336628099
336784487
336940272
337446113
337460311
337525203
337540230
337635188
337831528
337992580
338031225
338425402
338867864
339107845
339156228
339363528
339411899
339474681
340127750
340158485
340450643
340580272
340811071
341586305
341859679
342043724
342050363
342394425
342615553
342875604
342909816
343134817
343324070
343401197
343509966
343655635
344194403
344303768
344460442
345306679
345444144
345676292
345709948
345948360
346197162
346215955
346613148
346904540
347027608
347584029
348267590
348342520
348343246
348547194
348575202
348582250
349350924
349567694
349800838
349844438
350028580
350384054
350484035
350799104
350852603
351042632
351091593
351443803
351860754
351952908
352080383
352154212
352386568
352458681
352477259
352527160
352790079
352929917
352996207
353073537
353230856
353395322
353555994
353783104
354135110
354312450
354321871
354366840
355094090
355235452
355570187
355629836
356001323
356161818
356435888
356831056
356963307
357106531
357186074
357378160
357753741
357781394
357799321
358132398
358182356
358258084
358353798
358408002
358567412
358729988
358922938
359020734
359185700
359275880
359588413
359880823
359914145
360068177
360282137
360515275
360533047
360628123
361135717
361686722
361735366
361773218
361936015
362073348
362076854
362085683
362225765
362226690
362349998
362490258
362913673
362926823
363063997
363381911
363882367
363959752
364303239
364397778
364438973
364842191
364916899
365127077
365289767
365732049
365975587
366044190
366067545
366119212
366169733
366375259
366448278
366698356
366751620
366850578
366871925
367022053
367198991
367352359
367544939
367859666
367977214
368197082
368207636
368509611
368571752
368790739
369099113
369909420
369947973
369993356
370395778
370523168
370649780
370892616
370947202
370951024
371080267
371084796
371126342
371135682
371468986
371538056
372122377
372159128
372171273
372771221
373147016
373268516
373363164
373534835
373618471
373651037
374122454
374313817
374598871
374718095
374821231
374869651
375112949
375203087
375468791
375591157
376011915
376484307
376949249
377139778
377386080
377441081
377621371
377754616
377927421
378000444
378033018
378058468
378261024
378697598
378704541
379303952
379454529
379675193
379803893
380414416
380421515
380556707
380812315
381335296
381988218
382115221
382413674
382564309
382602102
382954722
383092461
383109262
383318159
383829452
384234512
384525183
385408263
385646205
385661822
385707363
386214738
386417452
386424523
386426259
386654864
386715612
386765359
387120744
387131514
387535521
388192489
388446209
388817515
388846558
388965335
389117703
389450365
389661664
389742993
390206848
390483442
390599908
390935398
391129024
391314086
391340877
391484517
391943432
392247998
392268059
392827850
393059018
393701847
393861056
393968257
394194684
394963311
395101492
395355789
395725782
395727065
395736354
395736593
396225760
396864990
396896920
397058927
397492448
398290806
398292581
398340749
398434945
398508373
398659724
398862620
399175471
399259163
399565345
399669385
399983602
400088728
400444345
400476877
400538125
400820462
400838641
400856142
400865793
401129755
401486391
402040975
402142353
402255663
402554591
403063639
403159539
403521318
404830433
404932949
405088637
405193432
405234581
405496780
405894727
405920313
406202760
406334386
406413937
406623534
406644784
406658700
406753290
407102761
407122191
407788723
407873358
407929620
407951979
408099121
408351309
408716251
408777209
409181016
409257100
409451493
409620165
410174344
410336345
410547659
410725449
411130679
411511396
411824914
412167634
412263816
412425506
412570295
412572337
412616761
412935706
413050866
413533494
413791647
413897017
414609879
414625864
414824130
414886628
415147715
415477341
415625861
415669679
416142992
416187173
416238003
416239456
416366553
416493583
416546045
417263957
417310637
417345692
417603003
417952877
417979206
418126375
418144541
418180705
418314533
418518213
419058603
419458451
419499148
419969198
420035381
420101904
420381690
420419025
420873292
420918371
421384202
421384632
421504662
421539848
421838826
421892605
421982326
421998532
422121327
422156055
422224012
422569506
422673074
422959495
423134854
423351611
424096423
424246746
424286372
424294496
424581673
424665917
424851403
424883346
425456543
425582348
425688580
425702351
426383488
426430225
426864401
426907615
426984316
427639147
427891765
427895160
428279859
428753393
428941094
429073390
429736817
430016550
430109898
430375589
430613889
430782994
431418651
431923600
432142270
432646510
432726272
432978559
432982027
433789468
434424690
434535128
434540914
434769958
435080722
435124123
435132631
435583212
435840765
435883508
436123291
436129693
436889391
436913158
437284196
437665418
438091928
438583691
438619958
438735552
438794502
438861828
438971287
439083590
439537127
439540790
439681077
439814531
439842612
439962929
440139984
440218926
440428237
440848617
441038590
441148974
441322616
441399340
441427827
441605594
441857200
441900174
442035339
442071038
442392307
442474071
442602398
442780453
443307228
443317487
444006564
444269828
444283012
444448855
444607026
444628414
444893848
445161209
445380963
445777054
445789174
445941798
445943542
446044313
446424548
446730280
446784168
447633747
447781147
447815023
447997593
448356965
448650331
448786445
449498697
449674186
449727617
450041286
450117631
450306027
450959738
451773981
451793154
452157912
452207675
452339932
452343541
452392884
452781312
453040602
453260077
453304651
453319381
453960698
454116714
454416839
454596651
455366341
455442167
455614271
455892130
455956267
456329435
456790481
456852974
456871128
456885173
457032167
457220485
457269937
457372021
457372789
457433663
457466320
457880131
457942081
457943791
458041292
458802829
458964377
459642440
459732575
459753287
459765317
459819877
459844387
460479670
460486916
460622261
460844598
460965017
461269562
461278638
461690978
461734555
461902678
462561857
462566147
462594809
462606961
462796255
463122389
463133405
463212623
463556565
464297346
464665110
464927991
465096721
465157138
465279614
465630678
465667443
466022604
466080589
466415334
466424869
466441535
466548782
466587480
466651785
466975157
466975454
466980503
467128738
468099570
468489419
468539572
468853321
469866895
470754101
470838205
471105776
471729712
472167915
472248850
472277723
472278388
473145345
473243816
473360292
473385152
473406507
473424316
474256800
474686975
474943850
475042966
475092567
475553383
475586407
475739229
475762618
476064985
476221090
476225208
476406321
476499520
476822627
477011861
477164751
477918221
478335482
478590528
478772127
479267691
479433784
479602876
479827391
480003624
480611021
480906776
481264227
481803164
481993299
482023940
482058501
482388510
482457587
482465913
482472615
482607895
482807238
483152443
483333886
483605970
484024587
484269266
484595398
484631377
484748075
484777879
485039145
485436832
485821397
485830542
485960704
485979517
485985912
486625483
486818305
487597730
487686491
487890268
488270080
488306021
488330119
488428999
488441101
488721551
489005206
489023516
489066205
489566845
489589368
489697044
489770757
490158562
490221259
490728224
491513122
491544198
491574697
491828664
492013310
492029942
492416257
492452236
492545224
492565849
492687070
493204425
493369135
493522585
493579933
493610290
493775205
493902141
494229909
494293420
494350988
494489608
494823470
494844098
494949827
495015355
495025555
495161989
495346712
495353955
495423648
495880151
496235739
496284912
496698176
496724145
496806300
496921523
497062521
497169792
497196092
497454573
497697812
497755187
497775349
497947455
498096604
498257364
498706579
499258816
499264971
499426390
499954489
500195564
500205914
500660962
500693006
500880878
500886807
500922683
501438563
501586916
501911085
502042261
502045204
502589047
502677620
502922954
503527043
503681348
503796971
504312533
504339212
504587259
504767316
505026726
505072212
505097186
505240367
505388556
505492462
505572509
505614615
506171865
506587255
506649180
506719856
507677705
507872526
508203031
508360482
508630178
508654319
508835525
509069347
509116094
509154005
509254950
509400104
509717802
509827147
509850479
510042461
510059859
510451839
510735219
510777450
510832503
511273398
511287335
511427083
511598844
511671972
512024276
512301080
512457894
513030943
513060596
513109231
513477800
513584383
513688567
514019377
514158690
514248733
514582779
514798967
514912071
515097471
515228607
515848772
516250113
516378763
516452159
516721132
516792607
516830349
516908127
517517509
517616773
517673908
517762390
518049729
518093133
518541729
518626529
519053162
519607241
519610110
519757702
519910904
520097418
520407434
520813036
520816767
521059416
521258955
521297479
521339600
521883012
521935926
522215650
522754985
522803649
522967155
522975998
523237423
523561511
523677965
523874048
523997681
524319212
524479596
524874023
524950010
524958713
524991755
525089969
525343817
525403926
525462449
525644469
525856392
525969285
526068103
526083718
526123950
526146202
526420841
526588694
526680606
526750826
526891339
526956149
526973065
527082386
527155428
527260772
527619541
527867492
527959725
528080308
528430332
528592714
528985505
529050266
529132797
529222764
529341213
529543202
529753757
532005195
532758473
532801640
532913082
533196564
533331111
533452019
533506275
533704939
533980639
534587787
535162638
535309956
535372889
535499472
535529779
535645501
536247983
536845539
537142719
537804504
538084782
538431940
538716362
538813028
538965045
539144655
539295897
539570434
539576299
539627822
539857477
540684954
540767482
541111199
541389968
541416966
541523194
541530712
541752747
541806623
541831403
541960309
542086221
542224965
542263470
542493137
542583906
542836284
543446509
543609497
543744927
543858074
543971439
544236673
544265913
544465303
544468680
544472952
544771010
544806689
545030469
545324786
546032802
546372139
546478266
546502329
546543406
546878144
546941896
547037532
547043035
547298571
547311480
547372812
547915479
547952779
548325903
548705993
548768850
549223481
549394028
549423069
549546570
549888292
550187930
550330338
550340443
550371322
550504427
550628120
550632279
550654304
550738859
550854119
551051691
551738685
551808487
551980588
552194481
552426967
552458913
552531293
553044047
553088275
553519555
553632797
553674653
553706871
553831117
554035192
554040155
554775168
555088384
555770144
556026796
556061555
556469634
556528830
556840835
556923016
557094284
558402750
558700915
558887924
558927567
559199376
559689238
560001304
560430827
560510898
560725476
560772583
561109909
561234323
561775527
561802906
561918251
562055832
562473867
562812486
563011895
563464922
563498390
563579470
563875996
564008161
564041507
564047812
564184974
564283762
564368177
564752956
564858161
564932484
565499575
565891727
565960625
565987319
566003782
566069589
566125267
566275271
566301987
566365491
566631143
567065849
567283302
567562111
567598774
567817120
568218314
568311695
568327308
568402163
568466813
568605320
568805636
569254366
569482492
569762832
569829038
569837159
569845958
569966754
570161896
570228535
570267998
570376998
570379798
570566993
570605643
570672464
570833788
570930078
570970308
570985219
571008066
571421111
571777600
572344496
572443875
572547136
572566346
572620633
572694290
572708619
572856751
573021794
573575967
573896446
573924906
573981985
574075072
574598743
574770286
574790319
574886910
575469709
575665080
575751863
575868213
575992924
576037009
576104797
576187761
576193027
576595307
576757453
576807781
576844569
576895150
577077177
577695435
578145514
578256668
578852016
578912681
578962687
579348675
579477426
579685828
579948941
580055155
580090535
580334864
580610362
580759739
581031279
581137776
581255855
581482888
581694489
582598334
582637714
582664878
582820167
582871897
583290140
583532970
583758276
583820377
584032859
584237659
584576042
584783594
585078626
585086702
585547359
585729858
585755334
585777657
586220375
586227413
586499840
587070980
587077039
587272079
587657645
587937477
588154063
588447103
590055790
590254608
590534921
590560739
590603770
590729300
591556453
591864274
592077632
592235712
592410952
592461412
592640388
592763486
592845990
592978227
593073376
593160190
593308668
593990028
594010515
594917965
594938978
595241961
595244274
595448717
596100946
596331873
597870690
597907972
597939529
598084163
598226995
598395532
598742814
599037542
599200926
599260807
599412414
599452646
599642377
599672621
599771018
600192548
600347544
600449499
600525948
600696904
601153140
601669733
602611109
602619538
603244855
603306189
603715369
603962753
604006264
604240025
604391216
604396644
604434288
604452199
604626620
604724153
604730411
604745825
604963895
605448938
605466415
605711584
605896284
606022291
606389963
606456621
606514205
607007265
607238257
607745999
608106375
608361286
609040538
609056717
609266954
609548842
609595585
609769952
609815411
610054119
610069432
610869802
611029080
611151171
611899201
612182327
612594597
612726691
612771889
613146931
613207877
614155697
614223622
614700927
615045006
615278218
615290381
615460033
615745752
615951296
616121493
616304592
616466439
617141244
617174223
617255922
617373407
617522737
617644914
617660716
617680095
617707649
617891159
617929418
618169939
618182993
618215082
618244721
618299563
618718595
618867737
618916263
619426927
619631905
620063399
620219302
620709769
620744022
620873215
620960196
620964325
621502893
622002287
622132796
622351521
623032562
623123795
623193561
623561674
623939410
624223210
624423962
624488667
624958927
625112479
625238954
625375531
625442156
625556060
625577862
625718271
626136163
626290310
626319322
626703197
626809813
626816442
626827084
627436038
628000718
628143725
628429581
628708687
628710608
628721119
628743366
628810225
628830663
629545400
629586730
629972212
630008881
630063810
630519998
630566933
630915679
631374650
631582000
632028358
632610607
633160827
633536084
633707100
634045077
634195447
634203569
634419665
634568470
634984112
635210173
635274186
635311921
635387783
635557331
635703955
635860774
635970128
636179948
636244907
637078715
637251934
637328320
637506230
637958149
638250397
638789902
639038683
639377442
639583431
640156248
640249329
640323186
641229951
641488761
641748565
641903621
642027906
642061740
642145135
642175437
642256733
642303521
642456216
642824171
643041564
643094707
643137016
643474002
644012008
644266940
644477954
645077586
645278920
645310183
645340796
645400406
646005264
646150588
646158710
646343634
646629484
646718716
646888609
646980871
647381738
647635738
647668163
648057034
648079475
648134072
648557158
649146468
649263578
649320516
649637972
649699130
649737373
649749915
649822375
650132516
650443025
650496923
650509112
650724286
651276042
651523318
651724875
651973697
652098765
652757844
652796066
653282385
653389274
653466854
653508348
653744942
653873445
654202693
654318408
654330530
654455875
654939455
654944930
654945641
655248312
655258988
655563503
655720657
655844291
656308740
656461678
656507017
656601930
656639232
656673675
656758828
656843112
656868405
657306749
657503834
657526912
657645552
657836264
657857639
657933949
658130625
658149980
658314933
658380530
658944700
659115428
659302969
659545334
659657496
659897250
660928211
660980776
661085742
661137609
661147884
661160573
661391369
661733908
661861336
661955766
662039273
662103247
662167243
662495091
662580954
662749882
662799430
663783280
664109028
664168328
664169180
664313601
664620729
665127268
665449902
665890778
665934033
666856182
667343194
667396650
667626901
668279197
668340490
668468300
668504499
668514416
669051382
669377276
669731280
669980896
670204210
670208141
670872432
670919600
670920525
671062284
671067666
671666045
672009755
672024729
672087728
672102547
672174368
672596117
672923174
673358466
673596079
674211491
674292013
674891507
675053417
675085141
675160801
675310579
675389099
675694380
675761119
676039827
676186685
676528647
676534670
677346757
677427627
677432708
677640600
677754267
678045830
678058379
678249673
678745295
679048818
679388905
679419761
679487759
679585433
679652829
679809636
679899384
680331373
680617481
680899902
680971951
680978482
681191847
681777667
682114550
683793901
684291532
685511024
685787312
686467987
686605697
686929200
687039896
687052231
687151196
687436268
687740974
688007116
688269538
688522347
688659168
688683270
688694801
689120103
689125011
689229797
689843277
689878484
689931515
690045841
690180607
690394740
690517552
690908374
691375308
691665660
691941731
691980644
692200320
692218183
692289231
692494972
692634121
692817172
693410904
693946618
694164426
694593683
694644434
694678550
694848037
695443109
695865128
695880133
695925380
696380737
696602843
696763566
696996558
697428469
697881525
697887708
697952067
697976429
698093457
698202052
698212068
698254618
698437174
698629607
699152538
699176845
699322855
699482698
699839531
700002315
700484071
700841055
701036703
702079754
702117667
702133936
702248576
702300153
702308845
702316596
702522477
702590636
702664157
703422182
703668001
703846094
704223213
704642861
704721272
704766850
705284953
705312450
705416041
705468717
705530944
705538413
705620732
705790479
705824650
706189788
706244715
706505037
707004792
707068843
707148320
707523663
708050653
708124468
708219305
708278799
708351088
708377580
708429728
708445269
708741947
710248689
710293767
710466492
710568863
710674693
710846871
711055149
711060289
711691500
711745337
711868650
711970310
712202657
712205834
712242566
712439295
712448078
712742824
712752885
712783264
712985782
713429722
713489481
713633514
713730894
713746759
713890612
714168687
714539486
714663104
714751161
714923192
714946074
715079767
715110446
715203750
715352921
715969285
716360867
716410565
716522431
716631633
717055684
717358724
717458000
717624670
717778003
718060851
718092832
718360485
718877012
719913781
720765681
721008336
721074827
721326284
722097680
722473059
722496711
722858863
722861350
722878572
722951112
722953087
723004606
723344974
723392607
723471911
723612293
724472228
725063719
725157154
725342172
725806792
726269904
726285699
726568124
726826764
727172754
727390770
727432903
727656203
727687540
727848041
727893038
728147349
728277077
728635918
728718402
728775490
728860828
728893702
729112407
729200929
729439426
729743418
729764552
729901839
730059213
730115903
730131825
730155969
730185669
730297581
730417123
730854377
731115413
731255413
731627654
731876136
731919028
732148786
732184377
732751678
732801585
733368463
733657781
733758800
734839099
735058197
735376308
735433747
735520108
735653305
735720786
735756879
735840293
736062968
736225395
736257472
736271435
736370130
736636447
737028070
737045999
737130833
737159905