500 50000 0 499
459 316 194822008
310 152 394984668
64 319 23561992
112 422 12256286
200 291 187207600
118 449 29008371
143 126 421406345
81 237 161382558
333 250 848507301
369 476 202116356
74 303 570433075
462 320 461722882
446 441 123794876
272 90 494745342
297 38 989676631
269 240 488409359
324 107 250679451
402 152 985374380
432 252 603644422
414 388 454902631
52 183 243814914
128 165 374318602
76 430 881409640
363 407 539806575
206 91 492495229
156 105 303062629
313 225 693022690
477 325 611910002
237 45 302152791
140 129 580659437
420 62 530840334
193 303 694779652
241 402 731379813
54 69 544533229
48 9 817866741
280 443 298024567
457 364 453017116
23 250 597781555
113 108 109377748
290 496 114092363
492 116 370733087
204 462 817602366
471 170 194564884
440 456 887241983
100 307 54182222
96 467 472161194
437 196 113828235
21 44 891277964
385 340 233003473
207 447 835220028
165 244 598363975
16 142 843513315
137 265 222972935
12 181 320231858
107 326 114455712
379 337 578485893
460 456 756916529
161 137 860875589
320 62 252137420
236 80 778494878
423 80 301951807
228 310 482821440
376 456 651937635
86 217 888229930
332 83 155624556
156 342 893841696
204 317 360240743
210 487 759230885
335 491 506324710
76 290 358519358
209 300 410587596
184 497 525706010
306 302 821693677
454 450 118316495
135 189 941918432
353 222 848468366
150 410 932608272
276 354 663868448
469 142 144118176
380 84 49579566
243 231 265511727
292 369 943103268
52 1 885919822
453 277 349624351
211 178 126026582
31 252 786439887
356 299 847647168
448 286 394787498
355 334 643105427
264 346 254844254
423 291 976217523
279 66 108547500
390 128 539398760
414 484 991029793
363 268 666773502
284 381 688865396
87 28 562166584
441 496 432485294
289 345 876433306
381 442 71752725
309 369 235986018
118 43 444402704
196 115 713143310
401 294 192591081
319 439 6200390
486 394 222766647
470 340 382889027
93 409 809283563
134 123 669571746
400 142 182989568
280 436 117490497
314 424 868110043
18 402 769530381
127 103 189281939
237 252 941177714
334 150 855456735
376 433 250340308
433 37 778990650
402 390 822720247
423 17 277912263
355 101 59807208
42 471 511920813
33 112 256118477
461 442 571293660
437 216 575401379
142 50 216870152
449 45 397942722
303 257 510077029
62 8 856042306
210 392 539640419
180 463 851275949
300 490 727969630
137 169 286897458
228 484 35147040
455 369 469817095
412 161 790737195
108 100 35385018
183 495 642687696
383 86 772006913
78 238 599691
78 446 503113600
354 199 461263749
11 482 964883527
274 219 340278818
311 91 376401999
14 258 432591205
113 80 861521714
153 59 776600230
287 305 837378733
387 496 249869846
447 32 487247561
308 11 993020699
333 218 300305111
183 431 966013377
499 3 905237169
220 169 994453654
382 20 405041235
460 285 507142358
223 457 757543871
188 331 973443603
97 75 635998887
263 217 793450179
377 329 815861372
216 201 946726662
386 485 936816625
325 455 990984111
494 393 343294665
330 22 167837533
84 259 887368492
195 455 777669392
58 25 753599044
39 157 189841344
30 221 905773924
438 280 17136286
41 320 404874368
282 242 195868516
281 249 521444105
428 345 150524307
345 153 759742938
453 202 927784816
383 151 279587242
439 266 576794169
90 43 789550163
90 198 790666421
447 323 767365940
148 125 999964068
453 371 643412587
274 49 362788098
299 60 27970913
84 482 995988380
308 82 628769700
384 275 746993649
79 312 298682057
46 476 273136324
58 333 723312750
51 56 996854119
474 478 523494359
143 467 176241333
4 485 514152471
227 322 637725241
309 74 733113876
449 227 281037314
368 190 342062366
29 90 755141678
394 439 255011371
107 28 945264629
103 21 836320106
436 168 58859143
161 42 628463105
152 158 329766924
388 377 511652299
33 374 137768030
411 278 49755612
243 127 314368268
442 278 476166331
277 264 5528142
363 262 395788435
343 321 864933779
234 422 926683595
356 378 73450298
494 47 357410970
366 278 249739971
276 110 955510922
401 126 409236366
456 303 454278781
203 374 441137822
177 188 814081571
344 34 164854330
288 229 804639829
490 323 882054220
65 188 26578901
424 457 330319640
384 115 894222525
145 383 431134644
89 390 667219495
354 223 570979463
223 86 86710592
277 428 409928053
194 491 183044564
132 247 486201851
121 79 51631286
360 357 941373358
123 177 524670566
269 262 154839946
216 198 116178768
278 375 448599869
329 457 79117578
309 437 887143933
37 323 194281246
360 305 439945391
41 494 549608549
18 361 999036595
152 91 705661462
162 378 159054275
413 326 303498896
363 214 433752167
398 395 888285185
358 218 51367542
361 377 736787472
298 221 794324199
113 185 6696593
271 207 123656955
399 300 255027708
321 266 549525396
247 402 222829977
310 131 194803524
266 89 340906790
485 461 231368593
65 28 917019631
264 77 61135297
141 86 949866574
482 379 694633115
293 103 295816974
387 333 370834220
46 99 557035356
213 221 26818259
296 334 391383626
463 478 882922210
311 325 504137454
186 350 327613632
84 367 843885656
83 45 821791771
55 168 762435377
134 187 183400390
36 415 245612389
124 130 291974924
95 351 922586776
219 222 701438832
143 382 786463334
433 426 500435097
486 298 564184074
434 60 618486935
385 328 162161923
179 98 686588564
75 136 484792865
62 433 525077135
54 381 217883181
338 495 563469928
327 94 807862502
309 317 242473515
99 41 64230576
208 270 832777811
378 283 85783514
141 289 731773137
6 156 360230293
203 171 169939585
335 176 115009950
260 9 512492079
189 339 804048028
455 131 275357224
274 410 58447742
272 308 951572810
444 172 76270244
125 222 481360438
483 172 990833751
309 497 179777214
489 91 200642943
494 95 791707833
308 438 85652882
39 421 830039656
271 281 201180325
372 199 962122694
496 314 777477566
7 143 849553769
225 318 541298308
13 466 345438498
264 395 359013848
31 490 298431762
93 144 217057370
73 145 445080701
369 319 628509509
302 89 81649863
91 277 248043986
2 388 510701033
23 418 436601375
137 102 684795979
321 481 377167257
43 149 946628605
73 1 790175471
218 24 341365281
189 127 554889571
50 230 230292296
104 5 193718641
176 461 214234070
148 290 111202295
105 374 138183427
82 203 361761045
342 190 74944311
33 357 999883705
189 342 53032399
147 224 146933467
218 279 823772450
59 34 840714829
334 240 675123674
336 230 648389095
208 140 846429858
278 218 723220984
448 289 453610495
452 285 415727979
342 24 331981369
112 427 779899465
158 175 358211702
416 440 749887668
425 264 395189648
337 36 636293627
235 253 32752575
397 24 643725101
98 426 517408971
25 372 473714311
322 294 385204853
482 373 766815298
88 336 859283895
138 464 264033903
229 3 840824354
136 196 816197850
464 313 604135993
378 245 306605227
411 129 984355298
139 10 679010794
422 130 556804380
327 190 179436687
363 109 501236135
417 18 592679372
258 106 42911339
308 177 272381341
295 271 602777338
191 51 879630620
184 179 276247889
167 462 25515139
47 314 4244300
284 313 666981548
111 382 456941955
308 300 670099982
198 330 594123497
28 145 100727444
202 299 9459282
493 406 637653385
47 340 436846960
340 353 449146345
299 478 374088221
99 157 846469576
165 299 994280384
190 215 740686940
391 314 90437432
396 77 17074982
61 96 503314454
35 271 596968318
6 129 492337449
412 402 905527488
444 471 380600882
117 271 530196624
26 260 62533072
247 120 693137152
127 348 970613332
271 261 611613477
417 327 802874267
360 282 123026889
191 68 502007571
104 139 778252142
416 38 687215119
317 141 649809117
262 447 437161653
394 455 633520362
189 434 50545012
411 216 965129171
257 82 699014641
144 161 789133105
288 405 963710384
43 126 110278834
155 174 759528733
252 181 532364651
460 323 906614949
246 300 250296365
238 296 321014697
59 246 222174734
332 37 200205223
321 91 729467287
140 364 592916133
305 430 626692543
480 199 129941731
182 332 211363282
479 440 680290880
455 126 332029096
347 208 894502543
190 32 338290416
29 198 17423854
428 230 915861422
173 487 989124404
139 133 939483183
63 202 611551487
291 181 457416029
321 30 175952214
341 92 726488910
368 278 294543957
125 192 198197996
330 308 738247794
120 436 842293593
319 410 357205229
118 319 784477255
130 178 6725308
120 262 350273427
133 386 272279160
13 28 347380983
8 7 23655430
317 220 969495774
149 398 969594636
497 69 565358933
439 168 899030032
45 40 62929840
469 281 477142264
30 240 147921476
128 51 554413382
468 343 672927725
167 79 714780312
308 130 614538182
305 68 501657181
297 321 510283337
315 344 442011916
312 322 822693373
314 472 897598877
43 234 194519507
122 490 697771602
344 459 894378809
376 448 469250503
348 226 235535022
280 277 746420738
63 149 687245700
34 356 993939142
270 21 35614191
153 237 512883763
442 172 807684753
70 8 152550333
213 266 812960065
451 218 470783221
225 293 240353727
67 486 563245114
260 235 589442667
7 416 61128725
232 212 473493324
92 72 184886718
52 293 771080965
244 112 64339511
108 350 950987023
429 43 66482095
408 247 248904110
326 324 534883391
154 263 612137347
484 433 650141276
459 313 193823057
390 303 993940737
264 321 517975186
193 89 531489462
36 420 861703221
169 492 231950494
434 189 545726780
250 184 8341461
398 42 171869499
202 348 906944524
384 26 323233325
442 415 978190970
276 453 458799444
436 374 1706076
248 155 618152700
353 212 953498449
293 275 869152362
442 221 251122427
205 177 640925112
14 212 791722320
206 450 929620542
121 464 201474892
209 485 943476389
284 6 593097027
304 302 814227520
170 187 800874933
477 351 298390273
81 161 565335672
149 451 282908155
1 69 249808192
326 69 695759984
487 286 521199406
100 99 301621317
112 235 639737864
230 218 420029248
403 251 290512252
145 249 487117168
204 4 678926928
362 120 886458304
205 410 142642429
132 96 490137791
0 341 944679796
27 499 936362580
373 320 7495050
144 314 36072633
297 197 498643656
363 381 394101586
231 64 955785754
117 181 999141386
223 421 468286537
22 95 355401233
367 34 947531475
307 138 317326156
276 315 335665372
20 340 12880051
132 284 260823771
139 306 617638051
200 483 613817244
15 367 56132918
26 92 73125971
449 482 124858667
57 307 559237761
53 233 169221130
121 190 633874995
488 98 751454784
290 204 223191718
315 283 80875702
157 470 224030609
35 259 936421124
187 62 630506702
235 314 915001970
103 215 515543585
132 6 993968316
357 169 742907541
306 453 860850961
162 204 945158792
185 106 839659045
446 233 806958348
297 332 274016151
340 50 576137868
55 159 55992372
494 173 41611379
207 436 100102151
112 498 503173148
238 324 230290642
434 6 726298775
457 318 515546239
12 459 483499006
96 185 916864391
70 345 126986166
282 335 742950938
465 423 446496110
171 319 934016147
135 141 280721049
180 380 389574867
221 371 652249685
242 58 43239408
374 293 195814666
453 194 669164312
433 122 541365015
97 202 973693988
19 346 239388864
255 191 287115812
415 254 250748454
295 137 379501080
13 11 257241551
239 66 852737771
13 476 137705196
453 349 803043129
365 275 314439655
294 149 52326404
260 441 556829974
301 354 695569131
230 307 537786516
33 494 970767240
115 491 840779696
278 399 509834034
74 168 237453610
378 0 548145626
268 300 546681079
33 486 999259467
110 334 538968601
364 271 923574811
339 205 25832514
295 19 771287475
73 234 526471319
171 371 110200655
341 353 487553146
398 343 87197112
231 56 271144913
65 374 774963467
125 440 691443850
366 178 957114452
400 164 349474479
394 358 901677546
172 158 884649315
142 234 658512080
399 310 440442578
321 105 701326000
29 461 967483120
423 198 416427020
214 413 790410298
246 115 894226814
286 265 96860954
366 242 462260915
61 40 907571495
139 336 56000533
302 380 176283751
156 152 926893574
147 233 299335367
271 310 498968020
487 457 992789190
385 428 276556797
319 353 105064394
50 248 659508100
55 103 493571417
359 188 984112544
360 163 911946487
88 419 95084211
353 19 170440384
396 480 617525117
331 283 77538517
284 473 551345422
109 154 294345545
353 421 487531347
165 64 718616064
48 231 384109588
236 272 602196878
348 115 371459578
418 421 689388006
34 278 649814131
83 275 274690463
244 248 522553682
65 186 523270116
265 258 299844999
199 169 521868505
109 56 430382234
404 99 492211033
47 200 295883620
281 114 264820516
416 129 433353033
472 49 852833479
30 159 245531684
381 18 733635075
236 57 531721920
103 469 94171864
269 154 595807706
303 487 711768637
265 42 7490046
354 365 80463007
380 124 258336647
239 24 201184278
66 4 685695299
219 89 825041032
240 197 239121960
131 104 287631064
252 35 403044877
3 117 943014429
367 157 640205212
458 423 555545187
156 88 872919896
314 21 842197476
334 408 463474029
483 1 76905779
477 120 310489050
250 110 319828820
66 486 472295568
487 195 42223233
480 352 288015258
258 189 543018672
444 143 970196252
186 393 568895512
212 313 347734959
133 114 756158855
438 84 519102292
267 167 267637099
438 116 858833265
186 50 691565964
123 101 103441232
482 223 764718373
74 445 513490419
359 66 351953692
6 206 104208345
52 79 651236119
287 45 809468095
101 472 974912744
259 464 402447731
276 79 958337593
486 292 205179516
274 30 729570198
494 430 342730001
204 478 392634656
443 435 778665544
474 13 566852921
441 246 918427931
168 29 752759407
74 201 425325220
57 341 367983909
389 150 247073960
282 111 553398238
452 50 895181773
344 126 182699159
16 416 913168592
181 475 998252126
114 341 737822294
125 24 923160404
12 151 364112718
425 356 139795171
399 44 515679628
434 419 572198410
41 369 448134672
36 111 379908057
486 73 884589307
491 137 592721501
475 382 51111300
90 30 482563796
119 166 671803621
245 90 936842284
343 433 742062852
2 232 917195075
352 463 459192741
195 318 840756407
410 0 373224602
474 134 865841446
422 392 799447111
329 235 937377853
326 88 948829853
98 353 998651110
104 416 169507486
344 487 726505510
56 87 512968949
158 444 739640710
346 204 835697424
407 237 951813911
415 68 131197434
320 199 995044035
185 263 674651979
123 484 243941193
110 227 721223038
247 397 326695394
457 272 171039349
367 495 937704592
439 421 408007424
378 169 65395250
389 490 5363324
97 142 206144879
133 162 87510814
92 61 597730971
236 187 609948448
254 359 147815261
141 495 790573542
201 311 351091175
205 10 661842698
132 144 69702072
354 9 957142104
27 423 105272949
142 131 963987053
134 356 23949076
249 186 634367754
181 9 136721221
315 321 172175945
255 12 782008306
216 68 290484113
491 10 857928068
465 98 72639132
496 204 606052200
467 174 629592709
187 29 217507967
166 157 66064436
204 457 538606815
69 449 502053989
463 368 44924171
389 29 881088754
7 387 896972685
72 172 678932888
116 91 74128720
441 478 574055547
365 138 942173369
65 437 159980381
74 390 294763030
317 471 225428281
5 488 188604235
8 175 895866573
162 20 418123821
483 273 155075527
480 134 565406891
481 327 803808735
243 214 666073212
403 438 708983908
41 55 207825578
286 135 134410838
26 355 302622393
186 275 375604554
195 470 214406954
65 235 188411117
267 408 167644957
304 143 907833597
452 174 8027270
469 273 766597038
134 291 813826213
213 338 573980218
494 385 942912030
92 217 22694204
106 174 918232209
355 71 396672871
101 116 261911341
96 243 349982050
138 399 245187156
84 151 204612690
41 218 806772896
288 112 569047790
101 290 530329169
431 115 763351576
427 98 478737043
218 124 457591110
466 448 991593998
223 163 443017296
476 388 791551716
333 146 128191560
286 143 315008930
194 325 351971186
265 394 199459072
480 40 472183400
65 448 136972334
195 394 413900141
348 135 504861642
242 321 227613463
388 6 958734232
352 393 774675745
402 299 401724561
450 34 739265883
404 257 939585590
244 65 976865797
249 331 19852015
230 439 188706292
128 432 891890709
268 431 374233840
490 364 82947345
454 149 532231933
474 411 696193299
255 341 5733702
94 421 117344256
390 486 7641327
149 73 892856775
476 334 195360060
288 120 934507926
264 123 756259474
363 159 799528887
132 428 824701561
353 204 339804430
457 93 534391892
88 49 491841794
495 382 994254677
280 369 6686580
330 223 16400398
25 66 447982589
65 441 706520912
400 473 13547344
293 355 547744756
142 403 518358391
105 37 704772397
150 76 677997189
15 159 140583321
462 333 97933848
76 106 495325273
410 109 728591269
209 476 933364435
19 33 89319192
333 425 231576645
395 115 111121425
289 249 761564464
35 96 424374313
461 195 649608523
203 206 268178461
39 27 334978759
148 468 256770397
355 263 419521130
7 65 945594467
135 257 618458560
374 287 747343084
393 54 692587137
450 432 465722356
379 486 155702739
379 196 734461454
69 379 818197416
464 322 399215706
377 499 847900551
435 395 622115003
490 149 251767802
21 447 48889031
213 297 658310634
141 216 268748692
261 272 449340978
142 433 575399037
228 183 135009209
458 202 235668892
308 364 331577838
333 3 821845127
215 280 514313593
403 42 739215993
170 217 861506083
480 403 891380897
372 284 318437330
284 177 264081854
292 487 972350891
335 389 870622896
46 225 191701438
473 284 319044530
29 340 267213033
222 199 914519816
9 287 200007519
71 165 302787422
371 487 213707554
495 472 451825133
113 348 52390292
38 200 283655074
466 370 119966680
58 437 576539711
132 360 252723489
463 31 919332882
159 361 395195450
134 326 131546606
363 175 423830947
479 334 279418626
278 85 843196355
117 193 382953828
278 241 806674177
334 126 900517892
193 177 303467774
79 199 776805164
176 156 961339634
212 84 101272157
5 326 938594418
309 97 248636287
288 139 163744492
172 227 91137585
212 136 266409415
216 230 457627468
74 432 820899403
335 249 343821979
473 384 361972817
175 325 406492002
267 414 47515970
186 81 391608372
438 334 911380583
124 47 617500137
359 366 778538230
269 103 994604103
457 39 87030420
132 154 465285647
409 128 539625348
422 330 626164248
205 353 958689380
340 413 729047114
326 11 471703896
466 177 278477184
238 302 582514945
207 475 376159000
339 164 249363327
2 39 976628534
35 304 259578346
395 251 114859690
334 156 598914413
285 409 405665073
12 166 912369242
365 335 56864922
337 275 977862145
195 334 807910329
77 285 842830990
176 245 470128825
230 174 444438372
139 1 954178379
484 233 115874976
400 237 198766269
464 151 644355580
432 409 355651443
347 303 343498195
214 338 375304937
410 484 560713442
336 358 610051904
485 232 911867804
421 227 219770249
231 281 49611475
38 275 489746676
438 113 951957183
95 413 299322581
206 325 211426396
92 146 868684589
225 424 644712916
83 106 296379041
247 302 3607851
116 488 533226266
482 83 215500542
308 417 420380622
328 130 27042461
466 79 803930515
473 202 289121180
285 240 384930973
336 156 889497105
348 297 685104451
357 386 465977712
453 409 683103817
205 97 692483465
378 148 337483532
83 367 567785763
383 398 554276914
165 101 144435912
142 82 251504236
102 71 836917796
94 92 998727102
180 149 37388165
171 49 409939028
367 224 680005768
244 13 954795131
141 272 3958266
186 159 577652901
291 478 444423380
96 201 235215916
187 420 804296360
464 128 319019815
407 185 203436116
247 483 767903166
107 465 236102339
322 126 708186323
254 36 518950559
52 145 702392733
452 156 328592022
21 444 719973811
152 496 100468267
417 328 625692295
376 488 735003770
107 379 182748154
206 111 630213901
230 148 532051326
450 69 882971097
39 452 844669918
128 314 586268659
485 440 14272362
481 335 653435390
82 22 788877235
290 464 175282679
295 201 413850625
66 105 762132974
376 352 500395779
300 335 614179278
239 409 70030896
439 258 243342938
127 180 351579903
273 130 3637743
118 151 555309051
189 360 781149940
312 347 460041496
216 416 144675990
13 156 296283150
224 54 491269410
278 305 358130457
253 179 925719257
143 240 10586286
211 422 371216374
128 360 526641788
337 310 249874153
125 219 336862762
484 456 6478038
302 166 579035766
74 155 940668113
284 460 708346480
264 72 720135311
485 473 61656417
297 85 690757526
157 3 467957258
496 244 284057270
353 444 448389709
25 213 281843599
297 288 762870872
435 416 959527804
450 17 559312261
314 19 45853324
22 311 191263772
268 94 124717106
56 447 286529044
285 417 251854048
314 342 846472566
462 155 498402539
414 182 631976281
103 166 876927375
499 149 598822414
179 20 684583243
19 445 955893489
60 122 86778532
116 200 550777803
442 485 566664875
170 473 374847681
268 469 691674372
281 493 782984594
287 8 726333336
488 145 870425167
221 346 565357909
416 84 582951152
34 275 467801680
322 403 434100922
359 65 293199258
316 418 308883732
341 360 911213662
470 264 17967056
406 152 932473411
438 335 952469907
392 365 1144351
466 259 312059905
300 479 468514806
337 345 299005928
372 126 486559455
127 342 337042544
490 227 26988822
432 330 897123349
155 186 580721300
10 115 18615404
215 271 958110995
340 88 157492263
480 126 568828557
384 286 280015681
77 249 175576024
289 36 608860309
229 14 782952501
195 107 922499981
88 38 40477719
174 433 421652900
291 109 571456070
175 227 302255822
107 193 68785139
53 28 715267333
313 377 245405088
485 365 52689271
295 433 777983538
486 224 859448336
395 336 978839881
7 262 897002363
499 374 602816990
152 231 549485490
349 186 812613779
364 156 47389546
293 174 558118182
35 323 987258748
356 246 944864748
486 263 522452567
43 46 568073815
315 453 971035073
279 363 184833861
424 111 211371324
246 197 650009844
205 84 545889676
106 260 655503316
468 412 480857447
85 376 124086348
123 19 456233232
271 26 400362354
475 427 860832861
72 377 483380188
304 366 976835742
285 307 707064267
340 135 984903797
408 16 829719853
284 102 136573802
169 211 589804821
156 487 455366565
136 464 878453911
244 282 286373426
45 164 164579997
393 240 210990672
180 315 879924087
193 430 543558022
271 360 951682979
480 190 196023677
423 132 738963827
369 491 64148007
375 116 943497058
477 97 331331103
110 69 17958546
311 55 125284296
313 420 653030556
234 361 744968849
269 474 401796031
261 78 55654062
29 91 93857978
364 219 539520806
400 186 680704053
25 465 809844670
154 280 92522590
323 8 737870655
16 54 117309488
452 324 748683034
361 198 3557125
233 380 504217752
498 481 75453334
259 432 194682283
67 301 794103384
397 388 430588597
184 311 108810146
294 256 597252939
399 225 259198253
398 306 366010410
269 235 609339813
429 314 865391425
125 443 226467762
447 243 261066710
255 317 907131539
199 225 285122790
96 219 120797832
326 276 701181928
129 363 316145061
469 202 232152218
97 491 576372469
29 244 38973110
306 65 326512307
14 102 726763987
334 393 958066244
374 119 417021406
488 453 699254989
14 118 88925285
348 224 229791579
123 150 318556024
154 420 777190895
445 358 997744496
333 469 912385121
175 134 277055958
351 403 325779746
477 339 762601748
204 157 371824977
79 402 521026362
358 313 451125841
204 356 573609076
441 413 130324066
119 418 225187731
310 46 412146413
165 354 284980111
317 180 355832396
216 448 759832790
250 287 753363314
177 184 907166302
361 166 498302696
171 202 728848382
387 130 866664304
415 239 240188098
51 180 173894549
30 328 55901249
41 395 689401869
309 493 402288503
188 68 603035190
417 112 398584589
117 217 970556529
319 300 753125067
46 198 360702660
490 103 560730281
156 140 88332987
284 283 152676020
413 94 435927306
25 316 874709383
399 5 422011836
466 255 647578308
105 292 281435333
476 227 631130273
33 365 748328296
459 226 759796046
83 138 123518539
134 49 261060489
182 229 257240412
176 397 295547889
180 433 163654641
328 322 667063085
105 388 159852221
477 147 235841290
324 147 775188853
179 331 184791355
157 319 536310163
130 322 761368888
142 11 25856381
155 354 84459653
226 32 1027421
379 385 499315106
273 144 127197682
59 400 993966779
39 461 74195936
130 374 957236750
82 56 637517118
66 353 197823720
181 229 46794959
339 338 24280039
447 476 144833464
185 360 119984118
109 441 516161076
326 322 727245909
402 107 566334270
185 371 520518448
69 76 496312062
79 214 433161862
389 103 341427127
344 25 571792723
293 80 457925018
70 173 348752093
228 443 64727012
139 135 936511991
194 425 871133626
336 269 322430312
392 316 871211602
286 319 519897445
387 300 302064127
390 171 809509831
401 92 902502159
289 450 32097160
9 427 743486130
12 327 963593570
91 83 269879473
397 26 202183862
76 160 726077136
473 40 832757909
66 491 399974266
56 202 355246437
388 489 503067402
428 356 811046708
363 367 938408212
299 277 370751968
207 453 555446004
141 230 312431511
439 140 80254777
105 301 302093209
246 202 839622096
57 74 411730228
250 470 540383817
471 412 968581974
250 10 409885369
281 135 156831737
183 268 234204244
164 174 629420906
339 46 257875282
183 386 758089389
127 107 988081270
271 19 184220897
353 322 163763933
434 225 280873267
260 30 274390970
2 69 771254254
142 372 41944886
193 206 783170896
92 192 258800566
46 114 338872102
301 374 480388201
132 146 988396333
459 348 88215380
392 55 314850083
417 444 95435760
303 350 891639834
208 190 122028335
407 264 108601347
263 232 659287243
18 82 58849080
417 450 526345217
305 77 21185337
102 327 442424832
282 288 685307505
13 428 889058196
431 53 353433350
228 241 760962501
224 181 328444230
252 424 486073311
17 13 464682242
132 279 581760287
55 162 744303337
411 30 610006357
251 357 708828619
80 352 330785002
218 219 828931753
231 390 247556400
450 176 733648069
266 44 860034337
216 296 862026830
84 299 329010829
480 234 219683670
231 50 757780108
256 10 860436371
403 450 163832394
295 5 626528497
382 325 517789560
247 115 426233182
202 197 139516483
196 52 633173121
415 271 3848365
125 75 748811974
142 480 41986805
25 69 441146076
7 458 527975856
320 468 75430217
499 251 18523872
253 30 97048851
184 438 183531745
188 86 428235440
213 410 197278451
202 86 710291735
332 372 115569972
150 432 125027705
265 471 752728014
147 462 646556155
207 244 643291449
105 192 617696656
405 95 113105613
114 365 231476187
247 481 536138962
68 96 949420796
467 214 728856870
228 81 452106156
483 183 237136578
179 329 492313207
47 123 655373084
323 69 181725828
65 352 687162584
286 25 704539441
256 357 422296816
349 318 131566830
175 108 733148761
378 176 456241151
236 79 77239500
354 201 400609890
112 435 984986610
334 467 773214651
47 229 11974329
106 28 449365365
319 304 353821222
262 315 287219300
53 182 970398146
321 175 797543577
219 499 429846025
489 466 715523773
235 46 741125810
281 320 498391779
164 494 559428471
339 231 615843796
221 489 528676047
294 370 604831213
106 428 943231073
184 310 264507725
202 342 293218112
114 63 859638487
100 296 718356371
86 358 676870238
166 477 774757660
142 226 343798976
403 204 651843766
321 367 100857666
137 349 409889212
172 451 224124569
442 102 157526286
23 487 179527151
385 352 34828795
83 20 228130881
313 97 998415557
8 34 532997411
27 262 977642436
404 137 703263252
259 238 331672228
363 416 714834657
4 463 897580797
297 268 508451256
383 107 174412976
369 379 211330144
238 188 428874291
79 216 110410588
53 104 544106630
53 417 904829973
427 6 629097335
64 29 385249158
348 493 166270258
318 238 56556964
137 70 862217200
476 272 16725981
261 242 859161421
45 301 13222919
361 297 137187388
177 107 492294806
15 63 414381186
277 297 444274005
266 343 492381350
323 327 894779432
219 225 722329907
337 299 616069970
128 31 218681180
199 27 801098369
72 49 79558223
67 366 715261778
213 451 942530718
440 356 402374625
450 40 277155788
294 155 241482116
99 344 693689717
176 59 856455883
360 62 746827106
133 201 675310492
498 442 81273494
42 361 706976692
29 355 862952572
77 6 811064512
184 478 153916463
383 39 315956386
425 19 142720482
248 368 758542621
493 301 64267329
119 155 773984994
191 130 214439683
388 235 313505921
172 355 750096600
201 381 602402011
58 370 598225741
451 12 396057391
378 140 129744906
87 421 863985690
67 394 445820872
306 486 642271296
214 219 671491684
400 25 583105454
420 230 713040914
374 327 18805179
283 195 35175901
81 382 787109792
323 113 850023856
366 113 323612060
223 499 767492229
447 199 810713207
226 231 49629337
86 490 107318120
205 499 289017305
51 27 380501166
475 29 695035122
421 73 849637103
379 456 305074252
150 174 572306807
205 208 700464156
403 128 734181505
194 9 159260648
221 94 698902065
199 429 760380386
106 140 634374688
267 278 395857014
99 167 142262161
320 304 298369643
262 354 333946001
375 16 379456504
239 128 601041803
262 371 840045502
485 222 871358778
291 80 862939552
72 228 571131047
125 323 516077159
278 61 939886374
240 345 596254042
40 400 545560352
316 23 411203151
305 126 738648133
46 332 326132715
130 41 907631060
175 73 470034912
125 139 91595627
140 10 380610367
199 342 509086577
18 148 719222328
406 441 426517440
491 184 269858078
69 32 866275567
28 21 520225455
117 416 220240258
483 403 773266025
97 266 214026894
194 183 167161250
108 150 791679722
403 335 721451085
3 18 355434414
451 94 296527942
111 274 302968761
329 350 812430129
158 135 48283233
81 88 52782478
362 326 233744960
427 63 917572271
250 369 72030709
329 352 333680442
34 448 93697642
446 157 118797054
180 302 817647944
84 174 880046304
399 38 245220906
7 282 939648380
9 169 588977992
410 241 746492409
432 348 351097417
317 386 528501865
473 313 245296650
250 360 677112276
355 168 532191333
66 265 524905918
450 480 275847399
178 1 481254182
170 444 819357159
164 271 176198289
132 111 82461471
52 144 225596594
228 390 142937692
436 149 434558550
140 302 821573116
377 61 187807521
239 364 187915878
394 121 951502876
434 415 675224384
263 480 871631045
206 68 332584658
117 385 63820075
330 438 772798465
100 393 158848980
390 301 749430197
129 46 730592662
421 365 837916111
384 184 682230766
332 338 561551043
349 105 916174655
337 56 483743918
304 313 675495258
127 419 116485887
129 313 343608599
412 242 653661645
185 412 168071585
354 172 923106317
39 110 592749279
282 189 167196600
228 239 350362880
383 368 470923680
20 187 13141403
439 170 103329404
87 51 930813143
180 131 37053776
154 456 682503791
232 301 519823833
391 436 150547878
244 260 6549933
78 14 401554089
488 464 732197045
114 440 962124430
228 274 840735403
56 404 963003399
36 166 943537690
163 485 393870344
158 381 871598674
88 12 519862565
315 83 568962655
197 354 59203489
343 158 954030944
362 157 462490730
410 450 551540431
403 248 769473287
277 204 190603399
11 51 361297645
290 212 548329614
480 121 904724091
3 243 62025252
392 195 396146905
193 186 579409692
94 481 490441465
248 466 42439070
50 155 560750462
134 101 420778424
361 38 478493540
108 258 979410601
220 93 474774294
459 410 177584997
434 46 391738687
156 46 208729104
238 205 957763231
350 286 908251867
120 200 654561811
22 316 308933042
31 97 631781766
64 311 4731512
312 77 732382648
57 428 180055429
55 165 231493064
184 490 822901959
444 133 132834894
217 348 452608001
87 275 525920467
13 404 485520592
314 223 352633307
270 127 140659929
254 499 501757978
368 420 144396037
402 260 664928156
330 171 376367184
114 26 755745850
0 224 29464519
386 106 404079321
256 134 368269882
488 202 112810557
489 459 168215140
101 71 397818963
181 398 433807483
130 192 233621486
323 255 991797301
490 175 930785076
380 473 138775131
412 175 986980803
195 272 932732194
370 279 576314266
19 105 404980249
493 6 619035564
337 259 309047608
390 145 836589069
275 329 807895511
251 215 614064235
375 200 180583747
327 227 655622799
208 188 810245759
299 444 734187802
401 389 275194333
203 156 158767932
472 210 457825005
377 19 854708728
230 213 601469415
314 343 763384929
54 57 53487190
457 108 123981340
435 174 854352193
144 299 499138558
280 332 516834358
482 127 145895556
89 401 185955091
267 65 891653581
367 407 315242970
315 250 747111338
135 140 411389154
53 115 475607876
154 264 400395232
82 85 746796500
344 116 200571378
490 338 496474459
147 309 247954390
439 49 525344214
217 246 992218538
236 245 713619220
188 472 82055022
71 28 108745521
358 213 585249639
479 473 317707953
176 57 881521499
388 161 51665524
168 94 375948769
111 460 70679344
483 315 99434998
368 114 294529671
426 468 751270388
92 421 977339088
111 46 600573816
460 332 627430969
23 139 422981443
57 391 734402855
442 234 190576755
166 479 471984465
62 420 773867165
419 149 31437200
457 56 501597669
493 49 605047552
14 460 130977903
84 375 103930705
298 117 397293437
62 474 430501966
73 239 603544252
428 369 833974557
177 189 769460867
355 72 904962792
13 206 909582213
208 16 968829499
265 175 344608568
346 317 7359711
436 353 640609493
8 477 597580245
264 421 808937843
278 89 122804002
251 176 500756333
358 127 177479137
285 473 932077399
35 446 439613271
256 378 492910585
366 287 777935458
184 97 95163396
390 256 111949509
79 135 848448833
155 130 590740574
327 243 543804515
259 80 114435466
484 84 726934047
408 424 99983556
442 118 204408598
219 348 572331446
175 412 998383357
67 330 642612056
279 227 171390115
334 174 971657228
350 69 864781796
100 490 268080551
495 418 609624285
278 201 673382102
350 328 680627387
156 422 572139499
331 494 928368101
70 355 56151673
22 268 251276737
378 437 419782848
472 120 176542245
210 369 275695416
429 405 868242474
103 252 133992512
431 471 465003766
392 230 80451344
145 467 439598322
336 444 314406185
415 148 501364732
78 117 791805047
372 270 396864373
274 394 997076969
402 117 843466431
284 430 960441042
205 424 349537714
229 170 94750157
56 132 367687683
296 206 899721725
235 288 951302765
211 418 846145546
368 18 992777370
267 149 465335486
363 472 96392907
232 327 752262251
191 346 456096262
24 100 610255114
363 379 954996343
165 352 495056805
335 313 550665739
74 111 883977343
352 322 395329461
33 325 123426859
320 451 994270607
397 210 160368837
138 27 226222541
44 211 838080952
156 337 79365669
139 74 329708573
440 293 465491732
138 171 697446233
422 188 212678074
364 361 528604588
289 243 261782590
385 339 511416727
422 386 259400472
208 160 255728293
366 59 297046062
292 440 643429292
150 190 226053849
147 42 875260181
13 329 751763268
28 195 353126345
172 403 735679152
127 293 718436187
166 229 769335860
181 199 19391036
294 227 658313358
343 208 898463804
456 284 251585535
99 266 955503680
445 219 863132320
195 258 904889683
440 192 636812696
438 285 695867631
83 18 287458011
208 257 988472736
348 303 372389915
222 316 257420845
61 52 278951891
14 407 80509313
98 443 892580119
22 499 123848614
158 420 357575872
167 263 892129391
257 67 507431697
390 460 187934599
425 380 104041378
437 34 279417306
366 407 74069226
294 40 492730905
316 335 412756051
260 389 108178328
342 332 914534010
123 461 50025656
170 426 551589336
307 91 829794431
278 451 615477235
250 491 617750212
374 160 712753847
40 7 510410195
46 12 470492887
336 381 817040856
121 391 883499391
430 276 567188739
460 334 999199372
450 150 836991550
2 480 42551204
183 237 815624694
330 333 515206858
305 47 417622564
261 88 504612863
47 460 596174093
230 107 427494817
359 263 581450426
305 107 483721312
486 300 29620621
189 172 542252941
209 319 529247660
75 203 479462214
216 474 33958941
185 136 678621441
410 406 652012060
262 272 49898794
331 37 244447653
339 259 340266119
473 118 314346132
256 239 179178800
184 32 127383482
423 373 256339215
31 43 951476864
213 93 150224420
408 170 855273919
55 216 692608365
143 403 705956024
306 152 764281623
466 472 402686336
348 162 778432535
246 288 483055046
188 430 695848884
60 311 803364992
26 111 370411717
289 318 414341133
131 426 529753391
328 71 171733404
353 170 605885522
481 96 672266348
267 137 54628231
101 170 97297130
402 308 976882343
51 399 137902076
396 4 602791618
335 182 378216188
247 64 941367033
341 451 557949123
119 246 471585865
0 50 764357870
163 437 861354846
241 34 864851850
104 320 93536571
401 208 796327882
14 68 670908210
27 288 125606283
410 493 247525887
31 445 705241806
334 229 755197512
297 407 123333090
231 122 937954161
115 413 669600219
273 330 22580187
116 171 932235921
285 336 967942652
52 421 348367151
244 447 45338590
149 406 498834467
493 467 298214887
243 375 213312997
396 391 297225663
435 204 565630406
353 275 201587946
432 354 425527253
417 149 926031958
438 395 121138878
118 146 844767159
314 190 687977105
28 444 244257625
177 166 322176058
192 186 558291502
403 50 778084873
205 131 926362573
493 283 742051416
393 468 597645819
426 495 40428326
258 298 260426948
414 12 939954067
107 421 821115756
274 320 161164859
32 291 313731674
8 174 138061507
271 480 162752118
381 84 774629318
417 311 291745113
30 125 62727186
80 230 117396413
94 193 736844590
298 437 266618486
389 159 309242210
325 232 132218782
156 323 733054966
491 336 819100343
11 393 301027618
114 178 224846330
218 360 330217644
484 305 673869638
211 206 356446826
253 446 345222106
433 369 946414879
338 200 307319573
400 314 990425331
351 278 339617741
50 267 28934565
316 62 907681899
283 115 944402759
135 485 709009475
31 83 450010052
314 112 21941137
66 186 545305872
225 158 130107338
122 295 807726202
472 355 662049439
272 249 655166322
24 227 588779594
206 306 490704455
461 499 48171670
394 396 394937106
126 408 425376079
171 6 523125067
9 363 294845910
281 106 770296075
411 13 141008391
426 291 31153214
491 411 106697549
467 21 561184183
194 343 154731088
478 436 69280641
294 298 195736710
191 166 178768302
86 50 45875802
163 454 862592678
230 293 642034589
351 160 821316855
74 367 128237072
46 150 908328387
288 41 247103262
220 209 327643496
427 203 769455438
374 209 527414428
23 283 271557027
256 265 181944777
381 309 884470969
178 155 25497357
244 109 623680303
174 238 819902114
100 333 59450508
128 294 223184463
287 126 355679385
116 173 175737505
373 110 872202887
101 283 826830991
438 434 724489506
376 190 309521161
484 28 699268890
124 139 978098903
150 179 899208135
42 338 327897750
93 197 727844512
47 117 923758625
43 389 685873208
75 119 989403530
450 114 850571608
113 499 601232445
440 225 278979066
495 255 664990977
94 41 749955894
339 478 242335472
58 16 415342966
20 290 617410433
113 209 584935225
329 313 883276048
125 465 811601886
28 364 769172432
256 79 283117939
419 467 187513036
338 288 428697206
211 340 137314833
481 12 208901295
354 328 437293177
219 395 505219052
185 377 127445665
408 167 957799358
47 99 485687843
303 243 978945164
169 111 491891763
440 21 855465074
287 2 805337058
385 203 537282634
105 455 282496045
366 28 281828324
147 478 388927409
48 376 850281143
313 222 696573633
399 485 660590565
284 205 131179649
226 329 593283679
230 487 168503738
36 249 574586468
220 320 267606313
268 383 252770384
87 426 37717851
153 433 117105244
181 498 562489400
295 312 370389579
487 375 403487332
109 271 91221117
298 149 622189156
288 426 915767275
364 399 746551718
152 333 638690207
168 323 906327493
108 90 965861686
284 90 111043706
337 34 618563571
372 448 233526866
187 454 73649661
464 92 862105913
61 254 422089556
293 241 889517987
192 70 679584332
68 59 83823997
178 56 875244747
243 307 875624314
428 384 442707748
23 240 528597215
11 312 880712441
326 1 61290681
198 103 813207843
1 65 365854008
218 57 576868707
33 270 936071509
80 99 704603852
272 34 860381191
370 309 342339480
337 31 598890348
45 88 305434223
446 498 29934859
308 250 52637420
139 296 526528208
285 476 429728793
166 64 133676491
79 410 773405863
208 395 636550266
54 273 516936343
270 210 248270312
283 184 735586737
269 200 903751173
121 43 812756545
241 208 626943062
302 65 679275055
199 185 829856408
311 185 518930309
131 344 987417332
105 410 114209819
450 37 369514752
316 75 715906056
442 477 217228501
383 184 44747831
93 349 380851002
225 156 691061543
414 476 889231320
212 93 878564379
381 20 111481146
32 112 741371846
28 356 484618240
295 102 776137959
289 114 716707290
251 97 625705300
263 28 158241233
225 248 929819694
235 424 259817340
183 167 145342003
162 279 170638077
156 158 868742218
21 6 915752286
190 44 539162507
166 223 278819979
482 468 106859527
265 367 848809836
149 132 3442159
90 92 288370162
72 396 586645799
326 380 566046108
176 125 61620499
379 445 174373004
470 367 237118504
196 9 882424641
433 406 605818973
195 215 187928145
437 40 251883477
246 169 803145380
426 358 689092349
197 71 246403233
220 276 647246076
220 5 237266920
447 52 409832109
328 2 751355724
185 477 341296884
103 361 523498715
16 490 679016142
391 168 288289982
484 282 384553327
22 91 442309941
346 306 500532698
454 295 342719102
184 66 257257940
61 324 652921815
232 192 921503500
460 185 688754530
444 302 235897378
203 251 904379621
369 25 524579224
469 44 902201114
306 419 212927183
273 107 897396093
239 412 349829658
420 153 580956903
120 297 186543680
171 17 924941114
452 464 866937008
354 15 784097885
225 447 758673826
284 259 987402137
58 461 462139572
435 24 938841967
208 100 728853784
182 123 39892720
385 156 335238237
434 401 434929476
417 283 499417607
246 358 529663364
31 199 405104309
77 386 516667463
108 434 590614060
285 288 981651101
133 271 730436710
365 219 769713806
113 458 529097977
379 17 980686631
354 130 451610045
444 363 124115222
138 354 110669984
191 106 39534984
274 51 877960936
432 222 697454549
454 89 625412690
227 220 466807357
454 34 150421323
361 475 429694458
481 217 110326588
364 428 857295597
214 310 758976951
327 64 24030117
474 29 992614914
196 326 820265805
407 361 465762836
129 347 944682023
36 148 937416528
57 105 550746963
183 23 97227497
60 419 112208803
252 314 593721123
302 389 175527624
147 300 268197058
372 337 22793003
29 196 725326943
124 108 794567584
307 349 11838836
466 286 384454486
484 420 572576990
256 221 619312681
7 424 598126389
407 133 930342880
139 313 666794537
19 232 48531274
403 135 746211102
363 29 529153970
77 143 552893592
128 379 198814473
171 386 646793634
476 263 507735365
381 156 700765645
319 89 242935818
138 378 237922903
26 393 765915946
50 198 73290536
65 153 960559984
96 108 495583285
499 456 99238626
41 348 173095084
494 102 710383788
48 198 542804926
318 189 22693173
372 61 334299520
194 41 96042298
263 469 114959407
397 215 131738149
484 178 833300807
91 294 503022957
142 308 44722655
420 461 546842851
66 464 540228622
404 1 62866783
147 346 287485128
466 183 252744119
34 211 94606642
16 415 926354673
477 207 621369473
288 254 937428612
103 296 744365119
243 492 724459425
248 98 242752788
118 171 148872333
270 342 949879899
454 228 184599712
353 58 694420772
184 19 657206109
105 60 609497458
448 26 578557611
262 189 261121609
490 105 969411836
225 352 991560694
64 462 218499929
168 246 128422235
86 360 837825151
246 42 639637255
357 413 174303193
88 62 606816318
308 236 26692916
359 265 921910230
254 93 231520609
61 50 25784990
64 26 455879438
464 362 566863335
480 442 725027240
54 230 539188957
104 76 81081890
81 82 162090669
477 32 870257047
7 61 142436486
419 210 832113003
240 237 886335729
317 360 109864683
496 96 334430290
206 156 885762294
299 286 836766966
100 176 720225494
241 134 141126573
438 156 125789936
19 29 32326148
271 257 783290177
92 406 334695113
386 125 627017129
137 15 65876023
93 56 704877024
471 444 919294317
198 53 698217889
323 179 933957566
404 430 234490556
91 445 705809527
139 497 643180004
149 453 801943279
287 170 996421901
112 399 473265080
51 149 27164936
204 156 816674052
291 249 203847574
99 284 736707352
307 140 986763567
172 353 145075038
320 217 549426414
463 292 929161286
344 375 801449843
61 26 853134877
460 0 773788433
228 433 216457806
386 324 626862368
473 153 844128094
372 362 984541230
208 315 732285041
300 54 123236805
476 316 790751609
146 496 590677343
323 474 107013034
53 482 9453029
343 256 175735204
35 27 300127119
110 320 147435546
56 436 938070533
368 56 663936923
410 323 668623768
338 389 370362509
397 494 562837451
134 54 432944122
185 424 605116959
141 372 968373064
373 319 348644964
55 142 758835933
435 426 756671600
205 179 59884007
265 264 243401279
313 366 461764335
406 210 196490074
307 384 228856767
318 176 974251779
383 295 570026010
390 381 560051974
97 47 43350998
351 157 891652327
3 364 406413750
281 72 869270419
409 309 311514937
426 408 275246349
20 17 90238419
486 147 138066105
437 404 186213504
310 101 214965522
166 430 878311953
34 214 95912871
31 329 13312794
475 336 355468732
153 149 442898976
366 119 497219366
207 441 656057736
249 284 695211611
347 270 263563450
59 426 671609837
387 377 339341701
415 358 167653278
368 464 996918836
398 40 93534120
29 87 26505847
390 54 676137283
499 469 202137082
288 343 448566170
132 327 287564782
4 11 436627364
112 414 598163095
450 492 979918047
29 262 439375675
210 389 311494548
367 230 32957393
469 334 798781059
294 408 227828476
223 208 524856709
387 179 34426117
173 56 284219796
234 65 713157315
295 451 275494373
499 185 5378257
306 364 365672448
219 227 436336870
234 441 887168152
179 43 717009337
424 127 517162629
182 452 51495121
277 309 353061721
203 173 424911203
125 410 612576867
166 109 807068994
125 234 477586077
247 413 22951709
300 268 669976186
475 321 870269308
73 463 799490461
233 170 15097664
202 39 732929851
305 34 774550837
194 1 59851041
104 457 443124820
492 441 242467661
396 59 846881270
148 254 549388887
1 300 246764415
496 182 915982778
45 300 673808802
242 458 459411885
495 88 704282196
132 160 758612037
494 456 160005212
458 372 445295512
58 340 610614465
14 430 557080966
180 121 132827779
386 218 636787238
207 343 874242237
416 263 860149974
382 492 354803156
61 397 644701247
250 142 62440228
366 83 341248932
449 462 553943535
339 90 327321335
61 150 310023589
123 379 923757401
232 115 775380765
359 392 5260016
34 302 278392821
436 310 155409544
216 421 180168451
405 419 699146091
4 117 157096106
139 344 894657186
241 455 267645951
295 186 31631849
312 81 572186379
297 306 442474314
147 387 34747454
355 2 383363620
239 254 466434757
343 188 625815907
350 5 283376082
148 218 995557784
111 249 723781541
196 275 631622865
147 218 837232465
388 233 90266804
196 278 615282327
146 121 321561749
459 257 349407128
194 128 29676772
35 231 421631384
248 233 829817872
97 140 112511785
67 364 441317072
259 481 457079105
379 289 681940330
107 299 815203972
450 394 247771720
112 248 68589464
14 169 181236743
107 11 434885195
381 151 134528697
492 327 729616750
55 477 876853077
8 416 139581608
459 491 437817959
482 422 718272598
39 17 329999466
25 496 967961550
413 473 349467223
141 152 475554209
227 437 242152386
3 403 692536128
261 308 568800029
83 9 926688280
313 326 864334473
353 192 327571835
171 462 152031008
68 157 353736245
300 431 218262542
7 117 196936686
301 397 637945689
15 64 529496286
194 233 129554642
371 306 804586132
145 408 972873611
266 8 28837156
452 313 598981133
326 468 592305069
290 166 242210453
349 226 529611687
31 301 640246363
237 480 300331366
387 334 319240968
468 49 784228517
390 491 460523837
214 204 885902448
41 146 396382311
388 61 49623473
242 352 160851990
360 280 274235089
317 81 816252270
449 470 956206208
89 335 876601582
487 146 80106111
206 170 668169511
109 35 112046990
264 312 508416482
469 439 511501868
280 123 708814668
370 16 603152206
84 409 702327189
204 21 196047612
254 6 923079264
430 94 648844563
275 428 956221950
456 350 681640722
126 346 804864194
105 11 478449844
228 439 492859387
423 302 949663237
250 234 43102508
488 472 483066299
89 245 693628581
139 482 151131971
20 230 821731043
220 363 828949986
327 379 195143500
255 294 480479783
154 91 579188319
318 1 862620693
21 239 468500681
358 80 294305887
112 67 687478514
246 490 181389788
61 111 648353373
490 147 359690673
161 302 34938626
102 467 953302539
435 396 286553875
490 405 624004823
88 11 494237478
256 313 475425770
394 240 321288683
258 4 280146784
245 346 974566130
94 18 632585848
338 14 446012950
454 78 23381397
81 474 321794377
360 464 677896326
455 219 170072017
148 138 168139553
6 198 686366089
143 341 850517646
463 73 546682172
35 17 538735105
365 396 314829007
191 98 139639660
298 118 436169345
452 183 359251522
376 152 953044945
396 57 345373151
72 246 959286420
458 12 816149226
125 96 468701694
426 198 991031061
327 354 821166975
440 463 894542274
71 69 859400666
244 380 70134449
75 335 522177546
404 33 792749859
255 401 20800519
478 423 908255350
3 22 620551187
462 377 998095409
454 16 582687265
363 40 692207121
105 191 120821037
455 170 287317270
105 405 133616033
452 74 444785707
61 429 198817255
168 65 357632937
176 321 441016373
4 133 833190765
354 12 666497435
396 107 127089999
310 113 71643133
192 290 896706904
121 158 164977990
73 86 112795642
85 99 592650363
289 120 409591258
339 79 553166864
279 288 980476506
85 218 113574187
106 253 972807024
236 432 570675487
233 369 199316528
319 338 468451844
132 494 463750396
54 200 796525430
16 399 131091238
245 262 318873680
173 55 376799920
17 50 540710675
169 433 643939148
133 400 830499737
243 476 581519824
370 451 438466475
24 214 683471297
216 273 536187834
211 120 723999727
325 431 443735330
19 316 50450452
471 250 578805715
331 223 497461525
483 82 645819614
391 417 296010003
261 133 603725496
461 182 180254397
139 426 816761849
480 304 90485623
25 472 393694548
456 96 414925355
85 123 533837768
330 175 384363995
223 264 685058320
107 472 802046613
121 75 800918444
63 295 688232829
240 160 780218907
197 405 716281762
281 132 985738695
273 3 816068949
169 368 497061125
481 76 53388165
40 383 453581071
94 367 832611672
477 19 603109177
355 234 463143109
458 277 830028215
7 138 386249248
275 427 202388853
271 40 577678501
135 185 893419404
183 288 17910056
334 250 90230098
433 268 186914158
305 492 21612283
338 32 86017416
382 484 805089112
272 445 414177935
174 484 182494218
178 366 978785876
429 144 112475070
299 466 26639118
389 477 764619287
325 93 271666721
446 176 692514513
124 238 833441232
221 237 672192591
9 371 637609722
395 41 434467510
143 256 773251996
176 316 169859802
442 277 494929230
349 20 781615888
474 422 643177533
134 381 191334994
141 126 532224116
266 284 954413473
61 495 199557009
11 460 873245273
271 236 665451044
474 267 850232161
16 318 461778587
356 435 791834771
83 224 320752058
446 266 781561600
376 62 460462117
102 489 305972384
143 197 462469025
400 420 326211505
103 176 715766693
418 387 900041995
69 123 244207157
136 223 265887105
50 132 177807392
274 236 967823919
366 179 736207539
412 251 806890560
376 294 217152074
162 284 868439229
160 152 807050220
106 381 893369883
109 397 276075324
415 231 672388553
94 265 752589388
25 342 564888527
171 94 965686280
468 466 967779207
382 435 887698516
28 139 164156095
65 455 886858321
489 102 74804436
391 53 502467766
361 372 801698331
148 111 117452868
263 179 612019754
281 497 443567621
70 454 470894029
90 440 541731332
205 237 364388060
343 298 920485330
251 27 345317737
90 411 230565320
161 312 876878797
234 51 128779125
435 328 276423102
191 352 151166152
67 400 596865105
419 6 322423165
444 122 324729400
311 113 14419987
19 234 252062138
253 71 784114326
16 89 539913288
335 468 943680027
325 102 836201931
96 144 730560884
431 296 567716434
323 486 733727665
27 390 603112982
323 145 377533367
6 210 796138979
32 171 661530359
434 314 85112258
395 189 378834440
36 409 428557130
221 175 649495471
462 228 989318242
417 422 187062113
104 143 298429098
440 3 963678905
14 99 835354487
464 197 615221074
335 192 916360341
9 399 856701271
292 188 795948012
238 96 591020832
451 95 449378411
88 367 714816141
36 385 240576914
323 140 888397136
481 292 522864950
386 286 749345373
405 333 976386544
62 134 746638763
320 296 471838457
119 147 169407403
408 475 65606746
97 374 55559263
274 116 672912222
420 315 428910993
486 455 844748506
362 255 780126978
265 440 848635504
431 25 311122406
424 357 270607075
414 462 997763325
43 173 438247457
20 246 942155389
388 407 875571688
111 122 434935532
209 205 511473016
250 102 7281739
58 492 882951931
109 15 235541040
451 159 264680617
160 380 8789472
347 70 445989738
233 213 114562233
449 93 45820021
117 242 781243820
478 289 741467064
240 437 182179729
378 232 329538592
403 156 387401002
54 22 701822264
186 390 162562804
455 214 643447577
315 423 780637916
195 479 238007204
137 99 42900491
73 279 953043503
107 47 207184443
376 393 215534591
176 334 907188439
437 99 445597501
233 491 541460843
2 478 290286506
435 191 73023501
47 408 771249826
164 352 512897920
288 374 441422829
354 352 373095768
161 117 350032694
108 227 524295588
272 332 959846906
379 405 57758994
3 146 392491559
452 21 936518182
38 411 176993503
335 29 192567404
419 198 815243391
239 150 250220105
246 291 375018153
118 458 254824175
432 442 60105931
58 484 293509405
128 112 211837753
461 105 681554751
8 439 530620032
280 139 656502260
221 493 112132003
434 316 460484948
393 351 851214519
367 96 688399559
369 326 82801681
447 78 486243550
165 141 236851231
309 483 406482298
461 359 160170630
462 319 319144135
464 417 615898030
39 486 992587453
168 411 666742837
237 93 358708452
296 172 890962648
192 159 920541361
219 3 962325772
492 101 171706722
365 270 858007056
378 205 162725178
221 479 532404900
460 271 760276312
140 33 626241108
213 201 129339250
328 16 866586084
441 167 67237703
487 416 395988450
285 130 981108368
251 50 810842797
14 162 380014445
373 366 489553966
166 101 143970401
348 166 532403391
138 256 473469614
234 229 974888203
416 291 360489584
99 261 68747961
496 241 730730315
174 489 717091285
239 196 378420467
94 183 887509498
272 7 218638441
379 61 415385657
402 386 183167211
420 279 882427697
170 465 891322623
11 487 416246740
228 293 240762508
282 356 62627434
399 488 524899949
364 292 26652620
400 383 422437466
365 107 261559479
159 53 921781678
486 213 318533341
54 405 51756111
365 313 398854962
412 4 355687992
236 473 777496526
443 101 99688415
332 365 491104056
245 263 311869908
282 69 655616242
89 171 342885700
8 11 962731625
411 268 959829238
323 128 546095101
435 352 256157073
184 78 721576789
312 298 417476834
470 407 620488199
95 248 846683074
154 414 667828135
3 104 23647888
6 148 974106901
412 374 563686651
235 292 293879905
298 174 638057616
27 161 935958728
260 360 776674421
499 467 66380585
469 112 927701905
228 455 983564501
35 169 397334571
320 291 917195473
175 202 487837125
244 458 570463295
401 267 316240251
325 355 355840624
7 224 361575210
252 141 917968315
60 271 463937681
350 325 504936257
90 231 251216385
53 180 45934266
111 258 638077147
207 290 36656681
193 66 300693673
146 54 585911395
457 112 774916613
499 470 783546360
443 348 432072095
165 356 237738001
330 436 531520891
148 146 195182872
159 469 865052851
139 235 933512163
485 2 606401403
125 273 160826540
51 50 795562108
37 77 956666159
466 319 494564794
99 319 931108627
269 149 449370689
230 18 110433214
169 222 569528732
86 329 406137338
200 402 920294264
15 187 110072586
427 439 579675915
146 161 163428470
99 412 8023421
480 378 417750900
462 495 488269799
435 79 278473790
391 273 190229547
432 236 146951226
206 58 143738334
201 369 544314539
156 55 938922381
400 333 773509150
499 361 570212459
431 173 261097363
344 361 131275688
365 494 867297636
277 487 731698637
441 381 463133573
288 425 921734003
264 432 944637048
118 201 88622998
133 49 708255261
31 118 721941998
396 181 341373767
34 150 430748780
141 385 433759054
396 417 985981040
335 470 429071353
407 75 174390358
395 214 770602794
427 436 481772415
423 352 411381765
298 296 768894535
342 472 426269199
137 6 408175010
233 43 736573453
172 49 371895661
109 179 222156168
14 283 681303390
463 158 726191987
266 362 635489524
278 119 841683972
229 212 190897392
332 10 133616901
281 148 651494165
322 278 879727682
296 297 287493448
445 70 343060492
40 458 660784162
216 392 471180478
229 33 926828106
49 71 689541993
178 130 97488130
101 118 377074581
122 244 320127419
82 164 90168585
33 138 880061120
455 21 293978663
410 45 751622838
459 478 985261902
294 315 895803511
181 62 436927017
397 354 970859702
464 158 418871478
56 187 811131178
383 104 793167060
268 127 280641705
161 132 617160705
415 466 575379487
416 157 157009886
347 196 922184174
344 307 651953320
90 20 844514859
410 488 357028323
485 309 710509111
121 470 945031880
24 331 253603008
402 362 178555565
121 289 62004914
56 107 123913573
117 434 906166881
81 249 243686599
119 274 526530679
449 161 686277295
221 347 986286753
406 300 686085639
428 476 896924565
172 32 784936896
272 125 90101396
122 336 398997734
305 103 855060310
474 228 378132467
57 485 480403502
496 180 708976825
442 29 854403846
238 199 581144962
404 356 750110796
210 111 776605357
449 192 517015233
474 246 534216180
406 363 895547912
271 466 767579310
445 181 186679807
128 205 590671559
435 93 547867920
84 403 752481945
180 221 863394129
195 55 633091756
69 59 87872332
336 142 157132726
219 162 909927158
119 47 884235269
188 344 386107184
416 457 457176979
136 302 76833026
184 106 539660105
33 322 486447349
435 345 967167139
269 47 337367450
254 92 262327682
472 405 700703825
299 57 167388817
298 176 759397192
426 483 663564308
138 160 368658750
183 111 805315220
300 264 738982290
148 266 761911295
196 465 580290368
177 311 913381960
126 81 283988702
395 457 45552226
169 390 526091085
68 424 741608831
401 252 337056999
324 354 355514981
344 430 670380284
485 307 361275806
11 277 994199802
385 40 967458017
51 248 297323670
170 136 478947408
448 204 501045737
99 320 699186315
16 494 546808798
54 165 829824111
244 305 687564429
149 447 559049498
56 431 718611200
269 359 349595390
324 232 504803965
29 449 658452861
53 34 461489759
66 42 776215137
62 92 305584245
25 40 647955720
310 70 981768604
189 252 520191497
294 286 465083868
69 50 124588231
189 179 522854388
215 176 787029841
498 366 110590751
203 45 430633017
249 465 637702348
112 313 139336411
361 153 320275659
197 65 638472610
33 158 191119102
276 381 418171779
104 82 913418635
318 173 791159577
477 309 593702434
35 68 71667991
360 418 18118332
410 2 903368373
38 391 559662268
244 87 508861871
376 381 840623157
160 119 426751788
499 474 404889452
469 72 931948365
360 405 492274557
86 315 601469276
308 295 197166490
433 5 574312955
367 173 966826209
465 204 860511512
73 442 109527746
320 209 211541230
272 127 364538681
270 275 169399854
156 324 930904611
136 395 891806513
307 226 712412358
490 116 28038553
300 145 631045697
189 46 381158302
325 352 773310648
51 246 72759658
465 78 779834351
231 487 104328484
181 275 200119896
308 479 639173597
464 379 980917317
190 117 483834966
491 198 834648774
318 87 979748796
489 33 598309017
70 111 753080366
84 240 900396596
149 230 910185481
232 97 121088694
427 22 811065344
234 196 966959715
285 18 671092157
262 284 59185911
106 264 8426187
128 480 516377381
221 304 645000421
338 280 569022861
13 414 564587939
1 109 740612406
133 153 951132406
463 472 745528725
189 273 251678783
176 318 718218463
41 18 756354692
450 285 623471205
436 186 611733760
400 117 427786307
46 32 942160970
83 211 769821693
337 417 963205947
203 354 131744242
384 135 715343569
205 342 934312321
256 280 969640420
483 231 874807009
382 334 26213815
231 431 996640521
98 378 985623377
108 433 456603033
283 324 775893187
260 458 645299805
463 145 280231926
36 85 837311535
395 478 600976721
435 215 455572367
43 384 212749047
72 364 359851793
359 227 549640265
101 285 924957282
93 397 501056166
88 488 904322000
495 157 786836396
345 129 518143002
429 61 941749222
445 75 318220736
204 109 79458729
226 427 755367648
79 132 701175624
368 436 986460334
392 166 874993465
325 126 845852761
376 168 60861850
151 88 50047916
359 343 730506884
279 461 259018121
155 213 284494082
194 360 194921
24 308 41731988
498 11 931118559
423 61 855914369
393 237 982401032
325 364 478739035
174 317 379947758
460 340 555299579
166 429 947578286
458 462 57447784
462 459 131393034
454 185 541627724
273 269 939261842
103 194 419106541
267 446 774829078
175 261 366725130
143 134 25272626
343 128 77469748
490 0 641223709
4 305 276249309
93 370 574520766
185 77 491804907
270 306 213607259
196 242 575740419
117 479 529340410
194 14 993766043
108 113 181658193
256 370 220793652
323 198 376457888
83 134 60432439
489 309 637422020
267 385 739043441
15 330 425906011
422 244 904233110
148 315 159794922
498 146 351747248
242 441 541695732
92 256 628872719
159 454 980916769
15 71 786410505
358 314 561825668
363 476 306874497
428 283 279839407
307 190 921871952
158 19 815690319
333 368 472900692
338 352 286026491
44 58 72288150
175 82 189567853
400 94 921986513
110 401 623066468
131 348 592918516
409 343 912302777
225 317 289969604
393 296 469633187
147 400 483809005
5 313 52081404
334 327 420899215
462 64 569343388
261 263 545232742
104 38 66045722
256 196 810707465
373 331 619038877
41 485 829705665
444 279 620120751
478 359 402632580
35 157 678386528
466 497 934077725
272 6 180945656
406 204 913456409
471 495 527001800
145 24 140361871
0 246 521872441
409 98 838916129
393 400 588324740
88 61 843304199
200 401 113234975
135 196 95764881
328 53 492026382
237 313 575227816
411 418 124301416
40 267 213661055
422 401 695184662
140 175 397468986
242 31 462536170
233 111 326384483
255 24 950196728
280 45 548676906
461 329 634900450
5 174 49254211
452 81 608351339
126 381 619478241
133 250 35349832
489 403 353148623
140 449 104996217
25 455 554147383
79 122 533204780
318 302 765297545
160 59 908374335
175 257 651790958
206 185 52461528
163 279 797552341
223 125 457872630
244 300 2452611
424 370 568959957
229 310 906685474
361 484 716843098
169 139 394627414
32 50 978855361
491 233 775826475
1 151 522073731
280 274 35798710
152 148 983746117
315 463 139212166
213 483 431105455
204 55 797599019
233 1 668356425
297 218 116399772
131 272 243104255
359 351 933658581
294 245 206722466
18 155 150836089
498 415 643867730
392 158 127439711
499 430 918750846
215 3 868884636
95 398 191686712
483 286 426007956
434 236 599858459
217 227 957732620
386 434 345036974
2 144 867345920
188 491 672487753
380 359 483387844
66 198 807287890
368 58 377063459
430 302 175543401
192 215 34142866
425 34 26891763
37 316 325714666
78 350 735405781
106 35 10306246
431 127 327531049
92 250 249291049
412 350 19741109
225 237 579991298
108 499 869409864
426 405 957706522
352 69 137952154
189 398 52804670
293 457 19852636
240 100 382970098
278 24 242082678
38 47 943283503
6 370 148719030
407 157 863383260
97 480 966151545
114 474 606668027
88 73 217768848
491 303 442070184
397 192 535492898
426 355 672052711
302 228 6360975
63 409 47226760
101 276 445034734
47 168 665638343
188 241 801108430
42 44 302737529
493 175 977621290
424 454 858977562
280 359 678440822
353 357 32892770
76 467 276222678
265 427 217419590
57 129 893278380
370 69 991591735
393 116 314487342
370 20 2956077
461 425 220977208
144 119 19208849
13 132 433044125
203 456 629025012
59 1 332153844
256 347 88601041
54 255 279365173
21 216 955289210
414 187 296624208
131 31 661251997
380 277 278529278
238 79 464076619
110 342 390020705
141 188 156512974
487 324 507656547
198 271 232006556
494 91 633280681
267 496 926037576
432 75 722312254
240 169 930954748
481 139 986114089
344 279 355196241
186 449 307619201
102 479 4421107
10 441 41267838
398 215 178830471
150 264 203479846
30 361 977120351
304 109 507645335
291 427 425561973
136 195 698239420
324 281 798397292
220 22 925805619
296 75 642143440
253 212 625750272
226 217 40923770
43 91 325490489
249 85 990689565
436 425 961847986
287 230 296348373
127 109 553065976
79 478 598438895
305 164 757705418
435 229 834177671
405 347 702527792
132 155 539084205
272 67 676580171
267 434 775313211
203 107 596219156
330 50 146170331
143 458 837528796
453 44 679745390
29 484 749346720
373 427 971385666
205 331 265665500
267 251 473490017
285 393 296818255
56 183 557182392
141 120 751212291
426 393 169678703
52 34 804886320
126 115 966355576
137 247 840551570
344 2 991646599
304 139 406042544
233 178 677200969
391 30 19573584
122 406 908011667
226 487 399231721
0 261 362550627
239 215 649703824
426 43 458268748
186 7 784973408
333 167 614811013
387 272 857941616
54 263 538882455
498 300 687385695
413 153 733521637
184 118 662364242
258 190 630228482
69 234 958503032
0 349 6423370
104 195 832408257
382 476 702543588
349 26 873763915
115 220 302849717
467 157 134757522
442 346 795643178
179 261 926424981
433 331 593774713
315 131 817118361
143 488 616182457
452 172 120370034
384 489 305809165
327 392 37661589
321 453 545880410
392 371 700401761
488 409 707678295
439 324 957032478
397 447 588053524
38 176 165348513
421 104 131204801
105 456 953893836
292 172 787758657
94 150 125429979
373 367 180918322
279 280 553859360
499 279 949009062
215 122 855787518
150 259 662809530
12 419 65151535
33 371 372692258
352 291 301466220
148 97 882159717
303 499 936397347
16 40 362333841
391 330 302138993
25 150 853600085
66 86 989692873
6 60 705340387
297 145 307449875
112 93 202813559
458 400 887364079
395 268 502199873
413 110 392946864
90 18 566957231
94 67 819374253
268 108 345232922
224 42 860399976
405 124 875484190
492 153 127221236
27 39 477628038
372 452 961003439
322 336 35696396
111 333 36543004
400 334 758490220
448 83 821352292
424 5 877829570
100 252 479958901
299 64 124961531
145 292 237208133
357 111 78325811
408 329 64160681
407 9 874422216
356 393 641477807
306 384 489013983
202 448 491363163
489 278 159731730
409 63 150848928
132 51 308428598
330 352 608077469
59 79 324683860
434 263 749624555
279 79 315022021
277 420 130055246
473 423 469185522
52 297 396095989
471 179 71770301
395 279 318113898
487 483 704034553
254 21 607982813
354 334 370701215
343 234 97437943
432 363 511751222
113 255 39992160
476 59 885450329
419 315 710568158
351 100 559273310
388 237 942396816
39 201 357477162
163 7 340831070
423 4 408598637
169 99 738663525
187 163 590993405
338 114 712261798
245 53 358284710
374 493 888417385
124 288 768886730
156 362 43995893
448 31 155754239
202 248 337182058
93 167 793076674
73 356 985813768
51 285 15364734
125 498 378434897
368 1 358987517
349 224 268454793
162 60 95682985
400 315 32030016
367 84 914897930
288 449 641734654
70 208 204050101
178 478 214154052
119 471 288288247
131 307 467082137
210 47 80198856
431 395 58593508
101 72 637669977
329 404 272841286
44 305 736058045
468 128 750324340
460 91 379280831
483 84 897767345
191 273 718981253
419 30 53158021
312 436 934502135
278 25 207866842
129 315 668397514
117 229 675163849
240 340 280914539
495 388 231307837
255 31 157421923
165 350 451389660
453 236 976289816
372 154 256972896
143 83 999351194
337 378 616179194
205 276 564361636
260 291 335864475
218 373 931010363
43 255 782860584
52 17 903418009
89 133 964297018
146 471 637488595
298 463 444933551
39 232 420233487
443 465 443688206
495 303 489582081
379 40 583788299
463 448 435437058
485 64 220894521
40 387 549341869
153 285 562071555
180 411 248060053
214 309 445771932
283 25 344228430
399 398 320479580
81 320 526761860
189 65 817936799
397 69 228874619
302 19 542574753
370 209 213328289
242 227 533299791
12 432 159824127
480 300 395015648
203 195 697965168
70 9 52897634
185 493 395959282
464 480 415608268
236 122 775884846
208 156 697125569
51 201 846897536
194 415 528037305
30 312 864236943
405 227 371145114
380 129 429194849
60 380 551439
475 234 148276759
244 499 189947773
152 198 239400761
92 84 655874442
156 116 413091632
359 471 429274338
360 162 15852996
99 309 722926306
277 6 58003776
185 374 697444114
288 103 924054494
435 462 395143134
454 399 862178201
463 62 466124615
306 6 536582941
22 141 257343202
308 151 627641597
201 295 394454623
1 128 184694629
287 63 228168455
161 139 423429078
123 455 284487375
256 338 202697585
68 422 169354961
376 277 223739357
114 463 375576555
106 399 588954161
434 320 922489081
312 101 137531471
348 59 901506990
211 75 298960210
361 237 769002656
171 93 798147103
321 234 183502933
119 321 858308776
343 45 159927732
187 298 290373107
133 237 226229032
5 433 147243094
8 193 117067549
177 198 920991715
233 29 613435589
380 175 823178074
236 27 787323715
99 251 736318086
133 391 130478850
132 183 909669130
411 243 185552031
244 215 398615371
8 382 265281605
429 418 659334339
291 125 974357873
305 128 120312864
325 346 648684202
112 259 5901054
84 419 250582818
219 362 523265219
121 240 335711308
57 453 623336139
254 208 828175854
131 238 648294394
404 422 742333236
348 354 228799978
118 213 693766159
354 28 457215669
219 37 701207288
187 406 536690764
467 20 731691003
15 132 147461428
9 316 804845376
235 452 342646675
301 68 243835858
360 47 208621405
359 361 126249995
34 226 380788377
150 351 30785884
314 335 318721098
9 118 1765235
84 179 697616899
38 142 953031622
298 279 472024639
283 73 611428433
327 329 83997561
216 182 636822858
151 380 497187785
124 51 602344368
84 249 122075954
17 397 844415192
210 72 912419694
386 203 480925306
440 328 805544822
324 301 877185658
475 480 874836374
224 464 158259353
205 16 863587243
331 62 630811275
151 401 993584878
188 499 455780643
346 497 898394347
122 145 59776638
406 159 906611126
321 97 591233889
401 1 347749047
417 481 362605455
51 179 486589585
447 350 507985063
45 419 614138032
198 42 166814992
360 388 831327718
169 141 107140836
425 370 668843971
40 48 29344473
89 466 374619959
40 228 146394466
311 137 150670900
231 126 799272465
106 340 449635037
488 366 577568278
325 436 994985188
25 420 138397960
66 173 444687070
398 252 148058724
411 228 23145153
461 337 802651086
342 436 175005714
350 231 308671944
334 330 703366204
166 338 814605556
258 81 710822509
210 366 582306277
71 306 656951328
162 221 26295197
470 433 768503446
356 374 178171644
88 323 20061687
124 264 987568912
162 343 46162288
91 122 805806456
430 312 781380581
143 180 355826020
371 102 631923786
375 219 881316500
325 403 611060536
125 31 143620979
163 432 483447672
309 132 295565347
300 487 63831457
446 237 361166946
399 348 809756739
272 243 119073264
75 304 844217344
146 44 413824376
36 5 238271698
277 241 72194438
481 404 643816661
471 461 274406344
129 403 747457522
62 104 760439864
5 267 251632286
89 177 752532502
73 129 105211111
256 120 161999514
172 439 621171715
465 8 897762005
289 207 599066641
226 492 995820421
68 156 689406033
161 338 997782350
227 67 270415779
248 374 646366796
358 257 39347504
103 65 683928571
178 300 507938774
201 428 443039695
286 439 655535993
31 279 841219168
83 363 647538783
268 272 601229409
249 43 192460437
187 66 78785958
461 28 751707400
354 448 74793899
399 42 966626303
103 452 942954652
178 146 748904782
110 197 678393036
223 161 242026954
217 238 277909833
1 95 46341238
273 301 885006610
320 127 635779724
43 471 170872462
351 178 868487077
407 352 380141843
185 245 382948890
335 415 768742963
352 445 663726065
231 250 248572220
182 47 803503929
243 263 383987287
487 277 939521371
194 164 488544904
296 104 409262878
12 339 308639488
367 211 13639162
461 357 321723220
498 293 900093317
419 263 285094346
122 260 667783615
374 451 522183914
455 399 64378146
20 488 710585293
98 174 412852939
284 38 874020051
139 384 705835618
190 4 531651833
427 339 287165782
267 273 704935231
284 58 206858026
104 305 350136767
470 317 713404729
357 499 530399033
302 168 880519485
324 320 119674417
109 191 903161419
367 427 840271035
296 238 807910076
195 244 150253504
123 79 91220987
89 421 563555587
69 424 689452813
141 144 334339064
400 59 409847571
136 229 462216838
152 358 712740061
347 5 514547
302 85 59888510
497 482 435623115
345 356 274581186
368 243 524746493
488 123 10924059
414 378 907959842
105 84 714304
237 235 386115242
190 454 927574362
273 223 910535733
46 394 476532119
420 363 662819051
161 482 980684955
295 459 940435208
390 404 732219959
276 235 103419811
312 148 130732961
325 14 9877226
477 305 358385364
105 240 441745749
401 200 543546286
435 48 318981977
493 378 608272089
474 216 614136531
279 467 318431152
354 369 580390679
116 334 877893380
439 426 305842989
189 246 523579733
354 151 417801785
118 19 640607903
318 233 409563353
391 234 207629178
341 391 468165726
182 17 328994705
262 372 505711929
484 43 884665064
434 91 934411701
130 355 208070071
11 198 299908173
480 70 401511386
151 8 883834342
470 497 989919198
258 35 448484841
236 127 816127077
1 239 583500290
107 429 28533412
476 300 69761108
482 282 175892518
254 96 290922353
46 353 980646759
348 167 504985345
6 172 488696897
119 190 430386376
477 426 740847727
248 24 69513353
127 339 860672464
313 382 337893443
290 246 340551512
363 336 325493669
14 403 873631274
447 168 206656846
102 200 963732880
254 269 577230262
307 311 638396650
397 64 508728806
424 120 380157888
485 123 785266070
322 216 882731167
174 471 843770392
40 299 218543200
31 15 957087798
39 493 640433821
16 374 337404696
378 211 912841498
483 317 469122162
296 455 885193971
413 125 102535411
105 55 220963741
448 77 953999906
114 375 231847286
172 299 549034768
398 477 582352248
226 180 397430607
384 133 43862919
147 25 890731296
44 333 847443886
224 277 53013878
31 465 215934897
254 218 430896662
300 444 448418413
104 202 533177882
255 277 635301341
356 457 68951221
456 441 111957831
149 209 571471766
77 158 441400756
289 398 788991121
151 260 83893288
83 441 812146682
103 317 470833967
435 375 933995044
374 45 595813553
365 253 944852237
299 181 856941536
286 437 566163168
153 25 431849766
66 327 749993098
316 444 864717740
6 55 350580740
371 207 210135920
491 37 986909360
264 413 458395230
86 175 427393108
449 341 952834230
145 334 636021599
65 46 722550816
288 127 971216655
293 68 410147658
410 446 446300135
322 82 527070466
420 159 259397610
365 227 178508286
115 128 964267428
255 409 582040672
172 372 498854283
127 386 113090185
252 63 901737098
190 285 268799805
350 244 990575722
445 43 533834132
455 352 584772867
114 4 719725656
374 18 384428381
95 186 953080201
418 149 680345383
322 1 532008804
168 394 209446515
449 152 82039122
292 428 785750415
494 71 450432186
467 302 986800941
325 214 554065205
78 312 860267778
402 298 87178032
295 133 756150277
16 22 245006656
163 340 248518110
398 482 441605445
370 452 572412084
478 291 831124184
134 31 868322368
349 182 392657993
200 192 532447095
211 14 354024665
66 396 492948514
189 287 863134300
294 69 332737637
174 134 676783806
428 306 667299595
248 439 529623207
341 72 284598496
90 80 725379255
23 238 304259943
316 459 89740879
130 0 752759564
203 140 288705405
99 19 330485953
318 412 138440327
127 489 288406035
197 386 430429625
450 226 549344946
139 50 588255769
335 112 963212972
435 122 518381272
123 143 429872668
58 179 942765822
486 453 205533595
229 239 880536645
19 427 407688408
152 443 169339997
146 139 849991124
469 70 780365911
67 270 320123071
383 183 575934572
269 25 827637855
365 382 149773903
158 370 909430135
36 4 944398267
445 137 888141970
231 235 47452303
2 77 503101002
47 197 35084510
413 278 509891105
433 134 169945265
338 135 209838328
449 126 353535415
415 320 609933697
413 127 619651379
486 456 9739436
227 138 176636400
246 294 733017709
47 423 689947561
285 145 812150646
122 455 838717022
100 6 589231525
209 145 447104627
247 313 155156866
146 485 105889868
479 314 929125753
140 428 118041364
149 405 102281816
167 325 796893970
39 251 473527750
172 387 428491879
238 312 951406404
196 176 901836309
178 374 845460150
176 368 428864153
297 99 952707430
395 393 723165492
154 276 292017072
357 31 891604381
356 283 40969367
208 349 479896729
440 385 896143648
193 162 400209600
7 213 165327689
163 123 255251894
34 297 877781095
96 105 355003816
475 328 932789719
46 284 352516615
457 208 672573704
64 382 133392273
91 107 553948552
105 176 825361801
303 181 351999438
412 378 324153991
180 228 481460080
430 424 402311473
35 205 301549615
60 330 906902292
493 306 320322359
320 113 678362281
389 396 308167673
344 104 987129855
12 381 480792386
350 326 275559152
5 212 815364965
428 380 589072957
395 377 344198539
74 466 535697977
252 467 509705328
124 317 520362457
93 181 162751212
34 291 288149149
142 404 227377644
82 111 831058422
417 274 150384230
49 337 674301267
372 149 668722898
83 383 662111992
197 193 34154607
359 205 669686861
120 461 283245734
408 187 547456164
235 378 303800235
460 350 537861403
163 433 301745674
182 225 122310510
12 320 248057264
263 195 302223124
367 155 740568559
57 290 722110573
21 437 734908277
105 110 262251994
492 14 212343468
426 451 491803175
459 25 700825975
280 239 822186646
107 43 414562028
148 32 150696951
218 112 558673637
190 177 240730166
419 54 871281159
129 132 113702489
255 375 524699985
277 455 488074467
70 217 393136386
110 112 725016352
438 58 33937948
117 298 337055696
319 209 353723425
266 76 584012673
311 351 147623373
143 41 878895211
168 136 715093262
191 181 276711032
131 53 340886778
122 262 798695384
436 194 383991431
388 338 521751709
265 318 298815044
410 412 710086233
298 355 790934370
377 13 871770479
382 453 570544
65 218 793720813
474 205 608730326
433 102 446747095
159 104 313423257
207 103 157346791
479 52 686826701
444 243 242728955
321 122 434690731
371 38 634891207
444 476 946293114
229 404 859753675
55 325 226610324
493 54 939723423
41 96 935094815
79 176 813512237
447 161 61018668
209 33 393456975
65 319 396622745
140 93 136983760
472 142 462591406
362 361 591871739
411 259 10465660
83 50 909448679
87 246 416452411
274 364 33524381
416 246 259679847
442 76 751596100
340 282 8411915
375 488 534543829
339 317 117450513
196 254 116004670
330 283 41679066
161 6 489027092
358 312 567883990
484 331 695285414
84 50 105269482
230 13 781667086
457 40 503606082
328 236 910662728
430 458 663710465
175 448 96067910
436 251 946102924
108 483 665042170
65 291 212459240
186 376 47625810
368 294 499186445
127 50 724022652
464 23 692339815
425 424 405678080
32 220 417297517
160 72 78455934
75 356 461226530
395 112 146990
32 194 602262233
13 345 389573752
4 286 180994239
477 237 347603452
179 104 185820264
444 151 973973457
318 303 174014181
463 128 983155350
48 287 861038497
90 200 463441432
386 488 303162439
449 487 873016382
468 291 700719342
124 333 122739498
496 41 493755761
306 381 111075665
274 332 637247150
196 372 807781550
253 51 378954788
51 284 638732226
274 273 294725161
75 259 490292021
34 481 866114769
107 448 774260351
19 60 938862130
70 171 626096247
210 27 142156084
197 13 30077306
410 228 144501228
158 82 783336884
241 490 219886681
27 296 642254698
210 490 387133462
462 450 316599227
91 141 93449996
48 264 551002284
382 248 151919716
248 46 298361015
391 482 482837963
396 208 446991032
211 8 813099874
269 202 913050494
331 300 762899074
129 149 438771358
287 218 58002752
169 155 569777689
228 335 600322003
95 237 888946494
209 4 907075864
445 296 367199576
52 66 365801827
102 23 659773830
187 414 60201812
488 151 809058679
427 431 589685544
311 153 151589322
103 258 971993079
339 58 344518323
271 483 776810474
87 226 481160126
470 448 295403910
414 163 192460104
288 19 737523998
197 195 292028797
84 396 901252271
84 219 195012339
107 213 186538074
41 151 875263274
316 125 593806557
455 356 774152173
204 16 491855854
121 214 847586685
349 209 343559983
26 103 628024471
282 418 394477130
18 493 957259728
160 230 359124998
87 251 652291815
261 98 318925033
171 363 557104986
486 9 419624139
35 300 917965126
133 285 523791246
399 282 231057485
261 44 602115107
147 235 117568619
345 228 904780130
379 457 148809596
85 420 67270523
167 235 483947832
194 388 121535540
222 235 28605893
53 0 601229089
414 362 871948412
26 275 647410425
459 38 321750385
224 278 468229710
176 274 790151115
449 241 958553738
333 384 11388397
313 296 905704360
121 475 809775596
105 469 358039014
240 189 525641425
459 460 77653383
247 477 18187484
96 324 459920854
294 199 475825442
450 128 266377824
52 399 486825963
245 342 299778791
324 283 754261314
238 153 871475023
108 459 9181509
252 437 958425403
28 27 511734756
314 135 274480622
388 199 448388967
481 363 831289216
437 381 674357430
337 96 753161960
463 379 953081408
42 178 961038845
173 355 315567612
44 133 626172658
273 242 486082460
283 282 120473513
428 51 530427696
89 354 744057283
25 308 314469358
120 109 320199303
135 449 967756977
427 67 339402550
200 29 77911757
305 9 221004827
258 228 520428612
459 418 437237949
334 226 526242360
495 12 52947383
466 114 187812965
115 22 392751928
151 11 602075219
372 46 620311011
75 133 709532640
406 290 12210860
407 458 234161974
35 138 202395418
372 350 107060940
245 230 340465246
83 216 407806266
362 34 535396062
295 378 5105788
183 118 579378237
260 461 923988282
379 490 58011474
196 427 849967257
331 23 710729945
70 338 140599738
391 201 883039889
187 221 701546195
164 247 505155868
185 78 186447099
361 457 404041096
265 139 991163583
5 126 406050951
431 499 271885830
8 495 511862152
429 385 641199144
191 419 775812879
106 72 594425855
297 241 470956565
293 266 961544894
416 441 330745469
396 492 833923453
469 234 640742079
353 35 267719364
387 485 803501639
286 56 662144806
157 255 48500728
39 270 279529108
438 102 815946219
473 139 140296584
78 262 847818831
430 92 463242623
203 490 570989099
285 74 206874730
347 460 829468292
464 60 987706482
154 203 766232735
177 229 943556053
187 181 265834941
227 210 558069940
76 317 371228531
31 202 418999081
442 178 847960245
196 212 36175002
377 475 307082367
371 157 302173328
317 440 852194459
50 370 248734460
349 259 396317301
32 105 375826843
488 67 491573943
72 358 851890608
233 208 756673152
222 309 981685936
320 173 290270117
185 172 561817872
451 352 335552155
45 43 762037600
344 118 847411200
305 272 524991261
351 200 822995345
349 470 51040149
314 100 412529311
317 182 566451526
347 86 383843469
368 370 17189517
404 397 798854483
83 415 378240235
342 498 251327614
430 475 694943895
133 212 348613057
459 373 127283702
445 489 192297156
499 253 662383789
274 477 941508647
61 439 878940996
111 319 762165662
155 373 721669539
95 219 958081998
444 413 59759487
432 151 312188181
351 444 776407637
215 416 349805537
254 229 38324654
405 363 407223629
58 158 208646353
177 193 723429916
46 52 562489997
474 108 707049334
479 103 317033898
66 192 870771423
222 212 88859035
227 13 639960152
468 338 953935844
154 303 171770234
407 303 141046796
144 313 749877272
325 69 924147211
1 129 449888777
391 1 972055425
399 493 279877717
12 144 778547429
405 338 441949834
430 466 279258482
335 11 456869575
440 135 615135378
270 136 35076802
208 4 216513129
349 147 825036074
101 412 884698075
390 477 797562558
286 3 281631443
192 434 365374803
85 369 2384624
176 261 960483374
295 35 248735387
275 494 600359409
180 255 838864185
16 454 631942632
473 102 59097303
400 311 574115876
207 56 817393910
370 153 185103851
446 132 951566427
156 233 288843291
262 350 939705429
235 137 807525752
454 426 32459189
336 228 165279473
343 431 739123107
98 267 744259705
117 475 864712993
321 39 366115112
34 258 831835479
131 103 909727243
156 378 572219483
444 333 716121263
498 399 610066451
103 358 114082057
240 58 418855446
125 318 325489738
412 159 772747535
244 299 780847724
34 20 592237512
73 285 166153225
499 154 435868085
28 430 651627016
297 211 575414049
463 372 95085229
295 239 274479095
200 140 555818436
78 217 955001031
487 38 455398639
237 360 534303229
262 420 113690745
463 382 102923559
151 75 895528248
85 320 45954870
202 71 526413842
424 63 34265375
485 115 986544270
18 172 917048962
91 38 54262785
472 190 955339386
236 483 833432040
446 47 303978188
329 439 740122197
298 260 530048019
403 316 299855061
424 8 619982520
438 131 745440026
198 208 235284234
435 242 66467537
115 308 569416960
384 380 993194251
390 1 420923490
320 212 116742153
451 56 295900693
486 328 840707702
450 272 696780229
289 78 969644988
205 303 822829540
212 83 959402588
80 155 482426545
172 1 603180404
212 344 582332105
36 374 422064173
120 103 242339687
354 273 59664485
408 372 714845907
381 389 436475025
167 329 309681127
413 381 314150586
145 401 100970126
251 96 197726999
262 76 612052033
127 81 701728743
3 215 285498782
424 306 843860101
257 164 446678869
224 102 46742729
472 336 172866959
425 87 650438907
360 159 84365823
289 119 492739159
472 256 544257035
461 194 12111497
250 367 380339199
9 300 935633093
337 225 267595451
187 319 706473759
280 110 903832355
383 390 468469441
300 303 537231004
340 167 919803822
358 42 650345943
441 252 293505641
244 78 778823797
137 236 936439624
416 450 385164440
328 494 162818282
463 189 278699945
399 484 850500547
185 324 219757748
267 343 272210457
358 18 447962580
258 14 60753245
393 313 288991861
174 419 103935447
307 317 967132714
70 413 154413422
332 322 46602634
392 15 997010021
471 95 385406852
320 458 227074984
457 302 268010656
307 313 559179538
465 234 793745182
236 415 352037520
71 284 794222163
479 182 5521769
460 480 384201019
421 100 423843142
479 176 684276816
220 174 22273582
449 222 239332553
454 333 291306847
446 349 681032429
234 149 835056171
0 385 130673102
272 212 896572547
373 32 609335056
433 70 662549815
379 283 310456566
309 100 659165340
50 129 85042511
93 6 741299854
230 66 383669834
26 453 693922407
399 376 419387314
330 475 406472759
132 484 573210842
462 257 158899768
440 78 283807689
475 320 276869603
284 123 350659031
291 161 776410170
70 276 927167337
112 410 587807425
474 434 998818326
348 205 928726437
189 32 937177714
476 461 508864641
264 325 999108097
184 14 205302468
428 4 12694468
455 307 645358967
231 149 678117895
397 178 468695295
137 151 56327255
81 353 444980376
416 278 186128892
337 136 21100029
103 120 805666831
53 130 94059842
342 184 853331782
302 275 559255684
64 487 214655745
459 144 617010920
117 490 676342456
49 478 215426701
111 198 717389779
12 216 823140184
454 56 282920299
366 480 984899807
257 43 61413812
226 219 753242668
263 188 618251637
489 108 27274441
40 392 132155226
356 12 148075479
420 479 746838494
233 292 274922450
262 325 618361938
266 85 990061901
8 72 899443900
176 223 17859806
61 28 503869884
67 52 813922008
331 353 638526841
487 290 464740647
395 36 856265331
354 296 256368109
243 291 929688917
333 493 95558127
252 60 710980229
117 209 637615665
170 446 547226345
381 160 773182187
155 255 328017149
181 90 139458257
79 167 491377380
355 405 709294815
167 89 768470398
220 351 425293513
68 104 18088469
491 134 672914759
379 303 911375858
441 40 595738009
39 180 688000828
376 332 530249165
111 389 280518519
61 6 294865079
342 330 657109264
274 437 645043393
204 265 198452608
119 338 774389687
130 256 815917481
137 203 114192264
223 189 385647003
485 49 561650397
167 179 544348770
325 465 23240649
331 315 982742370
197 27 873770677
223 14 138496221
191 495 438834065
370 46 527423977
372 261 765177071
438 223 244214070
274 29 45731607
483 72 214177365
69 270 511375583
436 339 445187292
305 380 161010800
449 315 294232228
2 454 282327445
284 197 860392105
304 347 513608521
169 7 484574083
269 302 871235221
170 295 27272831
30 97 521953440
446 121 460104123
218 122 326661837
303 420 395940467
23 312 379683231
331 289 476713081
94 7 954166811
414 16 740297765
456 342 997407491
4 298 512589968
150 166 251351293
238 166 168775614
8 159 275438
487 155 863616612
152 120 215089860
210 315 132120768
212 422 300615720
324 143 637092478
132 229 968461492
491 442 693358555
408 255 473397567
336 474 750260428
221 291 317714151
386 340 536676998
141 254 693378368
272 252 526831932
316 410 720732348
334 45 856213291
380 429 237949177
420 154 900707632
326 371 879573805
93 22 746784170
381 102 992327320
134 247 760536961
80 303 96767078
313 455 59100536
199 405 484551877
492 89 643936063
257 271 30946734
175 404 6101793
257 306 55476387
225 191 913790836
42 301 200147645
353 243 734793290
357 373 313147222
427 294 970386068
370 223 484616863
458 21 906561020
177 451 305460747
133 384 945142392
45 369 411569539
204 277 179907707
115 478 140752806
154 19 492249909
419 398 123169896
81 292 802319760
262 460 753138248
490 7 169953166
453 463 495376415
204 153 344644027
184 200 573142756
337 192 533060918
483 453 683325698
54 297 396839623
36 123 993293061
453 426 82885766
67 17 96072100
153 476 178768486
212 460 301760363
28 421 925329957
497 443 240334345
285 183 151399200
172 217 915106018
196 411 517298268
35 53 340017439
199 52 356667129
3 158 924433296
495 13 232992410
51 401 875184050
497 105 102096790
173 101 306242515
56 469 61697964
103 89 136354238
248 379 895130908
204 169 402271486
245 383 445221848
338 420 734261962
54 30 528248244
239 334 457172542
56 400 874975892
317 238 147359080
238 219 659291631
272 65 552631923
356 300 445430439
244 6 612948549
60 229 823108013
100 425 16934439
109 375 279685987
59 249 551045752
336 302 426550508
5 97 778633289
446 80 580855865
284 39 657729709
32 182 987203360
12 35 201460048
440 285 861529573
451 268 974533036
430 421 382018881
279 492 905888615
457 300 740900365
199 103 641963104
160 366 208840462
446 7 807136751
191 344 552225974
472 312 307782147
309 159 561534052
424 175 150919297
89 386 157459054
392 276 121882169
410 291 558333570
329 478 503986382
219 171 971665607
318 215 281414778
438 330 116736350
458 203 608468991
6 464 288349316
264 198 746576959
246 406 7721869
222 85 57645035
286 337 669099658
16 188 640238536
242 183 960842423
487 29 530777592
120 255 467791872
70 4 766890593
230 324 627628445
80 245 821009686
84 478 810814568
462 243 331268911
26 104 880470751
314 9 733061717
201 465 769407305
430 40 783119462
426 265 662231677
345 352 544824075
417 315 242506092
417 175 927935763
252 272 30103330
280 74 999407980
138 432 514726253
464 71 847936855
401 254 730555028
160 71 63224419
350 124 146982534
403 275 913932174
316 7 353164381
60 422 556444028
206 165 574784911
13 491 341479816
302 78 826189037
464 267 339523474
482 490 115553502
61 498 892432937
266 397 498006085
466 188 215258493
180 135 696678282
66 446 439426788
265 292 262658291
110 181 594708929
71 300 383390766
279 395 159069681
423 388 742133338
430 351 812539807
484 193 757694033
417 307 37055644
63 243 39726985
92 186 509287696
348 49 33732295
269 435 498998111
99 23 803446694
214 34 289043331
382 349 173703601
400 498 218072195
226 232 467667005
5 33 459949924
61 267 343624080
315 14 832152882
20 94 448119283
455 410 192202746
92 373 240896363
465 261 918032254
445 135 340732127
433 171 656700484
365 177 511418644
293 258 762837330
321 392 349168513
487 19 377931206
474 407 451063824
146 87 702334165
339 332 187412298
220 441 252360445
259 171 481571978
87 395 567115125
441 128 598480081
70 452 358459947
437 270 655502559
347 113 829014250
230 344 218155785
333 94 677711274
478 494 927462554
153 465 118085961
401 159 181254971
173 169 158321392
456 383 218104807
21 74 472677624
296 127 154122294
42 8 904402250
136 67 238701581
491 236 159809347
285 41 360741990
129 299 154606349
51 378 796072798
27 174 989269840
183 21 57060280
170 76 113912350
338 126 344483332
422 247 725739197
477 175 428411505
438 81 44285053
204 142 166545191
227 100 483563177
179 220 353655362
268 8 855691573
465 239 823277965
50 326 358804591
45 2 104143197
406 492 145567769
363 103 761878561
224 273 852984584
225 388 783313692
483 205 31720000
98 175 961417083
245 58 340303802
306 25 945708547
435 70 168856396
226 151 444482816
172 300 277992670
206 388 73607018
416 216 231518827
240 343 510382208
416 384 812790000
413 188 166447588
311 430 652136158
211 10 83822114
404 429 343787184
261 30 868665144
405 367 460003409
59 171 598716891
151 175 521336212
382 64 826776910
244 27 193477848
398 313 486005115
54 346 343614064
131 200 971718585
273 26 744365169
108 162 842784163
71 17 750884289
238 1 444390973
432 281 280242121
128 92 415057079
381 494 244519065
90 299 55625772
161 308 978977950
388 483 817443743
327 361 29038658
17 421 17313190
255 174 643043537
272 395 351582146
197 134 294454098
414 392 728948159
454 87 969532864
404 346 446157493
499 263 23021244
100 469 991163483
325 338 270102999
117 464 289569660
214 137 580101241
431 416 870558097
455 490 343210094
190 299 358511389
145 481 20304973
275 68 288148200
63 322 738060479
467 474 240106577
391 3 98762895
54 356 533066279
144 251 222899042
292 394 536577022
192 355 102172909
52 468 982691926
333 61 629548364
212 445 101629724
248 58 450641170
199 84 323440179
193 255 799560138
292 320 318372270
10 369 105810549
238 439 287115441
121 224 845959136
335 28 635342179
305 358 721476603
285 20 107497241
386 435 643903848
209 453 823264728
241 138 450447756
34 228 747819604
5 322 690076464
316 478 686769472
220 494 471982627
204 255 149294037
281 35 420279274
369 231 461130159
336 416 55600116
280 135 676084401
39 366 771262142
190 57 769367459
482 190 788325691
0 446 761605164
37 320 444504389
448 482 524036649
98 428 199358678
189 84 327273278
242 259 797468296
307 15 917595795
13 150 344113507
34 271 122348739
392 448 952266545
425 297 347787315
169 353 456589833
461 371 259950771
436 321 470344344
465 153 111751120
19 239 499562691
257 95 595649706
491 116 250133226
236 125 304495426
277 189 868518470
257 435 808823824
0 209 576244724
126 279 320943691
124 56 818142646
485 53 689648627
247 43 804706866
114 11 31483384
123 409 226127358
152 477 501485798
398 240 156770013
258 114 823833035
99 446 149074345
97 308 880937735
333 458 366966478
487 147 885482725
486 498 194240271
257 288 73808212
260 43 772308674
59 65 200934243
493 239 850837450
338 301 760279066
403 314 428992782
275 349 554378428
88 311 932728950
7 191 515851136
378 222 277906638
288 330 364008902
194 190 17505960
176 183 197695494
28 310 503891744
31 300 456533171
265 262 984329113
243 239 173477297
2 188 978703006
39 409 714222727
105 100 816351594
133 394 854420528
2 85 29389845
355 184 827558991
204 334 974870785
56 244 12309692
97 250 571116401
271 153 5860982
490 232 485281273
412 464 774138132
211 140 763837997
137 184 320087594
25 156 335294512
310 490 36184430
108 403 373964051
426 331 292938967
248 240 511893342
291 81 433656744
271 86 615294343
333 183 787677929
357 197 794099484
298 60 168509004
5 110 720336324
13 364 323376497
191 249 751585681
289 331 666577568
388 473 702055891
39 68 339720058
312 32 917610860
52 365 953382274
258 253 115173738
296 113 444781807
376 315 234100196
331 471 489129228
327 317 294853177
77 268 293916863
428 147 313056113
435 0 236416558
138 272 517961003
369 307 156035500
59 316 383171047
445 329 883539521
205 374 21681329
397 162 152531359
338 383 866171743
204 447 328453944
346 443 616320857
483 379 307284072
113 31 692044875
450 110 939226609
409 498 382161791
215 112 15309874
361 392 661579625
152 385 486024557
295 496 856545320
11 68 408868367
119 356 902268194
250 457 699717081
259 188 757322371
104 6 926853515
250 253 884631893
301 453 327799548
312 94 52479843
116 13 703027851
79 299 279391898
127 9 971569924
418 146 941648591
244 89 36489460
241 51 191150928
444 8 984053729
359 490 403430889
143 56 2543929
85 302 935134233
343 220 185195956
53 97 901672448
235 393 98664579
217 430 242021582
396 147 892249924
469 399 205648573
350 247 940592988
28 272 305563597
213 90 671949846
167 318 723033284
414 48 183045400
475 246 357397944
230 390 874945213
243 445 376743609
443 340 98775680
96 52 498611921
376 254 330635508
295 168 453376937
306 212 548225072
484 250 915819131
307 358 335638212
131 145 455229752
45 145 343513072
496 188 417263925
344 498 157582239
355 367 68495303
175 123 89263732
45 126 339012046
42 126 623352925
190 29 124847828
495 430 248843506
18 398 654994087
312 182 640131900
280 374 40711573
479 74 923435770
266 366 533524551
82 397 718001537
75 45 625596905
497 425 635801151
105 352 593297250
80 486 990992578
189 128 843768156
56 317 845720097
473 459 502798641
409 73 583970414
289 64 276526272
98 60 146371177
307 204 887159718
344 166 813588479
300 41 552742624
141 441 905875905
120 24 103553987
335 357 654789868
424 178 618466119
161 175 938226318
430 418 852998184
491 484 882192702
452 394 343536020
16 371 947665084
131 279 181807684
395 456 36877839
273 486 748737243
2 168 418767429
284 246 566928529
411 204 944076516
289 292 346220461
120 112 23597938
451 445 298808449
365 119 688824004
327 378 933257068
246 342 138259818
367 139 681023147
441 83 804909266
323 4 819912195
269 69 551171419
270 87 791648663
179 382 962988793
392 190 605696789
76 346 217367544
163 377 835045886
342 336 292298130
2 310 226336395
118 156 864701796
267 376 107619454
405 259 604850488
17 252 441590485
36 244 706565794
130 1 983878754
224 410 905982916
155 271 977311427
20 356 674985267
352 386 231296846
7 485 346586114
213 205 83156612
212 387 787213041
215 55 648186840
433 446 851344097
469 418 273121385
139 351 253113670
315 347 662356737
269 422 388408827
405 293 842334207
149 161 319969594
187 156 615620430
52 396 343725922
306 367 670863122
213 397 653433436
41 115 826284264
76 108 86889678
43 248 655076931
138 322 878802140
328 362 244020572
158 495 430040080
69 376 58935968
208 459 815770535
182 189 579101717
250 105 662132483
334 263 345767121
466 437 330337539
406 199 659797508
378 110 713282
397 386 134887389
44 281 611600203
296 87 541473942
259 42 123626325
367 452 427859495
332 466 359009970
164 124 495613426
295 416 962153912
353 211 383590217
239 354 187038869
118 105 190710136
412 144 862600222
105 331 331381507
156 424 163585341
406 409 210942917
146 322 623112534
190 181 607379379
182 308 795347835
248 421 585532522
239 39 389423614
141 342 757120447
341 390 258384966
200 33 363679325
228 21 225547302
460 382 447807569
84 41 634227573
84 338 856298863
383 452 118469174
13 75 80357288
255 448 499327162
436 241 144109116
320 222 698933590
384 9 208144825
30 210 143827207
367 195 386671237
6 287 4685894
179 124 730352067
54 349 925514767
251 19 758140530
240 88 581338049
69 11 253341380
439 349 213226670
458 285 681414374
255 271 855009099
31 148 755816273
412 321 521734601
114 33 923634043
222 274 942614730
41 359 295490717
367 336 382716377
18 95 966149987
25 379 475972458
144 268 419902142
280 407 259107211
300 464 795627675
392 18 995574154
219 110 372530345
222 473 696917484
448 211 773450909
241 475 579656463
395 74 819715518
138 384 967956227
19 349 441088296
344 39 717885657
468 431 623385652
284 493 876895185
142 354 705447173
184 222 273763215
259 278 565684543
363 346 229880103
434 267 338163080
334 324 620399337
498 223 147675573
459 175 114007086
348 33 320419870
164 230 312593964
169 36 171613493
42 177 175900561
85 488 131153217
205 226 19241370
222 185 987281233
447 298 28954932
156 97 795888607
408 399 652165929
482 322 491511418
424 299 874201593
88 34 551530145
403 323 249688707
40 152 392934800
482 69 516192442
82 319 417033455
116 424 541347582
285 329 853417092
40 315 361249649
261 417 4067162
489 364 467577463
76 84 316395781
15 410 829060156
12 135 807208052
168 374 545701463
236 227 100858538
167 138 897139431
175 489 242608909
183 46 221935319
442 392 47496893
191 111 716333535
93 477 61495667
12 267 831465199
200 265 695597666
228 1 137249286
255 412 625184037
163 167 49366645
380 249 894160952
411 499 733730636
224 143 1435729
309 212 356618868
354 477 734765981
381 190 155829098
0 333 725238323
215 183 842629508
252 321 741978898
152 226 117523467
55 406 181358341
317 33 421914049
408 466 247186852
356 0 825797338
235 398 618965098
215 134 303605279
160 251 336203719
300 496 424615616
325 446 312010945
168 127 655257032
19 266 372453128
65 357 890461312
286 304 745440176
268 251 475062831
269 342 768018807
57 87 82721058
388 496 894623617
332 149 42179215
56 269 275262254
361 1 852383325
149 49 121147095
482 320 557723011
293 414 701532236
74 231 933328848
360 429 573517624
448 438 441244888
56 155 246123416
196 223 932583307
355 35 738984671
170 369 204643150
193 137 889282858
57 247 577905234
213 17 519469549
334 406 601667822
66 68 597691394
424 419 62968467
81 254 571997262
128 404 539015791
6 377 249968687
496 233 612649468
394 340 1717222
375 364 36343189
431 451 531172955
492 465 439496801
361 277 911686698
394 277 444675862
131 357 373333056
308 140 117623856
172 17 882154554
319 179 682327030
456 457 165109750
6 254 415882297
427 13 676713065
418 448 875049864
465 311 507113530
38 248 485629709
272 164 932786612
41 240 394076434
66 488 86163925
36 171 742768195
405 41 735528338
323 421 263395616
480 308 314577207
211 299 238185914
282 107 193549832
76 81 335690669
223 158 380962774
345 56 831236179
194 440 156085270
292 7 912717313
347 255 576781300
18 64 75040867
472 326 385839200
349 218 972629207
358 92 196377336
47 9 892374016
192 53 202381665
454 49 654663429
45 147 372178049
55 460 230378207
312 316 583134685
135 483 462622320
229 350 384119094
135 309 122426035
160 183 646105202
205 371 708458892
150 353 242468499
472 298 825678783
41 106 832508178
428 184 208384618
362 45 567097065
189 363 323311165
88 268 442283430
126 288 932692218
460 296 162341328
433 35 851798056
166 185 991211887
106 23 463434453
471 16 469121955
308 51 785048954
2 396 952572863
108 71 57367809
487 200 72449958
189 155 746500523
217 43 324308606
451 130 166721494
394 391 256671850
163 154 674328251
164 183 250970018
128 19 329579342
53 332 334349654
56 336 184148910
492 9 265692287
320 22 37560241
109 42 432563819
23 381 566415557
235 144 800956445
260 262 66029938
163 30 816331648
408 95 638422103
403 57 728167920
350 102 750698834
392 296 447912442
301 480 751023745
251 198 525876656
174 355 424776291
217 123 119407099
156 248 92049471
258 188 18941334
55 205 622585465
470 92 210589740
33 444 996597117
332 139 981326035
120 386 338085978
120 409 409642326
249 56 248191232
149 343 766433877
376 368 633957094
45 30 916173029
328 128 587066403
174 210 401505161
12 272 101261788
21 195 454937175
398 417 867311812
348 254 369863729
169 157 509537598
350 322 898797238
55 331 817670429
494 179 605786515
108 14 494946907
201 52 372345582
314 200 353008979
279 22 253192632
126 498 289836333
103 15 791954246
16 409 230154876
5 468 229775752
450 92 238889082
337 351 193916240
206 240 965730655
64 252 753504381
244 64 542778347
5 103 118550827
337 277 442970791
112 450 73668271
131 338 467784567
22 394 635403769
54 106 687580577
15 425 971650458
88 307 552254322
464 411 798732792
78 184 160312489
256 132 933143824
378 113 62974489
264 283 110231210
303 342 115803933
53 459 564577907
91 81 100726111
56 296 726932603
212 293 875170638
297 328 718567010
95 470 611791507
319 432 903458755
218 351 857273667
351 402 729305366
231 128 835694879
5 9 951438799
318 94 483835012
442 406 896941038
420 97 663505572
429 110 332169438
32 308 937637387
126 90 420861751
366 148 195218659
396 370 156841316
27 242 512164171
350 95 821903840
304 67 426721850
378 355 742762966
25 486 34381436
234 178 942388771
214 194 158750282
177 408 233900579
265 91 787239093
279 119 169992401
0 211 753541131
20 183 185361241
181 222 396031507
399 141 191589205
333 86 282433269
143 301 941188411
88 258 132733526
444 274 26909402
139 330 776228287
322 83 586906438
61 308 665195287
254 328 644677250
15 454 157258043
283 307 748024062
116 123 684332818
341 105 485272258
327 367 986344841
397 201 237228415
35 411 881155414
50 403 846858013
322 157 788305585
413 61 346274101
230 311 719749545
69 36 528806095
368 325 572836429
292 436 347112754
196 186 753174345
150 408 181239875
139 346 701230894
87 490 774190828
355 348 630938460
159 431 528305350
147 109 445522413
334 47 180403055
92 497 424548257
53 42 63740503
109 241 360028129
171 269 768064423
234 131 302597090
231 74 898286222
1 442 631427028
2 343 801694560
396 104 925051286
398 486 401287624
459 471 354666801
264 42 915466119
426 7 915396464
455 86 123816195
88 218 281113264
160 166 216044607
127 470 225269136
86 181 983580975
134 421 422444881
251 13 248610846
204 443 613067783
1 46 734906162
272 330 221031819
230 383 962679063
302 84 562838611
48 45 824899107
285 444 958524837
378 212 945105687
96 47 238164915
120 451 796720442
186 437 805052142
118 457 999435826
209 497 170509938
155 37 506939513
236 313 276533477
46 484 595905162
406 44 584284484
433 280 453683960
41 316 885410914
218 49 8895002
143 419 73704084
69 151 91500346
471 417 112946580
30 108 775121679
236 67 290639953
220 239 429856257
88 254 974759266
211 3 723893167
45 257 812114267
322 231 920549989
282 156 213612377
423 129 27413071
471 352 788366292
163 79 438424386
424 52 523160212
200 243 580607920
324 295 766319436
210 400 363591122
353 224 718615912
467 363 216807235
348 35 662838990
411 263 783326759
11 108 527378018
305 384 500133072
133 46 499086343
449 273 734041106
161 129 734995880
415 252 87922746
269 268 761681698
428 23 700245957
74 128 362723870
72 227 972907748
210 18 337358774
374 51 465533829
53 89 878128411
124 489 822969933
62 387 188598004
491 272 840245325
351 71 839575217
155 454 157457228
499 142 863875037
430 284 210123012
97 371 449854821
28 80 351800651
5 299 701770760
294 463 478418096
197 154 917069297
479 95 333083075
150 165 37897129
43 368 113146039
114 52 228427362
458 116 652568693
34 318 788538513
176 37 429824254
464 487 889667751
210 52 153724597
97 471 333726690
323 473 110627786
57 133 631314156
334 335 38126122
52 198 771225619
438 239 877450693
136 415 409253304
19 404 162563360
365 354 225783450
131 165 143598082
421 172 859274283
469 23 321198266
231 315 776942351
306 296 62013808
280 340 540354858
374 454 497672602
198 31 296234459
479 341 711720032
445 377 514873216
4 163 507245748
404 412 190584829
99 44 307024246
399 252 64011307
325 43 729722691
303 401 236947698
460 454 727955677
141 285 2846795
417 218 19847087
416 290 115151837
40 339 531822914
439 247 927295764
98 268 307700635
0 148 111872709
428 236 105703412
309 26 562927025
189 180 138890769
280 160 963696439
145 33 55504350
342 291 854391037
331 277 569879693
92 112 299392788
314 428 123082182
298 192 654686982
38 423 561483349
236 359 608303397
259 101 469752895
321 369 375032605
111 11 456786818
320 288 197434303
385 249 113596977
235 327 824711873
457 166 793496748
301 483 319430005
490 294 479608989
113 453 453981581
388 186 594150214
276 277 108159472
362 273 554298431
285 138 238901148
112 98 966656915
488 164 790905806
185 184 264932623
335 103 415090136
463 390 476248296
370 176 12246740
418 47 371876427
21 32 814625012
459 150 905433808
166 397 480381923
248 375 610576842
133 364 593564973
332 219 931901450
339 114 470861827
465 472 880306996
88 105 625645985
494 263 439578006
209 124 459351511
154 114 943752221
404 147 461001645
203 487 891709805
365 126 674402146
40 79 498245090
119 236 20116966
496 111 418379502
436 381 462390273
239 436 495853633
172 358 68136833
331 141 258885808
8 162 243778460
262 73 80070771
372 499 10747434
472 105 468523715
471 154 593485983
409 124 388000012
399 154 414655251
208 9 922956565
357 433 567542950
476 376 505570087
181 421 292513895
36 105 903224027
349 233 613453777
431 226 197377011
377 174 958747772
193 86 464086825
48 120 609788013
299 190 992695523
242 327 106143893
452 151 337722138
422 176 687101463
170 127 533797583
149 189 296143038
239 131 760427586
23 313 953820462
36 96 844633652
432 208 302733973
382 322 523721821
288 394 896253362
172 2 64799700
365 498 611077636
294 102 242453406
406 45 200840012
169 153 530699693
492 351 136732134
57 157 314425164
292 169 790694828
3 43 142692308
181 234 539835046
129 428 208034975
27 337 996622938
148 87 64865632
91 57 251538350
144 210 603422783
491 421 446907369
296 387 946676008
156 373 105950107
239 307 308280570
253 412 484961799
215 68 112100499
70 249 556226571
97 170 569183945
371 259 507604242
300 366 699990242
281 390 765544675
460 93 430669011
323 398 860649147
28 136 832473675
372 304 211170817
341 224 304386820
149 176 644556485
352 369 327314455
93 169 522188119
44 446 539253230
371 412 767051891
240 239 710398897
46 440 104713759
30 174 635126303
166 439 380141507
407 120 575710063
228 462 339395942
378 321 627161228
329 62 930410747
19 238 776327492
409 135 147180794
43 315 70086125
170 179 973552496
24 95 385147310
273 309 480691365
48 318 110236084
436 209 690464049
282 34 53706003
301 321 375345052
138 180 919324408
131 350 371887723
491 94 101433199
332 52 654872014
294 54 606140902
172 418 458401453
187 197 748258238
94 114 582663751
378 288 210397014
365 88 347008667
320 476 549407070
472 459 688670509
300 469 159243266
276 224 117304856
181 373 717555839
10 97 976973823
468 2 575839678
254 406 191897319
459 92 148354452
144 470 243153388
151 37 608807015
443 409 968605264
105 497 950264619
14 113 93972359
121 65 817504414
153 23 930498389
201 470 450556929
2 90 456697142
170 471 677416028
122 196 736239637
26 199 868022693
2 312 349369411
462 441 692481216
327 413 924494926
265 199 372720713
259 274 79538086
127 498 743586731
151 393 995744960
488 278 817907974
302 436 237827547
409 62 609194416
24 276 164044338
403 104 680057024
328 162 631655428
25 412 357018015
313 200 534703132
53 168 568020806
278 97 977347653
326 416 391553957
336 431 353520762
55 119 520210979
442 24 139485598
291 228 505112880
320 213 479655244
286 354 147142748
125 48 959893889
461 484 922924420
244 478 56218181
111 255 662418357
411 271 617313524
27 48 180778224
390 276 932524720
152 455 363113885
70 375 742179752
419 333 947908159
304 384 419380483
209 72 293024750
347 470 87918723
157 12 205783242
349 146 171112375
424 104 253565884
349 21 891342619
26 17 192777228
40 97 347529936
426 61 624363978
332 473 749557985
393 335 54686745
389 32 544592684
485 436 11466847
433 48 969440550
8 232 928555667
185 234 199655040
404 436 787976499
319 216 163159053
118 14 179847817
200 87 665096644
234 14 385576604
252 204 667985130
366 16 653495146
107 78 823802716
285 114 259474789
288 368 586245861
373 404 222299937
253 178 787634635
399 119 10874251
21 252 146703413
295 95 705712700
77 323 762627721
265 333 937919199
321 209 960012105
322 190 141888663
235 11 722931369
174 330 452066967
451 324 554634090
342 331 433545322
97 442 186895801
226 102 960978646
88 163 171384136
101 475 959170479
260 368 863454124
272 56 342245829
193 364 571377789
311 277 487440333
492 167 389933795
105 101 138708529
169 365 869316195
12 342 638799851
223 464 725161348
193 11 614106336
165 3 595719067
49 191 828333831
496 118 98427574
263 404 204899152
321 278 751133767
493 292 898846507
440 443 729869006
55 47 255453210
129 271 314209698
137 336 192721486
166 33 990859389
365 276 146855277
187 237 844046673
79 39 982278818
43 232 737657523
234 32 539321415
372 255 472106002
291 350 7053300
425 484 898337433
444 263 523782664
232 35 540739432
62 318 66653391
323 264 826777894
430 258 878660495
420 293 94073082
4 372 544671157
314 208 571149602
108 75 878277960
42 311 750533302
237 407 507795942
93 207 874376227
214 113 84123495
378 144 931891851
425 185 997979861
117 42 17117513
148 150 836505257
157 434 213204715
350 142 389065990
122 185 150353471
116 426 532649218
321 38 635603093
69 39 323796679
261 135 423453028
203 105 438567933
155 189 865933171
118 52 614823480
190 16 380363391
222 449 55736340
62 422 269398774
206 42 714203054
377 228 547856627
324 375 246935680
152 474 610350602
144 93 626085691
256 314 641549371
352 120 942849549
400 447 291910334
452 59 561257608
342 390 164544412
486 203 290461752
82 9 847564775
449 353 911875894
102 221 53243041
191 192 944075409
490 464 519807921
277 286 457413918
155 440 310248627
432 435 931227964
79 75 835760363
211 173 511854116
357 82 893461363
423 475 433741803
344 495 77460234
319 412 683356332
390 143 448368140
457 191 48779818
158 273 341600132
401 332 953146267
110 36 572010993
116 322 786673727
479 92 176418149
417 254 848610213
383 214 815756936
24 312 851554967
314 175 752505626
66 401 386760147
133 355 169070017
88 424 829510835
33 448 467481084
11 230 947433899
440 311 817199456
110 207 953136818
381 404 592187191
277 123 33659765
154 93 734051021
4 281 481905851
35 189 652279821
239 419 752017369
291 486 523051629
347 428 511039382
230 151 127033023
432 223 480353585
260 319 179753785
407 293 173067726
201 340 674830283
212 375 783616276
11 404 181486706
16 349 819997247
90 164 826557217
427 416 202229112
309 381 674522658
493 346 115617274
39 54 239965235
418 126 206896765
307 359 333694967
58 237 979861359
26 67 152769268
117 429 23531307
133 287 226625901
134 428 566804904
77 245 132188132
337 14 255900288
259 210 674431346
402 309 412874603
109 276 353552343
1 420 699314586
446 283 260964287
78 304 801589166
341 46 561854117
407 373 298884572
292 400 955744696
321 55 912004894
340 56 829762461
342 439 87325233
377 129 623957122
493 242 941035820
42 17 413142456
333 366 927547211
313 71 865742106
356 203 431500835
95 360 319060596
140 179 111688179
172 189 487604441
394 5 45310956
51 247 149135732
472 110 214986013
12 485 177881626
184 435 280232737
277 307 159326247
317 330 895344757
111 69 395811484
457 199 581047337
470 406 53402116
272 435 40683990
86 469 54262848
76 142 259695818
175 295 465717191
424 83 199995866
156 477 131422524
438 302 171860378
87 423 446555021
163 71 789323204
76 151 645690208
437 255 729853079
201 108 578885700
459 328 612273572
467 27 764596479
451 2 657235852
85 47 854044289
368 385 473963967
77 434 918002404
136 57 54409755
130 401 978278312
460 225 882976701
160 57 546612979
393 219 267856493
25 124 620059682
117 391 526649066
206 164 305031311
141 327 614790344
387 428 879960648
113 3 278760728
58 56 164300254
261 486 742077536
36 379 10032717
284 362 529774093
275 78 910901630
319 158 196488867
83 285 434352413
99 332 575698487
264 155 849842856
467 403 374292523
225 116 908150179
70 28 909126691
81 136 544662297
193 414 446205559
385 440 518309761
301 318 638665589
307 337 695093670
402 48 547900000
471 124 748580321
169 369 291397552
147 156 217731096
281 44 544728455
49 422 926468638
454 197 829073940
103 328 685732931
481 132 868465347
320 437 275433730
162 344 18180889
308 260 854912948
268 399 606981875
243 437 476932536
50 467 676996442
437 449 449881115
262 229 198589096
398 309 835323150
375 454 554161665
377 487 548573369
376 335 478015697
335 312 942188577
111 478 907181275
139 21 858846594
489 400 509909487
155 67 905125609
334 32 501897378
479 392 36017970
191 30 933994128
458 62 127183891
410 126 904952517
260 455 589564196
219 314 362311117
375 452 334024377
302 22 84206184
356 181 435447981
311 12 225242605
234 269 144054372
448 198 600042269
334 302 869835305
242 57 277973694
299 96 528776267
175 398 711294098
337 388 673214404
309 235 879429280
150 91 902359562
150 260 700516178
112 447 686008975
359 197 686090395
382 241 923800102
117 226 701219595
279 51 858386874
264 411 182815533
460 50 938236556
266 433 382289224
280 233 730978550
241 43 429995511
270 469 961465403
308 92 840076034
332 339 47877852
446 185 496050088
88 415 445565469
361 486 672550585
265 120 557204976
321 245 327219482
31 147 546881801
1 167 894843729
72 104 585179261
361 154 179720948
212 144 179222074
444 5 250307177
268 120 223802458
485 357 607579097
234 295 159377669
236 305 711474108
310 477 472378272
314 47 706433362
91 32 482651645
93 387 511583122
462 206 222177439
210 437 387870238
287 438 346680388
248 226 24913478
216 319 873497625
2 165 828501824
295 9 110172369
64 292 503935676
257 84 521083282
313 362 902624095
157 142 537507335
301 398 582893059
249 398 420148173
279 241 823278319
478 409 446690676
0 258 39026679
166 110 237365432
251 328 805466925
432 457 164736892
71 363 245309792
384 180 278547957
3 494 474312157
315 464 336051787
455 266 373751369
329 86 312299129
187 65 945147239
277 299 895390397
15 2 820651118
407 279 945005292
208 107 142214673
149 202 490433646
165 471 774417832
235 23 954142907
279 224 677206291
70 409 627345893
428 14 880725409
260 494 408262197
60 81 482392396
272 2 268847858
472 147 648688356
91 367 657209459
22 416 214971604
272 349 946100551
313 115 879137094
333 128 661127945
135 371 496927761
225 425 107073528
203 14 911980665
117 163 186557712
202 142 686573580
11 256 481748959
189 459 456624927
419 308 132772189
499 169 667664664
434 425 912444702
497 215 662199101
449 338 129169100
177 8 249886926
25 87 459285530
77 458 262645423
103 298 715786265
464 492 819353733
17 67 765000161
376 23 560610456
126 191 783804424
55 353 297908113
463 196 368702311
117 426 290169142
487 315 583677347
491 394 817307277
62 106 654301881
436 210 952448925
183 89 977610096
142 294 400455117
452 488 849118858
302 186 614822689
395 331 469816423
192 102 374143255
19 42 530937975
476 460 890866257
154 21 392702505
380 443 788161646
176 134 257824698
384 60 68178961
126 198 835997028
258 388 334455411
399 138 153977029
374 277 426584942
139 136 31146678
303 176 460221451
369 426 70762678
169 392 541912232
40 84 629484847
298 409 819346964
19 262 833652999
493 19 629722635
79 284 146627829
485 233 624473785
470 84 433282736
172 422 678216337
38 376 179488270
291 188 227304032
487 225 147726744
21 250 43982975
487 35 102348359
200 31 145418140
312 349 82343972
461 243 528443043
472 3 259726600
435 261 659840988
401 205 403209060
419 360 707266711
289 478 94385034
447 23 781894111
61 14 329381438
401 457 616149052
92 363 637658139
113 319 150024861
80 17 664591632
72 127 303705270
245 38 592291195
179 439 994836854
256 208 314668673
233 458 417403641
88 99 200996981
192 252 856954448
36 301 567647733
240 366 268958568
270 390 874720784
315 157 486741182
430 225 782024138
52 478 526868446
416 439 109342347
34 458 638691395
213 443 40565693
287 497 448271992
106 56 280486217
498 459 260088260
221 357 747560465
458 385 669863969
279 52 497129367
189 149 556002039
6 150 235753300
203 188 752810729
180 129 237409372
30 232 877384055
384 15 686400417
423 113 173424481
87 338 851162764
282 330 337454332
476 244 861673479
321 130 623174726
81 112 849054104
234 11 848327471
185 452 561976561
208 285 453735056
160 354 630060730
362 137 626226731
52 309 119557157
336 366 711356161
68 394 398929105
29 174 717128410
259 487 88645512
125 475 988788367
233 58 205752165
494 302 333704862
170 464 65547889
473 277 719252964
475 173 981540144
330 45 710403520
121 334 460011780
467 355 572399149
222 137 666333072
482 376 908026852
125 218 748737741
118 394 821576036
346 206 75690491
448 131 474344025
290 73 697753014
407 92 348053701
446 222 436776217
86 454 423448233
231 294 241971221
219 200 74902816
135 384 830913818
251 385 685855353
217 275 663515828
119 445 769435756
266 137 853581626
356 337 812416376
54 148 680474554
165 154 889512028
337 157 405871520
103 226 986781450
105 439 675995414
42 444 539491949
269 187 631160902
109 357 790987552
64 428 116503084
256 203 603487817
43 171 179775209
407 58 867686754
339 335 729187176
84 128 303102191
337 52 749830218
83 260 918827521
326 270 881106738
65 26 732836791
385 348 935241055
345 454 606454329
62 438 35300101
383 87 889462345
37 448 966147409
143 125 980160479
311 494 65262693
309 471 114365067
116 240 889619308
19 393 425307496
239 23 272841962
165 481 500025522
201 250 481204060
190 293 214111091
401 441 387422306
130 261 469083624
71 445 521046441
65 204 876689418
86 361 688818527
139 147 515565497
69 46 10307860
475 307 57146352
85 112 295379306
140 342 546313754
485 153 398909987
135 367 49075556
31 298 326239248
144 211 75247360
390 352 332456158
298 139 148425932
302 335 211116205
5 201 374988061
491 113 50853440
34 187 641597388
29 200 321519615
40 239 742649899
80 269 298957393
490 353 471799470
332 54 117595056
150 406 629070122
94 391 115658467
407 318 204781124
254 103 159837332
315 113 269100065
288 214 595786747
340 355 176316681
448 55 516204808
28 423 64465434
79 114 552153339
403 4 7499759
223 257 75922956
322 239 669494849
218 69 296557642
157 423 516379930
197 57 646562725
295 322 297161736
101 492 174880194
402 91 857887501
86 457 523108216
296 463 878644899
60 86 423224384
230 334 940622998
173 194 53269602
474 414 535780939
189 397 937972793
302 474 835329582
383 82 601364636
279 75 826099525
27 412 221062136
430 240 875980187
397 482 428500996
196 158 156277058
65 130 409544668
267 134 281888906
97 26 89899720
410 55 517936966
442 23 243068823
424 17 758955733
298 356 905450596
59 182 704087561
264 379 884119015
13 107 144599902
242 282 569409815
124 488 980921650
219 355 381414399
154 403 109729215
287 422 693129262
84 429 901006454
333 65 957124743
249 84 477776357
107 156 673939766
186 218 550936249
298 71 582337736
264 486 197600002
415 424 823044575
228 262 649460196
136 203 962339344
7 280 200297368
86 281 111654031
174 295 800566995
428 292 471862674
170 386 50379785
203 338 151212802
353 74 512714160
191 258 56368814
335 47 542342507
82 8 36729089
184 462 786159937
64 413 93450104
150 444 315347818
12 160 702870772
442 105 333059847
140 356 571503467
166 196 277318172
373 212 511424097
409 453 811675593
381 76 175922120
261 301 194948979
123 330 732836406
456 418 406346958
494 473 818096026
178 331 150175043
268 242 213694301
227 364 562027997
294 131 244979731
456 84 938492850
174 469 476276759
197 106 971547256
180 172 222888803
416 194 936119079
23 349 19520310
23 72 708611855
414 453 295283942
30 211 88584362
364 355 163914462
205 383 427139722
386 116 673508285
190 162 36396039
419 29 215212594
289 438 280836095
476 448 457616416
324 311 706232617
58 19 717325547
56 282 814574005
230 427 389639017
326 336 299055635
365 53 813423337
215 4 806562704
192 91 875485481
199 389 627926961
465 228 410856208
43 80 464235189
420 340 816373594
38 129 363008296
105 190 917122626
372 105 589182250
283 387 582869838
485 422 954781008
475 408 534341861
205 456 391529366
479 263 742457099
188 470 366665139
34 38 116166818
111 81 145275288
120 30 983342831
499 102 183739551
179 117 78831693
45 83 36582958
237 464 439588019
188 187 810524474
464 79 59320051
171 332 831362524
463 436 806257322
430 170 297471653
33 123 800444818
277 250 92385828
224 165 913993140
460 198 979671071
415 310 958547125
6 353 381652716
37 168 651457726
260 344 568128037
154 84 569846319
50 460 27320995
421 183 454908351
89 107 346945064
341 176 940978175
491 495 923644493
167 425 462751147
473 122 928663769
141 456 36061015
172 478 926155169
294 371 755525501
406 97 578108679
86 142 710814258
311 432 127323891
393 327 902619664
299 43 450119270
143 276 701459147
214 434 104575524
4 328 375529988
485 366 620415295
338 468 322325810
87 52 337875891
494 470 583142933
151 421 942030350
57 222 487451622
316 404 308282498
331 339 828016868
17 461 732314622
121 330 679871310
187 214 419090642
199 327 296279274
414 360 931198247
269 395 653194196
167 338 325873156
370 317 884962468
412 380 253637866
166 416 823224195
76 57 328878805
415 49 828175627
62 450 353857138
59 272 567090017
450 415 159088198
155 225 184339011
179 480 833913847
459 52 297291857
285 264 852515797
260 482 783566356
75 8 105377811
447 235 931743888
334 310 303680047
73 120 784538896
481 401 733473568
336 309 276352964
12 387 721380306
308 397 495495114
140 254 744687633
452 254 489843714
207 0 898853943
237 345 267295376
435 216 19562354
44 48 502068219
63 344 474926908
411 457 123525182
129 402 274693672
293 10 423613106
294 184 475969383
338 196 617313345
350 422 107800088
23 422 127459900
280 383 566217869
158 358 693016196
437 108 621592834
347 182 857902478
350 31 518037068
236 2 888825936
371 171 114908361
342 267 88370055
264 289 27299845
441 411 877316775
219 106 597566848
471 122 220099309
182 280 454059077
491 345 519327883
285 104 689394510
80 34 992615657
487 159 69115067
213 370 269196516
496 6 856420691
305 57 368044951
402 256 80302463
400 220 397955453
303 150 259831968
194 56 372525765
98 458 275952923
359 184 908631702
436 316 85480452
204 234 734148210
491 364 879789262
456 42 54325508
492 75 771419490
420 286 711736917
337 72 814484323
40 75 513871986
154 413 386306688
464 293 735375774
371 471 966012883
177 233 351566546
208 401 221181792
315 63 558071654
121 161 961072345
102 494 84011040
399 215 836040023
205 207 503806079
263 256 891600190
349 431 966048615
89 131 489019293
206 89 542392784
387 213 541550358
94 439 5216429
52 122 70676895
453 365 274823311
259 100 74677374
50 40 806588335
345 263 986710014
197 81 378514730
142 324 434955438
303 120 83662473
365 21 618678104
137 122 294161368
258 351 37213522
174 98 529941174
85 120 514762465
117 265 717833700
267 438 481328953
224 448 73601644
111 43 716020014
185 419 53567088
72 107 535556943
17 169 51464678
292 463 435708419
236 181 973671887
42 4 41440628
292 392 687964961
314 239 236934142
331 81 439915658
124 134 193156378
111 391 3673536
163 139 523041505
14 276 971555338
15 39 442540271
8 446 187916674
28 115 982006414
26 409 255050966
355 219 219623058
485 468 324302799
447 95 334640611
263 80 240676411
414 481 310321702
303 355 7609960
317 12 873427879
167 184 988987550
286 210 727102516
107 330 409323106
172 290 42443305
463 273 685393122
339 30 836992099
428 35 891511913
91 279 307475839
353 249 362790037
99 233 37692008
106 80 965272839
271 93 364908194
398 45 543771312
35 198 475761139
416 492 453554939
243 252 406099843
95 210 478798498
272 141 631258052
128 350 158075292
248 298 719920921
144 383 751252525
223 476 21567298
322 111 931518645
63 79 262925765
279 387 95891211
315 345 394806973
389 408 351553805
250 312 179029206
37 384 608454775
43 469 568936427
298 309 654859975
31 261 951143318
36 408 766089160
398 415 186172467
384 172 674270260
380 121 453765552
136 69 284756754
72 292 988352200
42 412 867130244
364 430 973139906
146 48 46178853
439 335 335099956
436 471 208236308
106 135 838853623
426 365 944757473
389 84 702081641
404 102 536205683
232 76 17547678
489 391 929245571
231 255 381977233
453 476 607216523
108 203 249120356
361 406 915052997
152 87 526483115
67 118 661494707
155 320 691677376
11 69 498966499
255 365 281161185
333 154 292799715
205 98 53099828
348 62 660366835
318 60 571957928
182 440 256717305
176 227 86632293
97 275 607794774
95 3 92019444
69 330 41010152
80 276 62991399
406 388 677252106
422 348 492000509
331 250 604995347
436 152 480149936
174 64 12783622
354 317 552010302
150 345 858621138
487 389 381398873
118 97 104562278
298 472 940852831
35 66 987914750
49 382 952927115
39 466 742306007
387 358 100225081
299 20 524569383
225 363 857758937
55 128 736731610
290 60 661008233
166 345 736318077
191 146 4999147
190 346 23013747
62 235 154657904
264 275 938793459
90 306 389804987
64 482 757496671
245 422 488322339
295 68 660487882
54 296 506658716
78 409 524683537
389 227 581447596
334 147 519095094
423 228 338836124
201 444 729231905
322 186 230705207
229 412 172287314
92 48 90318857
39 85 335708269
52 16 865753417
242 226 34449717
482 399 87570856
164 377 753895315
190 158 234486520
82 191 114472329
85 283 228436555
306 54 326681804
155 394 255809989
185 95 332806617
216 467 269644250
416 244 955900328
258 1 897433185
413 273 939842025
143 159 965931399
450 347 945014592
188 89 326025408
265 171 289584059
465 237 695219377
138 100 985215720
433 294 583870882
286 469 896388210
439 321 114530916
341 315 209037233
251 32 985980598
245 405 648405345
232 319 591234831
442 354 72467522
113 408 701396357
98 156 650439957
499 366 461279592
140 447 197936487
150 383 233215856
233 348 860510916
31 158 511167650
321 240 688346806
109 480 844229076
150 289 323391716
333 394 217069375
382 499 441137543
93 248 952420034
89 304 946335034
66 253 825031759
143 199 787554530
129 466 961574199
115 31 970289581
443 29 221475018
189 248 621133772
193 238 924005563
240 453 696679032
41 173 139582117
470 136 800188824
241 317 558346493
112 113 827385023
136 228 399553284
171 261 183683785
22 154 346610248
287 79 278666399
126 483 702929782
40 214 289331258
387 464 816425562
378 86 470669478
383 35 383173031
46 254 649359666
42 63 524763255
63 270 50683597
248 467 92860440
315 267 371064696
29 11 710279565
45 388 598430339
342 262 824903954
102 40 190221578
289 130 349581496
16 239 609562488
457 101 979140891
490 354 532581452
244 353 52893196
330 346 326588573
319 157 361177515
21 489 613710765
169 401 353901616
273 335 380881698
138 375 653572915
451 100 742639938
323 347 35575125
449 65 267958179
86 284 976835342
90 97 756643091
439 110 438876549
224 73 787440747
52 371 642134383
322 163 486212523
365 100 931352074
445 437 526633146
198 431 249166182
333 205 416914972
308 152 932901299
469 246 911846101
406 362 133987406
397 276 741859190
457 472 547712043
387 469 375439850
262 14 152311417
186 5 716914231
301 157 786502718
438 164 368329327
157 327 559773695
363 15 776344903
454 394 715313919
440 139 840847655
381 363 814099738
19 48 613988387
332 491 15743514
273 225 739324536
445 242 598518403
470 250 238546956
485 96 70228048
403 396 211147218
163 176 754347010
389 220 716422558
82 497 541512054
461 379 654428256
205 3 69370943
389 433 346675047
29 197 549877724
330 201 488794725
137 143 936906073
434 116 350791168
291 359 103610418
23 40 478061906
239 252 29830248
393 325 307909322
39 82 670818226
415 13 353214118
214 133 372922984
66 305 325760339
287 90 842693887
301 160 624859108
281 457 633778489
93 233 255935183
326 79 160863412
41 286 453141700
69 474 414702187
262 40 867096031
444 187 892717952
60 231 425780994
7 38 172872237
324 64 657096275
147 287 5166184
455 421 80917266
90 422 413773806
51 329 297345635
106 211 700559934
66 181 797440183
455 161 869356606
55 186 640940645
374 150 160095161
384 372 753043945
337 49 750302297
61 208 970393470
219 485 456887713
178 3 787307097
222 340 681052008
329 454 1262629
200 184 161833920
240 70 768001621
422 118 570136980
247 358 413317820
166 276 346488116
93 375 614695662
379 94 954395197
172 91 234836941
186 487 792091103
213 233 332221067
437 321 726080752
350 222 956944299
186 213 885524789
486 128 738107118
80 74 279412787
341 167 181059570
296 199 980914268
140 7 939115292
48 487 659890954
85 392 681392088
288 375 405855475
64 426 535176614
246 359 318625761
450 189 686938070
413 362 484096172
333 407 262325817
425 214 711808790
42 316 117300578
455 318 620970662
303 366 789917235
372 58 515768601
114 101 796878629
92 54 35240977
216 458 878340731
270 409 87835620
80 371 78159274
275 107 512893981
300 310 708160167
276 210 670664290
41 98 403205369
416 156 92394356
53 203 175688743
385 158 513620699
163 198 923896207
481 454 175877125
277 182 283953965
381 239 760165160
458 132 652772428
364 177 147927421
140 2 169054335
249 399 101222692
499 119 976267140
344 180 372305142
372 433 290760576
358 388 659136547
391 408 12122422
359 45 621974283
203 310 690980400
84 5 496469044
106 222 683164868
49 147 208150519
91 48 652684606
414 404 202998078
478 225 272742292
29 263 40383347
251 103 239129019
441 298 163841832
310 157 118713114
373 371 869429351
275 156 746209126
424 496 656489796
309 338 230898720
387 121 416505866
288 263 408943756
164 304 173682007
96 241 502693264
168 441 311821171
17 214 927578878
270 482 750838802
238 66 585388643
129 198 504604475
90 102 191543176
94 342 944842873
207 267 303134819
222 96 177755643
137 223 437096150
50 351 569178241
33 13 411752109
487 15 143120885
46 299 479574889
482 149 598312685
122 132 746369756
21 168 122370711
218 357 494076541
484 98 79108310
445 326 850503437
207 11 820763377
457 118 377600925
53 25 900844162
192 176 916902686
69 122 35513368
480 243 916556674
109 252 430640294
314 209 518047070
461 38 29198193
372 190 623762013
66 231 848608478
380 136 88844684
434 355 832346002
268 335 138202627
373 28 875028441
269 178 167302625
176 348 38075338
96 38 935071060
23 145 39406865
116 167 394455137
346 84 974262344
298 283 112809015
56 417 940930455
256 33 92500333
135 312 401346056
463 311 935806277
348 109 888906625
362 375 97736116
450 486 643677793
326 447 328026733
379 207 32676871
40 244 682447755
253 112 741069412
251 214 728303267
496 185 558919692
349 131 445262989
404 219 880930083
15 400 92943143
453 425 239129876
107 410 166363013
34 386 553397373
107 290 699604355
214 44 332001571
462 256 517418922
135 181 665446689
75 346 854280609
163 491 884158810
156 101 129041371
274 6 215437569
23 38 953023775
430 178 664923380
32 301 107653993
45 157 64456373
6 286 311785370
495 263 834898316
186 486 677336703
216 241 929342927
69 261 623903383
204 499 774547684
23 225 605734216
16 218 182260950
356 149 991212387
265 214 12696366
252 212 634842208
427 235 69794220
186 10 759172037
143 150 542254162
440 446 164632942
245 499 381370345
484 423 872828242
368 92 800705664
115 424 195280499
465 244 985745848
210 125 845674704
26 148 70587541
61 427 229890668
93 67 49131964
329 417 463176262
440 117 122149047
208 339 797985412
234 102 574192279
79 80 164837562
423 176 200620735
481 59 450466029
390 16 530444004
192 394 394474582
249 439 286263084
92 66 489629606
185 341 318329061
47 263 517098731
149 448 122175742
266 259 376419438
64 217 406435702
342 271 828704517
356 369 347059128
33 182 244385493
270 405 484494196
432 233 536506617
168 415 499342199
269 374 965089475
195 100 921369023
232 205 929953791
90 5 274131659
432 314 202585653
201 138 164975422
401 461 132704998
386 241 987671968
135 316 380983368
124 166 194620973
232 159 899049733
290 426 119757675
115 435 38487297
451 160 339288377
389 472 832415097
26 426 739188673
34 135 1764735
478 275 32599159
148 375 670998603
402 321 988715775
131 68 109683403
395 171 319207745
8 236 766071260
420 388 671298962
436 450 929745452
66 288 456988940
227 489 998709390
90 272 515375340
482 478 918690034
83 137 860632269
482 369 582005016
345 443 310298427
179 225 947671548
431 62 975943551
19 177 986816230
423 297 821883442
428 338 862962839
478 226 182788349
223 260 783847289
145 56 363938038
126 473 353433172
488 226 724356433
274 398 190111072
231 176 861856188
265 206 597092873
69 83 740013643
310 487 342236534
124 62 888730040
382 467 642646084
390 0 812452974
145 319 849675738
12 401 336363308
433 29 718104110
14 332 662050763
487 484 162971497
187 165 721172686
454 460 758071354
244 51 665183138
480 6 849849728
371 175 822699472
253 366 392457387
314 479 598766340
6 417 355378782
474 136 364673116
498 109 51619946
159 118 957266270
301 254 268716619
284 166 472893607
82 147 208192135
108 245 733040759
67 450 791714502
311 192 843341277
318 468 835042391
106 147 764581519
42 432 93392336
377 77 379922148
110 202 821389908
35 412 300345766
472 295 206809545
428 112 686863158
449 285 229429051
183 176 61538842
471 292 872605401
173 348 994035581
265 114 678296039
343 162 868744943
256 73 2898564
387 246 52479030
418 184 673392868
246 495 5944749
294 267 37186542
196 117 270176941
286 252 808425552
47 450 988913129
179 25 481841408
348 312 472926030
442 398 784300071
59 411 284923594
296 153 130146970
482 252 835647976
6 414 512467015
357 299 666821926
489 266 921004455
77 19 275494962
407 364 881146865
254 174 719386041
364 466 35206334
26 308 575710617
182 61 1109034
130 138 924086761
487 5 278910022
80 361 956460652
107 463 403074263
239 475 665966182
281 279 607148544
181 190 376659184
104 170 597710328
260 169 439290834
490 161 622198600
12 249 935556870
338 363 853499611
389 62 625882699
90 316 565909012
339 36 496481312
40 294 888694692
218 326 236068219
340 479 345782914
271 395 422632034
417 135 392121158
447 83 562164362
114 72 542618826
52 115 893731155
193 119 808365313
438 259 190785314
389 297 442121820
168 281 511154855
231 480 798169358
138 433 287472040
43 222 796313651
118 140 348984112
408 9 481608512
293 221 785215743
119 232 867209579
45 424 798716117
188 72 905495897
380 470 373941788
465 420 744452954
2 495 120938162
90 179 16455602
391 20 260270163
469 221 268911269
326 50 51748723
461 77 840664015
295 276 538113312
222 341 595010370
457 363 610047445
224 441 211602191
445 419 500588816
411 202 125169551
66 82 656867050
246 467 377331375
178 76 382340580
85 108 6854564
70 211 522851131
257 4 106575974
59 460 305880185
152 183 269259789
232 322 991174153
302 393 36781611
378 349 81914890
216 394 874156907
349 85 605136804
242 476 332388213
55 23 971962948
224 200 198018804
359 247 250809161
306 426 624742480
69 101 602110573
223 443 925941880
423 499 749632430
216 51 481261285
164 370 684846458
370 303 476700494
411 159 785096732
226 186 4787066
458 442 679747698
170 371 613831524
479 1 93477359
329 121 292767853
348 124 969025561
207 321 609516143
22 185 734605041
143 360 143248516
341 272 843269918
296 46 453346518
270 490 305151071
314 98 375562529
251 494 802056118
140 226 800674135
16 195 551815563
440 467 254867608
149 18 941792743
231 71 648275258
223 336 345393189
52 308 622685889
483 485 893132701
336 437 797091616
215 405 5157927
259 144 699667772
444 196 888023440
473 117 62083523
48 76 387923294
445 104 231634402
308 463 305035231
117 46 603468178
124 315 148386061
450 428 994553422
314 80 192076229
37 358 473467857
236 173 614272084
203 376 906021270
210 265 497257873
329 117 979864939
382 343 773272986
376 361 570266047
292 63 247281386
347 296 522619816
31 371 540938797
188 31 180634052
425 403 483500818
90 112 62272088
243 489 827321793
469 77 106436914
344 194 505795247
111 95 892351383
495 64 812756491
398 436 964834805
493 206 699335830
206 129 471343795
270 120 166143057
126 236 691609134
368 404 351995515
464 416 456286691
175 223 685696567
103 481 165212980
389 314 763933847
39 188 114636429
442 220 201367956
225 356 638623243
452 287 482484549
155 332 30244437
314 179 522661360
450 79 170213024
176 255 346927427
286 270 850372060
359 52 328559407
207 274 443625903
442 321 805023296
399 209 755055688
371 154 661679711
472 332 212242900
371 95 128597162
470 411 381951281
88 130 81445641
121 488 575002565
24 275 859456825
350 454 89333253
202 37 15129088
37 45 168877662
83 464 237074729
127 317 731981168
213 386 742890165
155 36 102660410
313 130 691639181
203 346 181659130
102 35 100364717
424 365 99652458
314 159 261673590
266 29 478941655
34 235 517602655
331 482 417231929
275 228 598959500
29 362 835550070
206 446 160525978
155 53 622095660
458 161 221082325
33 106 775157181
400 88 973717897
34 487 281648693
440 306 830437486
35 417 2654668
281 366 830219792
54 369 707949583
175 152 476518356
404 10 137231541
245 42 843303940
448 58 879192749
25 68 495710611
361 241 168541964
441 197 257295226
481 187 405808473
448 468 55723259
173 151 39702870
166 71 96227822
11 178 390717812
258 42 939989425
46 479 344288399
319 321 870594194
369 359 651554769
48 133 842482373
422 443 455955951
496 465 499612214
295 60 456728554
48 234 781152864
298 191 128474054
439 354 637139909
360 76 67860385
242 307 235438932
36 478 692960417
488 280 580112412
55 33 684174570
131 35 864398819
496 162 3563893
67 369 682197461
199 220 598445669
366 445 962363897
491 59 541112171
163 378 744568764
33 443 919690935
479 40 961291737
485 48 309851571
117 176 477704435
296 128 629049043
392 4 114511703
160 382 134834013
395 53 343926919
189 309 519117555
267 342 162989836
285 143 92078747
271 33 162383570
224 272 174669817
462 487 421417757
126 203 245946461
490 366 675043810
39 468 959747943
486 295 526866342
274 31 493570363
255 307 634852485
275 115 887440666
439 394 690163061
15 308 687846352
191 117 282934038
235 422 533944870
125 415 738788205
39 241 929864002
95 254 920247665
371 127 39171754
467 151 640613692
52 232 978312007
337 311 394474812
325 188 683303723
454 33 603621728
473 340 348221282
309 308 926588941
19 14 106439694
92 291 102278805
163 458 664609606
103 137 474729367
412 188 216687903
311 171 407977990
397 444 750482095
332 40 140825734
252 67 782447285
257 483 469215464
180 307 133519842
417 162 733355481
237 84 116630804
234 447 213545298
471 416 715054685
393 340 555205676
424 6 75567955
324 254 7483430
311 275 349131363
388 23 16435538
6 155 899493011
130 478 75902504
312 279 456898964
313 499 159931889
172 105 602675692
424 148 7704165
205 202 647670628
217 245 764688081
200 15 877137411
333 273 519448527
8 419 660252376
458 348 260328295
498 98 328444817
114 48 328415901
379 101 898118874
109 275 476502297
242 391 750504791
427 18 175540430
372 248 754706672
328 249 121986317
223 488 783995062
303 416 746910238
494 39 261405377
287 194 237360006
243 234 177376151
414 137 767728934
217 494 660805978
346 478 501844326
495 413 900246483
339 418 344107766
366 302 276037942
63 145 561009088
91 381 679500409
330 230 820748262
86 157 710946702
363 85 241717752
437 353 282382249
403 96 574172878
11 270 969238602
445 399 406666395
320 71 944691054
489 43 641828357
172 104 653408503
491 4 162488504
245 364 287803069
371 308 161948542
244 302 497023639
205 75 7831837
42 489 6755524
201 477 232969345
83 426 10178497
345 257 819448137
88 385 395821589
422 161 235675487
239 369 87891579
356 287 692634137
461 120 324821010
411 27 276938231
360 75 864722756
9 34 956339027
324 317 381695080
116 218 366039370
328 224 459717650
102 74 105941292
37 451 776974590
315 173 192032751
470 105 782193781
329 479 115230007
375 290 79986801
320 280 233806711
310 244 917501774
10 253 343437202
228 107 212312529
275 43 820568064
170 276 287441373
74 274 220894336
453 468 341930324
478 10 939501352
231 181 946369743
64 66 216294699
447 232 482248160
188 240 298209541
283 470 300546941
116 103 620475722
488 71 761234650
319 384 972283860
214 457 309955121
73 64 889669408
158 382 287190328
473 484 158429001
419 367 95486113
280 335 129532639
387 298 986725982
170 206 99101761
327 52 304711764
236 454 580893752
144 0 888719844
469 268 581862274
360 198 906471729
237 473 699283269
149 484 165330066
407 277 802227155
493 55 901826286
361 304 360707558
400 84 561716945
151 235 597776274
188 127 124037053
350 12 746113578
254 322 376212092
303 383 143240427
169 232 195816846
310 187 509350657
419 2 208743282
3 92 107353005
153 347 84945886
147 134 208464365
274 211 586578947
110 244 948008410
183 372 375593390
457 97 170554534
199 434 1744250
87 414 215689159
159 189 237046201
254 231 185833303
98 481 328580546
393 145 883135501
489 50 862038020
454 15 513202485
105 228 172683488
328 440 817679028
246 142 582122834
281 183 955255916
245 253 124437455
262 217 572604466
216 200 207675355
495 378 29064758
318 183 618064995
230 314 75949811
387 302 973173679
485 248 273913704
221 110 742585370
408 312 237760743
460 462 363407043
166 47 807428582
432 68 669081608
97 432 577584785
79 67 155281863
482 208 751548092
304 353 701855854
10 359 17483067
408 137 256237142
351 41 64386073
242 330 321583794
281 43 498309966
383 25 611743441
345 464 837510608
323 429 750455231
105 219 204286060
405 294 415183397
24 334 814940443
8 154 620438240
403 213 352641920
96 238 55246129
453 61 459820863
180 360 827187019
166 311 210382407
398 34 829710318
437 294 191488062
279 2 792726005
223 490 657326162
103 466 312826792
189 130 752416414
173 364 51324291
127 290 408055597
408 444 47426364
387 169 542340119
406 252 453399082
1 166 136655776
264 209 910381337
258 50 943467925
447 458 902926733
19 206 656743901
363 144 40865079
359 273 267323421
93 47 820275800
313 321 192137871
199 10 958523242
110 0 43016279
238 460 755718421
400 409 413248481
361 51 100176231
168 25 139429495
228 313 415772984
199 48 346049291
361 476 47181425
397 450 126919075
229 104 149045485
59 499 82728352
122 452 868175437
284 42 494093531
76 449 937546208
62 165 863191471
499 135 693603050
337 307 281038200
416 54 831443511
78 229 890966446
344 121 184847027
307 196 148342895
91 369 429424956
206 489 640999165
253 149 142318546
452 376 850454865
462 253 578917633
490 416 798453555
75 264 357269149
55 469 251384145
192 418 830906502
285 66 267519333
463 197 786686604
158 59 897945044
153 342 850233462
102 222 37852276
405 391 442563215
310 72 697267910
206 454 648964573
304 437 91174992
37 283 900494210
468 17 467693973
174 71 857151708
114 262 657518847
476 331 400730950
185 186 943036795
75 394 170070726
335 71 248869647
323 15 787978768
282 488 771728607
467 362 822637428
221 17 904468202
425 445 530524682
477 281 66266205
193 284 424311927
89 148 321065050
94 352 297784283
254 184 427251472
15 267 20846308
7 169 745227857
441 54 398800147
476 104 261353109
24 270 929896672
426 499 521400950
331 287 45722925
396 457 942974583
275 448 488012099
199 300 42046132
187 37 197076929
467 1 364115180
355 301 918968119
434 295 715142361
79 236 682645910
195 406 981460435
492 231 11876626
259 420 557875073
413 487 55431715
116 479 986505646
363 439 767287860
149 2 465621862
370 167 299657585
270 318 233867474
463 283 175236054
47 472 440424081
80 391 22424782
211 332 654115097
227 275 879568949
60 485 809183433
402 124 601428562
187 268 877125209
103 95 153205347
126 122 819499149
308 251 230592369
107 5 644912530
341 416 461416394
13 443 256148157
48 223 321389792
321 387 967514895
356 48 95380816
350 41 874019648
142 200 203856853
285 348 341787027
332 91 808750476
292 278 969730751
472 328 810993117
4 177 287951422
221 139 915724769
202 292 486623982
130 467 27999029
439 398 437593887
246 309 239198667
331 350 855695362
318 261 116313426
465 150 236161958
19 117 614540950
210 37 437330263
51 492 478806025
29 480 271540611
318 203 495925741
391 265 150228552
408 253 799622330
198 382 788047909
467 182 971352432
374 168 149980476
439 358 166032002
24 481 522004823
403 334 946024896
116 183 476422938
107 152 442208079
124 178 665396390
420 416 586006014
185 359 334198687
343 140 545837662
376 403 134904755
323 98 82951099
66 17 551705816
166 6 495340480
326 129 852438124
193 62 132487473
110 136 44290613
181 374 312371821
490 325 312940719
355 313 261359812
76 41 707491335
163 287 607501079
386 380 274909310
141 352 797061614
183 262 415734064
146 217 821833460
460 48 431289010
100 20 82050911
56 255 480805635
297 335 758973847
384 81 491648254
6 56 738226386
81 9 400462754
178 451 202380409
135 182 928771198
164 456 751165944
327 21 650780183
391 157 541539028
319 268 488761069
295 400 633029764
447 276 399973183
234 463 465925856
253 341 894273025
141 139 254807104
433 121 478883999
345 355 108717185
54 160 581968311
87 158 228106794
2 265 924247456
50 183 147497114
266 159 344670752
28 381 118358789
32 116 379934356
359 320 832756162
111 75 539480131
181 109 194738390
394 443 789133778
494 464 254745573
303 215 990759567
347 236 974679224
295 122 314990526
50 73 610467726
101 442 311545616
406 248 43668072
126 200 632606747
18 44 98467188
391 144 111621652
391 448 149207889
25 242 481675290
23 205 464197711
345 496 895525692
59 46 542896733
492 91 381171069
223 250 908851851
377 87 155759817
182 301 704037495
316 226 926639748
204 38 55816522
463 80 261114026
52 64 868037352
462 200 811774231
267 13 65434247
445 392 757887907
366 327 742291332
358 330 58682234
448 282 737025499
205 253 740445098
361 464 110830499
89 21 976096250
376 479 567840343
419 138 741498615
481 116 445557625
214 177 577311385
293 99 980582256
481 312 74460631
58 224 300118654
305 256 927228386
206 259 198515006
416 161 496471459
477 37 942255917
14 281 589886920
484 280 50157882
481 326 126496384
425 374 820403914
137 8 173108600
254 455 302319164
25 360 444562647
225 101 345061013
166 226 769156462
20 215 51407959
51 283 505375659
57 198 714395113
393 84 527173136
184 492 206212674
345 114 5981340
9 26 479175406
390 204 267877550
445 321 222333108
163 89 131929406
289 413 542919526
235 147 757072101
409 233 166376603
331 453 746322970
145 447 501940764
344 248 389437267
304 80 472275508
391 128 526562139
211 321 737025999
480 375 972524761
143 203 883083905
493 2 782740005
183 209 93210621
273 47 526680740
79 316 779980397
390 88 594512589
498 323 427674063
282 140 882160735
141 134 585749008
16 201 370701801
212 267 820830444
245 415 463820340
307 146 494693040
240 48 731691667
444 330 167459029
215 262 614426066
109 228 195939498
129 367 663862396
149 280 242460243
268 342 120870015
498 56 583664849
425 496 43001031
241 9 554174413
120 422 537593773
477 98 840449006
245 333 479329118
307 185 872103125
183 294 23857033
235 194 165629087
400 474 117648175
199 256 63092463
164 266 180084340
341 180 133884387
330 148 948791840
337 206 55441179
149 314 992666711
386 153 270316592
247 346 651553922
157 185 991833319
24 483 253942814
15 34 325309810
315 368 251179049
46 226 818361386
391 258 900597746
361 165 359689412
163 376 54359583
312 206 547253152
80 184 875428126
331 308 421599301
69 226 217124248
288 393 350406661
466 192 229954262
145 305 59806736
276 378 315261156
354 88 833690893
345 12 988907147
224 421 817788709
466 336 248328097
339 452 765325872
39 406 424236138
162 365 879451921
98 217 290203783
316 320 987621068
210 221 702632071
253 485 614699178
430 78 349470797
216 3 763870975
430 257 324451773
455 498 577804626
396 324 966128824
485 277 384033315
12 300 532889482
64 60 357623815
262 255 476779530
359 163 287308597
277 54 258981575
125 277 448668983
266 190 676212568
345 82 752591901
448 164 230898640
143 235 614447184
231 63 79168712
471 204 350904983
39 462 198179153
181 309 187289216
462 152 862022789
292 356 881439365
237 392 713922349
177 342 831419303
56 234 402036613
357 267 147711125
478 111 765140692
263 359 801142440
423 492 725402406
316 383 262925556
312 418 519338574
447 213 227129004
257 105 624379593
396 230 816453814
150 135 895218216
456 33 108733947
39 36 592357981
124 25 146329450
418 66 343749716
452 200 980151093
142 93 935394029
324 435 953960423
293 225 35132209
298 107 891388568
222 291 287331852
330 33 279947394
320 260 807962130
302 249 187746615
443 336 83471697
491 391 330618547
24 430 853027658
53 158 216759216
4 285 381145291
26 364 150080369
157 443 988675097
333 396 522725498
496 305 849377108
253 0 618273114
127 203 759484175
127 38 824106682
474 350 487439740
148 390 580663403
60 281 625241486
74 73 882997231
79 438 473997670
369 495 239852661
17 303 117534104
423 233 926234979
452 466 715648198
69 168 285035113
345 452 502053428
124 24 578342159
472 197 457393919
229 432 763663273
421 44 617300495
216 160 561920688
256 471 939352222
446 62 223780370
213 407 220907962
152 26 946629076
471 384 986682975
382 239 257495846
490 71 122998081
42 99 132199681
76 123 268261209
43 157 440567175
276 223 911637722
12 491 706289691
311 382 20479094
341 120 904836050
282 402 495301888
484 106 997089726
182 281 456649582
391 432 199188456
205 290 307146470
148 223 916471655
383 247 765570161
259 110 733287618
411 277 586158220
398 288 655672640
68 48 837529897
255 348 10492765
478 158 771372677
123 137 189506380
226 37 268830129
168 17 419731118
352 396 75173581
469 459 624888183
253 295 58583202
445 54 605491824
51 484 292064201
315 473 853779654
344 425 281408471
292 379 943677149
416 190 398086779
236 352 47632735
325 256 255616264
387 441 123796071
125 349 765038626
147 278 519168596
317 458 179386952
233 396 798508668
336 290 351900697
23 204 813826081
146 450 707060073
143 347 979772407
309 351 421811364
190 260 339443461
239 141 839533006
278 77 510002472
436 382 526503900
475 49 722590589
145 279 809580073
379 197 907128396
372 38 140441001
494 361 605539159
492 83 105998579
113 167 224248226
242 401 321868066
169 210 733676791
38 496 352065646
99 489 118836900
296 37 815992671
314 453 395705611
350 275 597060382
491 489 564221837
242 53 569522186
16 396 44743707
211 439 648531910
417 11 359567278
498 5 727678505
223 114 26826148
311 477 817652717
361 395 355979576
113 22 983698271
366 214 736530560
457 114 857561621
2 196 140570387
278 252 461739486
206 456 507486290
116 267 692386767
98 245 81216570
288 391 232279982
64 415 447664318
98 463 711860940
348 157 12291837
179 11 711791707
200 50 165179513
210 426 358641117
382 331 281148024
256 372 348687350
96 229 122636678
357 269 671382773
475 333 378595949
49 475 996022488
145 469 862331418
447 124 607762085
387 294 272606811
120 84 11065557
350 384 882970551
203 460 185953261
36 237 718407686
171 339 394561530
331 382 579342583
456 47 580345014
498 238 929595217
43 156 885186134
329 373 689422334
138 176 500404074
112 260 964143201
21 294 558119028
443 347 573087163
343 126 904267261
130 448 216132732
379 458 406678107
471 324 549561060
372 183 97221624
263 147 400192517
449 421 719048297
390 305 558259120
197 272 909762604
438 137 387143744
154 302 802654731
24 374 184907172
497 130 674488996
189 42 919139905
208 34 586939740
70 322 243602579
284 159 73750136
25 333 609894114
295 44 123911705
144 481 161277987
477 60 428258690
88 379 904614248
401 11 823739351
197 331 700696111
177 14 691046915
38 181 602779872
323 317 400490949
202 233 378574097
432 272 439365585
234 347 103179789
230 275 388346938
117 308 674545948
129 484 122933854
21 240 74589199
432 289 869406529
260 382 968646195
160 489 395431820
195 71 167218755
173 156 70576344
76 256 89531041
62 1 117047925
262 241 916664034
238 306 936705604
130 440 777057733
237 260 298364923
315 190 909967117
393 391 371049250
124 82 421337257
386 212 260368399
54 473 150429227
445 227 749487492
399 339 873231931
281 120 866271658
5 210 37570539
438 133 430139465
220 408 107448009
302 465 40990588
401 268 42221778
289 28 916525338
351 180 227092910
218 149 171824141
371 446 312731480
177 473 230728850
76 444 409498466
276 47 629724397
339 232 118961834
404 14 430864916
293 132 907315713
298 410 903120815
119 385 774175187
17 203 340682490
443 147 897849309
41 205 204892142
497 261 811572709
185 300 101316486
146 103 491291713
98 295 60400832
142 35 97531679
382 279 854265356
172 57 512037588
249 375 107260076
23 470 23642054
117 89 680736015
477 91 468056793
218 369 573500629
275 4 251602787
428 259 445309612
279 171 765711371
484 229 822550574
288 296 38498992
227 428 774926868
325 373 685724385
67 342 649672304
196 365 485836219
400 497 225628911
380 219 209185503
479 240 661154430
123 59 471868376
15 207 723596305
180 478 494546239
270 265 466695122
231 229 563948295
85 189 784976958
108 342 506494603
357 384 5247076
467 345 575918774
104 63 944002860
59 0 675820095
43 96 741756793
113 492 698464956
478 178 278164732
470 32 511703077
497 152 561553177
424 257 884276745
340 422 975217338
60 385 3535480
35 260 173634329
169 260 857328795
305 312 194164732
121 199 145365917
327 391 7886869
0 423 109784762
118 282 720964720
17 350 816897084
462 231 262316053
133 34 885818019
173 87 77674372
401 495 772135643
146 209 28419186
21 125 172388849
89 122 517285364
215 356 443164867
406 478 19876061
31 174 601706783
258 126 654680118
307 385 58615908
472 429 334359783
356 161 264176724
94 29 329340735
97 130 669911183
347 108 780275062
89 6 12591156
271 57 502749860
267 338 336250856
294 412 952937473
365 54 911167383
222 36 808969282
22 4 399334828
380 427 229124378
119 249 21063394
199 286 513748370
259 303 904084501
243 62 264890517
469 422 468576065
484 464 174680806
160 328 551488633
29 411 943838121
263 107 219017022
14 42 808260578
483 110 589718744
109 87 168933066
274 140 964184540
375 186 147141851
300 453 987032204
461 83 13261110
92 281 594956803
427 135 464078274
69 433 369673503
281 496 284499613
107 345 222802075
308 88 515198673
463 492 849575262
33 213 32175403
51 335 181471476
288 173 573436635
100 323 559874450
71 463 908754907
131 322 927922197
190 203 257654579
464 54 59968181
42 498 273831411
280 90 238329178
75 219 13455453
367 325 834595039
384 285 404252254
56 37 666082277
238 355 325988340
384 74 955576389
68 172 982550047
473 1 679580012
231 309 403966717
152 232 678457307
22 276 6134753
95 303 423723312
99 179 572511817
321 327 936548970
248 153 537235187
387 273 850755084
445 285 27290370
176 445 798269731
425 32 583162871
358 180 166627973
365 27 202157073
460 282 688221472
150 102 163302517
161 53 98293217
151 152 704506296
305 190 631918367
405 11 251349172
208 53 114075355
148 372 286920536
131 319 832771846
458 341 718081554
41 172 653696060
366 43 776729151
238 287 20205399
25 441 319483315
375 357 83362191
187 55 469590827
432 425 723268228
103 370 989273203
408 335 946647296
159 97 42446238
8 348 822644315
7 320 978053743
40 49 801617911
71 333 239328912
343 324 929400805
452 260 192089664
116 58 888330186
102 69 172190339
157 200 53112724
307 309 416838739
446 56 317167
399 79 171964069
82 220 900991448
185 281 170312296
229 298 97002968
282 236 389983326
10 129 368269851
83 371 186578680
220 393 647294467
45 101 828647033
16 122 903083295
18 114 698611367
55 437 391616333
215 305 734306268
213 491 414240217
357 416 446165247
138 133 338821181
24 427 437999353
182 276 975724544
403 120 241545711
256 303 101720067
93 412 198810812
265 136 634411541
397 106 276921878
260 264 553959868
130 287 282935429
402 4 104613332
124 358 957035778
275 74 349665589
304 470 499666959
333 413 187552181
372 182 900065603
341 378 721714607
30 343 585982641
384 402 238760661
359 61 442945117
235 296 522603349
217 473 45340410
66 284 930118395
488 463 144675732
116 221 789269509
445 344 507153252
457 424 207739290
433 251 894167651
466 389 111200565
310 363 357960609
492 317 497335118
40 119 3414994
395 253 138723273
394 140 433037782
93 423 183413819
40 407 812819195
235 53 896505761
386 196 505056914
77 84 10818241
344 240 663688735
40 472 561177563
182 421 36240552
120 245 203028781
142 228 696769504
197 346 702288324
266 33 178854726
162 218 720860396
60 200 534835760
152 201 481049232
141 151 350738323
177 86 252373551
403 9 262959511
339 363 967662886
373 307 914777352
405 102 285573392
18 215 549456768
221 236 435410553
451 430 948148011
127 75 127799847
393 261 797725435
49 128 164373766
149 5 656740725
10 128 227636138
6 229 693034204
315 262 899336310
6 330 165535165
285 170 675564309
317 67 584329271
67 154 247017548
143 127 441176410
227 327 604631904
239 161 347311395
169 375 156310722
31 338 680165430
13 465 94760603
456 454 65996661
260 267 766584397
15 495 666459279
137 51 694343707
451 271 118469321
362 136 756927543
357 83 380226904
428 392 985117732
24 460 624081030
391 361 712748091
44 46 41655354
189 225 605119120
153 282 302630262
435 497 171254166
449 214 275961156
91 318 200296407
108 127 35620381
8 237 348462740
10 227 224970968
176 205 949460967
199 484 12144665
342 395 1374411
463 375 71352807
453 260 967156304
12 338 351290734
454 481 531515652
363 30 343135471
133 390 485205260
82 99 933816601
168 97 156544230
420 233 840244757
35 146 907024845
244 226 703063067
268 32 221109212
413 253 496939207
110 330 148959361
201 374 458693177
131 415 831096714
195 301 208895626
293 279 562721768
115 183 439944125
389 216 649080967
438 456 210017286
52 88 572592228
72 189 470173271
419 45 615909443
281 158 804794211
499 9 279834268
460 267 626499507
230 128 537186842
242 388 483660388
102 370 780225646
27 259 170627048
412 217 909492856
157 494 703960685
308 403 171389633
412 383 7444259
367 67 496126640
48 202 201323302
365 229 935191080
227 374 192982493
254 464 701698014
430 233 304418476
265 259 450741825
402 239 195151168
371 318 325755945
493 267 608048181
226 101 861840680
89 243 978368775
125 411 246279580
142 427 999543648
335 23 575675819
115 32 823736936
128 453 103756307
153 159 282002463
357 63 370872440
207 199 271572701
420 66 587865069
130 494 415449747
204 10 957330028
468 348 465955170
73 180 79862591
123 281 440267089
219 303 776271019
331 181 249257678
470 131 740529045
454 84 104678961
311 323 693472082
117 388 309314666
237 213 720345981
282 120 432631850
498 466 721502110
268 311 667279677
192 254 647505841
472 214 52932810
99 388 865835394
294 185 153963724
20 74 994701667
48 349 905641044
398 282 672102070
24 474 128655887
104 84 185766153
29 97 328112787
310 330 748322896
337 166 493520397
348 176 156158329
298 201 974938226
60 434 237992029
134 39 130128244
389 431 42733626
444 162 552069692
252 155 548594239
319 228 368323801
471 242 621415811
212 391 676023511
301 142 300443665
400 60 28054653
168 276 980554709
166 359 227215353
93 364 977201428
303 52 498376883
123 256 838568513
187 34 441372856
10 393 116811489
167 2 539197827
176 370 627584291
206 397 937880205
52 366 55368494
291 86 372355226
362 144 465110461
236 356 369322849
126 71 535269112
222 260 818035647
478 408 827065901
448 172 134820527
231 189 625290032
449 397 857258589
5 43 562896047
375 218 541745574
203 8 858204184
345 245 645204448
462 350 18901437
157 88 745093548
350 40 20694309
126 347 266529115
224 119 639903289
418 55 95135351
113 129 70469501
216 85 662534083
467 163 19629735
18 306 733585742
305 313 799593215
219 343 875608325
381 410 213315793
218 44 173464672
50 398 101215534
179 167 739796265
423 256 769215248
201 66 656714815
318 363 263459360
311 63 520522196
190 120 275334162
381 302 941843374
498 207 841187537
230 340 766564680
20 377 655230226
481 489 628346527
290 65 104418911
315 340 329004465
124 291 666582190
472 46 444812786
104 423 15854805
228 440 439707082
350 232 134181493
140 286 710093561
33 402 717826622
444 241 566459719
155 216 718175929
118 360 438620507
194 203 56568354
73 482 174682001
175 246 705777044
393 498 867963372
27 46 889548504
428 290 437981250
319 236 816599869
482 209 556709763
300 297 927266993
51 286 888542941
237 223 24350803
322 2 28941107
487 85 452148335
364 170 541029417
250 364 527689116
165 380 996951239
445 258 909923863
41 97 104375390
227 415 271547282
148 334 856503032
0 124 470416570
306 465 545579498
15 171 842357278
308 205 498713410
246 331 725423205
459 393 855298083
382 259 191178122
288 72 907411799
121 357 145426922
196 335 609591465
431 14 803547713
275 135 158047117
293 284 343607032
56 197 237214396
372 323 265578658
380 459 838372094
261 99 358720825
236 193 44195894
220 324 268158072
267 280 834247439
51 196 233086833
236 470 679620399
130 358 272835080
137 363 677279202
15 117 812395869
457 37 970500287
2 125 992345228
196 191 726578115
411 319 209306980
168 199 684807456
101 117 518261917
334 427 637466905
202 326 961764927
428 210 880448335
108 485 494795006
421 95 387994252
95 134 760735211
311 392 445894669
463 226 209010322
273 310 89850894
56 57 89566585
66 180 96344561
345 206 672978507
7 9 467919085
223 420 213926780
443 0 821312214
60 66 902407794
77 357 78397060
391 200 938176185
249 448 380996765
136 189 519303743
133 0 63156809
278 296 104576599
483 344 313678955
253 289 871501457
55 412 256958961
188 130 647479823
400 332 457317951
491 215 49987087
18 498 424355790
144 124 442469412
255 239 661892537
185 481 90059572
264 243 366357301
373 321 870726166
397 279 455147506
175 51 19323672
317 152 579832321
449 349 475943656
364 44 472256501
310 470 287800691
123 483 686699384
194 499 695312906
187 171 826831637
131 393 17697086
42 347 761188371
336 396 7310452
442 348 6389195
382 407 945207631
53 452 526058280
51 123 86947807
3 392 778955663
457 133 488961598
78 234 239568721
356 276 193669870
289 192 234653480
182 462 646273631
234 13 526279651
130 216 407820384
178 392 762055769
175 351 6727884
211 457 447677989
171 50 139924527
123 188 333202524
499 319 447934036
212 444 94396362
357 224 789901670
192 49 619743478
166 341 391161634
29 5 831397965
68 358 663290911
138 158 938890729
44 497 440659175
170 154 237122781
405 175 857436600
420 312 910118779
174 4 366433408
342 449 649686889
49 457 891511256
362 484 763698662
342 389 645371137
376 68 585430197
161 195 949113389
14 163 47182967
128 323 31141975
172 184 141317770
474 337 486218768
293 465 756835723
356 56 852970314
230 157 196256224
288 101 365013149
194 377 677817343
165 40 716194754
149 353 89533537
176 357 770644988
260 118 250892791
117 97 225398931
50 274 885234682
450 392 765336162
258 151 798007518
87 442 781722175
79 164 419393871
437 269 966665510
417 378 666800948
298 316 627307805
466 300 331460847
349 303 783016454
299 180 183247334
127 402 791874751
248 274 918107690
427 420 54519180
335 150 621397592
164 73 326823657
309 51 858969648
170 31 443031116
51 461 115199371
246 3 490468541
94 309 562398095
416 348 951847018
258 29 526142912
225 91 661881029
333 202 921814684
379 325 738179472
119 473 228580210
211 85 80235581
173 458 239343508
474 51 742603569
80 7 229654461
70 209 149338714
344 140 373151979
67 88 793335602
351 89 503902410
268 156 398449608
245 220 140882080
210 332 299064553
316 376 70544624
71 376 83735300
472 32 87342401
104 362 755515314
40 412 980741284
270 389 834132075
69 389 39382155
345 156 549256754
463 413 973981282
34 288 428703249
459 230 636676134
495 228 966916066
95 56 575305098
389 328 804061173
141 15 153935069
192 30 427966237
296 48 911317565
145 404 201478311
15 118 345478562
173 288 598475996
446 341 425677262
392 112 561891107
271 297 205815620
262 465 965291607
306 336 265517333
318 448 815602943
49 388 137917109
167 231 55448108
80 388 473951363
64 14 153015609
292 114 631597702
386 316 684786657
27 260 593912290
469 94 382498026
7 91 565549894
244 174 869949644
433 16 442642698
317 346 229138638
141 376 850195636
82 131 358664598
336 214 671040970
15 239 457315824
80 425 892106240
198 342 602881677
104 355 39404540
108 58 961020259
445 492 363498358
62 289 652543992
374 262 76464544
95 133 165592352
422 201 222120158
61 211 376912303
287 492 663432995
369 73 191208807
299 336 364398016
47 85 755797499
358 19 700156843
226 458 789628086
425 472 280673966
78 440 721514423
258 292 575266263
396 394 122931631
126 495 728409380
498 327 322451356
359 397 2030196
414 244 279083079
33 281 340433257
79 330 898343060
377 235 519944236
342 337 814937411
340 457 32773341
188 474 306321629
477 186 958473459
63 166 152759265
381 486 549528121
479 393 868546689
90 349 971766154
229 321 436933970
168 404 591245900
218 206 558381565
65 306 60836602
132 272 133407978
369 235 528495387
327 17 152299385
18 456 302291006
257 323 273779442
391 353 736654
422 53 432990602
428 37 51447513
263 160 913724045
206 47 377398451
376 195 450700433
84 460 947406743
194 442 707988221
298 408 248137695
476 449 927725869
127 319 319235173
350 226 463651952
347 286 735205563
433 40 505160474
92 124 678715778
180 115 851201071
64 393 915665819
123 210 361197545
31 228 742330257
212 409 742341314
308 252 933076710
399 450 685090711
1 147 403884102
457 488 72960738
41 405 793792530
108 341 567652575
439 257 358879594
289 288 81522445
402 140 5262750
309 377 60659963
148 338 538107102
57 177 618833875
440 426 295066995
86 98 822736873
271 457 96442434
26 428 878445245
37 239 662469235
182 144 570657127
345 190 62822128
41 71 341755605
246 97 87066558
346 374 63586728
463 271 784598237
56 92 306049936
159 378 477066414
20 98 687089467
310 354 954192341
350 474 866820718
326 142 498400380
229 179 851690202
234 220 98781244
272 68 212097360
110 428 689045625
148 380 401700368
112 233 119143775
93 351 694221662
29 493 152711815
473 149 903277874
283 6 404589906
330 494 397891655
133 308 221156896
229 434 241814142
432 360 352102882
339 315 752132674
315 112 929444810
332 393 728514941
341 64 634941430
188 97 811318092
12 92 839892052
82 221 971672701
138 78 623921240
293 375 220029179
270 370 649558782
329 467 786889903
119 56 253645482
497 53 311861844
96 334 952495023
329 351 130185199
285 335 42788766
329 388 444140270
149 11 462995826
150 143 659114494
478 352 103404903
240 420 591538054
289 116 962174784
364 24 303729059
403 53 544181771
162 468 27664071
405 254 293236160
226 222 629449017
242 192 90970786
463 453 678087610
97 79 327930465
16 178 289374584
199 240 436767751
193 161 361237294
50 466 764999136
335 225 15085183
122 102 689153867
450 236 306364415
456 7 695550449
424 394 750893659
4 472 890421581
456 59 743492064
151 100 177310628
396 39 165452837
18 344 489350542
228 240 555269916
366 493 913989969
56 416 940089436
306 441 225415834
247 151 244223010
331 330 897962118
227 79 887575036
285 168 965574106
137 177 320502506
206 128 478125669
90 78 679488680
13 217 261942281
281 66 749745043
25 370 229074604
191 200 406222187
447 488 55410693
328 253 744795657
223 495 751425134
453 7 438788732
488 287 366419101
428 18 53349302
334 50 566299542
62 298 28663972
180 47 123803615
430 196 361775572
23 122 488898425
72 75 957480281
1 149 794029730
110 158 671427087
312 272 325407276
439 414 793533540
28 77 74310424
441 224 174412609
171 28 670791751
379 120 688501535
213 42 436807672
276 206 450327178
350 166 825867329
187 278 494672066
490 265 704281361
475 373 435482168
38 146 548530090
243 270 607837545
277 36 658089954
26 70 185390045
246 335 337571672
117 304 448807901
348 328 860950893
225 408 80544962
393 454 700896862
122 275 790023393
489 457 504448414
292 489 418414113
146 363 668378383
195 37 449579381
129 228 559729920
435 292 557545869
130 236 212367753
233 91 367091628
463 350 67305046
334 127 439831203
238 395 652002797
490 456 21579261
417 412 727453227
401 382 487216791
129 370 615199413
124 145 650798445
73 412 9749015
159 199 567890251
301 380 881267173
173 139 651866715
137 358 855049125
385 419 608317702
450 120 286684699
54 317 590622974
469 410 993492402
141 12 528438229
74 131 203286482
104 28 286889280
363 226 227698157
49 397 991277196
283 34 896477756
29 179 256223838
363 44 526142779
160 266 465123353
284 413 279119336
291 251 939045030
387 342 986789309
70 443 197241962
47 264 634891290
183 373 687898964
456 354 653281042
339 387 708146901
402 96 432057852
192 28 944571181
91 250 985388011
232 137 869023399
333 169 362647736
453 253 310455989
430 12 267880242
124 289 624993168
225 243 292804723
42 88 963744276
288 233 478096731
415 176 802531949
160 83 179226809
447 140 56417072
466 3 735305820
420 212 201687391
274 356 1383005
348 102 792753101
138 314 556481975
389 426 870567778
198 419 898329690
384 333 405394937
143 284 534733569
388 181 878394192
328 290 86077291
252 384 474045761
398 372 636702302
217 51 649654365
56 476 432943495
15 497 518072417
305 375 903443201
9 198 158252631
445 171 191312368
216 69 729999836
381 54 843597416
257 198 965371904
361 264 768929014
476 143 537545769
22 414 777349640
98 273 309477458
38 138 447632394
330 405 912319706
429 289 419485780
215 413 28297675
64 189 740212972
488 437 940739249
394 90 249917726
98 260 993274818
321 119 571582944
249 214 489680337
66 400 347018563
318 30 416917442
324 378 350319065
0 372 966373108
211 189 396462403
277 466 37102009
92 478 778863787
130 25 460163383
35 140 889675187
112 320 926646269
189 413 405600570
161 2 602799913
308 145 166469811
433 301 306117263
308 44 9502102
203 227 837466926
228 63 463420348
58 351 567135781
252 194 929405697
344 68 566611507
16 496 969649261
260 216 609342053
62 463 498548568
296 419 176330150
453 32 520798209
366 91 675600639
26 468 863104697
58 11 119574986
355 107 961655494
382 200 687074854
440 342 286442520
152 339 173072897
79 324 364113843
376 227 171776822
446 48 767517718
21 320 528629860
26 120 953998768
130 255 225488768
365 123 314239611
189 6 273388585
374 62 129183277
272 108 532045669
178 91 945339811
286 78 896980313
53 70 480882225
498 133 807547667
484 41 465228379
37 446 866512752
279 182 993612746
478 376 597033481
445 42 542479044
199 33 3690022
148 75 627694908
190 95 545736006
369 439 919308044
440 238 153029190
122 177 130392005
204 86 952947371
234 67 692008836
466 430 727785740
372 176 12208030
18 465 474430652
452 281 597918426
104 21 977251457
317 59 601154382
313 220 156794888
140 357 849220197
263 43 839287397
425 243 56757837
1 31 587169653
424 422 930877635
41 139 320235719
55 20 454086197
468 174 144625215
424 68 865766741
407 136 19012181
175 218 388317084
445 189 938710114
74 216 599883051
122 418 867179250
370 138 565217384
227 365 211685881
292 207 724867194
300 399 220682106
348 67 996358118
34 477 29441479
164 173 889813182
269 406 870853200
232 9 726198300
20 271 500817370
40 46 306923310
24 190 826227394
1 175 831187537
90 41 654983427
344 470 897825341
152 284 704445426
172 354 736652589
226 74 833671242
489 176 982699140
363 275 724522089
338 220 57702459
320 335 861121120
124 83 120665176
83 435 661789441
224 202 221293376
406 281 838839542
96 298 382935661
248 404 672506411
268 442 968964133
263 12 800871095
219 262 169068558
178 333 23133274
268 93 830786456
98 5 38982009
240 92 615253661
255 156 837669944
325 483 181784036
434 307 150419865
126 431 947521014
121 270 768385986
160 368 344812313
278 228 939357774
71 177 939422032
128 271 538338683
176 65 504938184
98 496 371147029
177 94 292810122
48 220 561894798
329 186 203236467
493 48 849719247
168 63 389318402
383 300 191403019
489 284 716016307
155 14 984027011
65 216 330321649
37 147 98364886
449 411 371372167
198 435 581678645
136 54 132176919
454 483 730116538
195 482 542080113
470 223 857795783
13 81 624226882
381 213 611073503
481 405 336797379
201 54 806301540
411 374 637290381
304 354 789947770
403 68 980054448
75 160 975309078
448 224 122880286
346 248 121778986
283 38 37592019
487 498 692736317
312 117 222604325
205 473 68414862
448 301 157996218
307 191 70547116
381 250 247704039
234 0 501088377
12 260 812832931
474 358 957701261
26 213 132562276
311 179 953094470
471 83 993460841
115 33 68469537
32 198 254960274
340 80 342625320
398 472 726624536
94 146 570351297
236 414 636824875
384 239 306418040
299 7 842348065
424 429 793820508
134 341 74548234
418 120 628984484
210 43 670185474
211 27 631661269
63 382 712610795
47 410 101068402
47 203 20994672
125 67 787796838
385 231 984358685
441 55 525438930
36 313 50082478
81 359 642017497
85 80 859436028
425 259 504655100
188 411 833443941
266 27 801533420
152 3 740872065
167 143 931698851
53 21 662990424
53 250 481903437
468 168 748375463
61 30 160690087
446 96 653246091
120 61 189225037
265 188 500181906
282 447 814987049
324 251 405133909
484 363 470403437
436 8 45160272
234 343 155587049
37 117 108790261
262 498 681317802
78 71 315090316
264 332 865921359
425 420 925657730
4 408 427829235
127 161 505486724
446 105 987887592
423 495 52766123
496 40 151443891
454 347 413828505
306 428 326527239
329 97 992945881
345 104 102048660
97 12 704580033
126 175 723018833
428 89 990562766
133 241 634270226
461 257 874450230
288 100 379296367
240 121 946845036
84 423 685303444
29 422 942159218
437 26 875875887
337 19 538083134
417 272 383185574
209 356 282790547
218 426 296549384
471 303 463527906
388 117 213703761
58 8 914703967
376 22 35526963
403 358 83167056
281 64 101966770
39 283 644181360
82 496 839830513
179 335 226376781
383 485 632129516
398 354 951923376
200 497 474970949
28 166 312724688
457 320 511037715
127 160 579433382
205 227 880427878
394 446 815591647
392 419 898492988
467 227 13102454
303 300 884409781
401 368 320692800
272 303 299863725
241 141 693177510
385 106 496248473
297 326 851804147
115 230 273063949
439 89 451066911
361 87 114550668
126 225 606216749
279 221 251754285
18 131 337488507
71 220 231056900
323 444 829054345
401 452 120866673
462 280 802202991
379 81 393316806
469 102 107349905
280 121 266059471
299 481 861350557
77 73 450336634
53 379 571728396
260 305 897087879
246 103 655070618
291 282 245946054
272 342 697452145
6 355 155173819
107 117 842731436
404 46 22228044
157 182 475284930
182 66 361957575
142 69 350461269
278 143 666817335
51 343 710669821
14 168 424418484
353 20 439805944
36 413 392485142
241 264 10015367
248 328 364451956
99 72 154713096
155 287 335813621
356 433 776749897
35 425 71733886
139 11 582075863
221 194 429540014
177 139 992401699
273 97 315298813
210 213 580225917
447 159 908645155
67 15 217794202
140 470 94500201
204 99 389739255
14 41 80052844
454 64 306886757
291 274 839090303
114 85 704820397
496 458 138680358
127 282 328547108
463 95 894554499
120 424 152532987
56 475 152766657
397 138 302731999
258 382 236249105
53 59 969241464
261 39 458015263
60 465 772274520
60 494 286424219
141 205 748370646
104 493 18764518
5 6 198653462
469 203 232441226
124 318 317685156
197 254 420856583
140 125 254688164
481 177 527084589
57 67 104096483
103 54 624704810
236 368 305454117
213 18 185716565
331 423 529731601
276 287 711933681
247 306 229920745
496 193 200878066
22 353 150071557
184 99 651439075
232 265 302047006
234 402 448059634
72 414 115680435
340 249 370435369
161 433 60551933
362 30 281767240
183 34 467630114
183 269 350342941
327 340 59868922
69 106 500219284
80 167 28652621
427 38 906275643
380 351 559378762
236 62 642619731
294 462 358486042
180 458 946296420
458 125 792483589
453 256 988741126
45 95 132118069
187 313 330770279
326 118 449983305
322 242 796544183
84 129 146804433
73 40 307954964
74 344 932239717
365 419 107825851
395 152 299100034
134 20 259920565
427 59 629279272
424 324 355332210
283 145 10490195
6 64 138249061
313 55 155014788
108 147 957199758
361 197 683688781
217 187 304090908
423 175 47169338
281 30 303001598
348 92 744717070
214 9 188456417
286 299 549307648
434 89 154039171
110 262 529494821
169 406 814249392
118 291 478493624
279 441 244487172
57 21 493015082
25 468 609671923
4 90 58379335
190 324 475807471
493 216 920304601
426 280 109599213
6 261 128369795
497 426 115262919
474 28 362249026
328 80 228839761
239 428 224796652
393 231 735163548
243 487 87556517
384 90 426340752
141 50 261057134
265 481 260765141
451 155 38616658
424 470 782410835
281 48 544337226
343 285 406996429
315 1 761821710
328 106 907745447
244 229 253020814
310 216 521769937
362 111 615615309
86 236 373512832
289 276 307417081
371 304 683504228
1 371 462676666
487 351 124704038
450 100 802583473
177 71 642679452
130 414 36372212
374 353 230872648
125 93 139483354
287 144 98200579
455 205 789121470
66 497 878958699
4 214 133507100
419 448 111753988
430 91 719055103
200 311 19508327
70 35 469422366
196 98 997531749
438 19 110922145
210 433 652804574
31 17 109003726
4 171 767659923
263 488 971215172
213 344 385881487
483 473 245301797
272 198 851007208
247 181 502026585
257 424 516798744
132 24 636259642
291 254 678398644
186 60 120008759
11 386 951789728
265 459 177904816
396 259 799241191
489 363 673765588
20 484 301059760
440 380 986326749
60 196 601786634
106 218 881614941
448 123 949167466
432 317 938893269
186 262 791535198
54 107 597445140
358 157 60467886
371 11 669539125
174 365 113769169
470 444 989355659
13 436 426538307
473 178 686198232
187 290 608105953
21 130 162708858
349 388 441211807
257 310 985983112
361 261 146784396
244 485 848548323
347 498 825963405
420 337 99582090
436 281 819722364
371 10 975374951
231 155 55834953
355 68 487026751
92 438 756753234
136 192 453812698
395 154 365315261
321 123 788057716
32 33 377496496
351 11 272282888
60 478 542572528
373 462 399756275
103 175 709149025
50 490 844933181
472 171 408674181
300 359 302362029
172 498 872360673
21 405 115499028
399 247 40873295
414 423 449420689
349 43 777451427
123 257 201093937
224 445 319184359
407 172 951015064
465 119 723003538
315 491 243244673
312 170 794456968
204 384 109295309
420 131 626576609
402 51 40998383
165 143 461167270
310 132 963306640
239 355 657529070
285 188 510303356
109 137 538391179
284 498 614990235
424 108 113797431
258 494 481449531
399 451 133991507
337 355 345623543
156 393 10098546
124 388 452966458
480 318 116158237
344 367 642980877
366 222 994893682
432 219 200227224
91 98 704925345
19 121 16152312
13 240 26884151
487 354 608422605
384 192 157789512
88 482 690222736
77 302 354086030
287 350 522952112
306 231 992999532
251 484 579856106
272 302 348579875
4 217 274056731
494 26 474580731
118 224 596490841
226 432 229798929
301 162 919399090
399 468 368235847
164 88 524262733
205 135 131280120
346 101 442761426
96 340 219489827
50 307 740991708
222 401 546787681
11 265 780182229
79 441 304373382
427 64 566628122
182 463 449738631
360 7 799550472
79 197 479163247
449 113 777890546
144 274 711175591
82 420 724148022
63 235 826662391
273 259 673359155
489 464 758539730
195 441 243647149
118 490 163124713
343 168 98807257
345 133 548007159
211 180 147734650
310 159 510569349
111 379 329011527
429 115 260350243
338 107 270987538
338 461 656557042
324 136 98007815
431 337 99784269
142 77 85175532
416 79 912579960
407 282 648961116
471 134 129248648
448 358 353007003
315 281 868784752
463 142 70952836
411 223 559041022
250 359 69949725
141 2 591833394
293 143 416173029
415 64 217793922
264 185 921153788
425 232 720708673
223 5 47716417
396 289 70605647
434 243 110608397
174 224 305339617
54 259 673110046
90 312 654446674
422 102 951849235
72 89 393017417
174 88 565290424
310 69 958968014
99 141 448027271
473 335 465929331
334 355 566235031
353 201 490301607
371 137 39896518
206 324 874838911
338 269 344588513
96 199 529553943
451 355 710040986
122 77 8345245
409 385 772062883
419 380 760317680
327 48 471109524
457 356 991952332
46 4 157428838
108 292 769056336
468 499 301313344
78 310 648446787
253 444 548743079
356 310 994449988
160 81 447766292
325 457 388520341
253 495 287388795
479 403 838588102
229 450 380900279
47 211 781986885
130 349 247421350
75 401 882431638
209 361 380294700
74 80 577342084
168 361 2554348
443 420 729588496
175 5 430173937
285 455 286198447
7 151 522714343
321 224 294238916
227 6 252286865
205 191 488984141
76 211 86098365
349 61 970760300
81 285 606588309
284 125 229176257
216 265 792165461
322 379 696405691
350 392 167328334
280 228 647616711
312 419 290436834
350 366 730337968
283 468 795189657
233 21 820866462
309 263 582336061
151 126 532833198
296 13 974079678
374 194 313827802
194 383 764545361
86 433 525976541
53 451 591845093
207 367 783368865
247 68 184802093
191 444 246597762
31 166 63065156
107 416 556845768
92 180 845563026
398 296 650968203
357 182 73227352
176 95 323312628
274 175 893821126
205 344 536617242
234 146 976299228
329 165 266259311
411 32 181401631
70 167 666605966
235 159 886621912
77 319 515458527
119 152 189790163
184 397 787201439
72 443 571025415
427 234 900916166
244 101 885733909
104 177 638904884
258 245 298863942
327 482 714779985
355 251 129904216
236 189 863085148
165 186 516989947
132 14 912722076
190 214 382786555
437 169 600838436
238 97 798163135
247 382 746997881
36 287 568225781
241 489 944242643
11 402 985113667
311 282 823788349
56 402 373492128
90 383 335487868
328 75 281160703
272 144 2334859
147 326 586685564
458 71 506631206
102 375 952024744
441 482 213463049
195 476 241278365
104 193 314771597
201 27 734115803
419 382 491203034
398 227 677084975
16 0 756510009
100 476 106291031
412 231 666605128
458 74 321945512
63 268 292571733
242 0 895351053
99 447 943008212
461 205 408596621
21 165 244193935
19 456 400467043
261 359 249264820
219 27 915322667
483 22 439474764
491 177 10104944
239 148 665663229
167 493 871758288
184 7 602529933
23 152 713621794
227 114 137057221
349 90 951332756
247 240 118914603
79 259 919508606
70 446 769768650
41 338 232922115
401 468 739137189
249 120 98582046
146 104 24009102
78 232 842733612
149 32 859574511
369 217 419295213
213 171 45240579
337 208 419536574
391 267 566885083
170 286 948123244
360 437 256311119
188 455 640024052
53 319 889176421
149 441 143699185
62 5 430765090
199 444 447075088
149 297 148196018
16 216 30657441
56 199 658506804
97 186 497158806
459 0 922099985
43 99 777062125
349 177 179190553
359 151 110868678
429 287 701327013
109 107 359421571
74 30 178417261
243 347 281008317
131 179 519049012
136 27 802935470
353 392 564944773
195 20 276324952
220 26 878718306
98 100 303831821
239 370 618705269
202 262 162082480
337 9 989401952
55 252 83002088
93 164 626947442
274 179 153977292
14 418 201640670
396 126 148922835
453 328 823135937
167 245 707732920
416 28 970297679
400 192 690187237
351 455 602189413
471 231 946854803
82 83 739384163
169 72 654872156
266 70 251016384
217 89 18137643
75 74 159979455
315 23 87326911
377 466 143758898
287 183 703045881
385 356 378458325
103 302 705199238
324 95 21243847
172 310 93754106
482 310 695401966
454 186 199396214
198 247 345691256
160 203 532170318
283 377 202882320
448 367 997784578
96 437 565640279
341 131 525419601
17 32 379894068
492 118 570567930
180 499 997657325
224 1 169991836
147 217 682898755
428 351 842824947
322 314 163602732
300 456 88210725
335 197 644908877
113 173 518407462
14 251 74913846
158 309 605329905
319 285 282737845
188 404 437278430
146 380 927040593
40 380 715172721
272 62 122043029
238 413 416698294
408 406 497476109
158 385 787364754
472 373 993371060
108 287 566110808
402 165 157247238
271 137 580969697
9 114 35728878
155 92 623613300
226 289 511136587
43 288 443991851
90 64 485504768
31 112 370991607
70 408 807984092
203 468 941334993
32 120 785661605
365 371 501764124
488 93 117842923
121 55 6940605
60 31 324218022
225 437 165724224
45 395 54022894
350 279 929487977
259 330 906612383
299 358 441500479
419 368 401998040
483 59 997322139
3 220 360039784
422 99 326637795
498 433 354835861
292 446 714864210
474 341 273542749
39 497 337083468
446 151 453165888
251 151 596121070
473 429 744317271
141 148 871611735
10 183 507235659
21 53 396527589
0 307 82581515
179 80 488983771
20 314 446072220
104 9 120260274
37 301 453197437
424 444 427265644
457 337 990444451
480 408 149456457
141 426 781748055
245 490 922665708
457 195 192219513
162 63 340705935
69 269 412798583
385 444 319001407
16 131 236928282
196 149 746240912
267 227 295159318
43 494 199837832
251 92 135705042
85 192 942173469
485 361 206983848
269 383 657576835
480 420 341015508
391 296 669143175
55 52 497883073
373 104 571773026
171 91 60626356
373 49 939977943
197 416 452981285
259 233 450039683
152 44 663958867
273 141 945307959
456 167 353770977
304 343 463854284
162 113 277742792
434 79 952228791
87 383 387258520
317 209 970685051
1 310 72543571
491 450 878988597
391 344 994752156
446 397 894883719
256 58 889919279
345 440 488436063
415 460 557134734
299 365 134636684
202 74 154414047
495 428 875864110
361 365 780671915
287 68 851240658
188 20 329090886
255 189 674090215
362 289 213944179
293 170 681874038
487 46 870941485
366 485 738510032
142 213 798730428
174 385 14112387
130 204 883925395
415 449 885894527
390 98 169237625
125 26 736909454
301 84 441630947
307 151 997784253
107 258 703823841
399 345 231963573
80 282 953420997
331 425 907679994
230 81 573544155
194 475 805466836
129 229 286877751
30 466 628127032
122 0 559859200
6 46 261731953
173 198 586355199
308 425 171596918
264 88 48603601
370 412 668448970
237 241 437274998
331 314 689112542
403 302 726841361
11 50 357778488
324 329 364285101
377 139 137920339
1 377 9889901
119 98 169217867
25 42 299312919
131 159 8142689
142 495 336734223
463 12 274106671
363 398 330493191
343 291 669474636
41 423 805677166
174 361 193261099
239 127 99179616
145 222 750052513
393 166 153152871
89 78 437547005
212 443 826825375
435 127 676794965
65 34 217150650
92 353 56646515
335 54 327132607
274 188 481177222
102 274 231551631
124 183 843377213
215 392 971758553
239 221 26363454
335 234 358302591
249 156 592957084
66 58 276733808
473 21 184691165
383 242 263687451
164 332 75259728
117 495 290360975
267 113 105084397
333 33 436513985
206 354 486073837
38 170 352978034
296 309 48925072
470 21 319989153
82 438 727490231
276 214 22173626
58 125 884635902
181 282 893259934
485 140 103717531
59 403 154783917
370 18 452399249
228 361 847780027
291 349 350411793
228 294 434233982
84 33 61914584
23 138 493956508
346 490 954541607
498 330 777655143
214 341 291783886
456 225 778698047
270 472 355809266
104 466 872642590
95 202 833570638
373 87 466082717
412 416 889667608
271 333 325507849
97 6 23018754
68 243 350776288
262 63 20095009
429 494 434293466
319 22 583168317
99 80 126564377
280 311 426171420
258 17 455935885
213 15 406395010
83 265 462313342
400 250 988281745
156 48 446269608
45 371 874213755
258 473 866013989
263 420 516368807
420 424 261404043
407 413 602359133
295 318 319280990
153 167 57538536
436 458 726633159
181 278 533552415
194 403 756303159
205 438 173650992
147 50 335623553
483 284 639348630
473 42 597830124
267 53 610981882
48 125 702182163
63 13 673819733
150 28 989577482
182 116 814765517
287 252 469867540
37 11 815615170
112 31 108227021
281 449 636710848
463 138 145729982
472 163 526276815
451 275 257028063
96 85 163761623
342 3 388497965
84 258 484798857
214 337 929151360
165 451 338365925
497 61 646308534
331 127 178502812
481 348 422242279
128 402 503532922
274 247 89699886
195 465 358449050
372 364 5313843
281 466 630883131
278 167 90501225
461 94 971168576
190 229 386848371
234 409 433413363
270 205 886144894
407 53 790497085
31 345 270660279
270 56 299983599
480 312 690231612
29 321 649681278
307 319 967083402
416 292 778495880
216 329 850748445
261 340 618445330
264 258 141473118
418 95 107342980
451 168 975918000
493 108 189981162
151 257 914470319
238 279 434168080
327 15 711184882
231 387 477877212
372 442 386051216
438 198 244976076
18 177 421284767
236 136 802522457
55 107 795271535
97 15 606737332
285 429 499774181
385 388 186909809
272 461 366860489
146 323 704055761
148 295 826052287
101 184 280446159
359 13 783871246
308 164 283452203
203 125 718648646
428 316 5150533
476 35 40365586
368 163 11136876
208 342 980557161
440 484 603643
124 483 26107165
205 457 517164629
349 288 682742715
416 167 203413716
344 478 934438728
292 5 137163394
68 215 587538010
426 395 297551635
115 137 884661928
13 165 400902853
270 400 36311927
61 316 510231213
232 302 593925339
284 311 2339064
93 79 979804064
88 368 29221656
65 326 476483775
183 298 369491807
305 491 369650428
299 92 586204995
464 368 85042547
36 248 866754615
331 16 149440057
464 0 361122051
18 478 621228618
30 68 478613176
409 207 476170465
206 478 756926463
253 146 715931504
215 453 380626949
366 461 424295519
290 283 601009568
349 271 979972779
41 11 442056029
309 109 710679918
214 79 119889760
351 264 999415950
21 431 696566439
23 354 616962099
490 207 969309147
89 118 132947871
161 383 167735369
213 192 674007564
343 331 263375456
244 182 933488221
259 374 289114194
284 299 893854593
58 463 504909131
429 53 899387771
384 150 256694015
56 254 552745541
109 310 36725460
153 80 591532844
96 350 165109397
336 380 582683974
436 203 701536226
236 96 960148442
263 41 333229596
362 36 346844562
191 454 572299034
280 362 332279532
158 393 887915140
478 473 756349995
116 65 597313392
313 192 831512908
121 78 716696714
418 364 658264396
408 216 940504668
351 59 270247317
93 106 134152787
96 161 615644026
29 134 209164486
474 356 876590807
430 10 847732424
245 439 910162005
370 99 66902119
21 3 609817089
203 353 161606425
188 95 601243485
135 420 325168376
248 142 218842057
476 1 567628653
354 463 939570102
399 317 256353443
138 218 92963949
179 369 533027443
219 181 66983637
132 45 906812572
64 46 280284180
402 404 481602921
25 136 510224437
77 349 524998518
181 291 156473837
373 155 780824444
130 325 758228043
447 468 968246251
214 5 371429955
481 189 286247179
274 234 379630260
446 489 571481585
49 88 435219771
422 492 924567323
111 240 259925739
26 223 698886963
257 236 824219679
173 417 9172507
249 314 65778424
114 103 584701661
10 182 618092181
498 135 282496427
470 416 839655622
288 463 184462248
251 287 347737494
407 81 530597804
366 245 931510273
265 329 236433694
453 162 65259081
392 227 889198400
400 312 356101659
152 147 743824313
0 193 488199920
160 353 869250526
239 473 963685291
473 405 957301119
233 400 950188328
29 421 726576071
372 164 346788836
238 98 722469852
244 445 426805322
396 45 37432881
148 219 168577402
446 95 235821686
277 201 887553760
60 195 562818058
493 36 693525973
383 474 666850169
240 2 524749017
324 175 802337535
21 287 723003767
121 481 419571611
380 420 663235710
90 73 506170265
495 314 967893980
62 189 109278376
228 192 767405000
460 194 650014554
81 0 508841573
415 126 406624041
143 100 823438581
142 191 918765132
412 379 824552109
370 252 753637889
131 485 247880358
99 9 851423632
102 8 904028323
75 423 246705447
491 178 682647256
198 429 187204133
277 340 724738626
445 224 289505266
496 31 643579259
35 201 87830840
382 131 547402470
477 4 960614460
484 221 868139181
170 431 999295753
224 257 978423970
64 21 241744767
13 213 420535031
491 487 129905693
74 33 250614830
491 257 905841295
350 407 90097710
134 307 736596534
324 237 730876762
50 254 452119949
403 332 654801799
250 67 357288373
447 291 720395574
57 218 255887292
0 74 555427695
323 19 752412690
55 69 707252810
336 52 220278479
366 390 141956461
83 423 408337639
437 178 792224992
38 164 385640487
498 129 881269907
75 79 49393479
55 0 546178521
96 439 733901233
426 388 547849636
229 24 981537858
221 16 38735406
230 164 795201926
468 411 428320711
419 121 82489722
41 232 206218750
412 158 630840938
387 164 90760634
234 30 827156657
250 205 79455067
29 133 479846271
16 295 66998192
87 312 372154809
126 194 738140541
431 349 650462748
187 477 643911663
391 47 129981684
274 191 977214905
37 236 388173618
86 90 61830332
58 37 88411756
328 449 701609617
257 327 590098990
187 429 948164067
499 475 604094437
39 57 984930815
98 37 770497238
13 361 946969633
462 255 715145774
424 498 890202096
80 171 873174172
260 374 284296484
456 334 666414175
5 47 851962766
486 82 576930373
149 497 568522462
40 248 744451485
159 217 597404617
43 41 945147563
466 333 34063363
57 113 276882021
158 31 646962948
491 354 329043944
50 111 472285043
59 478 918615850
443 372 952949476
150 149 155107907
242 244 984628831
362 317 97905108
372 37 841338702
272 136 392470067
488 177 275957028
241 273 619282930
354 470 517086496
163 316 353053334
106 450 549020708
37 356 494477871
77 21 394564045
302 76 298651550
249 188 282671076
21 298 538542991
421 171 82191176
118 121 801064740
437 157 744803135
466 57 955996360
254 195 889942113
312 271 525025609
87 334 476873207
172 382 865887757
64 103 442013668
213 64 90987786
116 74 806774804
497 414 368355106
303 482 721109990
173 25 744894355
2 417 341520342
263 265 245176382
138 83 5145017
88 215 316421484
495 62 147740779
146 187 588172343
173 243 700880766
190 304 429537135
157 348 447321623
370 483 517450457
100 288 253560487
125 265 85781429
177 191 214273787
236 176 444548043
499 325 691609957
176 296 498487006
430 355 698483937
424 181 183938949
298 98 992106120
128 405 600665140
10 428 78385759
239 389 847240040
423 27 744766802
329 325 121636336
276 123 34017274
456 317 366057356
246 454 298236634
411 322 478236766
140 66 24762923
147 104 543475222
323 16 758491241
492 156 576606687
171 341 702488480
64 471 329434571
384 351 894366659
90 395 270938349
272 294 807807753
295 160 542003794
71 341 43834214
30 405 954772748
65 269 915355571
381 451 848418691
402 446 478146643
184 121 903531121
329 483 339828676
111 335 118533960
454 36 180698536
345 262 462634627
494 247 767987946
311 248 557528357
178 36 546273345
470 65 601102500
440 336 65256679
364 63 397613934
93 365 628139040
485 40 122944278
58 182 465591126
185 23 558442527
0 462 334532269
344 152 796964281
349 108 744219727
171 164 355307067
175 479 572638020
368 5 163192264
447 117 240761703
192 371 393510064
144 323 147042436
245 217 156652810
256 422 491718291
122 302 508381189
401 257 606735485
135 130 303642806
213 181 250138743
221 31 298742195
389 465 719160829
135 67 273176749
111 252 616518327
273 66 869928778
338 213 891948697
462 229 121018440
80 187 713757735
114 78 237980976
134 365 823476530
128 241 362693756
206 321 819473792
141 389 661461988
104 278 525086397
181 277 601528850
251 121 396578845
279 322 713190995
367 171 487749943
459 93 978217527
19 256 836431970
53 179 109669310
471 300 484001106
30 392 630594118
77 338 657638885
124 201 746876259
58 42 248705868
465 58 812411961
250 485 117439604
315 188 668084912
217 324 686231729
144 53 326378906
266 151 371040417
186 192 318654422
345 221 181584964
232 56 428874694
391 378 119618799
46 322 160020320
356 482 208572294
399 217 442026066
345 288 446992442
333 474 542292281
114 398 380036590
342 499 616391882
85 454 613367131
160 49 592807167
144 139 272051217
305 154 833190590
270 386 377986074
343 446 672529664
190 207 542405020
253 353 46837009
313 365 327917308
85 81 993891208
361 279 48472929
434 22 634905913
480 159 301651478
397 321 10113560
96 322 622891040
406 497 87323603
214 82 674444964
499 84 241300385
227 271 793193199
142 203 340053377
440 231 720725664
170 457 831431966
132 40 465500201
210 93 261063416
165 54 962779358
52 354 819496402
443 363 873467101
158 477 422167649
346 201 898473048
115 450 947446580
467 326 141296386
42 288 272473769
259 258 82315837
232 440 915627196
51 314 367286997
446 388 359955025
402 205 498266778
141 334 692460791
69 384 548248367
170 229 121556830
304 367 231894987
260 141 79931637
238 266 283494568
420 232 354233138
179 422 774299646
151 453 187073089
365 155 748028200
297 182 744313327
412 214 570619986
362 64 751116102
265 291 414620342
265 364 875908250
404 447 580167897
419 262 173590139
149 141 162297406
142 450 268012047
98 297 60297519
476 99 521356379
133 259 808155306
110 223 399711549
34 215 149752852
5 8 568471019
62 282 861219291
186 169 244557252
179 125 87921381
104 452 994660232
9 82 804369074
352 152 752555463
463 14 397483262
395 181 953642793
104 272 122006889
18 12 741551050
53 207 505869977
291 153 300357929
435 438 332739640
82 473 398890949
342 28 641527862
279 372 184773223
222 60 97691811
321 250 264383289
296 181 199776693
197 105 173867060
185 229 548227640
417 359 400068317
346 126 71688892
203 65 687152667
90 253 241302684
343 72 779371730
16 430 645970465
320 155 230506039
483 261 404123941
416 5 685923843
210 46 535421088
390 24 160593642
18 147 284727649
263 2 461524808
152 297 630455379
56 490 142163787
6 449 682750074
384 28 674438434
388 113 901582692
144 235 521729788
170 273 311133966
3 88 920446862
217 347 994105697
277 486 299776208
151 482 7421941
105 281 116164741
484 79 712323242
236 74 918501373
79 153 157158993
198 464 995590152
341 392 510777598
350 339 858689222
12 187 139125716
370 3 899992145
51 326 89805576
250 472 877237587
416 212 337413987
161 477 611659245
243 292 768761381
2 283 8670564
298 187 943721352
440 431 299944103
182 325 535781554
496 335 4796112
334 19 242833917
396 42 31777160
373 481 970208311
23 491 176760795
236 110 594147631
432 355 988462327
385 411 636227271
485 399 899916665
139 457 148005389
171 162 408054922
83 194 682832697
114 155 855206843
456 234 201902877
85 215 13068272
163 68 626813921
476 120 439424048
106 163 382894389
464 56 367966280
417 459 3223514
92 354 477720533
359 284 309766341
488 33 475348928
108 5 559949364
131 40 699029786
418 284 826706291
403 39 328266562
375 477 999679361
320 168 630088646
156 384 281163548
264 271 904414303
99 291 991154524
272 220 845824509
47 251 363029217
52 135 894561594
464 375 197938601
294 314 337444150
362 238 642611282
38 153 738151323
154 69 740382794
245 2 159451102
340 168 643965397
60 87 927813089
437 444 435594717
465 109 469065417
310 398 780830140
498 394 893573964
177 173 356924921
47 176 336140764
482 312 646065348
188 121 951681033
14 34 306146083
336 76 464272787
81 397 430211170
266 121 324828724
294 492 446876509
221 343 89102488
113 266 578851217
485 341 748121363
458 82 460866039
31 432 953387010
448 135 829520130
129 31 56108980
160 479 400916933
125 141 359535220
441 215 118275099
316 42 288108438
150 366 538291485
353 459 536488582
329 195 270957122
95 223 558551620
193 252 807987323
26 156 183834222
361 309 154045877
28 86 913182780
245 100 260617226
270 72 106382682
249 28 229161796
127 357 444937156
97 367 159270836
456 427 739355301
80 90 494878829
446 134 998748062
369 53 128321663
391 133 456330582
487 232 828613471
188 278 555430980
280 413 854711649
453 261 872862331
36 399 672620886
230 494 145686366
355 465 711659355
240 149 131647994
24 157 815316574
297 175 757470846
468 269 737987628
270 90 449773146
144 374 110724799
461 130 917191346
60 411 483432485
103 310 472705043
115 228 350249192
133 305 336826562
361 75 130628120
172 6 160865643
118 152 937944570
215 71 7324811
143 122 100068719
13 287 769216519
318 138 952370867
468 86 920282823
92 157 802578981
493 65 508394995
431 159 321143730
354 493 271579405
111 35 448427057
485 193 27265970
63 125 611190743
263 183 32611980
318 359 404186922
385 130 257195072
466 81 503273992
186 110 339809108
284 338 305415019
90 273 119407093
143 466 275205758
471 86 760733592
387 482 102499101
305 137 775995754
23 443 683814950
264 211 721684740
444 296 753067165
38 443 309700443
238 339 244464648
313 443 564000685
237 496 462289408
155 481 694817289
118 308 4471548
128 472 733985494
435 85 50882580
249 271 523151061
272 155 493131937
255 32 122974313
418 190 358997584
13 58 988847250
467 216 405611505
301 371 679518754
97 211 406728348
366 476 350825540
250 178 591675344
268 308 244656933
144 32 633902622
464 291 817735029
403 153 286871910
119 305 338855350
464 462 586290370
313 52 931615218
308 36 686807363
251 210 103241686
468 329 987950473
46 35 940293506
452 492 593886966
121 404 458475259
266 90 7042934
135 492 602075375
180 170 996422696
453 402 521911477
376 165 839392803
424 220 14767680
66 308 140897446
73 418 362205680
167 431 558592164
363 223 678661514
231 38 22405583
226 381 53162952
165 430 360436128
5 91 755898456
169 8 39757365
465 302 101237752
358 226 430097491
51 89 88530713
93 264 771264374
460 335 495653369
371 13 381774270
172 225 418991550
103 268 805271271
148 321 87357773
397 14 955181482
9 188 233245523
173 122 509193830
2 187 784338184
497 422 41234248
394 311 191057973
360 172 372541121
201 69 724674176
390 473 846512144
363 67 651749122
8 437 436152412
192 297 468342989
140 17 373411803
6 54 281508030
402 418 686882841
183 383 987224176
495 279 698369895
130 326 849825600
493 190 626402389
10 342 701638039
9 86 912632241
421 231 693334244
173 78 827944017
412 396 133571832
413 397 201859161
224 313 778943271
385 69 875909011
122 488 305435781
331 98 843125771
52 89 427201041
168 121 816206876
99 297 220914492
321 390 721325452
443 470 478047117
157 252 989060878
89 153 817388888
102 330 528076073
213 355 616818026
3 394 956206822
70 435 641477911
196 17 886505319
353 177 303277630
299 280 421421949
498 448 248897456
384 103 140079393
75 30 954076812
352 295 747737363
32 288 908797814
418 156 60771005
221 316 258934722
356 150 318166817
329 304 707375367
290 100 928177236
198 299 208791638
467 425 213441710
247 109 905036873
452 31 278846330
454 28 984957195
53 396 481433207
19 397 729820233
445 376 817471545
72 359 625399008
350 184 407156753
167 333 255303816
477 133 103806102
422 490 930890563
260 324 281542238
283 245 583773551
282 90 998950452
86 17 776963740
145 174 231492920
387 497 141484062
376 486 329363174
128 9 667665632
245 194 336311461
260 126 680954873
287 75 480121140
372 47 552565390
14 432 607104719
220 46 763458160
419 27 438041313
52 346 523839708
106 256 469990741
18 494 965905312
472 465 85822221
181 321 967166178
221 197 520908673
159 117 480230192
166 381 212432687
332 28 581096640
187 167 124524637
460 320 978263252
348 457 133688377
471 446 978095336
494 293 246833838
10 395 36932893
8 157 413676893
3 314 333185898
369 328 565323737
5 95 484325729
421 351 128606999
339 260 313237228
296 65 690035208
5 298 212947062
281 173 936541322
154 119 832127824
295 347 851930536
401 189 301683239
323 490 705122739
306 72 338360402
217 307 914614255
471 191 917076061
355 335 625696660
226 77 184097893
79 499 400690911
200 64 413897679
253 321 235292740
240 414 258725086
366 481 20216112
272 75 320281527
146 364 834791128
39 62 922031703
389 51 640414493
496 237 74378109
393 404 563965508
482 261 97991453
10 152 506772095
43 308 608725489
348 9 347840763
120 269 926284373
452 433 742323125
291 76 86245246
397 126 194001779
425 113 324709573
336 31 50227139
152 408 503340360
75 96 807228500
351 305 885264573
219 120 395945694
142 232 224138910
212 285 515401438
170 54 836348827
73 42 946319481
218 184 888917015
22 315 546758294
454 272 685010963
290 239 426098456
344 468 576070053
484 471 193360559
355 255 960129384
141 227 854766275
238 45 833076517
276 392 919057348
245 22 769999994
117 234 845844929
346 193 121395592
20 307 999169537
14 461 662000158
5 17 173971247
404 50 312608800
227 354 203629699
223 362 222700790
245 280 404106871
272 293 435947510
339 492 654619582
209 94 822672056
125 142 113157146
472 323 924785169
303 203 649471485
377 11 337700911
262 125 717326429
179 462 744637377
140 337 43901749
468 111 769589150
101 272 331463639
135 220 108005017
166 55 528304775
324 499 2453189
470 90 4407756
357 457 98825811
49 352 905894303
326 444 253500171
112 234 938943476
462 393 262017925
240 190 69851393
137 153 560586059
91 93 740237391
422 245 370072682
428 401 985586084
401 188 626184686
46 190 487063962
196 128 408658538
498 173 875669280
344 266 781374548
334 22 651589686
193 74 1141082
284 164 305296158
277 133 135256120
224 178 766034105
76 11 208053089
193 401 997336597
409 258 771438947
68 129 899785700
311 131 707861191
9 43 902826092
8 387 449742476
27 47 20545944
206 287 592995758
457 346 873097542
123 432 609422304
216 408 364077907
207 287 79686527
383 492 974966394
91 37 570323184
336 481 164358593
428 309 944315645
407 291 505095425
262 65 283353245
408 240 542789246
419 290 320155561
494 2 670650855
242 376 577072066
324 457 179776655
118 226 892781569
380 101 594536872
194 175 879849676
395 359 809378447
442 466 215876691
459 383 322968179
305 498 60773250
465 122 170306910
338 262 668942964
478 66 241053639
373 465 583147138
240 269 615412111
180 379 828692874
252 140 307474744
374 363 868939506
467 377 935845937
252 387 482918495
28 263 142709465
286 427 397870487
325 132 810543473
0 387 478728257
303 188 546658578
283 148 292740931
407 254 742920836
46 423 402237393
229 214 560997524
189 474 308049444
23 189 703100361
149 463 743017009
188 286 369696203
337 163 713580713
174 417 451337066
276 50 216175024
271 197 112067550
88 421 960229165
385 347 125154272
141 408 779058791
236 288 469503189
3 421 673740428
152 274 95399313
401 161 985734121
260 438 639362202
137 255 375678461
50 86 413014937
399 432 771867847
412 358 361103230
130 468 989532180
350 158 33938732
91 436 551549866
199 201 71647773
363 107 358140593
133 50 200188231
27 54 114990778
311 21 843554652
13 313 627289366
472 113 180950116
346 127 410561123
450 497 295683387
246 357 795832461
84 443 554869806
144 114 721077437
475 478 487201519
389 498 824877201
274 67 206614042
10 228 446119159
423 432 355723359
6 316 723370796
44 254 365312408
154 421 282148994
129 12 726624931
253 312 428561713
29 462 384562207
160 333 672019008
393 271 3897358
45 251 113504323
357 450 737209763
383 349 669729256
101 286 700768605
344 33 218336660
108 118 264708627
332 199 999342848
469 365 775541172
39 74 478032590
61 375 841311368
436 75 859390426
44 216 402841519
268 492 76510816
143 389 565685725
419 394 547234517
53 354 335485154
46 383 976436552
335 265 393608057
223 124 441082181
346 176 471454221
83 299 547892129
321 397 879124629
469 43 77035973
85 34 345851534
224 192 456096394
352 339 675235364
57 136 861416398
358 449 166204733
226 431 241071461
264 45 745387267
227 12 11730443
89 413 55944462
230 244 433636620
361 456 687766487
137 282 26747083
386 179 262212941
383 164 634578346
403 237 289286379
37 431 382836132
157 468 288555848
18 128 854514845
480 459 38647938
185 45 212404303
281 354 95103861
414 442 445348716
309 364 177268178
397 465 754609236
480 402 674783639
215 316 126253750
173 388 24842969
440 263 444574721
146 268 536581414
458 404 307383050
271 181 177187708
369 465 549770619
287 255 696217448
51 35 516653046
133 459 970239617
230 198 808448232
153 492 227683254
387 440 554425443
146 129 266576884
28 387 720099889
444 189 181083669
122 142 864605180
484 373 662374703
106 31 242330481
155 474 308309757
200 380 920842821
425 329 286097608
418 151 827097368
264 392 270162132
339 333 545998879
305 286 624352667
361 191 174189139
194 332 177650247
206 208 3894708
446 392 809541661
498 153 736084785
50 18 274988438
191 254 717401278
85 435 477800419
309 385 27240022
490 420 502745501
388 465 107919666
62 269 776294244
429 377 8658352
355 20 224988810
168 58 327874824
283 312 198409381
119 285 552257272
336 377 727250665
49 10 663817304
2 160 831060867
4 287 392357238
92 284 666475097
129 160 562316701
70 490 40947424
420 48 175529691
86 401 702826678
21 164 104276599
313 116 220064418
333 37 751164695
489 128 868839464
473 229 175378626
498 288 679576874
144 62 132461126
122 219 541291251
234 368 650875700
57 295 920085945
474 71 212446011
291 459 45559811
317 459 522462870
258 55 30971309
340 242 747338151
222 450 120642503
203 291 788112635
254 343 784771062
485 499 224050107
408 496 170248903
245 276 186951427
443 268 76098412
71 275 767946699
316 323 609789331
234 31 832057096
262 79 66868178
386 262 756752590
414 170 444909263
58 391 796249222
311 262 504885658
477 278 129991645
134 300 511877474
301 494 925261613
424 228 112108315
81 270 641846532
279 273 596213347
448 157 245571226
223 237 803417066
168 253 656703695
83 84 462680486
293 327 560551826
437 138 750200300
19 135 934538640
29 380 212998686
429 480 467095161
222 445 236447903
337 50 843776525
77 267 739753233
275 242 787223772
192 22 164537158
348 149 369165597
156 245 231223875
313 354 432241599
130 465 578340043
113 195 551838739
418 447 481835717
137 311 166633756
176 267 577283614
449 142 803058961
263 374 50931859
158 375 660676364
193 306 821104635
476 46 229974558
476 479 245910816
297 365 343128666
124 309 896461246
200 248 256739489
380 486 438416476
143 190 825191769
158 454 760402237
203 477 40005745
162 47 340302678
383 287 152834368
265 26 627757968
477 206 1582450
67 148 64142402
57 447 693203761
223 239 915751186
436 123 972089224
153 425 559794018
91 452 932112117
272 78 399256889
235 84 380978284
113 313 307387960
28 37 423152903
448 48 744762275
360 411 20902072
94 167 791167644
5 62 948071169
49 225 297939295
18 366 542426917
264 255 691012283
483 240 229126557
497 10 230627298
115 125 856666305
119 96 880126749
248 430 818760321
235 262 146279492
88 225 956038318
136 386 214294080
281 129 862179509
348 192 820911774
167 251 645839327
335 133 780609530
388 284 782657298
127 360 870192702
265 80 924208888
98 185 310481701
234 193 581300634
189 469 310094413
365 94 266984215
123 487 123718776
424 89 736876313
114 314 798885445
456 91 100356577
145 312 483070761
174 119 785056248
394 387 513178883
371 484 932189177
264 111 794688642
374 494 696620576
348 146 517457631
270 106 150573419
335 287 875340752
405 312 364773895
273 452 953680456
497 26 479829434
228 328 458038561
343 391 924063284
363 288 21755215
5 100 839817700
352 351 577253297
67 245 31818416
44 301 321258054
315 6 723428937
417 111 300920841
433 237 855257914
75 215 958097821
258 67 644213780
185 260 978042734
152 229 871927959
341 67 571754835
366 474 997890608
461 325 310213398
127 182 270451025
326 121 650634830
300 75 289985112
134 462 547415759
180 420 49743914
281 208 668268702
181 230 757456872
248 147 907393462
339 451 282420623
417 239 928872378
156 493 288052704
455 401 870146064
12 201 328133548
389 239 953307189
392 389 397815884
141 95 120417421
489 141 689983166
476 260 824631515
398 369 542748291
230 209 301029833
344 9 426338192
314 465 227654747
30 25 858744622
38 257 651629885
223 182 772296960
178 138 337588974
439 494 365901963
219 54 150026009
415 249 630704126
23 169 745874318
275 8 517189852
240 61 766917517
190 244 492097445
1 305 173648318
440 279 228146624
119 339 225835230
74 146 709042301
421 333 226572881
386 275 976267563
125 107 259098990
205 396 795084156
312 265 953270158
100 276 507542936
30 138 457197441
166 393 887399149
100 120 657304751
83 292 183234753
415 259 562130673
276 71 958339773
264 434 671867408
37 133 394249207
50 387 596538128
255 88 773003654
70 136 152348491
135 327 30806840
148 368 179689636
440 88 526407833
166 268 591129554
47 422 124124892
191 221 684692882
146 365 222865849
424 132 54532736
160 388 376576460
151 388 158050305
292 327 860655743
5 11 104738941
122 326 315634849
81 477 517474285
94 156 720054987
31 456 630812321
321 197 942433899
249 234 9764191
17 426 935270741
280 195 64554074
168 497 343920790
350 387 956519552
381 390 845370899
376 356 334532702
30 203 896910757
94 310 42870658
456 484 147972759
186 496 270475350
484 157 935427391
409 298 839578977
415 392 897120781
98 494 803424651
133 208 411027608
271 109 639328346
160 12 188990327
3 338 360557940
358 116 568408319
183 390 640432332
420 475 989946214
173 140 16510128
60 476 678130538
274 278 44869079
360 291 505523209
464 324 116430566
336 320 457147778
92 95 366207955
275 165 748423900
493 477 402662604
105 321 801264071
464 47 413671390
16 31 505587432
13 344 700548448
422 198 476892889
409 255 680126167
209 126 971656303
77 466 122298328
381 107 836227924
362 377 407888607
290 251 284250476
218 170 393422506
308 361 925313464
85 126 273243391
385 47 279561063
440 326 272376205
221 310 586087468
487 143 613877770
31 426 908135675
289 82 644586623
386 208 310141998
312 274 935506362
339 361 728677372
216 333 558068612
471 52 610466452
237 23 748182465
233 166 951939200
331 427 536363461
278 389 686279357
267 492 241252929
107 195 993438490
395 197 32796675
191 357 620335460
172 402 860363726
68 270 832507833
64 305 478914684
176 23 651774238
133 453 953206666
184 34 984890889
378 422 762158838
213 78 168058688
489 9 558909841
64 491 168718315
368 167 588756455
209 460 978532869
263 229 853836369
425 289 862226769
280 276 57762114
226 384 283234062
252 349 293621660
28 394 983269001
308 404 821549855
397 76 512026228
369 299 685886612
254 170 987390688
227 392 892958607
297 233 922922374
75 199 905751666
198 437 143114830
242 20 525317384
56 29 45093800
385 201 434284134
109 205 910282140
430 141 625811894
88 230 206348078
14 208 312522051
462 484 828476572
52 201 994817967
65 487 856076132
352 274 391448234
292 152 394204442
318 276 80032510
411 138 940165213
399 326 403470658
246 106 983393012
480 475 999646066
344 476 510165996
352 187 765770625
19 24 572278450
237 160 728995384
382 110 545844890
63 161 635272036
42 291 180991807
153 261 625395934
433 88 505313523
272 373 206298896
229 210 325419383
68 493 260740707
26 74 802299012
45 127 310482760
65 101 374607268
48 63 396663062
471 359 871608710
368 416 748900647
195 256 681477487
259 272 709105760
190 383 90939958
325 379 985383504
218 311 459894360
372 286 402018051
245 147 668104819
44 73 812701882
424 222 876581022
256 69 27393486
80 221 540140371
346 259 225192762
156 23 602213922
490 261 66883785
184 331 911173499
449 475 474116662
248 162 816268881
2 206 748433342
449 317 676353568
144 456 310325327
78 96 331047067
424 472 26434764
53 355 80918350
230 320 254862574
261 239 153616048
243 229 972115302
349 498 299945686
302 196 88684557
260 293 50905222
343 136 54872840
113 171 864222588
251 109 280481058
200 455 487226525
223 109 991335876
298 322 815967584
364 331 207827774
4 25 15684395
73 315 624113610
318 452 634788914
266 146 251782085
246 86 437649654
409 458 713681711
171 328 84435498
365 152 188229043
486 106 616841753
171 308 342490754
65 339 409465412
149 224 839342666
68 312 551552714
305 291 623493370
38 482 855124368
470 287 225733538
11 269 927191406
457 273 34813570
468 26 20439373
178 428 642695786
385 374 397998433
260 1 581185362
84 287 478783415
202 293 992498586
388 391 129698002
252 343 886194976
57 180 703633780
393 499 911213724
147 103 376475889
174 253 826719538
204 63 69726230
184 434 170987663
0 47 765577556
492 416 20125797
31 29 27736550
322 337 430048113
236 452 547523871
294 100 632626967
8 376 848466903
101 403 722672364
463 407 114674097
352 438 385393203
271 411 800063766
403 352 136805511
385 31 566570836
296 428 684037851
160 443 61470473
337 389 233305762
466 324 509236411
91 329 583160774
57 436 339494340
494 101 823548446
350 413 265647125
298 93 12383560
123 490 563925847
409 174 61024186
242 85 713967340
486 3 362446477
264 451 887498086
429 414 348225034
156 125 477336594
93 81 570815415
151 129 124290788
149 407 578554683
190 30 822896807
363 256 278954303
277 257 717025430
157 262 725724800
61 331 917842469
13 6 130176450
218 498 216731555
209 302 247659476
496 267 274853032
451 240 344246129
46 214 267470139
117 309 403989210
227 247 937288173
211 385 617644540
402 275 657309796
343 340 200826545
247 417 864824711
259 9 774284823
207 360 819466795
483 134 588195533
300 272 147360074
164 476 85197443
134 413 524969809
443 277 990651622
394 110 791812070
237 424 68507683
201 150 298391148
201 142 267400244
185 248 510086894
345 317 813251522
400 258 864232237
173 323 122263529
325 262 890940288
49 292 285585119
480 67 135304873
129 375 960333409
489 119 510318794
433 217 103591259
178 484 254572586
30 149 11297498
18 436 657609976
142 86 565966550
81 496 285876593
466 438 126624760
479 28 241907534
468 176 701839093
132 308 498726736
476 268 782087927
16 78 294798808
420 108 98512703
60 212 147978114
269 420 146851573
304 499 905287831
395 489 71203771
56 491 182041793
221 373 751586573
498 256 776253693
366 288 719827674
307 376 139687184
21 336 605471482
211 216 539118223
253 52 292810472
483 361 554812583
139 112 640686120
456 353 44639203
264 320 192926188
282 453 298858504
211 54 425346312
153 101 358840886
464 131 262866780
73 489 820566160
113 474 272306507
466 62 971144209
327 441 190553912
365 416 873552195
107 135 791228551
130 184 145411332
417 363 725597719
444 55 148908403
281 382 793233625
212 418 912458114
319 112 852009110
157 435 757569105
444 39 446827227
147 345 565953107
228 324 471886163
423 236 462600220
286 31 607703226
458 399 579319115
120 259 548101930
328 370 592841359
88 0 250210413
456 393 997617343
445 324 641748485
11 185 172448651
460 184 964886558
291 487 25701560
446 387 596384244
401 77 784625458
3 281 938584185
487 380 530156649
329 215 117505645
401 48 696652716
353 90 143911973
445 454 625407391
396 155 684725475
274 124 601173502
486 4 950204782
96 67 280584563
193 130 623053505
366 277 583534866
139 114 668480550
109 342 825381922
462 95 753383262
146 344 514541863
112 278 273254058
150 161 362761322
340 287 618135387
5 422 292205149
127 318 561222387
237 323 895618847
414 398 492117194
5 428 738828738
78 460 887333845
443 67 959944203
19 263 811790152
268 12 274651511
88 269 678968410
429 364 81681918
382 100 34475185
308 186 231590335
144 193 422683167
102 289 76230618
302 269 470039498
395 204 830898987
440 323 697710451
240 490 284448351
247 425 799742155
4 29 578153509
111 405 214261669
424 134 996694627
263 473 799895483
277 4 506039740
341 330 828441107
132 330 621327373
208 475 78288071
403 190 565687014
150 418 978345834
92 289 374074994
389 367 158390928
296 93 219266745
290 4 663096260
228 143 321269993
499 170 856875354
128 89 314947068
326 145 792952812
250 146 732626313
204 107 982988687
362 95 91083356
431 303 150067536
290 90 453241724
398 51 204827491
226 149 287426996
386 304 886154968
418 341 714088823
452 266 162418778
388 7 527632086
221 332 663445550
108 167 966600713
258 459 82192243
18 353 18820078
349 210 817286147
168 154 955105060
76 242 873956889
188 459 303471375
98 128 837902156
392 292 826976184
24 242 204043903
119 15 914861923
170 463 328955375
140 285 41204648
278 440 259052540
119 293 448664365
377 390 723074801
187 179 766434494
371 156 881824659
119 336 202007760
158 316 202682186
331 421 697791947
383 479 980462109
485 13 583663549
449 314 451216440
419 166 325267875
13 79 120757791
320 157 21478568
469 490 808926472
282 145 636447009
476 297 84790969
176 433 722444774
92 306 141733631
268 263 266536931
465 199 10175977
68 315 231124278
181 22 458029279
123 13 98164166
473 337 807301201
317 482 499221227
255 406 371893435
499 318 205641951
150 134 5006922
4 480 999920635
136 337 366809401
287 44 470848364
203 299 979545429
68 420 779443783
456 28 247184123
323 480 406709420
258 68 387329160
105 87 940786640
148 335 546834348
98 344 158226695
240 494 929209611
404 227 788007061
470 153 428031536
406 6 47290880
292 330 473168434
284 429 977146995
68 134 748375477
355 144 397026090
6 29 807184717
410 440 140706637
438 468 879288245
334 51 974756079
429 48 259362167
343 359 980409200
210 104 999655218
451 64 990696187
259 296 882612496
285 235 447996879
196 67 839144114
15 25 954409756
305 104 952333956
481 228 974193947
159 286 416700784
146 29 101735995
41 345 307903927
157 6 573118772
158 345 141114922
416 196 714810301
445 461 818900769
322 482 703387272
419 139 230610235
478 134 304925344
57 134 301441538
151 246 469502604
323 63 164823500
299 12 315440214
176 336 379385090
63 424 678596010
86 148 479264768
290 68 887777824
311 490 105589550
83 209 483030112
125 476 151776185
146 28 197768669
304 48 176540499
231 395 207927033
133 127 3785601
155 201 927943136
447 270 320870469
129 350 592898487
480 364 918912324
485 130 58193543
244 147 941422695
378 302 695003311
247 178 152048414
273 42 783220345
352 245 735471575
457 158 752164801
213 437 525279829
205 228 705845885
303 408 52883596
452 277 593484529
315 294 510073284
228 93 975815085
28 401 49037219
427 337 408169000
80 390 830474429
133 39 440458711
394 184 692820058
59 498 280956589
374 236 187594076
425 249 4482778
455 213 191243742
5 161 838061030
121 292 981785046
492 114 299837074
37 305 22260387
21 310 452764632
446 150 953384797
237 249 32341457
310 372 529820010
40 457 526707849
448 457 253251722
279 61 64155348
12 289 700510932
166 164 826016207
185 255 194987348
190 155 411069684
415 107 413356636
119 10 518257110
309 156 798754017
43 354 15984337
255 233 655775437
464 31 629153515
434 369 559906429
96 91 771558992
219 134 489131452
247 369 505831891
194 198 460326698
180 165 688633209
151 395 271206145
302 172 843760542
177 361 750718184
122 55 508244942
14 314 136778549
292 16 649487520
308 179 307053792
290 417 865275726
1 111 992108806
203 257 950659146
105 151 50264404
187 71 851526124
102 258 425244355
62 498 50133829
82 419 439693477
42 386 698027955
0 441 151877013
413 262 91951429
465 169 630888634
459 180 608156645
185 97 803752095
400 369 454229448
382 134 655268146
17 483 622230389
108 284 814057630
418 254 413718696
370 185 944512647
366 175 828147449
215 99 707872762
176 79 597940375
3 33 939299050
15 56 802023442
326 215 39542721
330 426 518059665
495 431 766456354
473 306 588472635
126 228 826770375
328 431 120366676
364 286 999111683
136 46 701361760
421 2 564318036
400 46 920170970
50 407 46822060
9 52 632192972
167 481 804581906
25 235 638260586
383 22 457482609
409 288 669015118
476 267 777073105
428 363 294906371
415 408 540970391
59 383 50553245
165 477 232115463
64 326 473486290
120 260 587140980
32 202 823865081
81 8 236314363
455 269 89673964
428 490 348192010
190 424 554057190
245 10 501423072
112 261 652692189
25 122 504427122
289 9 170352104
448 191 523675570
193 454 540233298
239 186 18607301
492 230 180537376
4 62 433889376
483 7 683617084
121 274 832704001
371 185 276965769
338 246 343278642
439 103 943038984
351 372 987491710
247 292 599021490
187 205 172185854
407 227 579395085
176 93 434486359
91 463 906580213
481 83 345413887
5 291 159495496
467 221 383395224
117 11 329364843
196 6 767471876
66 394 190308488
61 167 483865412
367 458 173015902
126 464 17510426
383 215 565990008
324 126 506344243
44 385 408678848
457 415 863750626
343 366 849238262
403 249 393481608
213 208 800580992
252 265 193206571
322 50 703614101
281 189 144272248
378 334 988451920
81 388 748486872
1 463 540126539
190 75 191300200
169 240 767935129
195 252 758941997
139 342 268746763
150 164 870579310
169 274 921631206
37 295 818790370
76 492 561416107
1 14 262433492
324 429 413694114
90 290 42656386
496 42 909122346
346 353 431732943
267 457 815736110
111 93 820462418
436 236 318293121
387 218 463279399
88 425 645053162
473 26 764461788
467 274 349071789
476 58 621685847
452 315 249758594
275 218 930498236
51 439 114409366
465 369 943417651
496 303 555761201
296 187 767784079
213 136 449158376
82 212 741115174
399 212 876592775
499 295 259071692
408 46 806136559
278 492 741073600
317 267 413839887
478 397 734722125
197 72 282800541
268 463 741106972
212 329 324295878
4 389 69267079
101 415 744592598
494 499 513711040
484 249 985649501
288 125 205077097
40 240 376979474
317 469 357364208
154 450 375357729
441 404 600236223
133 112 155401221
344 4 16747506
301 279 338290869
94 182 782778649
314 261 546034258
258 115 357399139
346 274 700794695
216 417 292788314
472 26 213368117
315 398 964417931
252 192 745739895
361 134 738018354
486 443 542373557
375 444 940444460
168 447 424980491
214 120 170463798
152 298 822311323
70 198 916700849
306 61 120046587
121 325 685693335
236 3 36209412
288 243 563255736
192 147 429220946
435 374 259514414
222 35 1529482
224 403 673957633
149 120 652307115
149 150 955192968
17 56 55766883
428 499 490595889
155 51 765485462
483 301 563500579
243 419 980226767
288 367 224103870
101 473 800821424
98 427 250046175
253 182 25774891
19 31 9045258
4 70 697125638
156 90 44799478
33 298 663427832
300 348 455149682
425 42 432467662
243 37 387414282
284 293 699800697
257 480 785334685
17 90 216073559
158 112 864556679
1 412 724990100
369 371 230527885
218 402 884286603
54 210 263157700
54 199 393714204
369 402 232066317
298 65 328496144
499 377 924074842
463 284 513366408
73 361 803598261
177 257 605162735
159 439 195147233
377 419 973024230
475 151 115237813
433 59 611574960
205 106 138493122
15 311 825981955
25 452 896585938
458 485 546120874
205 176 923230348
266 304 994970470
411 495 640600485
308 180 219039646
332 89 496819245
360 398 436187056
23 453 769766452
492 15 644419638
13 212 73724788
7 343 601968585
350 360 388785408
312 176 50914916
48 342 63498501
374 100 255227709
479 307 341588845
355 472 262030649
300 473 113298742
263 73 832515307
387 183 594593206
113 290 798130973
305 193 69716933
436 127 421601803
350 317 121791054
152 468 107479257
294 95 460762215
54 329 859603479
404 149 782827913
493 412 66824930
288 188 808967926
189 197 571110079
106 304 520899224
5 391 719313578
230 168 669494921
383 254 802428205
40 192 492272236
358 9 942000258
149 293 373365668
157 170 210619872
63 312 782071885
397 288 589077534
203 27 477584349
189 151 849047289
159 213 395931177
147 32 114106667
300 40 228773076
135 349 968684375
235 316 856474821
327 355 696959393
387 264 952921065
106 158 672358163
150 235 94558812
335 62 239129206
294 279 223395021
249 437 263926954
270 387 986431863
221 75 88563699
242 140 397310124
148 66 550148155
369 223 665459604
477 172 237101208
35 90 14815420
374 370 356243415
378 24 710062786
57 149 821383505
74 338 887071387
305 205 873306878
85 176 470289498
136 404 986068919
464 349 153378158
372 401 525691777
405 99 257888171
352 38 319381452
242 420 370727630
442 302 308938701
354 39 541708771
346 14 28343268
65 342 57132590
49 83 934342168
477 329 536377843
125 64 697668381
451 444 248834988
391 197 380433082
246 280 656786952
417 303 585252464
238 135 275354730
75 62 67882015
64 99 302961735
287 81 711509859
60 130 436365437
234 321 954281136
204 437 569713253
340 391 343019325
58 232 192046707
357 145 389524904
302 79 685276226
153 12 771562463
128 137 140880793
308 275 480901727
207 303 254371223
132 207 45747684
464 339 43408611
305 94 481580442
179 230 769380639
92 476 241712533
348 185 317859602
411 492 511370432
467 479 918034386
250 222 52813582
289 101 981016189
26 450 246704382
168 407 878436336
238 143 314350686
99 164 239518860
251 131 371397080
100 367 279159444
200 368 416713115
337 58 707402595
194 10 135043736
496 46 820017272
355 32 706012373
132 362 659811340
474 86 566961105
376 139 597004176
374 259 616882007
257 341 589387955
135 47 810186327
475 168 256238015
363 76 482714996
320 76 570795903
294 354 84210798
159 238 402939659
186 469 286775330
6 356 733572405
195 156 911067105
70 47 455650995
270 423 264471656
41 12 161128238
30 438 367913573
334 131 395634031
377 418 947142877
407 306 86369478
32 395 811297464
148 476 154617489
35 116 197562706
149 136 670484484
368 59 293000206
394 89 48585926
289 312 647142717
277 130 574438268
194 496 256976437
466 86 658173859
98 447 367870276
97 16 355590117
312 256 188429440
440 424 18323513
178 20 219347978
352 394 67788496
53 174 628575121
4 323 557766743
293 188 337604257
224 391 375459055
175 110 480106845
9 65 391284589
134 268 452616726
52 333 423504057
169 303 768163822
150 243 143807041
212 164 66071259
487 154 14457228
218 267 347290611
362 422 418403819
75 68 687063021
302 384 510347313
12 188 992464296
161 88 610813825
27 129 299840956
400 63 329437306
229 281 750940768
425 269 773914510
165 102 993570859
418 477 645052616
434 2 383270190
415 197 235203581
178 421 411721193
373 435 379383832
29 341 189904116
192 179 613550843
245 60 393594401
22 9 944915443
6 275 656928650
472 466 15503770
97 341 998153128
475 143 257896822
197 327 290267680
400 468 75825402
114 315 284450285
381 352 875836560
29 41 713106791
340 217 820944888
254 416 904966170
102 227 211696147
366 290 228245252
371 232 517253433
263 396 498681422
201 76 74717336
202 97 287935503
200 204 290397453
291 450 112437858
444 77 606305196
335 222 446049941
443 237 851817276
475 174 858861529
125 447 406968633
133 115 342638129
154 321 817667646
355 136 398521207
279 72 193990801
263 42 410898247
414 357 537177804
8 347 731908309
73 216 199025989
397 145 215394338
172 313 117310508
30 313 361339190
365 243 884832148
489 38 145562403
132 419 526592003
403 11 915092229
300 450 531354616
147 90 795539090
215 335 34248887
284 194 442784061
173 281 344978174
336 107 314375919
146 463 564191795
427 284 345980805
130 436 388815886
60 339 97764823
227 194 401107622
291 462 4228236
46 304 644859021
442 154 720857946
15 457 180640807
265 369 392377068
428 302 215811037
338 172 43050392
346 187 512505268
205 6 558924108
306 161 217358481
112 185 269887865
124 452 40444991
103 140 716833189
255 111 274311757
415 302 104699848
391 70 543595689
221 487 569220847
464 347 440252475
312 252 43127583
98 58 852797175
179 421 810340028
107 171 999661658
159 78 664125354
324 149 136165699
244 337 599951997
478 432 424372809
326 138 591840725
455 282 432613297
45 269 139805316
191 402 796175603
66 136 373798975
237 308 808127444
281 330 256785908
486 255 133084060
423 283 315073541
371 17 63468826
343 94 508413487
198 46 23845284
257 408 900330746
396 47 119324597
355 220 970882679
492 119 623252652
94 198 188652536
416 96 582211120
203 329 280543645
201 466 464614759
139 68 440860376
347 366 705987542
281 473 915177890
130 9 157784116
486 317 321086326
301 106 290931587
418 287 370586131
373 290 160224993
342 288 831235631
112 166 613539097
22 312 7131292
49 383 314162909
227 385 720697559
249 52 407478646
499 144 743311976
145 417 193405519
409 353 452019293
414 247 720062219
38 96 646494870
408 311 253378440
387 18 528691594
215 200 909657144
151 162 728454106
176 327 926141805
411 130 221456063
229 284 4393023
13 140 487521011
22 179 758226527
473 25 506443674
305 463 543003119
314 11 856228769
6 39 332046358
39 46 959506003
489 447 121270474
230 316 349704330
49 220 873873880
77 201 398152588
60 63 783819761
69 343 156770933
457 245 827949459
158 351 836265748
321 84 262152043
347 301 212182109
215 462 26663684
314 172 663061017
233 114 171499340
415 469 694144806
290 35 685933256
212 58 583586275
325 52 6506883
5 104 262219429
496 18 422434031
275 323 828365733
403 241 884685911
99 171 482308763
254 78 425987179
66 41 93407576
486 253 104101643
273 95 299705021
241 357 995517216
97 190 571973015
212 252 323259759
7 223 559401336
408 182 870076028
455 224 617806018
233 408 142469775
21 297 123986435
170 414 802537465
287 481 948844120
444 17 629698830
174 31 976930858
131 486 241730190
469 38 288598257
484 215 504089700
233 428 635547665
473 361 639386075
190 367 149597857
319 184 901947309
230 493 242363596
113 355 346698241
400 411 487724575
499 224 149087195
69 414 170726169
477 265 889494762
196 228 493406592
325 246 721105230
304 359 597820797
324 89 623207964
115 154 908186169
243 193 186055055
333 259 991263557
459 117 281453669
464 210 766276191
118 138 820059184
477 217 889879779
183 276 108215977
321 194 227538218
230 175 625440389
350 60 1318210
176 247 395580253
401 3 457307176
29 96 161948089
48 7 421692227
362 426 919969965
468 193 342557396
21 86 140293347
4 308 856119262
102 29 100920367
420 325 129827676
232 55 330424314
72 204 901719864
265 30 488832686
48 75 952762671
273 417 663699974
88 35 662467181
122 360 124105083
262 96 662890936
136 82 277946579
40 354 347653444
80 69 633609747
71 379 919118735
84 111 249622812
491 277 691525940
272 98 539484752
86 177 955043267
355 188 288715857
485 401 975162600
206 115 54029200
488 254 677595172
276 200 891265723
463 231 825624130
301 110 239389597
74 235 311674801
164 289 801316083
147 386 723472752
143 354 161489124
146 489 823938914
42 355 634970359
119 311 293711775
238 341 969822998
277 58 988637285
72 285 414454784
232 57 1490942
213 235 876882171
169 176 239039594
146 330 773170674
445 88 50309680
60 51 606754441
90 258 576881719
217 278 962016137
156 392 237141625
444 56 578270424
183 304 251090221
143 442 432952211
51 296 254895599
82 423 907293971
462 139 494553089
158 127 188349102
114 461 488850923
12 120 384932120
96 372 788698710
318 429 808814134
487 338 654326325
349 405 425502446
81 70 466401520
355 138 452178268
13 422 175906011
20 299 752166088
86 227 168777218
46 378 200588388
30 56 810834564
129 11 735164633
393 495 761377289
411 152 204087938
367 47 167740380
403 395 69106530
471 266 383456136
28 293 305546063
429 431 71634612
359 452 14926473
162 55 828072335
346 387 452727383
456 496 221206252
331 169 650903839
379 71 267312636
87 100 978779509
62 453 36905958
409 477 544840889
470 196 473950529
39 268 809584812
268 11 167841268
7 15 953526530
150 145 570206159
173 426 233475982
209 311 305505837
225 161 649751689
246 131 914631417
88 427 250373593
198 293 50242178
8 108 182793435
138 302 694299124
375 114 115577060
487 308 867039510
452 54 578721116
44 338 298989533
237 457 370752060
427 70 703182641
182 64 771388826
296 274 688652065
414 159 586280661
297 329 129944961
422 121 996840450
26 18 231048893
477 212 59528684
84 119 770584722
395 165 501525954
297 439 530768874
64 4 793042666
458 424 69731002
361 376 504780167
306 31 492231530
249 44 789371956
317 241 294983944
409 20 188716865
479 318 768781552
350 450 35851755
321 356 966937512
413 73 820755959
95 177 265731560
234 403 105719406
168 8 945471470
200 222 207439308
167 107 267216817
126 458 243005360
142 475 604916882
335 226 857125882
8 329 594289826
297 359 517955332
242 119 736450687
380 414 727313095
45 275 602956894
89 309 981653247
191 116 643094502
339 0 710337660
362 284 192923982
142 81 677751411
308 147 672464940
124 462 974184787
174 443 564150606
365 278 690509680
363 150 524370710
178 499 257732945
20 419 956281305
94 285 533414858
47 353 78151990
85 63 832528530
287 175 381548663
52 332 820733643
456 389 224822282
169 444 756367043
222 200 212870803
234 428 380617188
233 143 772789594
145 154 476177164
80 46 727266062
488 442 49800690
92 144 185975575
85 315 33126493
463 107 708226744
400 162 720106989
201 190 696640147
117 453 859155464
15 243 461750222
75 115 169041252
272 20 348272262
360 130 978882335
78 347 374973598
469 177 371429783
322 287 2904983
32 3 569281144
238 484 639547197
491 125 223481429
235 231 522702116
1 172 856255729
444 180 511127164
17 327 866384389
252 477 905190744
10 260 466388559
381 145 9357061
82 486 891383513
472 498 927731576
147 10 128051015
148 482 336413915
480 214 106460933
275 250 111375407
354 107 797148139
144 414 17966822
452 461 390017220
108 394 502486332
242 206 86884536
376 140 378803895
438 175 263052894
484 230 857556389
83 483 277694154
357 202 207359522
21 72 771831565
33 5 600665601
254 237 68308688
446 1 697867645
385 116 860327284
493 437 640760271
211 477 925176309
408 451 225605576
249 189 442548852
113 98 778122596
104 77 268516113
221 253 424243691
122 368 833191627
249 264 588672829
365 262 585593597
196 317 995081607
485 413 126143915
322 425 114494449
229 34 765242061
435 23 787768140
113 272 323819835
44 111 66367481
330 174 99017825
265 23 656531725
459 251 784544946
26 207 404030819
88 274 965940938
236 447 158107109
491 279 923565900
345 196 809977121
15 235 920065037
477 417 865114225
386 253 505921168
351 48 64310469
416 170 847034397
169 234 702640062
201 349 102583321
49 420 870999744
341 251 401351266
273 484 242085824
167 115 910859933
127 363 761344642
162 424 392680861
126 333 2093043
438 255 913603635
232 354 89260884
387 33 67289154
61 262 360022078
365 146 73434530
231 39 203039597
2 335 52467479
490 240 628658784
480 193 674109455
329 63 355572203
37 128 166894129
348 51 724592189
62 16 249483818
144 362 285008740
185 26 503480074
422 345 609430682
450 184 983676005
67 166 394457756
298 183 83360628
346 406 619092684
44 408 559243731
8 229 795031527
25 128 972097033
379 51 692050102
45 94 3076403
488 306 89196819
110 126 567592301
59 350 483388458
6 297 867931104
147 67 39175119
260 386 910858085
144 295 914374275
71 249 835638016
308 165 211876434
105 174 484102505
146 185 238495656
326 165 350308594
261 145 57876965
498 434 741380099
93 422 947594975
246 236 615354921
429 10 802423477
228 309 799148368
228 197 465677367
388 429 22557284
132 119 466871677
75 436 766865479
380 340 801458242
59 166 939008710
225 426 309584746
75 317 715270952
384 437 343071662
403 194 723588571
263 464 938504099
181 52 691245558
137 405 38837504
47 412 541522098
349 361 84080022
184 334 470974386
440 6 778674120
484 413 82107806
273 393 75344518
70 365 11129283
21 227 835465196
274 45 235335079
355 60 234030049
71 416 603958840
30 206 432706499
304 41 886238467
478 255 674222884
70 369 202106262
128 335 224243270
406 474 623756537
98 397 996199322
260 413 874730868
202 282 759339728
471 14 356482171
476 254 622452519
69 235 837756452
211 194 954843813
444 101 200799417
290 30 610611244
311 404 9752613
167 203 513118076
91 29 109064330
417 28 317080742
472 159 70788411
99 385 78630862
223 49 725306939
197 379 220333112
431 89 888762273
272 363 754567853
191 365 838228488
419 268 512567384
228 329 537025714
353 134 38979697
8 204 272375414
210 16 631632004
135 191 525850420
280 449 580250320
320 397 658977368
363 61 618388328
194 449 691795372
51 426 376643
260 416 989083198
424 479 549537817
104 220 29514690
299 146 237776528
27 183 834913757
362 372 235216151
83 165 556250006
368 176 384285489
384 35 387719784
39 312 186744473
326 12 537948239
403 112 665930596
121 193 451746855
447 255 397054671
430 3 935514438
388 419 616838758
3 102 406814266
293 285 931157144
471 258 324862971
433 467 291879487
295 71 581982329
341 459 629561503
312 437 243729518
155 453 322579822
229 1 885159903
142 181 723965889
374 85 308264028
60 378 762661535
208 26 271668210
246 260 727058448
106 366 978873295
221 257 171078375
93 453 775445932
366 360 376243739
21 316 462679552
412 225 294875983
95 302 335397513
462 190 599799333
329 287 187735659
470 166 195656535
445 356 98327177
469 357 103699428
188 445 716179820
128 240 777977421
71 206 380304677
193 231 529725606
270 358 759007689
335 74 584896209
415 426 674218336
422 242 786047779
493 325 316567531
121 344 380511189
300 432 204128378
445 359 553321231
253 162 719356528
211 98 793034691
93 300 968229198
410 358 596345619
380 137 382715205
101 405 715323173
126 24 753241724
255 363 172395535
189 405 381909778
73 349 99667244
218 191 257253331
5 231 229148339
365 319 344497277
296 31 943029514
248 472 792530290
408 426 926489884
107 363 318934080
161 364 621249034
429 448 266815908
130 452 325667018
266 26 790681590
115 335 989787966
432 221 591274079
416 240 253332132
352 108 72980956
245 313 700046831
115 285 444667791
308 14 270612620
250 84 225445482
326 404 825567257
24 457 282329736
354 474 94793305
131 75 462614420
476 83 96397323
19 364 868506132
276 52 319335988
194 455 782934005
285 100 87380582
19 267 668492727
376 369 391840362
59 68 86529354
280 235 202966194
218 88 582879655
299 201 815477086
201 307 786281519
372 162 214857864
10 101 966911971
82 112 922009503
238 396 238610076
286 347 954533832
300 269 404741801
163 272 595359811
351 233 921913587
417 167 813252140
235 152 481355013
334 367 63057359
471 2 592681221
307 214 284374494
197 367 591058667
157 218 79426452
235 20 184032072
305 228 747682316
392 143 896481153
291 138 347057158
171 430 853980375
393 109 863510069
254 460 303043842
498 289 382724969
478 48 341249127
279 169 794469807
456 281 745565729
429 239 2100973
45 449 557681827
461 61 257797792
244 374 677083772
326 26 832312236
236 43 807517526
284 229 418160185
189 323 777805018
207 97 946683668
390 494 167009380
139 475 584003100
106 459 615705334
81 56 607745267
376 189 57716942
120 425 13162581
167 390 780928671
124 110 696641527
271 493 957945750
164 107 793682884
116 309 459286006
219 240 764338019
196 31 38064194
227 257 592363471
87 316 511272740
246 24 535450851
40 238 125449788
383 95 505392426
253 296 56436520
96 429 716449522
29 225 367481515
368 15 993608516
401 201 89093152
285 80 665097733
45 431 202793709
484 205 850518410
216 323 729077215
392 394 429145697
442 185 560362
135 471 211403495
149 16 771407268
180 95 698361781
378 453 45551202
191 5 610520988
321 353 240238085
396 440 882726416
304 60 456694283
460 215 745650552
140 400 112647323
175 451 450478338
11 114 637023845
235 173 741756146
453 490 852028758
357 119 204881533
456 464 67785386
467 115 567335481
25 12 91061257
405 393 539932959
264 498 306719875
459 207 66600346
264 110 685221224
429 155 761459402
178 35 636121699
303 111 3178012
187 448 519736379
112 232 923896205
191 472 904671207
215 403 41219059
380 68 765823498
462 140 227284640
403 148 735823913
265 63 915832545
403 92 932869984
67 367 722607530
3 156 455346278
192 389 441937522
312 292 717532844
215 220 661594966
475 335 8218884
330 360 156812241
210 235 130688322
3 427 511192134
110 495 373642613
180 25 200291716
351 203 833173145
185 330 934930699
203 39 718809399
130 199 789126696
159 129 753463519
356 223 684384152
26 381 620044680
341 166 151398021
57 251 621275225
356 165 463532914
75 391 231724674
316 245 657340352
340 412 328715117
56 76 115804533
490 169 118451840
149 180 305738222
225 198 135750001
325 54 857006097
401 260 760746840
365 147 272976927
195 351 673918099
200 141 898302922
119 111 218420710
430 158 585177895
436 369 111012484
29 353 139982404
435 146 210456166
70 334 821048860
346 347 763553904
168 126 180475565
69 368 348402715
11 62 816377163
118 399 453363012
217 313 438784588
69 8 692370332
439 365 847838281
371 33 987535577
419 323 299192528
441 58 322855596
179 450 367082478
148 480 820994301
485 52 776287706
239 108 337500335
276 342 988988008
142 204 730122034
234 306 680580539
281 56 261173673
229 66 190041845
37 203 883552212
33 108 85660862
67 289 282342764
430 58 561630962
309 36 916683340
121 54 968534967
100 48 422398217
405 329 464284803
76 197 914625632
3 323 348091328
53 278 142408015
82 334 745132223
312 129 420498946
322 86 623510944
206 282 514643012
17 126 853422023
431 354 605670706
342 283 4705616
359 453 606114724
90 147 966601828
139 59 308629596
423 50 787114560
441 412 22895869
351 377 481676399
244 417 770820395
16 283 689957148
44 248 518275156
360 30 430309195
179 408 606195833
143 167 982454437
446 139 415885960
23 45 743351589
62 320 226189323
131 232 866591967
440 344 11106146
498 15 495520896
446 35 882666951
318 105 757126532
70 315 972666350
361 119 416808896
494 23 339232
420 74 666745821
417 146 830128665
252 216 42384792
395 145 888394072
458 365 210545189
106 321 399309381
222 361 876836093
62 490 372435697
256 117 414749931
7 479 811074432
443 133 386261432
437 19 941757601
169 256 818245827
147 47 947296535
10 62 666820278
154 294 110310914
246 185 425565511
11 158 435142330
496 269 916438914
221 303 578108911
339 303 567654692
361 195 960699026
469 270 674361386
216 139 239315517
182 273 374046944
483 229 751826327
387 105 572760449
311 396 823407283
183 90 587520857
371 74 911619265
104 91 651050378
341 208 487887390
214 80 707023017
29 384 768418618
363 64 59458755
420 190 785769638
149 173 348848959
252 409 830195587
392 249 893413818
317 10 310019319
136 439 948426800
462 125 979240806
312 16 588306862
64 450 728107229
216 324 773840151
495 176 396858396
464 254 51693710
170 82 126651453
451 423 484247965
495 424 51087314
152 483 9398185
270 243 640158921
214 383 435440686
439 288 824597303
156 334 949381822
208 179 139612349
20 229 335440237
394 14 470385766
29 495 661157612
324 27 633885050
375 243 488830103
499 138 881726069
69 150 239350411
134 72 933892860
264 100 53512756
215 304 763017946
411 486 371653163
54 340 605092129
28 259 249811230
407 188 637233083
82 240 388896432
220 23 693975402
228 421 672433198
224 111 563558122
469 290 420838515
422 374 622380562
186 260 724021329
490 114 569742465
32 283 297586905
480 294 684879167
496 464 693668820
120 123 740408642
119 2 415014330
83 214 211794284
369 339 505752946
493 223 73391889
385 320 467626156
314 420 822986479
483 253 488088228
40 207 916473756
485 108 800612380
358 274 670623940
174 137 424758418
292 12 127102840
125 145 547819345
346 268 339621382
394 337 127252066
43 235 550140216
45 224 275977164
255 323 549240295
156 372 674146487
121 283 274894967
138 278 681441236
304 208 669795446
415 192 969442617
24 189 357060869
361 18 256735157
192 271 113517617
199 308 491654363
300 256 337144288
210 370 234434178
251 94 285169652
99 287 59710989
258 25 576854633
295 79 415239881
463 376 341368670
21 300 208272120
430 468 878961753
381 360 345328135
468 205 53562310
40 460 214913666
82 171 512891472
221 145 52556329
35 51 158276144
43 168 894880242
7 105 945709995
424 164 641136640
163 436 966364695
42 359 900095888
252 263 959755608
3 431 701566602
193 309 358680491
186 321 51181211
295 361 33117387
41 413 20595594
171 466 310361966
238 165 352085878
141 99 669057771
175 78 288900312
213 261 539867803
222 269 231864611
310 143 280514280
159 211 944575879
70 17 349132635
377 118 674896750
244 424 740877870
48 101 610516071
380 165 708982525
319 66 66457576
96 80 667071765
426 159 254701327
392 235 575455828
81 234 799689136
198 133 198595783
61 496 166552594
107 6 47003052
391 134 735614085
432 32 216088012
342 146 988621646
233 372 273024246
288 465 901818485
454 77 820660158
192 370 609216373
270 34 706792489
494 63 174145809
374 171 361284841
459 45 46221187
48 111 845695147
120 127 414329265
257 156 988201363
426 348 659607924
381 63 865005317
457 92 540847697
465 269 230885184
382 324 144306462
21 98 448706564
343 456 966680628
459 48 538899654
448 80 786555672
436 116 300676
497 464 999048372
238 202 816082041
234 324 19499140
444 113 570586366
438 49 870874713
98 224 890748412
151 312 452362612
257 351 798446180
470 91 137605206
181 472 137521395
426 96 116465797
246 32 390842408
171 196 136388751
91 364 534301649
91 95 707061576
125 461 377383715
26 304 432966788
205 122 266410501
369 272 673365968
428 364 22758075
277 289 769620760
389 222 710296494
344 47 222808291
114 342 36102617
416 407 427223360
342 273 487992483
444 252 339284141
176 458 112310393
339 19 992453568
412 440 315488394
476 349 764682725
219 277 387823664
56 393 517256058
159 390 477990468
297 61 642790057
129 378 51168982
346 145 855881413
429 41 52634132
260 157 429092547
27 169 609395243
323 37 661474724
406 278 839603925
425 499 39888106
463 235 572298358
75 293 498865111
326 232 882020214
395 118 7159973
33 488 344657247
419 279 6084578
95 110 591648847
7 432 245171033
224 484 512569041
62 28 585253060
361 78 938919767
159 123 373006437
427 237 591137477
237 99 516856988
404 490 939171128
196 268 533135708
70 420 990400123
77 432 989470905
28 26 594423857
46 29 454312657
449 306 474326699
267 60 418031303
160 34 682825799
174 290 372005173
302 192 716027760
146 491 52736651
178 59 310354055
469 174 536985495
266 230 33583034
292 99 415800184
155 95 815229941
67 452 969733885
145 72 311929425
236 423 361191117
185 473 942600640
74 482 997152606
303 197 735912666
195 281 847831677
74 465 550113398
292 33 771430266
168 283 490250202
90 492 720309322
58 277 477192477
468 226 380796058
336 224 800258531
319 495 319885721
223 215 287578782
194 69 478519111
359 378 808121406
280 134 360440227
199 132 718991462
265 84 22183955
266 268 89922773
176 325 290094097
273 11 219158122
340 303 139290187
80 290 421443911
484 396 512509194
227 471 629821860
199 150 401321870
365 257 180648393
418 36 327754096
145 393 596901414
339 428 472466717
479 257 477048556
37 242 121399571
139 116 441263512
74 207 300408959
340 446 453793570
125 259 990852266
101 230 325246673
309 322 894481491
384 460 694613317
220 485 264965416
135 107 114364399
75 31 214868183
471 494 218959809
151 191 645828173
484 390 565611299
122 240 518285723
143 296 443683321
28 206 884606039
395 468 66535097
218 473 255794329
218 274 292881838
411 232 359832944
35 262 950277506
222 56 128513470
265 414 413785929
446 452 114458635
304 147 394414012
325 65 254635157
483 204 145815418
200 51 593856719
261 247 595290045
136 53 688958225
11 218 454151357
492 229 571201976
335 286 276528978
77 89 957108673
119 407 642411631
17 165 198378856
59 200 825430389
427 149 701241283
348 216 393265634
310 393 553563617
87 335 777620801
464 298 463309314
235 148 416347649
310 40 899243216
125 278 917967366
123 184 481984802
486 31 506723417
15 365 813996030
376 244 719268523
415 86 256655071
295 115 165967034
270 143 489500471
415 221 834335364
320 384 769433269
141 223 279109124
454 474 611893226
267 157 709951177
418 158 865075915
257 330 274527088
135 53 729183305
455 280 866280188
326 13 542934506
172 256 425596483
61 346 901008433
314 376 24892649
392 204 113882234
132 411 539359451
313 27 176005342
391 211 695939329
478 5 750701401
346 70 347876752
282 199 11553861
159 493 8841647
491 473 256388134
190 131 471954747
247 171 477797792
255 224 202226047
494 405 413773237
29 488 565242176
301 434 524243154
112 295 14427388
440 4 764923094
356 429 700195005
365 456 711504794
55 106 958826779
491 315 942575642
369 176 321010683
4 256 81968240
272 428 574603635
351 68 668903579
0 129 285773931
32 380 828288498
182 202 536654249
245 55 725183271
308 69 804729879
21 43 814068317
486 441 164436576
153 393 767463666
316 35 295027147
304 2 612065292
347 179 498156752
100 368 479911397
120 491 817117706
330 307 211211530
336 10 878985740
333 254 199718236
87 137 987862827
341 203 219559631
70 430 999656651
107 360 938005206
186 443 459465910
181 59 699444547
67 140 901296527
432 216 704329526
373 202 424087650
12 263 121072896
496 259 334599100
29 169 758414889
348 214 467565170
485 460 127550987
62 338 895836147
49 65 912926626
423 148 630193922
232 118 39839376
73 259 635731579
316 450 50226015
278 276 737901686
426 271 809160143
444 223 428583979
446 31 720909318
223 489 873000397
341 281 865403561
144 170 412174410
307 418 370233770
247 193 347946445
140 139 374873845
343 280 396050030
193 423 631580055
19 361 906977297
162 95 915033343
470 316 843093862
417 354 762305712
165 172 682411123
301 94 971953320
492 93 745536228
318 59 852149504
467 34 271572032
412 395 200840460
338 487 660902022
328 9 27961613
87 482 595563339
499 160 415815642
42 449 559089257
451 361 491737833
202 135 255953214
173 172 522295246
356 403 596548534
200 56 607736797
162 11 497119543
87 155 851917600
291 335 881335024
101 182 10989005
126 75 148386990
18 309 117527558
397 92 379744434
484 402 789798407
175 68 423196983
13 350 494040432
355 39 137748985
321 465 436015900
296 218 766053859
407 77 421461633
493 13 965701844
209 63 868934773
129 87 460583239
128 331 621305147
330 70 186630341
115 79 219023143
39 242 183367264
231 153 813413748
169 146 488238953
425 239 388499589
384 415 662853664
167 97 300669353
469 187 529681395
21 107 297692102
322 445 166679987
45 323 113347597
201 355 106041966
331 60 110929240
266 275 364864266
184 489 26953160
466 365 952103650
277 113 337063788
221 439 409611112
334 20 426623745
430 314 989241813
285 128 388823984
194 250 759604503
427 159 343608149
492 484 1327459
283 152 292834730
180 223 290213787
276 146 549534125
94 416 650331558
66 48 648151387
145 313 332101271
483 49 651337772
144 24 537261224
474 464 785179921
101 410 44880401
80 329 702482637
76 139 295038535
110 117 232360040
276 479 873153024
0 5 190503091
122 454 36253453
494 322 115091320
422 365 944159190
12 199 400917614
254 336 780434611
73 300 376491337
17 51 599774533
214 302 111123803
132 389 598608513
35 280 71312559
389 102 678706155
367 137 317936709
247 8 756192447
78 206 649290561
343 392 446013706
474 273 198691110
313 189 301462826
461 42 946088793
263 294 615654782
320 358 994580126
100 470 128037414
121 360 533943892
121 48 808496497
220 295 837440390
86 496 575183402
263 230 101310911
385 362 464977545
283 400 418153793
257 87 325899287
213 113 13971910
144 121 328827052
292 194 269992076
16 155 99459745
58 348 730705814
282 180 606456913
68 389 96808177
381 457 820987798
309 399 965350148
349 376 786878979
413 193 721882123
130 237 565995700
380 176 512500142
434 15 228639965
238 48 387291485
131 479 868925598
401 283 472289220
77 253 648888306
147 80 10005774
53 406 735414603
383 99 905554243
105 134 633519026
287 262 994924649
448 478 817894421
289 31 535344279
430 104 750608736
294 494 999345372
11 53 664739748
453 43 541889564
342 301 380098981
180 396 409804176
493 497 668635834
439 341 831962604
418 58 818469364
26 372 950256053
129 27 800256175
362 408 530532766
217 441 555412022
411 113 31676823
111 114 277434874
474 322 125026208
467 64 436070182
193 160 476321296
100 90 34687579
72 275 532913140
409 204 133744767
472 382 131135352
410 414 961174769
415 59 608310119
342 56 465662825
76 469 18597067
3 340 37492570
5 407 443876999
421 123 813010386
130 91 790216951
194 58 823824485
401 381 281164119
299 363 952027734
240 469 295924298
253 292 59354892
463 357 336426268
238 240 182927261
169 307 709259838
313 217 311184701
363 102 779954874
7 59 955024467
127 92 62380267
109 425 855471589
131 429 305275249
407 42 915370520
64 259 590545947
307 126 858566740
438 52 437429608
269 213 645070838
454 175 932090656
141 330 653313690
115 494 635319063
161 145 726234714
85 89 534817662
481 321 722414910
466 282 965446840
282 68 306818399
485 4 200776000
354 20 643605243
129 193 847568097
376 390 464305935
356 201 327556489
67 370 768853958
204 42 870693730
316 496 903465006
22 213 305502421
145 158 622247450
0 223 44438688
333 248 188336177
180 378 526744509
301 253 37880391
64 368 486491851
191 431 77214520
112 352 361924517
342 208 194748325
96 60 988925437
261 364 974726717
419 288 89491868
411 384 279792422
476 190 500109127
188 254 559380622
283 229 93867347
356 10 157354562
146 311 307452894
148 437 917347855
475 152 972544849
116 411 73282640
484 279 443442351
109 388 878638848
121 12 79182351
353 248 466146638
12 287 853791957
112 96 247151469
317 410 8259998
382 72 831153434
89 1 898434593
41 362 672980593
167 36 496446803
320 319 528359695
316 432 591094760
417 480 825447278
198 413 785626680
91 73 488592590
188 311 924586743
165 378 376084400
324 397 265960122
155 479 219314543
488 239 664573014
391 90 15760886
272 473 264512978
363 320 726854031
56 232 374621148
332 314 525993617
103 174 180927455
28 165 923991526
445 323 375544627
385 247 59368844
427 174 648087385
136 325 759013136
167 271 858445632
493 214 656732360
315 195 793860429
251 227 259192409
304 144 915204737
129 482 117278352
256 417 3592864
377 420 306104849
95 399 834031066
409 133 528088052
358 131 118340427
0 415 848470035
225 423 974554589
273 494 900130832
131 251 841241341
203 281 676030564
0 406 998127248
313 369 590248298
359 119 77516532
169 116 585729083
179 239 790574820
433 252 494160581
401 81 673690529
265 166 936100006
270 375 133162323
210 367 432139713
369 355 328702306
491 462 584331024
235 238 71040068
185 105 972305456
486 168 859750179
494 424 475767434
403 448 267247479
163 304 804778066
281 393 158402724
178 426 885930874
226 489 707374313
437 330 89928221
104 204 869724223
483 74 13513931
194 486 373144609
392 144 171053846
497 168 734300015
330 75 277013360
220 64 422383740
399 46 47681918
169 19 703679548
360 80 309418250
10 205 285413957
365 36 97095214
112 464 630195508
415 119 458362585
220 330 926917774
383 455 289234184
100 324 593863832
406 270 804806555
493 243 854861857
453 92 613345783
116 397 464367665
344 85 26025239
130 105 359275738
368 341 46967180
78 72 43195362
455 492 268314634
364 148 725463617
156 6 933863052
446 149 80514760
184 328 811561104
154 353 983870320
442 333 997269423
298 42 396344861
499 480 730224051
156 301 525134870
451 220 715682814
322 258 528167918
277 216 764806900
174 24 789308354
341 262 896009498
152 264 914517237
140 207 762498985
104 50 378439888
440 224 883245916
56 310 995681583
363 370 192043202
70 393 848506007
3 398 668596156
234 98 505728451
328 103 930433237
485 163 235749600
375 104 841203630
405 145 835268705
320 343 756805034
248 348 484866944
193 448 952036813
175 382 508308024
369 385 560366771
239 458 911924581
201 112 676537524
439 146 587715920
163 175 538719779
13 103 592176106
48 26 244774785
300 327 423487686
18 181 446960287
138 495 577616410
277 253 24348410
253 218 328457106
149 197 795875600
364 407 280106651
2 129 163273081
37 173 779457791
322 386 978726471
367 306 542542697
405 166 488737223
63 114 792336476
231 411 425592227
73 225 687491387
245 354 723897318
35 174 531236473
29 343 238573041
196 485 444521406
469 478 763654130
395 328 954177704
419 173 16785814
180 107 553773292
158 274 719419515
384 304 127691258
6 223 968213049
358 365 60225529
60 256 367863410
460 484 486824031
355 135 987560198
184 301 75120345
398 226 668217739
426 264 489448009
80 295 225068679
163 415 74860796
311 467 799108852
239 375 423013843
85 219 279142414
364 46 117017637
153 448 160305099
272 187 334100048
180 24 737682328
114 285 978995033
276 343 513427217
145 476 380516708
321 289 13133809
103 345 540159473
188 465 379500865
197 122 138660009
435 344 675593796
110 231 812338746
307 300 882857365
102 184 398701674
64 12 730568052
315 244 429434555
149 313 395556334
179 107 819355398
215 259 960716776
476 119 813343657
175 430 194774370
297 263 690796085
270 227 16688604
21 101 97748508
278 363 971358142
5 251 459917695
454 21 937449885
168 22 816246659
345 301 634855962
181 81 442676096
172 397 5587224
333 111 365252000
136 44 664191246
180 371 541759507
462 485 924715880
444 280 340249502
167 319 375944470
0 218 484260940
150 82 734430010
314 387 234666506
46 179 165147963
331 401 846974683
210 246 97388719
119 145 694815060
105 389 62453570
160 155 159452676
242 1 823626155
122 350 524147776
119 430 731004171
462 414 22885836
225 376 278817243
295 70 330831621
233 53 25696648
133 353 677751005
99 203 192829460
142 76 735163792
345 243 315703568
166 453 343125655
425 436 450807062
110 195 279863442
324 72 609323891
47 39 861900034
497 155 570506531
496 11 104125977
88 449 546090267
476 434 316761659
434 272 66045368
73 190 159514390
42 145 61461789
476 221 329764230
204 491 511937911
157 415 554359365
323 260 935852338
120 373 340571063
115 160 737183419
110 83 259054478
40 375 522272775
114 282 893942013
471 211 645932206
302 165 967717949
489 248 863916618
291 94 210207562
76 438 745480166
325 135 308024541
228 223 542754922
94 217 912240661
271 337 185583826
486 477 408178015
149 429 233343327
115 287 645319461
47 199 960236860
127 326 271751408
282 161 790730072
493 184 186005015
234 123 986537994
121 490 690613840
131 290 817303601
145 116 655473916
72 474 585852051
174 440 60589532
354 30 954414017
174 435 722780104
70 29 924943098
187 332 140418647
248 11 128780091
287 101 126672891
358 128 612211220
419 481 690509673
122 484 114042266
8 176 939701509
221 342 170423550
14 59 352219846
38 480 243624290
434 179 853422998
147 144 597188136
123 370 404892750
491 321 583815565
453 222 394366836
4 465 692155681
149 337 596413365
277 425 230030229
457 53 669377891
451 449 332808793
221 181 790412330
34 330 509991556
168 410 793373768
421 101 521275762
336 350 984574720
433 327 376266009
454 418 74579975
360 0 504747348
292 464 449444817
425 339 682119406
66 194 749834527
258 12 605334517
180 372 723991388
100 144 122513602
20 225 390404759
54 167 898278260
350 278 433757279
110 445 651554214
74 72 235930808
400 418 550782328
493 158 939654432
78 340 360481437
315 402 104177211
178 232 278744387
272 384 357731909
142 476 193324915
92 337 651538812
384 162 794443660
228 254 844405193
381 153 885317730
19 203 775478306
250 461 557926520
367 434 622071290
368 350 800641784
205 401 581270742
456 239 317698150
460 319 645960043
61 384 841216359
427 61 713001126
261 130 681315354
422 55 499712275
457 496 680020039
59 288 504960224
264 417 628430026
173 333 531276245
208 379 139221358
476 428 788521780
355 265 831252640
426 122 873634356
62 39 860244439
124 316 488548162
420 52 127423477
212 485 858637199
249 373 355379387
119 128 873905803
464 164 970678338
467 90 32027201
128 152 717854233
329 256 701021798
198 258 835993661
79 392 264848110
196 72 583558441
468 24 631397681
208 319 296943701
75 231 708587111
188 416 898137140
206 23 788774492
380 39 434893618
138 232 585582409
190 124 346341289
203 259 908382385
277 166 305163624
88 353 975951864
143 132 424700434
83 263 419146227
257 295 536049969
152 256 647169014
185 18 103384071
159 492 310907469
78 322 913054726
429 74 233441439
234 353 909292930
267 426 914142596
31 307 272594177
23 323 125279322
288 412 222667319
275 422 286047667
289 340 479272562
77 435 385836605
325 181 207638819
154 399 439788037
201 475 93255553
474 16 332745869
415 77 195314021
221 73 975247090
23 196 636964818
294 459 642330766
402 151 692746037
475 311 339672115
247 119 325313493
373 448 979412057
210 396 888246493
228 392 26503695
1 409 449921408
351 66 515026664
135 158 132367015
432 450 784017652
385 149 759553492
353 92 941437658
92 414 809049209
429 89 620241436
404 375 776377688
20 196 12725645
0 311 617340323
406 481 48729627
385 325 961039069
97 85 860881058
72 307 10858953
23 112 844720108
236 100 445674321
82 72 979892871
21 482 469839811
241 405 326400102
463 263 818845741
178 367 559749521
483 491 661662413
339 198 683194057
377 279 960098753
370 378 595696997
114 305 231807016
386 180 73797671
67 371 19142658
190 146 258325760
104 147 82065902
6 124 399548936
72 69 422471449
115 106 329133937
1 64 340753908
471 183 344446776
310 407 451308674
92 89 368783890
442 314 609892198
186 44 427236567
6 285 537161626
488 6 608176294
21 315 253151721
102 164 166033142
264 401 123025216
32 449 866414888
248 357 533863346
95 301 329197743
245 128 485730950
441 151 305517045
170 210 312177858
247 146 841473151
18 170 455678024
380 494 680319262
374 479 155717278
342 334 851072263
84 436 206945292
394 138 627569339
156 29 827686363
407 455 26025300
135 12 981241078
114 476 112483424
302 414 237613201
102 485 128081351
168 156 676442470
410 154 156137371
296 470 805969801
366 305 440114503
225 247 998398765
96 11 669408171
117 77 735410734
484 374 221176986
57 264 976361362
425 103 849370009
42 459 144123633
3 54 794890099
45 261 259416574
181 317 424680013
496 100 173207423
70 297 31900645
496 451 272126566
498 4 480723186
361 386 241163378
256 249 621097211
280 221 579709008
272 26 774937060
442 343 906718158
448 208 303613786
332 138 357173642
358 81 572966858
477 497 537187653
282 65 374279671
87 432 196352806
495 24 811127670
131 391 970273765
423 444 482404587
363 192 109924642
439 255 675695802
497 461 883472899
248 199 755728677
414 22 589938915
283 441 77442742
64 68 187302008
377 337 34008988
326 240 448242036
437 448 359770092
448 406 961591676
75 211 840734088
54 227 172903605
175 409 995297780
126 16 209913611
412 457 569155187
95 370 363210743
256 261 206024063
187 336 817326062
61 147 914960723
112 184 292489197
362 359 205145571
250 160 631735211
57 95 711683360
206 436 538557801
307 6 711823737
369 138 160778338
74 251 554743029
32 386 532556142
24 289 488894217
196 243 687167904
18 340 577884687
472 248 889493515
59 287 861805767
251 14 193711000
7 385 367311164
167 316 166390163
464 22 362222659
319 441 222070566
315 288 784066111
143 322 857440827
398 7 192253805
71 262 635861712
339 406 842987507
421 228 231899260
360 313 242568793
98 464 339299315
24 420 52949918
496 261 263479056
234 232 750099038
108 462 985344334
390 435 945110760
228 430 894926375
38 492 908815523
405 481 453216077
390 8 569784683
286 303 382359385
349 227 675839498
423 57 939424185
360 433 444164929
455 102 10161889
90 296 169705200
333 118 396789110
411 143 663286531
417 389 729659744
166 262 664377032
494 27 368650057
225 80 172062407
36 187 792623483
280 469 942450765
190 387 497825925
251 7 831990735
71 486 688072014
441 402 694170125
65 330 32622927
253 476 543695648
12 156 596234446
284 220 749867932
7 341 518675255
353 61 899395658
243 94 760427782
28 266 694051646
235 59 468471172
72 464 453733226
48 68 265519215
457 250 574960776
76 42 463043898
54 218 437744891
308 401 66028619
71 216 784796681
328 55 656722218
65 237 327724191
167 417 127438916
335 425 292955752
239 335 850453614
364 157 641184382
368 412 783250579
422 423 800692512
260 124 160356822
464 20 284455203
392 406 711261645
239 378 356767883
417 217 228830659
488 340 325377769
256 257 954325033
451 394 559447693
176 224 568476533
377 43 889734533
279 435 483588959
294 241 695786756
329 249 348511209
32 260 373615816
128 328 884719238
476 382 29688645
476 390 89161352
47 242 829992623
273 386 659355357
374 56 612765808
273 207 349962714
113 252 727652511
68 65 725555312
403 411 637578193
131 351 649069903
140 263 403036186
312 249 544778466
131 310 701636953
89 330 613565730
129 325 268806870
255 321 878826035
292 321 961884853
325 395 224014638
163 219 315581204
140 289 773375907
58 214 867726350
401 318 374916120
426 326 832989751
461 269 294940343
428 298 452817733
152 412 366542707
305 424 395217426
231 78 820253137
25 314 653399388
306 50 868875189
259 219 145039042
189 38 794135197
399 273 918119202
272 281 137166868
419 299 678879455
434 163 867057078
307 246 185834724
252 227 166157012
43 274 472766671
91 273 171878348
481 11 476535776
222 262 803531100
88 324 19680320
21 256 464386307
122 24 405759197
175 264 777158144
38 104 647281733
242 286 696262319
478 306 313705190
266 410 470422435
254 122 398648374
396 392 215580077
143 465 196255634
259 448 794522095
164 283 561911732
99 146 175203164
445 265 143763415
270 467 171856767
247 161 246661323
69 339 736118633
248 256 380839482
294 407 14677642
246 212 955834555
448 29 473069925
203 146 516975769
244 281 173702189
435 231 33070609
445 92 37417124
427 252 97136869
439 250 767827000
266 54 162182897
301 395 556464215
296 201 577188801
83 169 493869278
416 108 756387698
284 469 974107473
27 21 151414468
410 147 403863348
237 290 123907574
221 353 188854493
382 434 73541779
185 202 909176679
14 75 81659934
95 187 911284575
395 350 384483785
407 349 583530368
436 406 178213787
387 100 137279162
425 314 895899721
327 134 555108830
355 464 955746137
377 227 3078928
240 293 53316008
402 7 807360549
372 338 666314433
261 140 529607237
114 7 204880143
411 316 161087788
60 449 112338879
248 330 967159835
350 280 431368237
200 110 392954859
499 450 960476452
10 487 111496568
224 8 154762874
494 58 499044858
21 174 686493985
207 112 105230707
358 10 155305844
264 492 53780545
147 270 157421763
90 243 895359139
421 269 729358105
239 350 893682317
48 228 83335416
444 498 682404443
477 387 638855471
294 251 45455987
125 182 619894043
470 434 114129916
129 179 622359408
267 34 729273995
279 360 702279662
125 185 348623003
369 498 629170198
31 303 232433696
478 245 969460532
341 42 112117059
362 297 422592936
296 341 441924625
382 494 615554740
381 281 191245311
287 56 627156936
70 465 324762312
85 393 780494273
205 397 238187895
158 463 495293287
222 67 867666182
44 479 518163978
352 84 860202911
417 44 260023154
459 347 250114457
128 159 265127605
254 493 586260667
456 148 502767586
100 140 308967353
409 4 409459839
370 407 75788871
491 253 86540065
156 122 726717301
96 61 711924512
294 446 821185220
368 225 215392712
482 80 133214451
472 94 844091455
67 84 858732671
247 116 30680155
182 284 370858366
319 60 275004341
105 85 637173262
115 198 574940143
120 305 822071546
34 309 819801754
48 434 257880465
396 54 469014065
188 147 147683570
378 172 151371970
372 70 428518786
425 55 579811971
35 340 667468975
3 269 478230126
388 307 471385515
146 14 383772278
321 16 949990518
260 72 204604482
246 182 846288279
107 477 872336699
381 392 68216329
397 95 52213103
383 346 641282207
177 169 92066663
51 298 638493681
299 239 421485214
487 74 111413516
413 435 412547575
241 237 587412870
393 477 781599041
16 71 728529893
288 216 209803839
234 41 152609861
483 129 186317294
203 423 161691535
242 275 663506025
387 471 565025869
185 73 176858677
322 137 662386530
218 94 894855580
369 238 662369429
102 143 750499034
239 176 658048438
49 492 81765599
439 408 785099241
426 231 542789615
119 440 220668815
373 252 981226238
189 43 350803837
452 17 187482336
414 230 61889346
389 80 863829785
108 215 276909865
0 130 43049032
481 214 637932122
168 266 10527224
219 386 913792511
202 454 183329465
377 305 235923272
304 68 641240099
327 71 448177930
323 94 449756342
207 331 835788345
231 75 909498501
130 31 710306086
374 307 837183552
323 183 321296456
345 475 402683364
453 80 562287499
493 499 658129968
404 51 48966902
43 307 828836512
159 43 643862087
301 291 648143142
419 447 170702497
461 36 10713170
364 472 496564430
161 35 119243584
126 318 623326822
154 26 949513342
107 340 240792332
209 1 523754646
8 258 759959216
375 458 111861311
50 273 848117762
117 311 173015890
419 365 126398240
94 372 781716050
211 63 150384278
355 393 581033535
336 157 955734331
20 38 187380461
413 130 294126425
498 101 987354498
115 340 744300440
121 102 892873989
214 182 800580389
203 313 793093688
440 408 854281487
102 232 687555027
229 473 381210879
80 339 684010226
496 334 742388102
58 228 723913275
110 27 619089302
121 382 455597909
85 222 535069325
323 357 882730479
267 162 700042917
263 372 42330497
493 483 749891794
254 483 936999702
499 440 58053321
149 71 831213899
278 411 800651519
229 94 511004412
389 30 726301497
116 192 894375444
252 6 799285846
267 43 384977632
474 374 711131196
342 182 141060467
203 5 334907945
155 219 389335139
101 131 675837233
130 70 991128471
131 34 363876056
260 20 430141231
257 360 305179932
215 156 431597333
32 476 482999286
348 439 908148607
297 62 248103930
257 46 357600509
310 218 395111194
287 268 188992661
100 377 368322432
323 12 115932402
159 47 219829543
119 413 266536009
258 457 585257296
404 54 881153741
209 82 659098677
261 418 24370761
252 217 366122500
370 33 711197110
416 111 66648927
212 296 496047536
163 447 545402099
428 256 521707781
213 442 264937275
198 115 205883417
182 415 805333098
482 96 512836764
28 485 114875509
183 172 979939493
290 401 446892114
115 276 348657251
156 174 466500919
477 403 523092449
333 435 490852926
324 218 945727185
281 290 266658320
337 382 531703991
27 330 379913654
331 253 739065116
336 314 366107863
240 167 821541797
332 427 453630020
80 1 114566714
389 317 941609785
422 19 831747997
161 7 240738457
69 102 392108922
147 215 77641257
396 154 670634845
91 280 230869135
431 384 985551254
458 135 681660258
181 308 250890174
479 73 273527447
152 425 947584526
258 354 812977083
483 331 703642191
464 303 138590981
376 80 845331591
181 55 584255194
92 47 353118118
172 183 817140352
314 144 36676636
405 353 24696440
311 364 288388574
468 414 695969423
484 200 875278937
383 375 162292434
283 141 806134814
250 62 76580768
209 64 998016977
90 46 229159993
341 432 509743923
38 465 923042703
355 178 707028653
205 92 764793746
435 139 24218525
233 287 594088588
108 73 702144124
290 123 296743556
116 55 314263513
147 57 441065305
357 0 141875162
221 193 148247471
217 152 111353116
400 392 306666207
60 188 773911612
170 166 485380799
235 454 35248521
214 257 482085073
213 36 800816478
465 314 588441227
308 230 844045087
31 241 693827767
64 98 930303628
245 120 208887123
343 235 3578803
103 493 607071774
144 366 529225644
352 284 533365898
243 137 591978826
33 400 67562795
371 451 584647480
24 493 366452852
62 322 684043302
22 476 467244665
418 165 868932883
324 25 275350208
490 14 919584542
149 432 680469800
252 49 130531044
143 436 642229339
482 488 858518145
256 494 897564365
173 100 18611083
487 381 71170528
236 449 47648543
398 414 411785038
135 156 323565629
485 450 612709180
208 305 295587622
23 436 105625794
168 251 838952233
265 490 811025029
339 314 407678043
38 135 235458311
411 315 282904745
306 318 546335881
166 102 314333166
92 90 215611781
127 58 223275166
492 175 965396351
488 310 651677747
499 223 764786471
482 201 981289304
367 66 933486690
75 163 250318259
430 17 411229755
449 366 917599072
205 335 627412822
448 234 136408768
348 128 188064148
57 191 289221140
284 341 75430741
497 415 498728761
339 465 586034238
5 64 244493460
310 318 690078481
301 33 657844074
476 435 299023686
15 186 829306521
384 112 504196699
340 44 470073067
411 341 481007717
268 143 42944508
69 444 355046823
72 10 502767784
131 316 497585068
243 464 968492311
169 249 845447311
478 98 399381391
47 148 773891383
329 324 195965623
285 5 862109128
406 79 262533619
45 467 44554005
37 459 486362997
318 219 664243779
307 381 988669282
225 265 341993745
238 309 998755612
27 385 314502533
355 152 167770458
246 60 341101853
352 70 942134119
334 194 221104081
454 330 433324332
95 496 459733310
307 408 962651020
464 423 724485154
81 379 715445022
232 257 494306689
213 256 29591504
125 477 981979354
241 493 464570842
250 0 463281518
292 335 2095304
410 113 151826807
198 112 288766048
26 243 518380501
142 47 476892881
64 110 185237407
89 429 143922201
469 61 621051295
35 320 59528636
408 380 395819043
62 331 496905413
64 329 542869513
404 321 35348517
459 235 17475207
0 371 62976288
192 194 995259867
368 409 952674300
360 415 781310180
312 114 333812488
18 345 454281749
492 243 548466229
276 227 481768463
339 24 439514405
87 82 740960826
171 115 849501078
332 188 661205307
355 288 866784629
397 13 535231861
308 314 660530583
241 419 241441995
2 93 714602378
387 188 789348667
310 285 482245545
307 493 189669069
191 225 676564574
333 244 597840416
211 295 89695265
9 189 922303037
84 348 259258243
27 413 574138595
304 362 786399817
249 483 664176720
232 292 828506647
431 51 258066915
38 431 603730297
235 109 283331395
266 140 48389173
143 433 809643542
287 411 781637828
261 103 524806224
259 121 852906495
197 167 979640684
65 376 172749266
122 248 32655046
475 376 844948908
56 461 395008794
274 79 739534349
321 162 194741351
102 226 428745912
113 203 465185257
18 480 801339508
321 381 99409603
38 126 726163287
75 292 98407935
399 304 226619905
148 489 284195339
238 5 768690082
17 85 789978664
181 115 601322131
316 434 871675509
280 439 610537638
365 285 928655996
274 260 29343634
22 136 550240367
183 43 46662253
300 360 558229942
106 414 140076908
81 438 538108482
397 240 869787917
33 218 17203669
456 237 1204871
182 90 512073591
161 45 544696088
270 92 105307548
342 49 483669169
321 402 625785818
128 376 690128507
118 154 543416700
199 41 547349939
469 28 219430557
78 191 239082857
15 331 806784254
353 472 55013125
171 358 870729055
214 466 231677338
454 82 830456907
65 281 174393742
186 93 491012336
241 99 384494846
213 325 166783097
403 95 637545515
214 20 590955766
6 149 63191181
139 134 257200387
488 490 36366900
108 443 26315006
238 263 28209564
497 79 853022571
433 401 496659448
345 473 130803925
469 437 233956027
82 237 811569590
47 455 640941638
321 96 835919558
224 106 360410976
249 400 405697143
65 31 714901963
281 107 468443177
193 19 700090130
104 26 215913495
229 452 818283397
149 434 386801295
327 247 362518449
27 78 565473836
49 97 302324917
269 463 871079939
187 479 319210786
81 73 289848120
333 412 966670281
252 407 544845818
60 68 682024576
94 269 19358319
479 199 435813579
367 82 430312309
163 463 636447946
32 381 781161742
108 237 414218952
43 36 102227046
33 290 52142103
187 96 212025613
94 397 995601493
132 265 961057174
212 150 448652081
208 239 86709791
153 157 243279294
119 143 408930043
410 121 75977942
86 242 229763960
190 275 801681532
305 189 916198135
404 52 711722394
15 190 806981006
466 184 150051367
36 179 470973928
490 418 230199128
129 232 311961658
382 471 461678938
169 294 948928322
212 343 481574365
218 383 910150848
221 336 463813536
271 439 493232632
107 325 240002846
312 174 757583056
34 479 838913993
135 486 536450759
56 180 22919981
11 286 136526269
240 306 214513033
416 208 842943920
228 215 858079328
300 280 358581722
223 74 154930004
290 258 550227470
417 485 213998044
81 440 580217378
243 423 650146959
489 256 241035164
395 99 781404138
303 109 641123427
48 42 64821749
269 384 759812899
371 36 210749542
34 131 95896862
347 266 424020144
92 274 83694536
448 17 755818170
124 133 142462086
193 432 121372070
186 54 710338462
97 246 892547938
292 76 735229412
195 82 899804016
362 338 517606639
458 207 731223346
35 43 639944718
33 207 913769999
333 265 116012658
111 295 51984785
200 186 935860556
392 104 477019217
1 404 258443707
160 48 311809160
449 62 10857343
116 48 900326732
93 148 721719625
121 471 464173061
114 393 43636376
196 3 213465970
443 172 196491533
96 307 81368474
409 227 69728650
334 232 334979479
329 471 858153607
380 428 211555496
164 2 951099994
127 231 266230898
471 34 840463527
471 431 207716531
244 10 53748190
448 422 59738968
452 176 455205634
147 167 376991467
85 306 327642833
223 7 456541376
449 88 852124891
176 393 979331138
232 441 707034113
197 232 739380
312 126 511831524
286 206 109681823
295 344 411891977
154 211 611492519
288 230 616360285
419 444 970177087
108 351 367198229
185 192 452597079
498 49 482269698
416 328 516112624
429 116 479957724
67 13 662489380
319 270 285394489
425 2 528922464
452 282 921954965
454 134 864645386
179 346 582979232
398 73 684198281
75 302 766278545
457 460 847141609
157 175 797082107
428 319 826410183
380 111 245624848
291 242 464602429
315 79 815305294
3 125 469361054
248 126 61629635
491 48 510443787
488 184 177371557
320 29 850419695
129 353 701254521
96 434 480300436
64 495 369075080
114 429 116284368
51 372 976689663
187 108 114949477
49 121 481859936
227 283 811173939
285 177 305268023
258 328 480200762
282 12 183942277
152 402 870450451
416 403 259775346
201 224 746271334
371 475 604424255
397 273 446967243
357 407 26828509
97 273 218524906
181 387 807647054
434 17 356341111
231 492 440804397
471 469 299905203
21 170 766473200
484 69 709100603
392 11 825485075
494 465 515884592
496 20 130605317
160 316 724186171
450 59 53488988
156 186 626740003
66 97 906943954
404 108 488941707
368 381 200316633
466 43 149984978
29 21 430622054
358 259 171285160
123 362 296804223
314 393 82760959
282 93 616373572
309 2 536960143
126 68 21901149
382 44 404913409
78 275 614192892
36 370 766565453
9 48 616041071
71 342 83207044
26 458 438289965
276 103 625222869
185 417 540142213
459 397 951683207
417 369 638608040
217 478 506738856
312 410 61939227
372 487 81993058
421 17 324844013
305 231 634810553
23 376 229959526
224 326 757768056
214 45 56193053
91 465 601609740
257 53 584340459
2 55 811491351
388 116 973154629
359 412 577578944
61 159 953842258
43 139 802627577
133 326 300005102
364 99 706946741
10 457 304966352
10 442 633580361
257 322 749489656
361 138 730099578
90 394 663114140
85 442 396638218
309 323 989671574
240 309 654964028
70 187 306670959
328 317 728227181
2 425 122752364
115 185 890625392
205 306 995679006
490 344 651816656
118 114 992063319
377 301 181047030
407 487 935732635
488 30 119144103
153 100 967140822
282 387 164626644
236 108 226095429
214 492 344521590
288 38 784376951
334 164 61986148
214 136 442865882
313 120 626363944
334 303 873525831
75 73 206515740
422 428 113711361
398 224 23951176
156 115 726980681
390 432 475905528
208 163 895070344
140 40 214469068
57 120 8066089
94 380 20701615
225 477 323539103
221 414 562186930
145 215 578883947
391 283 895422741
295 423 274339924
69 476 625205438
9 237 188777980
280 323 806180422
8 61 745641549
260 292 860909757
164 180 456024702
182 52 250807571
406 477 216304462
216 427 679871991
351 95 847358013
184 20 9861785
220 126 398153790
97 257 355634564
391 394 155568217
238 182 276546176
419 281 499674548
233 104 953948907
225 30 265457817
327 427 96482915
479 225 162550598
75 488 318803473
248 62 570129422
489 430 358244921
192 130 785909754
339 449 784114521
41 457 970234821
293 385 51163349
457 204 429219325
199 499 758284897
427 326 880746312
441 355 985063787
37 228 845111483
219 94 834045438
303 79 473508470
125 215 758349158
273 265 479680910
204 446 195971596
32 272 432990436
469 449 31223155
235 126 72448515
466 327 423483398
37 333 825105984
422 64 698765361
384 335 374578890
403 143 610165560
145 0 293794467
49 211 397172443
465 452 580478588
227 434 900466049
73 496 572158792
85 467 856111983
158 262 474397143
219 46 557867492
53 498 397404458
110 234 399138357
122 365 522616659
253 450 307464742
361 419 89024942
469 322 311750957
127 41 835845526
205 270 201307764
237 86 184406844
172 81 724769684
189 97 474680850
242 225 844139576
493 372 410200423
296 270 200354473
447 11 106982280
334 10 738799871
334 270 978980737
4 314 689447856
321 140 970531158
124 172 354860092
327 128 15445918
249 187 686699
142 321 792673082
170 97 606085749
376 146 130161166
311 105 50394137
7 415 752413127
463 92 854902607
127 471 725356434
26 299 121543859
169 62 465071272
425 30 133517485
177 407 220347466
429 134 208700762
17 87 101611124
124 66 406574486
239 401 976730561
457 165 537033846
104 154 787478213
82 115 337805104
490 305 79459424
62 153 391611965
284 275 720012908
376 457 223241905
22 310 811751685
227 106 853026271
45 349 548833031
49 350 534417916
263 492 830471745
266 463 307994452
234 385 356872773
222 189 377641838
440 71 181057917
128 224 977030238
202 266 235255455
148 317 314584650
185 54 433929252
33 265 270418705
433 436 311827435
211 392 453607579
319 118 442521667
186 134 669513392
34 58 768835290
213 461 919041919
390 82 513940013
121 23 303349237
48 335 575739602
462 279 646477531
60 400 480258085
232 429 602737789
251 228 138665162
362 155 564361471
22 17 328389334
410 496 213851277
235 107 841049622
436 42 898157615
483 486 789888010
126 310 59721684
364 84 899645997
93 431 965792667
499 345 562457425
48 378 345623443
355 332 490884723
389 355 492742740
419 182 967959918
86 232 838812534
252 21 173267525
38 269 101124680
370 173 565677512
59 168 504513460
85 396 119973181
293 131 824108650
275 168 21641106
448 64 161686161
434 309 561537762
352 355 578512271
384 145 107759838
262 386 349633384
190 468 787413895
81 417 280877234
465 447 900736565
245 290 745076052
247 445 743686819
263 211 461031933
236 52 698572944
97 381 60038738
92 493 668050278
488 469 941212910
286 456 506226207
55 54 32529264
279 250 933622021
55 302 802970593
199 64 986858752
399 124 618575177
357 146 161834103
255 346 661815847
455 17 642429903
425 401 422687762
80 466 945235279
107 219 821056232
487 317 744973355
190 154 894923397
444 104 43389997
436 204 752053239
178 125 574978737
344 215 775494531
100 491 634312825
321 222 934133623
361 367 100011345
181 424 263084940
340 430 220361604
120 148 372836508
64 400 393384365
158 255 904050160
309 271 926168650
343 212 764459762
83 327 153827125
126 151 30686882
157 216 902823922
170 99 894600878
432 234 12161608
423 367 588860220
148 427 112965407
232 273 47064422
330 181 563257751
492 46 985040563
204 192 641021250
121 287 938184766
336 368 749131878
426 142 496624428
287 256 545591131
318 370 350589479
302 276 792711649
231 104 905957515
357 175 617239001
427 345 342139409
194 129 703708645
189 316 666910117
387 327 292214629
384 350 661812150
357 447 99228358
354 132 998651695
483 113 168277632
366 292 563587281
217 99 509479650
420 398 215616155
487 223 92234896
444 298 957787141
424 331 47152524
445 425 645256077
99 470 96589209
256 439 278773921
311 252 323931543
445 218 892251000
376 247 924994390
116 195 355798362
147 153 286898351
167 355 581625978
429 221 238607451
274 210 219245662
19 275 109518472
469 171 853815961
14 70 334438864
288 6 175808692
403 125 697460637
131 223 630830088
217 210 592469343
196 92 280492550
288 445 664557511
334 71 612719268
132 266 498270756
466 384 614964007
462 213 809389455
414 99 825535452
119 277 303986585
425 1 528276217
213 179 540066075
492 66 567177638
244 225 522803736
387 41 935702910
376 198 643177958
306 289 328943530
253 494 547880878
165 319 744976214
322 369 464148813
479 27 873891473
341 358 434831384
207 301 422974195
17 452 486278760
421 306 666051317
469 122 446010556
314 497 961944560
7 123 608058522
173 494 114197464
332 185 462639706
64 316 238264277
297 106 770692996
449 144 730431763
486 135 479308809
30 490 783954847
442 153 940239846
43 306 322755737
259 262 668466350
312 411 787747008
34 390 902214716
127 14 900969950
2 403 362023187
353 312 121657785
451 201 996384902
67 375 226267701
46 415 96705767
280 357 135423859
143 388 609629170
226 269 51599942
496 209 106951031
491 323 297218779
429 334 256259647
314 473 59409148
471 325 95573833
42 491 499231324
332 234 767067937
246 12 97095102
63 117 859563216
257 172 562652066
395 382 413370765
302 284 410702909
425 372 154290784
395 483 857495355
184 2 16307720
490 255 312402408
272 235 155328157
14 58 435311030
403 383 317943686
316 146 852200123
179 456 642120502
174 197 978001133
492 461 217117225
407 253 968579635
433 465 984977463
333 150 84294145
231 73 227245568
124 193 835040711
131 46 202301090
213 34 233238531
170 383 284027849
473 367 108094926
72 405 860094073
21 66 788183532
381 166 660906295
482 338 945626919
115 429 975748530
255 8 577705869
449 56 576693350
279 13 384043689
103 272 376769547
363 153 949165950
396 376 862862414
76 314 299201878
49 35 794789376
214 374 380840380
69 400 683389343
4 72 621934758
496 324 8362680
245 318 704403812
393 12 262344235
129 331 316027277
449 355 298827465
283 378 13514067
32 444 541403257
242 361 920021147
381 78 453311992
167 224 785835097
154 298 444989772
116 186 532336418
43 395 885848619
84 251 239764600
372 310 925535831
245 247 905779387
359 434 333803719
426 112 686936938
79 98 423657061
367 72 27012081
328 139 205944076
478 41 269213709
495 478 797813454
362 149 203819718
111 369 307988269
19 375 905476778
184 242 157884315
433 437 440774277
414 97 609498661
403 446 231789849
311 3 792324302
363 418 980088881
156 300 13599761
407 222 770385417
496 397 541873827
460 62 432825994
485 258 372230503
52 434 563137179
5 248 796148782
236 131 591807109
308 286 947774589
439 450 807442428
129 300 74010230
270 103 860019188
192 58 263357139
353 374 136709118
360 470 789205950
56 394 205077341
244 463 597198418
27 363 304801403
439 492 638995779
215 186 984339377
143 154 163719367
214 16 273815342
153 13 191489895
375 165 877268098
236 380 824255240
92 176 299033621
397 120 382334393
317 30 735673921
449 304 113722951
402 421 445432424
75 166 663027812
96 208 118724301
274 418 423032042
246 119 623900776
389 313 447537051
406 351 742688493
271 441 478276049
11 306 342696386
80 202 257504633
89 276 37708512
264 55 438250889
204 335 819860440
348 66 402508896
67 419 921888592
419 443 43722858
270 401 780672592
223 112 730879304
360 399 234374243
480 271 636062570
166 358 526305773
485 498 583008910
492 0 766563276
471 137 228704259
376 276 493541015
240 436 301907822
66 412 182765335
192 301 971903093
181 203 835605077
106 341 927883315
135 429 763340003
268 240 656645625
467 29 5117164
2 406 925249905
122 256 668453110
222 131 51773185
400 428 257521877
420 71 759053283
285 372 437916190
151 22 805214706
446 41 134276135
486 209 766029452
65 191 242399697
4 488 639234773
126 31 678084909
299 4 214353354
87 190 197654807
326 65 317159801
317 406 715775934
183 123 844166844
169 23 92067275
451 439 66988973
143 81 360135936
85 160 998623701
236 464 231686427
64 177 475093289
102 14 156988110
485 244 940553711
240 203 936546516
92 33 747628730
284 410 889589569
155 389 526734881
355 470 564707477
19 132 421062340
196 89 770705224
414 353 341274635
476 184 711516399
195 10 112553517
297 10 454842852
46 351 30047360
31 367 899805688
98 199 344299960
263 29 336600066
467 165 638772844
247 135 861764388
308 395 476195264
293 359 630178900
215 202 991816095
9 183 408001977
473 458 45047961
164 93 698718986
86 0 783548829
60 421 446071045
396 245 548941730
385 492 974048265
387 486 494667937
122 191 661418273
389 68 582085344
389 41 724998850
415 155 85111682
281 140 686686935
381 146 448507114
69 447 388963429
322 452 612685956
301 477 801614390
434 153 261944319
93 64 216819401
448 179 488064145
28 211 30141226
268 412 577395650
189 86 986451212
497 73 159514065
476 45 635545548
497 386 798443008
35 356 350020487
408 200 772704537
430 498 295012820
68 431 852566091
7 172 934908318
153 357 81813289
19 30 974432540
214 35 975603959
139 49 573899151
215 267 312218601
103 26 263647717
94 389 42109733
478 86 936122050
183 92 97137290
305 478 180903208
426 253 235007907
359 280 662374223
232 180 179713252
189 157 239522253
190 431 731468246
83 393 347090048
470 164 249957376
244 326 737432665
235 207 131594695
378 398 31039586
403 98 358342252
379 46 30808427
470 44 661551308
206 389 973761314
328 36 703559440
120 382 846990832
379 48 4292194
268 430 606794566
279 247 257240842
118 367 16935854
209 23 89983454
352 14 960613000
182 355 382535586
113 401 278815607
303 440 442113223
180 71 691091084
410 155 243454322
384 449 10228710
91 152 250349349
270 204 48562602
57 78 265878316
18 422 79661153
225 45 404889700
469 445 800884313
229 441 780215056
481 248 347078468
419 128 242395268
281 455 188067233
133 479 96380154
490 361 664765809
376 411 410418722
207 42 979627463
103 60 82205619
188 463 384419781
23 362 284271830
319 421 782317887
43 31 438031833
445 303 472600888
407 414 894197464
24 35 892721145
120 238 757963231
211 482 359136764
187 83 807781420
138 401 342932495
281 314 759382800
316 101 338018661
462 150 70223466
321 117 925498751
181 27 64442149
163 84 168857918
104 173 714752557
132 65 322161416
58 244 501088114
107 239 486978536
44 279 237488272
106 365 245266771
395 467 82867506
493 33 79394722
299 409 690004827
139 166 402153212
56 224 534891932
230 386 659253740
437 348 395886782
152 463 919094552
407 194 953841193
204 398 529241322
456 325 542572055
166 374 639039650
487 294 442126103
472 60 292471602
170 114 719111252
316 288 862556795
380 150 587073320
336 321 99541927
68 488 204428218
497 122 5539148
251 377 186215700
364 53 644086942
99 299 838461975
232 122 222377278
190 225 262145163
176 353 557757315
272 376 584122010
198 283 393527478
164 294 611849205
197 459 943805832
376 173 746608285
341 9 22932234
434 208 238831712
394 260 199241535
3 252 553373977
217 47 446368709
459 50 467631337
91 366 252565438
313 168 977656747
204 198 693401431
317 355 472749697
232 406 786733610
129 320 756404019
315 406 4306900
95 222 75580913
207 152 564280748
380 203 369806678
70 97 268230400
399 266 934014340
5 270 463808582
16 62 418378082
221 209 483725496
55 76 697979706
77 265 684067072
73 465 937090721
171 172 913650504
65 234 265500587
487 104 346367882
203 205 314684427
353 364 571802744
317 52 431854792
202 265 289891735
284 144 96157156
239 16 855206436
12 22 135287447
4 190 514541335
458 201 217489491
347 249 216317536
499 463 850540092
401 407 407725896
139 111 712442425
1 142 733984996
302 359 498615072
20 49 36832293
266 223 624016491
106 303 761579499
208 228 208751128
291 408 18195333
337 276 236069820
338 366 428761767
378 417 599220007
87 4 61411600
409 354 778273714
22 291 132744438
107 473 897310464
71 338 560507931
157 498 538636390
473 48 856174305
366 467 507802162
157 51 832809322
291 79 874896008
195 396 571216342
224 57 714343198
201 436 338396555
493 50 440712679
55 36 238631459
184 388 226394357
370 357 616910289
399 56 256529092
481 32 137500207
146 58 467580389
217 133 865575607
308 48 117295286
375 305 487825592
353 474 949118906
4 468 727652516
192 33 890676190
316 259 782680431
442 133 54647580
418 334 566995444
141 226 600061669
182 484 628811512
383 64 711385384
160 103 764554955
240 263 941818407
58 306 63912724
102 201 442987124
348 25 337757538
19 90 956152927
22 173 503477859
10 169 147548980
132 270 637855706
203 305 791174140
111 419 577868524
261 408 439870737
422 324 645031448
330 112 864857077
355 243 957202056
49 300 597889681
314 82 239086397
160 200 714834883
121 136 153697748
16 120 82921001
474 494 12726916
153 248 611270098
24 378 269427897
499 390 758802304
159 24 80266175
456 450 30159279
245 228 951189729
258 296 447117189
47 452 446574169
159 303 525361865
294 438 102161108
484 51 603723350
109 106 660938800
4 291 410874948
389 48 569423258
345 246 25892006
169 64 765794180
294 345 102753366
181 259 592548797
112 239 804854207
351 12 213104898
398 106 331605855
158 157 426735230
45 368 933615911
473 199 777701204
289 366 573877196
47 448 71367407
166 202 696078904
20 73 546133276
480 325 499589955
498 140 222278289
17 109 781572037
383 11 437170220
452 264 571972897
250 89 304156818
380 66 202153868
403 121 843693619
295 156 873542494
34 310 61716929
196 387 666426097
460 85 564001290
94 409 935033281
383 0 692226643
244 358 768543132
181 495 634293370
258 405 232171675
126 235 251368472
230 312 701503115
213 432 801863744
120 308 179615954
176 81 103083697
94 140 167539381
106 452 515234624
431 464 966556262
253 428 554409884
106 267 837296345
485 486 133339202
169 228 2162027
162 380 391305278
131 281 990179422
400 203 586814732
461 208 293337867
7 298 447338893
158 338 518012388
269 482 72164842
157 342 602408210
427 196 319023634
225 181 744852909
136 366 422953005
409 8 933243672
443 386 837268430
82 415 954758245
116 354 934910899
226 127 209172983
435 437 380130300
368 72 452437193
315 69 788190172
384 294 73531510
418 200 766844590
32 388 85174723
321 205 406967385
475 131 853862302
405 189 773230999
31 116 860298978
52 394 830959657
38 127 982604296
53 402 932809243
437 337 157901063
361 270 400662474
261 446 378003654
19 481 926106174
183 156 575718003
316 85 625408918
284 20 802802668
163 238 224752280
239 240 896138252
383 160 168212170
234 258 701060304
57 311 825710609
376 372 887524863
81 457 704547470
364 233 364442465
55 175 173534715
35 64 668393447
440 415 96487959
57 11 455293190
246 45 618421082
390 427 767363464
426 163 156707301
346 333 606549333
445 57 521322983
80 347 139373661
457 365 767379590
467 365 182847919
84 135 586564507
288 163 794144895
459 255 386825419
201 48 577429001
475 121 923892333
280 25 165789398
358 278 514896222
337 459 869881753
478 294 839543320
203 69 956448322
377 357 185097519
427 133 119846721
410 138 633431943
442 316 855902610
314 260 120564161
126 201 370235200
413 101 1893547
427 335 919561438
322 60 284914717
260 119 733427698
471 38 353770267
436 317 474629586
58 406 583011500
479 348 148440733
74 351 788273049
104 378 16012003
113 65 106597169
100 111 480663433
27 36 768439289
35 372 483812779
473 303 290718805
440 382 565953137
205 13 882547408
99 315 277181882
76 161 109241118
391 82 758709064
135 64 108817808
25 159 891048977
427 118 33150681
16 462 138251748
103 183 75525430
62 50 750446297
59 424 221942514
2 119 321905133
221 34 750846988
324 244 845874933
43 337 627662153
92 5 441843244
300 7 742719164
158 499 994764500
332 363 794679450
62 107 587674079
13 454 250710813
360 494 176217436
181 163 161829325
225 314 985097405
499 356 666068049
428 27 658084011
385 265 645868148
493 32 622710994
497 103 970117891
259 336 32837679
176 379 179056518
91 90 310375211
384 326 120809773
22 485 603802226
498 73 396113238
141 249 90195466
324 389 889899250
107 37 201163549
27 374 463724045
11 392 444843993
196 378 892450301
209 381 244979492
116 313 192546475
475 153 226402234
304 63 209750363
442 205 76912064
104 380 924047849
382 372 989786952
449 311 578867067
342 322 49894052
80 381 212908692
203 302 790073476
408 289 931481757
201 489 787090775
213 49 372638750
460 343 28106297
169 191 111440038
355 328 433643760
306 374 45261947
207 137 287521001
116 371 97033874
443 137 637607726
307 194 484012232
474 343 654023369
372 436 132803030
253 437 154283770
417 387 260806566
195 405 387433227
411 42 314653902
14 128 752298824
447 274 928340284
495 9 975729184
54 439 189044564
435 319 953087876
153 461 182123587
158 431 672144246
347 485 912921604
493 462 954168685
152 311 136197813
404 62 627556956
378 186 841297891
229 466 751569495
15 177 530476125
460 407 12079064
113 51 886953225
111 20 744181303
23 91 345455449
362 132 976334039
405 314 942735776
59 262 61648247
118 108 561234225
324 425 945160841
485 250 466632751
92 212 434253420
130 499 595585246
81 412 455550450
433 56 310779405
309 397 499919832
439 444 689819226
168 53 361733749
421 66 512087892
122 124 226482081
305 394 5094692
219 405 199972124
457 95 542916289
256 76 928137261
332 458 944023113
229 463 585076351
131 417 245627025
52 61 754182973
18 209 569759629
382 297 576367074
367 497 55218744
192 400 702631916
241 83 317890233
2 126 709179163
161 170 460807540
245 272 460610029
65 209 351623502
278 42 469648668
411 132 510650644
394 495 660723643
11 428 325408500
313 93 107931564
474 449 899483096
56 128 793670680
347 91 444797304
323 397 264640952
101 70 904273182
270 139 323687495
20 167 448972879
178 151 927476323
329 296 993412856
82 479 829142856
21 153 227336984
210 1 901830098
320 378 470116049
21 260 679536737
133 94 873417334
405 73 985215182
13 161 331940255
498 362 535484638
396 403 18788935
163 443 58229102
247 453 74152674
39 285 383129016
147 177 199756977
336 57 614422550
359 484 613400840
265 295 620738540
213 251 313587733
265 99 498328870
50 487 954797132
123 348 177100203
146 421 671338722
88 464 426157793
405 421 753440649
441 66 245649362
174 140 201959535
0 334 483505085
126 205 691643961
48 393 239684959
232 246 693493925
101 223 683352835
43 113 838950619
32 213 10714446
12 254 501653105
172 363 480813461
98 425 857079993
375 397 751459105
112 145 298375816
389 362 174592183
135 301 361851233
248 291 820463604
301 176 166018292
428 34 675901851
298 101 441219893
105 257 525505783
168 16 400304296
104 458 103033200
376 103 881726962
240 394 30247842
366 115 149069488
94 270 452162058
150 72 16402209
95 216 821280658
1 189 926366817
266 119 925940343
139 404 120750795
9 176 290623644
356 425 185334335
342 365 882327908
62 265 283622592
368 380 549227588
326 119 76957139
103 231 531343123
313 143 896068112
19 62 228467971
356 493 224576098
348 133 107595207
331 200 328956881
200 120 160122867
475 262 801933691
237 494 240871407
144 397 506730126
424 246 67660147
247 90 518498086
82 138 61882393
398 294 384575721
307 443 270789369
36 384 309639928
136 138 69595694
278 444 597315536
392 403 361721717
163 130 374166999
474 147 320286808
254 189 890996749
436 333 446904059
2 357 253196862
282 234 458884695
316 400 646862716
339 487 15062788
439 90 234760354
240 446 678560738
78 212 806281098
290 124 690333625
354 456 365231340
437 150 990150997
469 355 143077599
122 480 531925346
36 81 520915590
439 227 278048537
257 377 578595174
462 134 962365429
381 379 387824680
168 354 873910448
336 482 4862232
296 216 222358079
83 458 294547115
378 196 633699731
400 172 995618109
273 375 571451008
384 106 608106292
337 200 639283654
441 435 678828625
99 474 145810231
169 358 671625258
261 355 539384437
95 97 967593865
199 50 2592464
199 116 483119567
117 384 699138621
327 121 834182396
342 328 112246478
423 168 132532036
38 284 389509101
125 220 59370889
115 169 658913311
284 111 894209852
175 40 177766442
481 294 277230222
462 244 961706116
320 32 273141145
87 337 317985753
271 285 791198318
425 315 104160820
189 107 605261850
345 131 185273129
169 142 184567530
343 103 238175384
33 51 492022253
4 364 144730855
15 166 52223458
80 275 984494055
403 245 991249157
95 400 520858325
310 140 707592095
480 453 436119318
412 181 99777513
63 260 922683621
465 293 72780203
179 45 25882725
260 457 252174045
32 350 16715488
317 115 791538380
273 217 732931033
306 239 375208853
65 42 451802318
470 186 620120964
180 9 853620014
36 140 666825073
209 162 400846342
332 410 473057688
88 128 953954151
209 167 666443019
290 45 284640069
368 0 418114574
52 389 643002168
465 66 943149474
335 322 809244540
444 381 174487367
228 84 3386475
152 407 919412386
274 358 480656798
420 425 648840735
442 201 775228964
309 281 192288766
369 317 637299482
208 130 325198780
143 184 665919094
298 436 991413099
232 383 20702642
492 171 145824056
159 402 366744215
183 474 273172977
17 398 439675255
114 362 77163196
374 458 703748855
438 119 19838388
272 200 198169660
318 322 956727888
469 450 575348966
240 413 544256588
386 389 411233945
206 297 179154730
229 433 881412653
117 389 462851012
143 239 404644412
273 306 392994412
362 117 310125509
319 77 4211818
5 289 864378497
499 455 804626455
314 79 119039182
153 169 488482940
407 400 137528061
156 356 621389040
438 1 521034904
49 66 697312209
26 471 769693687
410 324 145784154
162 57 255161552
342 118 817866882
208 484 615914162
220 455 238474760
483 67 2546865
55 450 280309753
222 120 483519675
368 212 741509122
302 273 107085326
297 280 631831196
339 129 670047309
36 242 266207684
134 354 633200397
329 238 594718816
348 357 998292570
179 363 143747472
36 192 417015219
123 338 778990771
227 300 372854139
59 143 202591793
31 454 223641899
228 85 590134463
198 450 330304102
330 451 66134132
175 443 19384931
292 488 688863502
193 483 376947133
64 313 684076391
279 166 129144025
70 341 444018191
236 41 533945896
418 238 510620710
324 100 950066035
321 34 554905821
98 289 836422207
121 268 264008441
321 486 230010714
390 437 639753249
190 375 207483031
175 30 139057931
251 321 630049145
430 26 877852651
320 14 220195763
34 379 490313859
370 5 501638799
341 37 541017976
53 327 130913738
486 161 225907536
436 446 187615077
452 370 321536959
171 317 137009916
343 386 87893731
273 7 662468147
63 176 223251447
180 124 229598026
172 314 573406503
234 42 34874895
178 159 453923250
180 280 259856531
328 364 716071025
413 472 552611209
239 233 550645408
308 163 150967740
190 35 223280831
333 302 729641185
394 279 603745021
402 232 946421299
72 30 329798074
470 380 720396084
129 235 318017966
81 409 49237822
316 489 820060705
173 280 785941084
213 89 258068611
314 193 473938149
12 281 438590822
160 227 253631491
255 103 976169673
281 165 384436078
111 269 919678453
17 2 652385406
218 26 741553179
109 66 245407597
268 145 81849439
165 203 25826651
484 357 574372410
139 456 113594940
363 478 523403103
435 353 652043373
383 62 16840793
25 493 742026715
273 69 496903739
369 257 544567321
315 412 387967155
323 224 386707356
375 308 550849321
100 301 140551886
199 335 293203355
176 29 960441382
194 409 937591622
72 169 417530923
328 160 386267939
324 219 982866780
475 362 876935516
221 189 115790527
84 311 912695812
378 420 798669724
354 247 864135616
480 273 539769253
390 32 251637072
100 13 66106333
58 215 499415930
22 355 677726534
368 299 149717845
403 88 166513905
100 453 812327687
49 276 937044186
211 285 876838865
377 456 751143745
333 201 520293826
343 121 663145921
14 228 459448181
27 205 22231293
265 237 32755150
188 236 132697353
8 6 92074376
110 338 539047701
417 105 99019889
433 378 214220527
166 467 62325765
6 249 897925599
81 33 17764978
265 50 33472324
472 416 956770715
134 56 339918639
229 136 709243355
426 327 135822653
402 92 548800487
116 346 7458895
285 163 409576625
456 447 935259549
149 374 940987775
189 308 900022781
434 105 21843304
82 146 351875248
473 54 435276364
58 490 210231218
110 96 369528250
236 293 597090656
95 477 23909909
328 283 761140647
111 399 807249692
318 147 810308471
284 200 398074232
17 306 7296624
336 414 455711963
186 240 136388708
211 108 343379904
62 139 376084760
421 5 22147336
64 474 40277594
407 408 671797926
140 300 455873836
289 411 201582829
59 110 307816641
38 428 917970371
320 67 918353172
387 386 680456025
253 134 225483671
493 426 578443237
35 270 710148346
429 217 81638433
126 85 122660783
480 265 659181515
17 199 465467397
180 55 642986968
237 212 869333456
208 30 964355522
23 246 444811423
5 195 101185423
433 329 762884601
367 368 793024943
464 120 371197315
311 388 585194150
462 409 575396357
321 358 70855097
482 362 212813632
448 420 859128795
470 144 837775941
394 436 916864654
99 239 832104995
245 407 536001660
48 365 353521659
454 475 775540697
377 251 446137453
114 236 953646012
179 226 863132882
152 260 323223318
79 432 845643103
143 316 44330848
395 324 607486988
425 494 290216003
349 179 864921589
194 231 246447246
446 423 299814992
427 112 437322026
432 203 210789831
162 416 621278583
232 374 603865113
216 76 266463905
96 395 275437673
292 478 887189201
441 290 142465900
100 363 647469300
226 276 562782761
79 210 534877555
360 218 218512931
349 27 521490234
396 352 121308314
6 192 743416635
262 349 539045056
432 466 168471772
406 178 239621942
12 152 996761659
278 100 534246104
498 471 512515794
202 447 607612898
284 206 643913296
116 232 737925554
100 134 154577020
91 443 471207878
232 101 405935038
297 156 499794068
269 194 724512867
448 32 873238455
34 41 788329544
237 373 863082644
496 27 388470787
420 167 143398000
212 236 483932605
446 378 548521161
63 385 858112120
432 134 171544847
194 322 74499502
357 394 584673262
313 4 815240423
139 387 10967169
338 158 814122836
491 208 191523934
159 163 324481939
413 340 22568950
266 394 952149509
187 74 41150907
205 341 83744232
272 210 9826313
499 83 673737039
209 97 611748733
425 205 624418951
365 171 859417794
365 78 46400594
219 480 209673055
159 210 101233372
70 124 580346049
177 13 320929598
84 382 389243622
302 146 744943516
111 19 134570959
461 161 143525502
18 417 869343692
352 398 29951663
166 377 797853444
36 19 33063733
236 213 834306565
65 68 480652422
87 304 145127040
120 113 146645000
210 141 490455997
54 258 730022501
272 417 775043612
106 401 980516983
455 289 832103557
27 304 401507862
247 295 145417624
136 63 292856376
88 280 583806101
401 450 374839197
326 397 191552761
417 40 543154508
405 62 991472717
295 225 515737613
215 367 870767467
270 303 791394251
431 323 174705375
43 373 62124294
109 324 679483081
227 141 978031198
231 407 587732291
211 154 86924767
222 176 128210335
281 89 187413328
389 83 998184837
155 432 40141873
438 446 894661304
390 422 682246564
211 338 102531795
188 316 783932997
71 304 356493805
476 477 197333083
491 230 398608413
327 27 137638358
448 126 916888565
21 160 88773638
56 277 273852142
99 166 427243208
189 338 688969275
423 38 344191610
367 196 811879384
290 310 873638300
216 429 128453083
218 82 618414671
16 174 355373669
75 175 666426955
209 436 649818175
335 469 177171169
50 369 473771935
184 346 797231963
410 195 985596235
326 269 110770977
460 415 750891145
480 430 515550381
498 407 405700254
383 320 883802199
404 104 592246240
467 7 427033013
470 348 690822237
60 46 474025397
337 313 948242836
341 217 949990843
62 316 103811687
46 216 101886343
147 347 233618657
1 403 925726029
241 426 285735288
15 334 465175384
353 383 200693203
178 459 884578914
447 367 690693001
427 210 689368772
477 88 458668172
49 436 923359820
152 131 50588318
409 399 562074993
269 191 723535614
462 188 91440436
477 112 995196865
455 197 755514476
48 448 299184534
420 196 761858725
18 358 574672954
434 233 176148749
344 439 777730265
159 491 985449707
119 66 630556793
73 3 54276912
438 282 987133159
419 275 2666535
241 88 527278801
480 213 837907825
231 17 346170562
269 239 209661004
364 152 275432151
176 495 604347299
43 251 553942255
302 493 841581525
290 200 650472704
135 208 456706613
210 446 520587843
311 182 462506340
370 430 273597271
10 25 158482869
48 57 20014637
391 379 531968684
499 284 190939599
455 243 299520745
45 13 949783312
413 164 452563566
145 498 997290334
442 271 835254417
384 291 269598990
135 291 267488172
87 227 719027292
225 111 607129224
298 457 146866306
331 155 229093416
276 182 78851452
332 192 287922489
272 287 306624701
220 466 251357574
481 338 188318744
80 310 900793233
397 407 7765496
172 126 694292836
221 422 706454334
228 2 421265328
459 375 657338483
50 4 69844787
374 113 448208128
24 161 759576634
17 362 536067681
431 356 49654206
281 271 78902250
252 393 242226882
258 89 520757776
239 99 348032971
250 94 188656364
460 127 728789541
388 436 557133894
335 190 934934748
77 131 83820122
194 118 527360436
171 25 103611209
472 277 413651372
209 344 709943548
333 334 570699203
494 209 781912676
261 422 135090390
444 247 53993782
186 461 885682995
136 483 259020801
96 321 197489172
139 334 58844874
245 295 957551072
233 452 781993385
428 390 957250849
210 7 893093740
202 181 603299111
154 7 236860295
499 145 254956781
373 356 779343398
410 203 757662455
250 44 505363310
474 52 784470197
425 478 74522245
488 59 268143028
75 235 940543540
173 457 519996781
117 112 17658119
358 340 128075040
290 154 113630679
131 72 611011866
465 489 641649489
478 321 442546046
349 483 567459441
81 246 491786785
122 133 546850695
226 1 294320023
129 317 271818566
366 215 543618183
264 23 417070295
412 460 843692366
210 432 417612119
89 306 620131261
451 127 636866572
222 442 224340631
316 369 206945605
253 493 6023561
490 315 936367518
97 158 778727031
140 240 131724937
1 134 879246417
24 154 482243208
177 370 181909866
244 480 983332279
443 177 650661928
194 222 537127834
180 367 737605437
217 157 825162727
175 21 38313828
405 79 299256404
29 35 13760649
497 59 935258288
259 40 111575117
386 145 84196220
339 71 947646946
263 463 686911757
8 86 92573492
115 176 569412821
214 12 598280521
249 231 150755906
498 483 750332839
252 190 854626584
35 457 573851907
282 182 294825318
29 206 233208021
138 255 756262815
193 480 360874294
230 377 183551447
175 482 971572015
201 57 344032183
205 445 629899619
442 491 944905633
426 92 333434559
85 230 277631341
110 415 493763030
469 195 500849208
25 84 163029224
212 488 948250921
428 107 316994562
403 107 52694845
373 472 743363029
247 179 35243712
428 267 837547837
212 30 934524307
59 298 632637527
315 295 993548294
407 440 77008427
179 221 45588173
297 416 391293997
10 422 92713911
309 402 70093150
472 167 539008879
208 497 421080506
498 241 780801050
386 349 367790267
368 68 982860504
329 402 242583974
78 176 379512095
77 60 708229216
326 259 991656185
121 236 860263897
215 409 202229354
349 67 992519351
275 47 968771815
73 107 345809384
24 77 393872118
247 234 131031174
6 213 959654688
358 192 60600474
466 343 848057908
260 430 563290276
308 280 654473567
6 87 881004367
98 305 810519695
182 285 88881299
9 323 678436759
431 138 722752010
400 50 555857043
79 443 454636098
492 455 314123900
221 495 968874498
36 443 89824626
356 113 862076698
229 203 880992843
11 220 464764748
493 161 23625907
312 270 190840087
376 270 218042078
344 146 833399676
379 383 990245556
259 55 630112849
25 173 2684969
317 109 875461555
413 466 29223962
420 458 528958387
327 388 970533921
495 244 632891948
240 93 851927808
126 244 378450774
441 147 853057210
71 449 746397564
130 162 363050679
216 161 957134717
46 55 32875810
108 129 413732541
180 327 859653945
492 348 159029754
111 497 501272986
318 277 625348081
183 387 9285721
451 256 330703724
156 210 682318618
301 348 800376522
467 327 792273517
489 428 449726310
488 370 103791241
493 386 79983419
242 472 363294594
372 56 373164603
442 408 462239259
49 290 471089822
228 314 56446356
221 317 480387599
159 17 611082429
286 472 513798483
465 108 93367425
153 140 158533962
254 154 967963911
478 44 504509498
380 281 227359963
427 197 203893447
305 237 232948290
94 10 417872209
320 158 794161078
475 193 418441535
244 407 739539587
125 285 72323057
118 280 917564170
465 205 934618413
357 366 543722619
254 421 621336954
447 195 784899407
65 427 460261441
200 450 683357249
87 41 658717896
106 237 847334962
128 368 29703625
192 218 558419846
207 28 151989680
222 305 106674295
175 337 582156626
398 487 218166716
174 130 112986340
411 390 99329939
137 488 896485869
202 453 345919591
15 66 803953850
42 19 45192068
107 349 976593410
377 322 212131844
113 468 440233016
184 74 89878025
213 147 745762057
383 394 811105453
208 473 313136483
312 327 325372113
409 132 385655565
30 35 635607961
210 409 732574083
226 369 71444936
493 97 878184309
22 404 930909326
405 252 533583910
425 140 797614153
387 62 933669269
104 201 339860391
260 358 657976444
364 385 597097103
2 158 833851617
150 227 92549794
318 367 954827316
30 292 943812370
181 225 451407267
154 62 209572806
367 373 302882100
246 157 566405870
175 125 5360900
329 163 62401506
7 144 746807987
137 93 876420316
348 277 840928638
431 210 866662127
10 376 714984804
268 112 600739567
30 255 852806875
379 404 926720476
104 408 886489275
20 156 969246200
416 393 425241694
20 71 4612609
18 42 360881114
381 467 218101049
327 55 961917450
126 374 227167456
183 37 374183614
244 240 604216328
421 445 890208472
355 256 502639932
482 50 319176394
20 443 940900364
255 284 837274679
280 244 442176015
437 253 702002670
198 32 8111824
140 107 339803539
487 169 89715237
130 385 117738978
285 49 634171680
25 312 76912708
461 35 262864597
278 81 740870666
5 14 567595123
113 216 202593837
393 285 710009414
321 106 435923693
478 482 681479769
485 320 818627475
163 260 373569462
156 159 221861065
95 324 531967768
367 7 911817397
357 388 143503348
38 311 883579201
330 191 421180209
268 44 816322295
497 385 985436316
405 432 112616458
436 155 850851252
166 136 662487057
286 485 432683086
269 73 164873075
124 242 637935034
280 98 945139341
91 215 106050424
430 403 960201378
3 119 614762587
165 496 311079072
345 374 805236489
410 32 640684010
66 63 264465028
25 489 156499323
432 395 948743070
475 165 647125513
494 82 594307396
308 271 957099125
368 418 687155820
19 179 109578875
253 360 889046391
9 451 299946212
369 297 114463471
474 354 828614949
253 201 227981705
188 251 758141478
353 449 470927303
191 257 405074278
477 55 214451287
203 471 231816599
253 11 1791806
82 73 425290833
325 250 539130567
262 153 187064342
78 102 784223428
85 455 501934906
262 25 366567897
410 466 562096632
37 352 134932511
278 21 396949456
164 144 897937113
184 464 132617969
283 54 438494500
382 168 872158480
126 305 634310953
468 401 16252691
342 386 467437641
108 319 155242072
280 349 445694916
394 173 800951094
173 61 14247458
173 96 434916293
288 274 462544054
18 261 601097195
199 1 972365107
330 493 46865218
436 120 791146621
211 42 932938082
310 0 117885638
464 414 143946025
310 117 437013704
56 448 394597497
334 253 850990186
429 395 606767700
66 70 391602779
55 123 994738231
81 220 21686722
292 162 53299192
440 369 344348819
150 209 155418197
26 88 88595640
93 452 427424052
257 243 769510066
490 3 298108020
183 287 200482877
189 330 582606331
497 199 1077673
380 489 205588546
400 123 184777159
423 293 682862993
67 293 970505404
380 362 700538332
401 213 201027829
464 450 311058800
265 190 377072821
497 350 855950523
40 358 909225554
274 23 534493066
489 47 707379738
228 92 151273420
248 302 365334296
199 123 639865984
379 271 207896431
324 431 647741173
412 288 69570784
185 174 561629692
200 236 854781321
392 456 915402173
173 74 443488723
350 183 54987320
177 53 779924571
70 473 529607387
368 359 781759024
485 329 948412560
481 457 736727625
480 57 734425848
406 326 271861752
314 102 335940030
319 296 517781148
307 465 743479222
466 17 430987032
367 178 415208653
445 332 541664688
254 387 204686041
191 416 642008256
9 290 848303852
430 112 995291733
492 392 6052640
413 478 457117519
286 19 922375837
251 333 5254392
46 485 705715791
370 216 827691432
14 266 679201264
497 325 193053946
205 460 552305552
160 28 576461806
130 127 317017930
423 9 792926354
422 283 896659333
178 115 62321467
148 128 707023573
30 62 661226396
147 160 150619595
167 24 752737498
386 4 701290270
274 47 257499027
348 438 643948115
188 449 295455218
125 446 64720716
399 170 800499503
15 317 78753119
243 1 986324610
67 440 412797542
3 358 740721372
273 367 452311306
426 407 479831678
423 2 63302862
25 147 705183799
361 203 275802205
10 27 226441514
172 337 671003477
349 77 570649308
284 447 431655791
297 383 762549640
398 1 733178076
120 394 394030302
368 36 460454481
27 271 931789726
111 305 899679464
113 411 509614194
170 400 79695615
266 456 958424392
167 14 540100451
256 387 374053292
234 210 440833267
349 393 385712157
252 421 867634960
28 495 14985611
176 286 437839721
24 348 640568891
473 276 567104492
288 82 199187555
367 200 535053366
321 426 378562094
318 157 93156561
220 412 269306783
389 331 252980630
79 418 783755031
270 444 718050483
419 203 920662213
491 22 603299869
430 98 924990084
491 13 665576586
306 392 247084256
278 152 427709177
69 392 752382895
198 1 765614944
143 120 466067535
5 351 853685507
77 309 567689234
358 110 474407025
144 468 418568472
96 100 637015406
494 477 276972309
424 112 719301170
379 412 669824706
147 411 651616298
282 100 51835044
22 135 347305854
108 15 402197845
1 413 715491140
232 161 350144658
265 145 223183667
462 183 634673037
292 315 460878513
314 255 544934622
72 58 699936457
177 282 439352432
335 439 278478897
65 98 81287596
286 323 593277487
164 45 767944600
13 472 210872598
269 205 104029179
281 52 449629669
181 301 568446395
61 419 54855810
107 476 861633275
159 446 631874860
9 10 804568935
193 157 796022749
192 347 70386659
413 296 565113614
181 456 47248731
207 418 27261575
58 297 982593952
93 454 974551620
397 408 684945750
277 176 498669985
104 136 133573740
290 377 555348162
148 204 34083406
424 322 18875128
409 320 683991702
328 380 478359010
52 499 883270669
276 85 142353286
235 352 260634394
241 176 477839117
40 134 416901205
54 132 833192508
482 128 865901307
293 224 188443843
110 400 743171806
68 379 851628509
306 479 700829681
34 483 376145122
448 442 375024602
486 259 27992991
94 138 542051155
211 176 602637267
266 378 737886874
159 14 459964069
208 343 836651255
315 397 704502092
225 139 711483149
268 146 480611222
326 353 188872760
488 314 984650343
87 259 236448738
494 490 932629910
10 311 532683306
142 215 564321166
451 89 479912279
184 63 125903028
423 157 692485883
446 63 148946307
209 370 9637800
179 325 56880790
147 474 158842090
268 360 161662576
63 182 796108833
105 258 233005648
425 398 440566868
36 57 839610340
11 4 833121365
140 116 872946876
224 115 510504125
421 203 454583304
127 432 179392589
400 432 653265925
23 193 93882472
494 216 103231805
427 0 835140177
198 272 665299662
350 240 582543619
492 295 283425596
320 248 317821999
494 24 823220330
411 178 969252779
47 223 53709745
263 334 328114779
206 82 682103440
82 239 239610335
492 194 899797785
356 452 54491327
362 14 781563545
378 119 486233831
429 181 441116465
298 79 185690257
264 134 37726605
115 111 936994240
63 128 890159573
334 278 340180577
479 134 89421842
204 37 671231264
449 193 71015922
118 147 363734079
157 420 997048075
228 485 709227573
43 18 314428866
424 462 754562053
113 436 945735448
174 51 928917323
202 17 719440403
436 393 880073357
355 209 614660134
462 477 839394751
295 455 752752981
435 318 586338255
80 73 18459195
255 180 528667663
103 295 314578213
126 183 19816556
207 233 120898940
457 478 294049377
22 273 992640176
462 207 675865228
137 227 941299431
73 260 309345115
410 447 967917446
134 240 490845617
35 407 353077584
364 183 576832234
88 112 411146636
204 134 361722048
248 135 10622139
296 325 537868359
79 383 927120776
132 375 176890756
20 21 680445304
42 421 613761716
122 105 396402543
127 481 531081758
299 189 693144814
60 450 131005843
120 401 458638856
86 84 635215151
404 196 172476288
348 2 304974867
294 250 359429743
409 106 889857616
140 453 272172387
78 18 431643727
229 173 693013409
493 345 283101333
330 68 530218507
439 462 784256877
443 44 223537903
230 7 681080343
468 332 147479836
108 461 635949054
11 412 181127000
317 348 721239110
323 249 148938183
1 215 547866151
194 82 32635803
395 113 221052532
216 292 451395662
424 386 531470830
175 424 76647556
219 415 152450286
390 298 505241362
124 444 920702773
166 454 64782751
190 195 899705758
328 181 167185292
42 269 349494913
430 132 969723749
402 10 481359239
355 91 768025856
496 37 676989708
73 123 479438484
193 385 123852480
152 366 514203668
281 259 623417750
251 393 734661475
48 27 886225571
194 394 205838677
342 75 590817006
20 414 477024547
235 415 92461107
485 312 729912371
285 16 756718834
236 281 187082631
288 498 254220759
466 231 906022954
355 391 816666189
285 401 856723848
408 237 130290146
5 325 119082512
468 48 307263498
216 365 264917502
485 279 61253065
392 203 389653111
212 351 287249379
357 434 699855881
354 319 392593186
93 163 438614651
387 242 263831251
403 131 463036994
122 404 336743391
384 487 343821982
345 324 551350761
448 50 548132791
136 470 47222438
404 256 228135229
467 366 521172594
273 239 384373707
165 480 112171575
128 322 803953512
383 10 514592990
252 462 798187003
468 331 266679624
109 439 673702812
122 242 253769304
321 416 822126015
133 166 938109648
444 443 754140549
57 100 362515227
57 298 580097318
478 47 103659676
76 440 896191481
479 308 940384523
485 336 850242968
88 96 338523416
369 401 757226160
344 462 923875790
357 431 837136095
242 342 864398144
296 462 463613487
227 313 551182011
428 343 982785505
409 123 101269038
442 313 673989361
194 109 516369578
229 368 857888610
54 189 184181747
206 180 472912492
9 53 7928580
420 360 583680080
400 319 429519806
360 74 857768710
119 368 695236900
135 383 187422844
154 238 550761136
71 0 983212083
56 220 510817312
150 175 635545287
60 23 938917860
214 487 14500042
225 479 687374243
54 81 409447879
33 148 864067468
348 256 159582273
207 337 58557281
51 383 747261643
85 409 337432670
319 178 568888967
71 498 897385296
172 497 759904580
198 84 485651539
280 261 174230768
304 282 70096129
8 461 486605988
454 263 912866127
38 208 805220438
265 1 862199524
224 407 347391268
442 126 527285630
154 98 17547100
201 449 122063266
215 111 346521214
143 369 807407324
414 307 523650041
423 408 828506396
269 139 815729640
218 110 602281266
269 380 148805198
156 207 509697176
195 183 463462842
25 129 448607538
378 244 316168110
431 94 674087362
326 287 383541328
170 302 269872041
219 278 104741775
308 175 714652526
409 321 238211591
495 470 130505100
242 136 173715800
418 484 479731254
41 44 104830090
112 36 707210493
36 116 68590392
410 90 640912932
271 158 549537191
99 181 252237189
308 455 800281987
72 389 461827087
135 125 724230884
163 15 419976032
452 53 639448046
197 387 860439222
53 495 199644376
99 380 329724035
377 53 938110293
302 310 336209885
471 460 913457500
67 373 22653549
61 48 68258043
419 236 348234386
20 426 292431253
99 350 202155707
455 122 100765074
9 182 524195473
220 123 446579342
429 326 482522655
240 165 885182705
130 455 435833092
79 476 543969489
119 229 103319822
155 327 152892971
10 30 365135437
402 261 888110041
492 112 203286616
270 460 910148853
427 263 220118257
4 206 465495930
49 30 974373284
72 247 720519699
50 368 367914129
39 214 370714393
258 160 747330460
305 385 694599378
301 474 802813802
52 382 250261664
359 267 442693105
138 340 140540768
483 211 96390942
423 62 606032066
125 81 198481283
65 361 692028558
499 268 649769500
76 289 665959075
456 436 631452129
481 443 388062626
21 184 454847011
115 274 604945353
340 379 427025007
380 178 778475736
192 380 740213143
498 243 809214188
496 427 792523496
103 365 2985038
444 366 507581332
356 257 762666456
8 140 612993128
376 281 608287529
36 364 504369502
74 341 386382270
410 62 158038642
441 199 73975604
80 240 593697199
71 89 862582566
397 78 740335231
42 410 436830484
84 473 582464667
123 229 596761656
129 42 787121142
291 159 468365765
356 44 690464212
324 46 855071592
48 4 962706262
15 414 643668867
351 215 692579120
10 254 780484099
76 393 276694124
72 148 236341309
175 418 639946639
134 190 973761703
229 269 390533710
334 185 563983060
425 83 961101597
95 47 670519112
307 439 491751313
273 51 858124496
347 332 304508499
493 484 421481517
160 229 331395412
205 314 459256913
283 361 182970131
467 257 3786123
50 426 773125256
359 499 92012512
129 262 484276266
3 455 932248626
425 468 396944421
434 146 606077141
347 7 501645837
497 71 303081561
222 44 226919055
143 281 880840229
229 263 710472919
381 47 729831596
273 56 918970550
86 387 961935236
174 28 55231654
323 396 943519349
76 319 757847033
437 58 115137660
208 367 945989522
354 145 106963578
358 163 664473745
412 64 305028430
148 299 302658543
177 32 976379687
241 40 816702037
302 182 741067155
133 64 172612370
122 257 944439557
113 246 307922972
261 164 391325737
337 229 327967204
67 358 777690297
383 15 857554075
84 385 917757370
469 249 938934235
81 154 399241586
292 342 617599660
429 457 104549353
86 292 799353354
41 203 890679988
236 456 390411307
495 166 491296656
494 481 829750527
365 352 878269151
357 142 731558459
462 475 648899798
298 193 343294732
494 108 77358407
273 154 429278043
106 326 899198789
53 272 691700837
325 190 316707299
302 106 648571489
489 282 429640957
452 158 39415683
353 4 189834620
85 221 13408401
387 355 8153654
314 373 138754026
78 108 330544121
264 9 830555238
114 77 823715297
422 91 541414601
151 236 553566350
32 270 34452599
72 371 218556553
219 434 320954710
277 305 611985764
351 292 865891479
365 395 230594230
370 112 302324186
150 288 810540211
350 313 635233724
467 156 671351511
351 125 968301128
110 318 639974285
77 133 880772432
100 326 958915
287 174 650889330
349 112 457650746
25 5 810050514
105 19 331585910
282 50 57108422
34 29 227260978
413 287 963639286
88 170 203422630
135 283 572679496
328 433 969672034
390 445 18962646
472 77 72229602
410 67 11590475
92 334 438121155
169 338 890239314
202 13 862742392
393 428 824349883
281 202 415569519
150 373 162068326
144 165 44617017
267 333 228228830
317 66 394496523
207 115 596394005
191 156 862011565
158 190 975217802
170 306 146621678
465 354 734802425
454 458 961832447
443 143 74737089
347 36 951458952
125 309 70779461
327 103 203764239
220 391 731893164
249 221 988778438
359 399 455234672
5 131 328693688
271 290 136214964
394 82 791384320
460 213 843422736
84 459 236164459
154 169 616724
317 372 994243585
46 294 568938833
145 324 338881290
12 40 588803556
200 493 826493659
48 315 515666479
238 437 584087812
390 429 487745781
373 288 143730008
80 312 162714603
427 391 573128468
72 491 483110174
471 477 761436011
80 419 699698270
377 252 365818736
449 261 191678444
204 130 409178902
489 446 9176000
471 452 761812078
413 169 240606454
451 286 69305007
81 402 730344757
255 18 575298461
435 5 266027191
311 58 921954758
137 289 243367129
133 395 684105607
250 86 67868529
45 423 231320486
83 335 702564060
363 225 297939371
446 246 595240389
26 351 290381009
121 396 282193624
410 61 598662573
432 254 140101061
286 170 446476816
12 164 494032311
56 270 52507462
56 89 804846427
333 253 421910526
288 478 934627134
365 370 675682703
334 90 443203906
329 20 883346469
472 185 410924963
28 157 110469644
18 207 777462586
159 138 264748304
439 36 421589182
393 222 941574313
238 17 692545779
450 119 405398389
45 490 271839611
101 356 681919702
432 297 845378299
319 425 464680251
164 142 281312217
477 116 693225241
493 342 215349150
120 33 823612037
63 264 302579114
27 113 475628146
147 424 841469091
229 219 535595849
176 62 424490957
237 105 829752559
315 84 96060312
123 111 591942693
2 124 770874091
79 265 674068569
460 459 478635826
41 136 553939948
393 350 407464289
258 427 233026004
455 125 626738850
226 50 518469943
426 160 303995820
146 114 767756181
76 112 345192413
392 185 208423737
90 150 852153425
193 456 719009943
267 116 324813245
475 212 103291357
359 87 121477196
251 232 837953809
195 142 971527414
396 494 81363007
73 427 466927244
471 97 505362233
37 407 575306189
331 90 525391781
109 298 875279893
286 227 124644627
190 441 746488614
293 329 648208211
241 72 526137994
156 118 789586923
385 476 655921963
121 364 118135103
216 173 521836651
334 48 191556749
415 181 675603217
96 6 670210134
472 261 103352909
241 22 448377556
388 416 206204515
467 81 165849804
93 132 943748817
350 254 563608856
374 74 514091916
373 249 126671311
102 470 521138053
39 485 805202642
271 225 125790707
301 227 138461028
163 479 352937137
33 321 53732471
112 272 506524016
158 326 483740770
424 167 713841761
227 29 709026705
55 228 811307673
374 368 126250126
385 120 764382961
424 55 852265941
196 1 655583145
86 143 864669867
421 74 559711945
199 273 609496367
222 16 603024778
351 316 728503462
181 177 782434476
398 46 816976340
100 309 203857397
79 489 942532504
19 220 195605401
151 301 487389298
357 126 83732989
74 116 871626865
357 117 657214711
145 189 170698019
79 202 256734328
316 388 5822202
49 141 400154075
72 136 766036055
426 69 327323499
108 456 374240916
365 208 599989475
22 275 237845743
370 163 857633279
371 473 207064749
398 404 938109368
184 367 996873366
430 22 119062637
335 217 953171555
35 202 724965494
150 343 939609774
19 76 643048299
108 491 502080148
97 313 933210895
260 489 431527964
243 409 494835540
276 81 97016835
226 478 297835131
483 474 948645827
86 95 138601214
47 285 843289112
298 6 237572838
121 57 202545849
206 169 698327674
0 142 264247433
201 200 526622209
143 200 588411795
478 253 563843768
235 441 921086985
373 40 844563745
26 168 447835057
227 268 924119583
120 419 114625721
118 455 45557278
411 472 427891972
121 343 696193339
143 476 671006707
346 121 132884089
400 279 884469194
291 257 29721109
437 22 695237685
177 293 604129831
33 294 387780290
64 121 270063673
7 29 37828426
407 271 816838307
337 399 790687536
339 153 360269227
232 91 849802893
295 457 279796947
267 191 909989061
295 162 125589740
156 164 213196607
226 420 427936469
71 293 101749871
175 133 565465550
408 489 493771017
130 85 139320944
236 330 187906389
217 346 234929246
128 131 178812172
219 469 324643330
17 410 592395009
477 380 568565652
229 81 372666159
318 29 124084452
4 59 150742373
117 192 417909679
330 331 445513515
94 130 601111908
211 312 321618718
365 26 96453386
137 72 612301052
191 136 288320403
498 162 259407102
83 191 850674358
483 256 937980680
173 103 87643013
368 50 637188041
287 419 905127177
213 316 376206058
357 161 425290765
94 464 961777982
56 295 542872345
293 480 990116800
439 87 788795301
453 308 173918187
164 273 832738492
320 189 48894790
41 475 387833513
451 330 399722567
242 138 219270908
210 431 232609770
470 148 400619845
320 396 781610510
47 178 730289368
389 237 127772966
76 312 641177920
198 199 618342822
140 241 330200014
350 341 816712693
228 303 693128958
30 17 557218566
163 461 579806892
162 80 452955650
112 11 370597057
181 25 28717737
338 284 606884140
387 216 569899669
5 405 421255293
63 191 769548865
322 378 712741656
308 469 28360320
308 369 360270439
117 211 651015319
488 418 181205878
247 191 610656934
96 99 901874737
349 384 920410463
312 128 768958304
192 328 370652848
178 485 253194531
305 191 160788593
309 286 189927162
256 322 937064968
73 336 451206300
382 196 144357832
437 136 227386653
151 63 490388593
228 71 205353268
479 290 561026010
29 252 721676789
135 426 774189787
287 311 778869560
38 344 338015421
490 414 350996148
458 46 433194692
44 103 151696174
453 177 589258006
150 296 611372253
389 324 75750475
52 407 34092112
419 116 327025123
436 107 475935505
34 229 28814502
183 177 499686579
9 120 530743073
3 320 17186431
446 70 496353131
334 377 174942132
234 468 13857478
77 438 372216230
486 68 84893716
110 187 631386756
214 285 16711929
116 84 677284898
259 218 995317650
27 492 788958996
89 45 595976889
266 338 93128345
259 459 9142000
79 104 524495806
147 303 124010731
68 120 213176488
431 40 245447247
493 150 595035663
429 127 474185751
186 211 406856867
350 330 29723571
366 69 862204109
169 122 994722573
139 432 505384839
397 299 263551281
170 130 179429978
294 124 692529953
34 80 862539698
119 77 406885963
1 276 762084508
495 310 119412038
456 31 934873837
136 175 144784511
192 345 104949554
140 477 401618213
357 8 216593030
325 244 667689425
449 165 582081982
5 390 16646158
3 384 551763800
278 20 3906956
328 302 213774566
161 481 773532875
267 155 916045191
151 392 717285934
133 339 462667722
396 187 812962777
244 91 899022511
375 209 228711757
1 301 639440437
162 136 192113416
283 319 598420075
251 218 376073192
367 61 854169128
423 181 465516753
171 181 41638901
363 279 967506003
403 283 284187983
88 127 659222877
292 341 461035723
373 390 917310801
440 148 304469337
117 467 484001867
173 92 281244586
294 248 987093696
130 171 28466518
488 149 537802422
323 401 943403042
241 247 722198062
236 382 427999943
344 261 608291914
103 168 10445879
100 110 261551748
101 138 755052097
190 24 88231225
48 200 702384044
213 10 240110564
279 377 729328917
75 498 77333147
363 106 21785116
412 496 512460993
303 54 313237047
427 388 587351033
262 401 656372865
291 410 190310535
376 170 115381532
341 350 136816824
189 465 977382457
414 87 240889177
100 219 406087396
338 26 591430040
292 15 842921260
463 249 887105332
40 91 591174780
202 177 722781795
489 454 788102109
451 178 199920051
293 442 892116156
77 96 694891164
47 118 473897529
121 383 458673339
407 442 672254019
295 194 941987998
291 318 356187460
483 425 685204575
114 323 641196328
302 482 965584601
480 356 28420574
213 2 919511436
499 79 304512975
184 399 281027215
481 381 644114199
74 331 709850845
337 288 394862992
313 383 756231890
55 260 806247500
157 341 884713773
263 17 636355760
417 194 923313568
124 270 841617114
127 192 720927289
164 258 948095864
300 475 399668069
337 27 998553045
138 327 302747115
78 291 48081555
58 288 823464194
104 317 397921967
166 130 533162030
201 154 735951046
44 448 661529912
175 242 570593169
279 213 902317852
179 445 304614566
376 92 642054005
242 96 720467111
198 23 477250249
477 96 637596361
186 278 700797560
136 28 191470554
79 388 173883632
58 229 177759487
275 212 115130651
372 195 158689350
291 183 862892686
280 157 837464123
303 36 861065092
38 416 541198221
493 270 839347115
270 255 429014335
279 222 255902716
226 157 428919750
111 387 142113651
110 381 257732511
77 281 114352320
70 51 977880393
365 200 722545593
141 431 172542649
172 33 225113397
161 289 179254174
226 86 830681647
39 263 151471549
101 79 794447800
7 242 817329111
96 140 872316018
446 271 664946222
20 355 957712789
465 291 152669876
253 185 424243904
8 273 916160123
9 171 460600188
329 490 921540336
328 339 335767591
53 162 567099638
450 125 68434460
75 241 130187784
164 281 439214017
468 115 172725595
75 16 567406215
157 279 664762982
205 318 1399812
158 468 721712253
421 142 771249761
202 446 595204510
12 292 296996833
309 192 206810341
240 54 405478819
48 54 671719052
381 465 209841798
486 127 267252812
194 427 91880348
330 142 455149083
236 320 985701712
92 235 199360667
148 9 750890037
102 154 329115546
103 475 140300773
91 153 959730299
296 355 910633075
394 67 380266553
256 13 83703043
193 139 120421480
71 87 933949917
177 312 320200276
354 241 357866674
478 462 920601108
413 345 754419858
150 276 327417881
4 156 541123150
31 466 979055354
155 112 845990309
341 1 335888725
436 52 736756401
260 85 313089273
455 81 439383976
186 79 727656166
239 470 65238283
253 372 753314113
292 187 573391207
234 491 583203293
30 133 453255860
462 275 17421696
196 407 94814519
64 331 633389561
82 290 689223426
238 123 850388097
60 353 519448885
256 122 957834526
211 28 811717623
442 276 656731986
54 245 688738876
175 481 309719159
39 6 840680920
274 91 338538965
351 156 204111211
151 7 583187705
468 449 878900620
263 127 807686519
252 436 829218258
282 341 272024489
346 67 303379679
341 18 762593556
319 342 748764491
295 180 784704047
472 282 668489632
282 18 717853662
322 264 571541421
31 92 756018668
469 152 356005451
86 248 459497620
37 178 200792838
149 123 564787279
386 20 855973767
242 232 95185595
241 275 630941936
299 305 237502627
98 42 517541473
195 305 388175358
478 288 723186517
367 175 562428366
85 267 72625747
234 164 563294244
370 285 234460889
284 439 144178373
392 469 867658491
494 161 949278904
250 170 436879589
496 395 753243047
389 163 22477684
37 180 586708232
472 85 310850835
60 495 883229862
391 232 395241184
79 172 130311290
15 134 894911026
383 101 884956479
136 59 218719921
268 54 487372890
308 20 149267764
200 227 994664607
30 350 692283759
454 105 478548197
116 317 505006563
471 180 360880217
222 352 339805178
112 128 798727702
181 305 519368749
77 369 934400210
477 62 718717893
129 207 325137863
332 257 828033476
180 140 880464913
278 14 777823473
103 371 923709319
258 376 699542516
342 32 448392608
150 339 49909589
10 202 491792159
228 201 608711437
274 331 536870474
86 214 282529525
281 241 504168143
207 63 52797739
61 9 402651907
318 101 69391848
469 107 661942961
27 476 88850458
350 2 745325554
413 305 480561789
345 101 215101283
371 317 411288291
407 263 120218859
274 231 706821503
377 88 914952608
373 464 867961646
245 236 495103451
365 468 791855125
99 449 521849167
73 12 444625605
292 75 399174167
404 220 811960587
120 344 389815900
378 466 129669585
140 3 135602040
261 31 862711431
18 58 104007773
273 41 38816490
74 154 425949061
467 73 193144991
251 83 676659315
307 415 80070313
23 407 212689443
36 127 676593926
229 63 760194471
351 485 841653959
296 214 933096914
242 241 656945696
483 200 944094351
192 201 44019862
4 489 688769673
274 59 677919409
190 461 614476166
166 23 449090649
464 392 496000850
314 474 72086042
135 358 818747155
348 240 640868875
490 392 493080246
202 272 104314209
466 320 480950438
455 154 495698460
149 494 895139985
133 218 493656420
212 8 254676242
273 271 209063444
272 33 151236328
369 499 822587825
228 403 157881714
137 46 370791431
132 468 733377586
10 186 934200907
128 245 117301223
407 404 742084250
156 249 187300626
369 298 992694481
414 333 162212033
220 336 641423165
339 37 373063523
101 66 148513621
426 409 924272547
278 384 289129797
226 255 591620610
310 212 843869567
3 282 721057093
260 209 96366347
73 118 368536014
244 280 848853522
401 421 116903558
133 89 518053920
88 330 151318054
405 147 607103085
495 425 505267385
387 202 145905357
485 362 695014226
269 295 70148764
138 118 983733454
381 132 857419065
176 330 49769489
143 46 149373444
94 354 392953793
405 331 671656918
34 144 849652977
348 159 891650990
418 333 84999391
211 126 206542353
412 101 387197128
153 299 708457894
326 328 799384264
340 197 779644840
229 69 206595554
16 26 487269363
414 496 633178667
53 440 997578133
136 101 91827904
203 433 397430407
94 248 811062947
469 306 88285029
197 284 524690968
412 123 682278699
367 113 154815492
313 98 505403526
487 439 792861237
494 394 884216885
229 213 253933410
428 411 733546233
86 125 435459114
153 211 352542
464 357 824041115
400 358 390966389
242 412 827984342
402 111 126258049
40 242 542020648
379 410 383719040
363 141 396225673
28 238 473454316
232 345 297287466
481 379 882218872
373 451 608520440
438 327 489301649
435 254 83423869
46 452 960830809
249 190 926759726
224 267 979049428
386 317 564877183
307 306 995443846
220 130 730551465
198 377 757750894
447 241 555568961
383 52 449792686
131 2 870848470
133 444 19663971
183 85 383853668
450 61 556220487
486 432 850132523
54 337 522448804
338 273 911132148
401 229 559406529
436 448 775988072
34 392 780402679
225 220 462374569
276 218 280249449
5 130 6161267
295 235 692686170
401 493 766432368
121 380 173939114
389 421 913438051
328 468 144807271
45 3 327984331
28 226 95532241
491 154 436344513
302 309 132616500
290 46 893429858
81 375 192908180
25 276 240890146
419 53 815383359
11 24 128624122
292 352 565318736
258 11 34373987
265 342 954611446
361 398 129598286
455 85 875311633
392 133 307484613
99 117 928853563
19 265 484969087
395 422 621273884
312 75 130981231
142 408 793426666
480 230 684460662
16 464 441018704
89 90 641074128
14 433 360335529
371 483 598120481
403 154 142531362
124 431 765443794
299 457 624143633
497 495 808179762
161 391 680275176
165 482 933097199
284 475 352331269
366 126 607470423
93 41 824246507
198 182 991460601
204 230 198039312
417 7 41428335
297 322 506246429
266 136 164801764
53 269 227897822
71 345 73166343
55 79 415723232
481 94 964955053
153 287 281746958
101 251 933748923
9 141 613157657
445 5 350791560
114 28 636042329
276 266 632793503
449 30 638656659
320 324 918147591
246 252 975808284
493 299 441783762
198 127 273809596
389 17 731084389
313 308 654235594
11 112 654968135
214 63 386789003
71 479 25853409
356 129 372757798
477 498 524878698
86 72 661029645
244 138 797343288
135 372 462245050
304 346 905314385
215 345 610216783
152 433 297787428
179 477 718193792
176 341 527489054
272 246 909031390
261 470 152267692
288 439 584685029
81 360 47975573
363 473 392175770
114 498 900748076
380 348 20129952
498 139 705296991
219 331 596701081
309 429 524957044
337 249 202712313
95 76 658950559
406 289 175453538
171 187 1063340
55 34 463826955
113 10 402393167
384 498 206270897
217 429 598529987
32 428 217873442
34 251 728733733
285 211 831110398
361 159 132601543
422 418 695854343
316 162 904265608
481 343 18091024
143 253 985354125
132 113 446618783
55 157 283653405
100 454 296725248
322 220 527127648
347 184 977421455
4 65 351925887
474 81 587644275
213 120 525291770
282 166 923755634
22 345 63676125
93 84 946830071
446 281 280153240
274 373 345499726
199 25 120559520
56 454 86276971
133 146 280718104
177 294 644988782
262 440 75316261
5 486 76142492
179 359 809994452
348 443 92867524
108 275 814226768
337 401 299547683
467 242 817365836
61 176 355764843
276 32 625603061
133 35 895220217
100 428 424158163
106 143 171433497
279 430 714921737
49 242 505282876
115 451 834297475
219 249 271656234
396 291 436333460
124 85 81931824
198 326 949255668
460 84 135140601
51 239 147140703
242 348 311658700
364 320 137735765
46 326 461510016
94 194 131481856
148 177 229717389
102 68 512810974
308 112 918284734
171 267 449276097
284 36 908964964
274 19 337356401
308 256 365243956
393 295 205869751
425 60 576777737
399 384 664766509
373 347 525369549
41 215 599551211
443 210 133127764
413 185 846737591
121 354 108862713
146 143 858562406
211 291 472311922
186 406 756074127
471 464 328371585
181 270 639017373
363 208 351018908
319 348 630552099
60 47 786573159
371 19 732882010
180 195 209754344
363 206 68820533
349 211 4492291
269 405 760062474
359 270 353057013
40 438 822765821
140 298 492702922
461 273 604050354
96 36 128111398
401 129 437784689
339 20 664756411
197 172 352929745
97 205 210848204
117 410 371314060
49 149 555348542
268 447 497827610
37 184 182921079
182 151 895260862
135 269 363127436
484 327 37203869
15 268 32107308
373 125 489833511
344 433 302639805
147 312 25171554
154 219 173248770
302 321 706069335
435 234 421313168
175 182 550716293
3 78 892618604
440 389 726600542
486 146 30330008
268 425 122935967
275 21 45108343
26 86 377040452
36 336 919629449
175 289 358640637
54 362 247576958
313 387 851794892
471 99 161658850
150 482 659658452
113 277 76868570
411 89 527643667
452 220 943667668
124 477 268790973
163 497 57393017
5 277 354066294
154 186 771402998
41 200 131056298
123 131 748830615
196 111 625974574
60 439 573045225
156 157 956828897
83 241 243070782
368 310 461775849
143 300 216620447
460 87 210493730
142 138 501476558
369 7 886324827
89 361 578866248
221 249 227320678
373 101 889948212
245 426 61563898
25 362 785509629
474 399 999556209
74 477 177140023
77 39 94162454
109 389 439294715
247 427 697192023
226 230 206150236
18 98 686983136
356 497 313583785
459 86 532602156
36 67 173714708
181 43 203718627
157 31 724164800
321 206 232123357
255 110 271526627
237 136 805197301
322 263 792585803
342 171 649985797
475 434 657671794
275 6 159796312
491 463 817960645
100 93 476688560
274 390 511391832
281 253 156012074
11 303 100533194
261 458 564473032
456 438 913795389
65 371 995764056
18 174 454829149
210 467 659201772
368 245 861694556
239 397 846668756
238 89 628128537
408 412 121032049
209 57 168103721
251 59 779623678
267 266 219840331
392 84 993387893
421 173 173902022
0 409 352822995
405 341 394832820
13 268 849846424
304 84 558919097
40 283 647274897
62 85 891917727
227 413 486724869
405 499 558952523
184 226 57472097
359 451 823619391
73 170 322039144
294 311 478493855
138 347 358730082
59 407 661557771
7 472 279468026
343 137 702562432
68 183 70534787
289 469 15435352
24 120 286741530
87 274 718292852
130 313 552427494
499 293 979696927
332 310 684228273
39 495 375974154
291 329 177623284
148 201 5536140
214 50 637965068
52 446 929826786
48 139 766602322
363 401 228996320
397 153 599654654
431 134 936780739
397 6 376247490
312 197 274493274
55 385 483198533
22 313 197732112
4 213 854606538
248 6 136291891
443 171 758330499
57 350 144602065
455 209 95887283
441 36 283430454
233 32 472763496
89 341 349900607
495 115 220401446
49 77 70452259
102 242 990272477
63 116 706804277
27 42 563801689
36 128 840294666
123 384 813282452
405 38 698333995
491 88 865463933
154 361 979122081
130 373 380826053
322 127 650232138
46 118 101145097
284 375 918462421
61 187 693518454
316 495 963795137
352 146 188354901
30 433 180721254
403 357 607595021
99 361 98013691
481 341 238442824
89 172 870798674
314 146 895667800
51 122 976904938
144 9 961759213
450 154 580431330
479 46 914190423
270 456 721002815
345 1 750492157
237 341 972652646
84 74 105291975
78 482 675133017
191 56 784828450
443 193 481730697
39 342 114023982
496 401 580906818
416 385 948861539
307 160 578615360
4 397 542933390
209 9 982642579
269 386 166313213
473 134 270176154
484 414 108751048
78 106 886649460
370 482 332242779
215 399 776467797
242 41 280155975
341 0 278237480
295 63 655314027
234 276 442123632
403 66 529239731
302 247 922194986
412 19 512260488
58 107 194817156
467 203 445682994
188 494 661228606
155 368 294115689
297 28 397893810
247 356 615933892
288 280 493801168
188 391 462382654
167 105 762562634
354 17 109748914
399 284 757088815
62 130 630299080
402 234 510291528
78 330 740659235
341 295 197651832
308 468 741449179
316 170 627664761
493 11 949039028
270 323 350970762
139 17 893372689
492 257 812315134
344 381 88588369
71 58 235060297
120 487 42395185
486 479 116227248
474 351 719705695
32 137 495010392
480 54 730303996
305 460 670220980
446 26 903356174
274 171 987335431
420 465 599875561
455 429 87682181
186 292 721188719
371 460 714569467
104 492 95482550
213 237 257798325
199 134 912422968
174 1 43867816
482 141 982258279
325 460 60561124
402 471 853624304
458 267 781792355
348 155 920429624
149 131 829535602
118 370 446979068
256 473 970461216
342 153 636114469
295 91 128729072
370 113 906925474
401 296 999861636
85 362 485646461
253 468 139010142
80 44 604113913
230 384 778750588
418 441 615814869
434 191 551447757
26 129 975638168
441 107 497950816
347 72 549951520
190 3 303784346
223 19 914553733
294 26 400955540
446 159 952788864
36 383 386150811
255 458 356464278
208 3 692541301
367 44 297905465
95 465 879822702
272 411 350272624
4 111 503867510
162 161 918192830
137 444 128964993
110 285 767831675
140 85 847303683
58 188 197168194
243 233 853044794
373 327 466508301
453 417 218275929
311 228 987711254
342 380 602134891
128 401 73267102
220 413 685948232
353 311 138443437
68 14 257196001
345 489 75711172
12 357 736036232
133 174 811751731
285 316 867531192
233 146 358836443
391 33 260691658
489 416 685933154
233 272 323694074
72 213 828002585
58 273 106284958
329 138 643445648
466 152 423973942
340 324 835949653
239 248 343414550
249 219 224641663
128 78 933173644
439 476 51520955
307 280 601453497
51 395 116681268
266 319 554963714
334 295 942945401
368 76 167893153
36 350 696337185
173 340 384139762
293 194 459733565
141 96 644973431
92 376 448237785
158 353 798964600
433 490 218944456
36 257 116553593
21 275 297487211
469 299 475831866
251 286 45377244
18 203 156107466
475 422 400887390
62 293 65272460
167 477 98237484
356 326 550010126
118 210 458243765
163 448 748479768
112 276 646113466
245 339 671109651
93 336 33479855
58 178 998775473
137 42 226522855
407 184 213212497
147 27 904081730
498 105 833738117
148 300 722765501
244 45 915811081
244 355 386726007
187 217 343044636
220 175 662617890
150 401 574823515
471 28 897992633
191 471 866075212
26 153 645058954
248 235 847600378
279 184 714984648
424 262 194873150
13 49 635393329
222 464 633163563
364 451 473872414
363 156 346829973
164 116 96023468
473 381 524095939
315 261 178897753
169 143 744501864
242 30 980269146
282 164 220270
146 68 302542261
294 352 800902926
110 414 814430386
210 224 541113700
459 365 756315850
214 345 614396362
462 178 777332866
123 109 689775431
215 397 248721396
417 199 342354032
251 125 99301310
323 254 485439493
10 148 864616514
402 235 221313397
185 51 820563190
126 206 919903463
182 437 517488632
262 215 500648769
405 220 666238284
263 86 7133118
375 49 731956556
242 400 773596395
20 412 138581095
301 45 395793366
196 481 225561198
314 197 479907461
426 118 286104515
119 245 770431238
224 321 697190913
148 467 186039236
245 404 617074
34 436 340409773
489 406 594924509
326 382 572857854
385 246 447716962
242 429 182079465
258 314 538588837
61 430 375169896
326 392 9197674
250 106 239352992
51 52 21293813
66 55 78372089
117 45 245926441
320 489 475178962
63 496 40335839
436 1 346827720
98 478 949584293
3 135 54281835
331 492 531048559
450 82 191972772
296 460 66774631
382 162 155806859
479 442 992369453
79 182 527951503
383 288 492126678
239 447 355357836
182 479 848527232
435 272 579180844
446 299 79611884
91 281 122170768
156 467 916268837
195 164 696927347
392 68 952857100
58 275 410501859
497 372 549538305
144 286 593383683
209 148 746297287
220 107 190925624
384 453 219466726
332 301 936130689
182 119 350392503
440 142 907440000
270 57 602703276
366 46 393773018
202 243 779971996
398 197 313718965
387 402 843244264
353 356 44095812
455 383 113881267
250 148 553991520
354 168 123681905
262 268 911698948
172 139 391287111
85 458 629714377
408 490 267447566
373 107 940326031
61 77 210372349
387 247 913704641
446 30 525706
294 19 981333537
150 497 890057507
404 174 60766234
429 113 292077570
224 140 353997851
489 100 860069328
14 46 919955418
457 409 443199816
32 163 841078057
234 90 185003754
58 15 342493097
89 259 742835150
262 407 53244099
101 188 29170455
290 420 735383162
284 33 32457444
147 186 936083047
75 17 780495263
255 291 847376371
254 381 700756600
311 119 277965843
118 255 834564150
285 178 220736989
386 336 374692904
417 166 98633074
440 144 791120556
436 182 768441949
348 171 237461834
48 491 733925052
428 313 221487832
21 426 10965636
280 293 746574078
393 187 918957776
44 131 295949486
476 133 386291648
90 410 526799191
142 57 291220925
80 346 733621994
366 439 956856867
225 257 131402250
134 473 400825298
77 379 493986582
490 64 851232814
243 438 788257418
411 267 299580370
283 386 263079180
363 495 147658062
123 446 809845532
421 494 807634009
47 113 70196888
427 193 819434244
452 194 23530245
153 455 265528920
372 296 289203611
31 382 393742485
488 129 365530718
437 244 567081219
218 417 270590214
415 455 795668588
94 452 145144247
129 98 276914443
279 436 459627011
353 344 228550785
320 299 217877927
491 28 111513248
304 155 640624271
255 41 570791396
122 135 920804531
128 87 394427105
176 140 369898699
133 19 545444685
497 466 531653050
485 316 463475649
470 113 434929415
22 484 289770961
307 155 974615453
105 312 13141826
464 394 524246461
387 26 421870153
34 249 532941713
146 132 656530559
428 307 968207487
319 316 913025270
106 461 107648796
306 298 610423625
180 208 765566919
78 392 906529833
443 11 398457674
375 426 503641654
400 229 248514656
96 122 674825997
72 40 657850756
187 91 368458787
139 474 448086787
295 263 381054722
68 130 851414808
385 486 487269639
108 164 655686697
142 156 997287080
292 159 899162301
234 45 951106913
97 345 948399226
12 193 905606764
175 490 543875255
361 443 451568611
118 345 147789397
157 74 395704494
281 335 452703762
215 67 514260745
436 50 542326638
278 464 255901485
438 433 70111482
415 41 763785481
346 40 494967652
80 465 689343260
185 252 860440342
470 362 557807793
394 438 862125878
449 31 55357827
412 208 181473598
58 251 933241109
400 234 271797874
54 441 79692999
372 147 710287035
366 401 521033986
194 420 637063848
312 234 340394289
123 238 57303100
154 173 842933745
400 103 150043125
178 10 817249500
177 270 823374219
38 4 763648240
167 132 723861386
23 137 928456817
415 437 150570339
255 201 330317525
110 192 687012609
483 190 341531727
178 139 444884574
127 284 44271915
5 77 180893174
341 225 134833377
258 84 749677915
285 387 322697831
69 325 912165157
289 200 847533903
179 497 612809817
277 165 170217750
329 76 91339078
3 301 756182497
214 321 728503371
95 243 838312204
179 0 297730641
243 17 670238701
24 344 974083918
50 395 209363583
147 451 612777360
316 361 383312488
135 78 997815337
29 221 178112605
230 257 135032835
292 226 897055132
369 209 667228928
318 130 791861337
404 124 561218370
322 417 772610185
194 196 515347023
6 184 331999321
18 157 846074614
385 332 134981145
168 265 910399588
105 103 714799517
12 475 266536334
336 352 79697654
267 214 430844923
316 379 91785720
178 308 615500554
19 139 706380917
20 453 576212581
228 285 171683032
13 152 361881387
37 129 91883572
109 79 356526297
209 482 815378993
204 214 774974258
201 12 145257349
17 379 943344150
175 376 216444701
309 209 822583686
193 439 845439943
332 120 823235994
429 349 239547217
181 138 445597900
36 369 139958275
430 411 59667093
342 422 292570191
115 52 602067400
301 55 917492622
209 273 494145807
425 76 986211341
93 334 502724313
160 197 534774574
325 152 418041333
294 99 570883670
255 410 643286405
151 363 302773516
205 101 1480872
302 120 803632239
288 158 316498866
124 490 859739361
55 430 793454368
474 104 555014523
287 432 770906352
245 45 390147025
165 262 766095070
313 444 904975359
342 237 537196102
28 24 582618097
185 340 424280166
38 349 372666536
60 0 775429381
320 399 3239379
493 138 300121136
31 229 926322737
138 179 400104526
41 181 790612512
37 189 586830383
434 11 968195906
279 207 312604188
328 142 816102426
366 374 978592595
315 46 597604809
123 153 407352921
400 154 595727325
21 154 927378149
453 495 128921111
382 468 58197869
51 301 668989047
245 356 22792294
486 133 242508638
410 85 509141959
60 230 109249573
126 207 492794673
55 424 619747788
214 92 496336256
414 384 736734998
23 431 716770235
246 162 863014351
464 342 535092143
429 409 400159146
137 401 514179775
178 161 637058450
345 383 585169718
168 175 742655996
451 249 638966179
298 222 306127557
76 419 595304356
109 117 889260060
296 469 547681263
5 349 337767996
326 190 711763736
303 367 276361231
194 88 408122236
299 223 166384113
95 167 199677932
189 348 353146272
23 21 157317505
333 313 604191829
352 272 310240660
14 318 505888948
231 165 486844725
431 232 378786190
351 40 566857810
363 490 823328795
146 495 2078500
94 153 869961983
459 327 512511419
145 363 886643243
139 110 43685665
343 237 886333356
2 438 439358013
405 91 619370241
201 437 829966089
140 138 702741757
335 240 538590855
25 186 584561793
390 69 51008161
238 449 292228609
185 319 76430930
227 270 156069331
466 495 790537676
316 419 937259898
167 280 301543080
5 436 657920561
373 282 892254944
9 483 421177383
406 324 652131158
442 339 455057092
39 16 108369095
50 39 258087340
418 292 243609761
344 477 635284964
340 8 515865169
277 144 228677820
47 399 594918165
59 98 857975215
345 234 874641977
395 48 605295354
54 36 201668304
1 427 797346889
44 121 924129283
474 416 945129342
381 378 870734362
31 2 223299515
391 139 955408637
424 347 841069610
114 66 693308421
290 333 767480702
20 253 170509632
73 6 448855086
32 135 480732670
14 6 389676381
231 159 628308113
109 101 252634582
324 279 187284930
332 361 28415298
34 180 7972542
35 206 447266755
78 349 278868408
488 8 990993099
14 435 52577307
276 302 649853132
209 452 335845911
386 103 543688683
307 170 621892132
260 313 319083735
335 60 494792435
142 139 864018352
62 434 798767136
92 234 822568020
421 338 734963429
209 41 892211441
35 358 46295070
285 257 619876535
77 211 357109092
154 443 547417841
192 10 580602235
128 227 727861087
71 179 22416733
431 160 908049038
423 134 566137311
192 185 954524642
100 148 760754603
59 112 276856829
104 373 795206414
64 419 910113918
451 257 842898551
10 149 63276107
407 100 251859072
332 291 529195367
22 235 822916543
434 384 40302166
211 413 728208476
238 328 402251573
7 348 816939899
151 443 115886369
215 283 923093076
474 152 263302173
446 197 186231533
25 169 831440219
12 81 229332891
497 292 284828802
412 403 898303638
12 441 648082531
274 69 686768149
181 143 993522281
326 471 271381236
215 52 821733336
78 223 961187940
63 345 801225255
30 41 986855164
356 9 681903683
142 183 548845864
152 326 748828820
439 302 972953977
103 491 759847471
435 325 219110268
232 266 135357143
121 244 874257384
14 344 650905692
147 209 251151152
364 178 922933970
81 319 868732769
314 433 81184911
49 248 587980756
36 17 781959656
45 77 833793099
311 56 296205759
334 3 795985581
478 282 976451958
250 328 587342514
324 380 461159410
497 151 600446606
105 99 44760539
491 191 941786963
233 388 977103250
273 131 298482380
380 451 378789815
133 469 723474763
36 117 289459939
24 372 737716714
358 39 994350127
259 216 535066825
473 404 594596867
117 130 157828232
499 65 179201024
276 148 165186918
333 67 974420928
80 196 409109864
316 386 701045789
19 405 552350915
107 68 283926414
392 170 559276011
133 211 573083127
417 487 217420801
449 307 766267021
15 92 559382681
317 77 715518266
37 191 321613294
85 297 59429391
54 130 57206101
221 120 759270714
199 172 931594422
187 341 726417957
41 251 104214746
26 291 343559730
125 300 640649818
362 387 356550910
440 390 98320198
369 260 338810803
114 108 395309293
213 290 478484330
468 388 400970814
463 393 756890145
457 295 549344486
204 423 461833220
479 337 193941913
202 457 257471539
482 150 30332143
223 61 472955231
484 336 26933982
48 172 824030356
320 301 520134263
225 241 323410968
347 154 985842318
415 202 392208220
202 465 616897483
289 65 508711842
5 424 48550014
55 64 246924425
28 365 881869887
305 0 224752167
132 497 792302411
211 387 132913046
204 466 320212989
117 101 624814312
236 436 619635791
425 317 288926346
63 37 181589497
195 483 493368226
92 153 809986316
102 216 318827751
259 397 860092753
109 341 77199693
209 407 919241642
39 368 995987622
13 286 735543103
15 49 420404649
314 348 156000359
496 318 151670475
486 198 960931044
334 66 870630426
291 380 634022889
242 265 755898758
90 356 748028298
227 430 906045549
72 177 496793437
281 371 775137329
297 90 912093068
60 241 323223767
54 371 735269526
313 440 846428080
308 313 247153224
311 225 332785505
313 67 447955147
465 328 223110560
119 192 24127458
214 249 979710817
312 385 642211447
305 127 933212955
117 462 121427656
391 43 571612562
14 204 405183963
392 137 839348368
451 109 587692772
35 491 415278751
203 215 732110408
480 342 617941352
301 126 628413545
450 13 133737558
401 432 990411928
29 329 202483165
158 156 494707702
46 308 563271626
24 249 630507522
130 446 751549131
96 408 981740306
288 242 161175520
230 64 946040853
127 499 234910545
37 291 293850791
156 345 443748843
259 154 915437038
205 30 70484246
92 63 626813110
433 92 705503882
180 157 292531719
317 325 220414199
331 355 10752139
336 40 295808557
122 456 432063561
208 491 482036705
375 197 109592642
356 32 62936754
347 34 427968673
156 148 625440058
484 145 375511879
136 499 831552827
216 224 655913264
95 260 382138453
159 121 38419413
63 90 738326893
439 229 398934714
387 85 159252729
85 486 557196913
423 458 477939430
271 314 178615109
219 481 924605794
388 326 378369421
63 9 893698979
316 414 495599473
344 293 756059382
354 336 786248661
275 158 389351898
311 408 969936545
424 467 219105748
267 92 261603856
68 433 568683689
239 272 870277697
127 250 365283909
236 20 846453238
486 131 936115718
439 43 804683537
329 107 554848601
143 245 980351384
8 433 104638023
405 358 360020951
151 145 662110920
485 70 986853681
216 22 827692830
449 442 189792505
249 449 157219932
250 120 55818108
414 486 835505253
155 42 214836765
146 419 421149258
81 79 150767426
199 391 7618383
174 83 224747199
303 66 454139274
364 209 345593147
385 170 873401508
298 232 782152142
313 171 980226594
490 359 866705115
367 233 737536306
304 129 992214448
41 418 75422661
151 38 76747384
110 425 824212273
386 476 574952075
236 442 457051345
61 278 802875749
382 412 732892357
23 213 296952217
17 274 481579230
213 465 79007886
9 332 613425578
395 258 490553859
5 483 71937442
399 394 812066024
470 222 947230251
260 17 494210157
11 424 854388277
375 166 504664247
243 125 721263137
230 292 354445351
312 104 418238185
305 133 516923664
134 331 490581394
75 2 169808003
462 342 544317498
222 359 948318202
121 109 639695157
105 128 60601728
219 267 833668766
168 72 428325043
95 124 747221544
159 166 323299595
57 22 402899301
478 137 101643775
372 450 136003681
394 383 34932166
239 332 855309267
114 257 199067528
468 359 875806582
209 160 51256280
177 30 485392617
375 190 45996438
447 165 848750710
7 445 395469839
368 345 251813872
254 192 607515957
485 239 534440162
58 85 711324868
270 43 319311232
424 310 695412716
341 21 727729359
112 211 543596740
118 46 874473620
394 272 908275691
248 35 998003843
10 299 702289472
338 223 295418448
62 397 246597467
440 399 765919435
212 157 861186568
129 399 818577815
283 123 709788796
478 483 709179736
450 138 847549592
402 141 697787866
126 185 285579366
5 134 98692186
118 135 386663716
95 0 865002865
392 134 108035296
5 135 868240072
6 373 655411697
13 248 109859378
212 298 513537896
94 306 442735549
214 72 318194765
16 406 939289745
302 397 241309325
424 197 487160407
235 30 769884017
280 5 494575753
15 153 300368185
21 373 497158922
301 78 370851855
134 136 378199319
347 477 377898261
340 106 790736109
183 280 689051535
394 334 349209349
342 126 419228193
132 471 218838272
196 165 857180543
188 433 362120418
293 5 633736073
254 349 876794732
419 120 156759628
59 41 932513968
204 35 903255531
161 375 46132522
207 448 423322128
418 85 454168895
176 131 231219237
477 262 411793268
17 178 782226239
51 184 839726296
339 83 394827573
215 306 171230270
427 169 38866786
261 82 702996661
218 387 525647474
494 235 832979777
135 480 475576539
74 334 261230165
86 55 682741096
131 139 676310621
406 346 611453544
257 117 789995686
345 429 187242918
259 350 74224840
346 430 373328705
333 108 702075137
478 475 794250408
6 268 673244125
26 40 677416192
329 343 14353713
26 24 231236174
95 229 418268100
161 38 55066056
468 298 304779436
85 279 219885322
233 476 118093938
211 143 617101672
372 0 97893506
220 423 134872190
246 177 1125437
259 385 553878029
256 74 747131373
54 347 858314875
335 444 610462123
236 312 402752792
91 89 649776487
210 166 102083921
111 79 330376016
324 302 834563775
6 288 641777511
154 473 757188991
46 494 56404590
185 253 939981482
225 345 915389937
126 450 688293632
154 460 16876619
206 74 312250572
11 494 375610109
42 164 234626982
416 123 906534239
474 166 233114788
378 404 807054769
148 178 82516401
91 397 596220778
126 286 461233388
248 499 732921768
175 319 481144805
131 301 848002051
326 58 143031462
50 245 632471421
125 128 18836527
107 358 289220760
249 486 221833632
282 267 831391211
469 257 587925393
457 375 298305341
46 380 330630351
103 251 292378493
373 496 875737268
137 402 276831902
26 294 652545636
331 469 991401149
245 296 77857334
207 439 300150534
458 81 554361912
397 277 787268454
478 189 960017599
370 155 286820104
60 322 685025515
217 413 959710782
209 346 221545182
460 190 992002596
323 382 220935216
172 40 643517713
318 267 200533624
216 262 95354259
28 89 455056450
128 135 691003478
364 11 983248991
183 452 779186553
48 90 824519455
50 435 223323060
59 222 193009954
400 130 861498629
4 473 970023658
297 199 863503341
368 189 390693215
199 362 55707406
80 148 987634258
449 478 253453484
277 186 351944698
185 427 562446025
135 445 546661947
373 419 394610611
427 90 73239933
471 85 165271390
378 423 549138302
39 121 679934256
457 380 456939963
214 191 258423593
109 240 947964332
9 91 143814926
24 175 901960784
151 216 239729778
274 393 280797685
199 68 112642217
4 77 448506251
420 59 673228681
292 439 549022993
46 320 168481260
83 288 663795543
262 109 512524249
150 449 562210299
38 57 473499249
396 498 395839491
314 106 82706804
82 238 986796198
327 117 666042143
87 454 246525517
96 473 615042224
287 372 767299011
180 138 325689973
155 494 94655246
393 448 453165282
484 253 66478177
330 128 364549452
179 56 944667007
453 197 741035848
93 371 844961199
60 361 510429809
43 356 837047400
294 303 410295417
442 13 373009137
417 367 568278110
458 119 451520970
194 123 958367497
276 230 642442371
169 337 833636263
374 400 796822343
222 163 55360665
444 361 502675789
362 94 250924502
66 314 100749042
145 436 127753729
109 296 156707642
93 306 667112513
314 309 456798444
146 360 200248223
422 403 161484613
74 204 193693867
14 23 477056053
497 63 42565225
199 60 348622573
376 304 290248041
398 379 434112272
295 191 465059802
65 207 128445006
125 163 682858353
84 228 524480388
470 403 249298344
241 36 807859313
150 184 154497608
296 287 11132231
165 432 142329903
419 57 768150650
26 436 662663079
73 408 787590426
91 352 441474311
282 249 412276439
160 290 92233469
241 367 982269955
122 419 634195801
473 106 848341146
377 493 485476733
316 460 301649206
55 332 905490068
3 298 58166514
36 190 781714735
427 322 599720067
323 185 387381058
232 85 808975532
493 64 989291176
304 276 583088885
180 266 71114575
69 253 897112176
39 233 841605612
155 383 129117829
310 464 832902758
46 487 590558702
165 372 283050366
385 438 211914078
8 145 202386391
105 230 302372776
45 115 763344353
459 210 232076351
252 106 206064222
382 202 81279132
185 494 434181429
409 55 136122961
338 69 289931023
75 139 150166756
270 492 950520184
446 267 954028699
199 243 453386774
182 253 483345792
39 123 2660710
440 475 367901440
287 331 997485926
408 236 641833539
241 254 833287919
46 77 627039562
149 169 905675540
400 11 95437369
88 80 238066400
280 138 510274383
464 266 81366501
462 405 444547364
196 230 719555992
122 345 346099288
166 48 582170800
225 64 143847950
160 82 307143945
497 123 444861376
54 248 419860788
497 311 8118097
425 352 485669060
198 159 874007472
33 337 827238772
59 439 844818764
3 458 127044951
166 339 139209937
299 179 965569814
266 449 832784616
197 70 269694438
436 78 337353536
136 323 54946020
158 404 358133640
241 214 301662336
452 82 202075821
92 460 929856550
463 207 584059976
463 175 842839282
361 126 855308233
131 276 467586460
164 291 861302622
158 320 965292688
3 350 754036666
293 75 342250439
165 85 391131235
403 430 348656346
444 458 511049567
315 384 894387177
389 337 794162303
457 100 674069650
392 348 283215025
252 210 413285511
102 333 244268488
93 445 78245512
187 124 173766209
297 126 499113547
287 260 992647844
410 337 223249213
485 270 516781613
303 21 105904394
344 92 679071736
161 456 438033093
128 274 18523504
135 233 300053980
216 338 25833734
375 66 106456896
301 63 629269319
105 420 869116029
476 102 223619306
439 301 885583617
392 387 846258829
286 117 542771310
62 357 807202908
443 452 306809082
130 141 365526032
122 215 405362732
393 491 179678624
169 121 795351317
169 81 387254158
37 247 863565849
140 88 121612102
419 131 791586429
318 126 256702275
448 193 421868331
242 362 887583583
455 472 811351829
370 250 449000455
4 226 307754663
9 378 305189558
131 442 403280067
444 343 346309880
390 177 158600240
237 343 23893861
354 68 814871765
247 324 160885736
267 120 439195155
140 475 975205839
138 42 636335858
238 108 948018141
463 146 247466981
239 255 675760430
77 440 509067803
428 334 171359073
495 435 158889495
157 469 21322603
229 336 467629951
87 325 19890292
268 37 767173800
149 101 915552451
313 148 835583412
19 264 128572946
42 261 259304437
440 318 140609797
266 118 45723352
273 402 697658665
336 261 226405852
236 75 579419646
11 73 797285998
335 6 913023139
476 450 596723484
262 480 905072594
126 447 897067578
230 133 223417870
390 394 825550482
76 99 625499723
253 95 582634873
247 92 41167580
105 496 664190286
171 364 814448006
282 311 704875767
302 248 138008195
389 123 704097285
154 297 49135116
291 7 392177755
61 400 424845971
105 364 404656943
96 227 673957763
242 462 642069534
250 311 768700786
102 266 730610841
305 409 465497223
41 153 913903223
397 361 364150807
50 113 554148098
108 220 960063717
189 424 384627783
331 258 4320204
370 39 19945577
221 295 114862448
64 282 398458216
471 468 4970356
283 74 155081577
308 28 282030169
249 354 429137879
451 235 77169796
498 68 107261891
390 121 516361684
408 114 179061220
451 102 631076029
469 36 18475768
407 62 557727763
3 424 285737729
106 348 472968986
188 385 968221760
381 285 41631841
21 175 125922040
51 222 633140911
367 91 501358663
203 34 480698429
56 21 21723886
440 49 782408761
287 71 165890251
319 20 194616968
24 183 945380273
103 0 818977631
433 405 737960718
344 465 877849017
411 312 216180741
255 49 706903065
112 8 416376179
151 332 44004068
109 385 724632102
150 51 897302818
143 221 505352772
441 220 536975780
334 401 640852454
143 472 289688251
97 269 96833859
86 368 433948838
180 269 131312550
107 327 416442181
196 146 202669847
72 212 764661802
47 335 489197091
403 103 466904117
417 353 166087216
317 156 987180417
150 403 266578196
161 158 31010423
151 204 372901228
71 145 398785863
474 436 861243567
480 437 89328701
364 188 223400917
408 268 837319144
52 92 924845799
45 225 300020740
40 435 145269344
419 181 734703770
390 261 120035305
188 118 143869475
279 139 264796654
159 16 977826057
158 453 368857007
49 27 322902099
111 118 380421179
480 474 883870095
34 498 341007017
13 499 508661380
358 238 625695073
98 213 535317092
314 417 604517273
101 273 173586477
291 50 509262922
24 485 470494985
349 93 110017349
273 143 286867573
188 129 528359158
469 82 450267773
205 362 464448779
50 411 545943000
119 316 369834239
350 324 177666082
254 37 181113752
368 61 49167843
418 106 775580567
137 237 331763643
184 414 19735935
300 61 890674597
413 350 730824039
85 439 790356695
228 284 985585702
287 381 231136982
205 78 870801689
188 4 816446696
465 433 996350333
403 305 953842625
24 436 421073259
415 411 382046436
388 332 517373769
7 346 461129151
298 95 347478658
247 460 977558797
457 416 989871516
114 171 695041753
27 180 49792262
320 75 760865790
150 274 376164991
243 160 679012122
365 211 361135611
238 13 183369041
453 295 708087929
189 23 108616047
161 315 686538867
150 429 946102251
222 183 291546334
276 12 552513145
82 133 596035955
123 121 243519785
490 476 86176356
368 354 314628219
361 122 562134636
116 224 7855126
136 390 988544344
320 165 422460061
474 174 230113567
121 237 227654398
357 16 381920926
234 152 442116953
477 108 588385996
400 169 837083984
274 487 953547229
117 294 561679764
86 49 670319555
468 432 122979953
443 94 119692504
201 491 773146935
251 181 484853125
456 112 14390628
442 199 843813691
276 491 212874613
114 389 623824050
238 6 54466379
487 94 34310950
111 412 805986852
7 254 67006293
241 354 132800173
192 107 819310563
59 339 500300288
140 365 248858260
154 405 424522846
256 263 981954652
342 315 197232474
374 449 186373917
58 419 14607515
113 251 682758086
208 41 501914973
464 330 369274078
482 325 921835257
485 186 423694133
276 385 946221248
276 215 724450361
202 234 406304000
137 410 596260722
477 461 340177282
157 61 44296866
81 481 354916598
435 338 602298332
5 250 145052970
37 93 530799260
426 220 857903937
162 88 232509894
388 202 744688447
46 116 761654149
65 277 948776413
229 413 530778999
13 365 349309724
194 255 786076010
431 380 725577928
373 458 995882432
459 496 335263337
102 430 354789534
68 9 347329090
87 168 441662029
382 109 968833933
119 426 364948879
45 428 180891476
297 188 773233184
417 70 815844700
143 33 491724781
215 226 918887513
348 475 341251146
107 232 417875925
212 273 227367129
63 66 113607012
444 215 44370359
369 267 72156000
282 304 35766392
21 419 654946951
398 221 339769742
284 344 163579365
295 240 720014154
463 426 310219104
279 191 977661292
82 269 529780442
108 423 734216513
219 209 396171488
56 358 369864534
145 236 165513697
354 261 362987153
311 238 111774670
228 396 526002967
312 426 223898580
446 380 453160139
107 175 876814704
9 122 782106822
435 179 223758052
203 248 154802624
447 289 349321445
220 97 617773182
360 380 610044866
132 423 967511642
386 251 72142318
5 28 116662846
429 145 215099076
2 43 95813139
451 315 32170810
483 433 901140268
29 266 840400296
171 15 646552853
415 447 876167956
197 446 715731597
355 198 623877824
207 353 55674652
421 188 289381057
75 348 997028857
160 41 3838496
448 63 207661758
56 470 973539504
53 187 208020909
338 44 887644756
397 155 307140606
112 411 657336710
33 238 810170321
58 315 503532116
490 497 564797492
351 184 499134143
381 227 976816826
260 462 562049636
451 333 557570302
292 301 442205767
163 197 993756398
126 420 352682318
331 458 767395301
488 23 635185190
119 444 329087457
110 466 831722461
148 174 472554078
361 353 993945102
91 64 165465337
495 78 102353207
414 449 258604935
175 98 550885314
26 240 860011907
55 313 817999458
120 471 943318889
40 171 928241266
293 130 823092614
356 222 766218179
257 448 152768001
260 381 906539288
370 329 741036754
358 485 667060961
279 154 231204203
37 361 547097058
272 31 784985213
280 467 899587110
230 46 724366957
236 156 738663787
393 117 214357693
410 253 762362449
397 50 290699448
386 151 189854663
186 91 516106902
135 178 74292318
147 339 279066079
494 32 626613455
372 94 508769184
336 407 333782704
258 488 176635081
476 455 695336815
208 373 91728065
39 150 290108866
13 37 564355387
217 389 144820291
217 211 349955413
228 186 827588211
388 115 898866707
29 137 591473414
147 105 645941900
239 106 553451593
421 39 497867008
283 497 820473419
112 481 614186811
118 9 844444270
300 387 768637598
171 293 517236593
66 36 554956918
33 425 130423103
195 456 888719528
375 382 991904868
123 54 745447108
83 78 660854751
45 304 379846973
131 269 144664327
158 95 620481298
49 207 607117152
390 11 462085213
352 340 632157630
168 350 176786106
362 384 347890627
473 282 69474249
198 4 495562759
85 23 82889409
404 185 596939644
419 375 811811764
366 306 72651362
423 72 480048975
146 276 90895909
249 10 627079214
82 443 113259300
416 405 896404428
97 192 926398099
70 57 157281113
328 485 633113220
313 248 318345410
34 149 195856725
229 439 962032409
438 232 188863460
480 72 925960757
229 306 812329208
331 201 658793218
349 487 96484422
208 488 797751019
216 362 49610785
239 230 99339812
375 158 456911267
348 399 145171735
494 97 921561621
22 60 209807278
10 42 254984253
56 485 279257348
373 216 216909217
38 247 623727935
40 184 803481129
157 71 945676133
232 84 352535163
285 272 601527420
498 248 302086916
189 228 87868190
382 346 862847196
61 335 738252966
327 198 518479718
366 71 758183573
15 161 299728973
269 161 248182224
359 373 791436562
123 450 483215182
267 218 400448984
316 157 393543107
290 183 784614977
209 224 289624792
325 301 668659682
301 353 449971692
292 285 878866350
219 138 579351256
198 442 158895493
147 422 216706642
311 448 65381614
314 132 486666216
418 491 104097829
150 284 778575611
117 246 912791963
459 325 165190981
49 82 105591174
321 313 458028531
453 464 335409647
348 380 279732067
344 218 579213043
187 68 163654360
376 452 886311762
442 72 160228508
235 421 485553027
330 358 201903925
372 29 75667215
123 404 725467450
356 399 926919790
293 446 130154820
413 50 132503070
274 55 263220113
444 336 547627398
429 177 438969843
469 384 908836031
10 448 352484785
325 320 723710863
150 117 190802042
82 219 979891699
126 79 24620005
117 119 169518551
11 83 838267135
436 114 922610666
254 239 708030582
100 72 275937609
38 77 495687485
270 461 942869693
254 382 547191318
4 97 555333907
100 430 98403772
72 5 416977104
297 172 989527104
8 119 480951027
8 486 116027392
212 268 406665713
30 442 153162441
341 278 876593754
8 462 148867494
9 493 291408691
190 111 642323289
315 264 319353552
207 487 161650401
178 143 166990761
282 108 599067250
476 134 809376264
222 405 225042917
283 266 8478182
49 414 434009233
278 245 69550941
297 475 236413401
83 368 635105940
240 422 789498902
244 110 609343140
96 386 685328864
484 9 585194327
154 375 915667982
425 121 66096075
424 48 608391863
177 324 544524717
43 330 761360774
53 395 494506321
194 446 959861560
489 243 407107496
322 84 580301798
198 210 813019832
184 340 904133217
268 370 95527660
479 189 447764038
209 137 62169714
234 288 802168225
332 415 587904747
417 314 473640577
220 474 56949917
237 358 748153243
335 149 835995265
83 433 793378513
262 146 86813062
280 180 191319628
447 36 444837918
161 313 415802850
6 399 51039423
238 480 558795008
380 335 746984544
94 250 270590883
324 144 337736157
142 411 600255065
1 238 956989718
413 40 863746944
386 267 409100704
492 218 959625230
166 457 970510501
175 100 607408977
63 298 252603082
391 52 49693659
390 478 449460628
149 263 863425546
49 167 765009426
351 368 469135324
191 485 108711961
433 403 904358008
498 285 256402724
91 27 359411176
202 189 981684385
358 60 246725762
310 203 823491073
121 310 303722668
336 183 253632963
60 75 596265761
315 183 931241302
44 141 527359181
317 165 701555228
236 165 815470879
483 332 274492249
48 271 913023752
43 372 489132448
79 444 102997921
283 308 649628808
451 316 586485722
386 266 598804374
80 461 77225150
475 304 463543677
442 167 250319524
320 30 993701480
63 360 829497963
9 361 671408474
471 33 574415402
11 357 664443208
346 322 373083707
438 283 642029879
226 440 816904
325 62 84544625
38 134 362002876
96 212 765065827
178 481 368584208
490 317 277861846
239 257 722193137
262 24 335074946
89 195 882775056
471 413 473733214
217 118 692576073
160 215 948732166
292 434 825498751
463 259 999398383
75 406 354433760
373 359 334011053
296 454 391847841
267 197 64581122
414 259 777611260
89 178 614328448
374 184 609197111
275 182 441248231
363 255 455818049
453 208 52202565
148 225 483798883
79 46 665492315
252 488 918664035
363 272 665447092
351 328 16351260
34 420 427126869
5 239 174981068
290 427 945484983
104 150 905020789
214 210 14082013
400 434 533142703
413 423 463285963
321 27 788959102
344 472 15430298
138 80 682232553
368 21 76598650
35 294 989971573
217 261 183754495
40 276 364067721
458 440 174896165
444 382 755264763
148 333 841125894
394 88 209638143
38 27 347102948
272 147 508851503
73 164 690060547
216 29 680774814
47 486 75097917
139 290 319750023
135 379 820657016
98 110 631074171
39 79 395237309
52 32 834739310
381 335 560206555
161 226 133387409
21 159 101512873
16 339 329536437
354 276 605234693
440 345 820971103
274 262 92893868
25 406 932644654
337 315 192886475
186 49 221439450
332 221 311063820
257 183 825240109
442 132 892660022
31 467 183203256
187 408 134007507
89 448 134439224
438 399 193990994
143 92 874749362
474 266 992261160
204 262 678362663
253 424 147315574
287 86 260482969
302 21 561370971
87 68 667211613
223 450 940357509
110 28 726964881
316 249 991460756
431 472 258128691
423 201 256102326
290 451 287219991
393 221 266915419
200 425 745084682
36 90 500135226
13 480 110296544
199 47 943162787
55 281 102284846
102 297 400552902
316 330 559194375
152 132 323743385
485 262 892926244
45 401 441200595
292 422 407688147
297 135 771954611
68 85 913673947
11 358 626966694
371 497 175762258
402 381 30353224
160 484 605462190
48 140 536791779
431 291 177468561
203 151 589715198
30 246 384127863
322 459 220890515
253 436 289466702
287 288 537603425
425 456 562604520
75 11 308926444
433 293 275841892
430 323 374540827
216 194 543315699
425 255 842618012
375 358 658579003
298 53 231402631
150 334 730802312
73 169 437053356
475 342 30414916
133 6 759173111
486 200 858956309
238 254 489421724
33 462 126544234
140 49 243141416
155 313 784289113
155 351 879530697
185 388 134749323
361 315 981811918
306 351 19617849
323 388 197474684
169 246 782743037
121 457 205571217
139 69 623135129
37 393 779078203
384 256 467002820
408 224 514286440
392 385 20293193
400 98 228153702
77 496 223352669
304 378 980540603
339 395 270204184
423 177 918359960
382 174 670614103
482 91 774898375
214 248 785548441
462 274 509115137
379 85 988900131
137 447 881984043
229 425 504691595
393 289 440816474
393 440 354095862
156 57 127261181
29 69 789566346
322 256 862076266
316 297 119386715
26 96 63232023
399 158 314191805
5 319 271416873
336 434 651200698
378 200 962566450
161 71 952910445
455 206 736011781
288 74 440711102
213 135 306341788
49 395 418600107
72 63 381713571
83 110 178058262
193 378 457555314
425 360 859825855
205 5 761690614
481 460 18653661
481 75 848162655
175 132 410062250
379 467 60329768
6 279 69787214
144 279 401621080
237 383 889044901
176 494 418193080
136 11 641137346
271 43 659540344
228 230 114091375
263 143 347081066
313 162 398812280
200 214 276914206
167 375 416354493
288 247 74356753
115 388 436400442
483 336 183068788
336 134 418779489
305 23 751638629
456 140 721780680
89 290 649236376
291 136 464115626
273 29 914982213
251 270 295688343
260 447 456218733
255 155 547668572
30 120 601893385
350 0 920217787
418 45 611178807
443 353 695908252
336 48 52143941
63 318 383973320
438 245 18443976
305 454 841599522
496 448 43272115
452 276 828249356
35 413 664160981
67 436 226315202
192 222 515687055
272 21 412998998
256 83 741120029
426 111 657506784
134 78 435615295
182 448 691536881
418 338 774405942
364 449 123797252
252 400 380277455
395 379 636567211
30 157 58312867
290 62 773131979
224 155 434987290
367 322 642497898
40 177 774163348
208 467 188200434
37 397 204219759
48 432 15399224
405 322 966900167
116 278 554055994
405 497 337957154
378 434 485699973
436 242 930666959
201 274 696935490
403 255 855742557
354 378 688630059
268 201 853705791
103 173 204582148
378 132 929968153
342 392 852584039
153 466 250195227
418 416 495040548
169 304 606121456
424 86 504550427
53 126 486552946
368 40 949485236
437 55 174706820
452 338 372463403
278 382 633596844
277 268 717663253
485 3 55328922
51 206 527443062
55 57 427970837
383 282 547010603
386 440 728828974
397 150 995248217
254 463 455776154
418 22 838909040
248 124 746043826
163 465 95994
159 297 517187762
468 73 51669683
319 455 455675726
335 462 524815783
326 114 258614538
141 119 45499295
151 188 52766300
79 241 326125540
166 470 472618350
158 215 473506463
398 242 202710662
114 453 481248001
369 266 545214686
148 360 1034836
434 68 553246059
32 472 762435741
363 333 463681030
33 4 88061167
251 368 640206616
497 382 32926102
340 329 252347612
30 394 896409945
260 173 111380834
474 385 526795599
277 317 851195711
278 135 135913438
65 305 314254
210 283 870355557
328 68 83273909
242 280 246678463
192 277 847834020
463 460 710309853
1 270 251972604
239 174 831718366
98 21 455841954
104 298 590524189
199 292 538834617
220 210 596224332
6 188 458974124
28 171 659812634
172 325 476796069
17 277 634998120
290 222 298312443
124 3 715855220
165 227 22691368
228 477 827774123
261 143 443130966
55 360 327158737
170 116 836527984
181 376 46318210
344 359 569279044
22 405 754112890
468 216 319925386
240 25 126932686
104 228 403370554
202 192 779010469
240 55 95187784
86 163 354091165
148 475 652329500
128 494 91979963
497 38 285994761
241 380 879501814
465 371 714006965
129 405 539298620
326 274 599038936
238 394 649449492
91 163 390902965
412 404 341115045
52 442 840924371
397 459 280616552
246 68 477545437
165 435 371961654
332 98 91175893
237 102 481026033
302 226 797309490
241 45 667641143
125 382 636652245
209 456 363492489
405 361 991335711
469 163 847096709
186 355 934966340
43 57 230417194
74 358 314383776
470 66 580441650
91 17 927728286
315 378 70115687
423 94 481444097
178 201 273780983
126 490 484040464
394 420 205290617
37 497 222300786
387 401 782984990
393 300 854698650
127 400 824289702
344 67 537886043
223 175 725904386
475 437 604461304
55 301 942707862
347 224 701335545
221 282 178443492
258 39 771323104
431 8 182188205
235 362 128308157
332 81 329633332
244 36 940639281
380 284 603730375
124 442 868855244
68 417 9187446
22 425 677550907
326 21 238173607
372 192 318722247
73 43 953435644
28 442 714678284
214 173 384224451
331 58 919006486
294 218 873723178
248 173 345252666
186 441 971072370
326 401 26471638
195 60 960257521
3 499 787230337
171 67 820400365
170 307 715132640
10 213 376315670
297 70 712216376
423 312 961527589
389 95 38618901
358 136 54160687
363 73 634556693
384 414 423126994
86 154 618014054
293 493 3745339
386 450 263763526
267 382 630408298
173 456 448545804
237 146 862238190
237 475 343262932
21 342 595702953
78 361 258349059
20 469 328220021
124 216 312477526
8 134 181899943
302 251 627097105
203 168 626976328
52 248 828993967
69 487 713284192
487 293 103622159
311 79 145327965
96 317 17839439
54 253 798624038
447 97 146674315
13 108 5966819
474 398 951617933
461 494 109961051
142 431 809252898
19 352 784739542
71 303 873453500
152 139 814227428
68 454 358600681
184 404 544432561
64 183 189017702
495 6 625155798
209 329 900662657
198 262 667937291
480 340 392263589
392 179 8101025
197 16 652483824
185 74 484489498
410 8 649411645
410 401 566259305
99 421 592540170
76 494 679806016
207 172 455354275
89 139 26917376
200 305 956768558
171 148 384869099
251 445 476763049
346 351 991435294
353 238 405404964
31 38 744092006
364 57 783832464
34 348 78578112
318 82 111968252
218 169 647310293
13 77 209526395
390 343 933908740
70 468 242073657
30 445 386811571
314 452 779060627
38 219 940044284
397 497 162997607
406 21 865791520
139 448 501587276
75 98 625226142
383 480 899739302
458 248 942444154
444 278 722259659
286 250 145366832
300 446 912851371
78 126 635308451
142 63 164534633
364 427 267889290
400 357 426887579
63 317 59096739
140 95 57418950
374 220 929425914
127 279 216586603
146 20 279088444
301 16 706591336
76 338 906082557
117 203 51266759
310 65 266127118
470 320 539568800
268 220 334294853
14 294 631011827
110 408 297114554
412 213 205614277
87 17 838463224
121 355 803205200
311 278 771107303
76 105 725558375
222 110 407141954
181 84 780128165
176 51 396940126
156 182 966081381
149 347 640423315
491 398 597028671
387 240 922290841
138 175 831340065
413 343 448787749
449 468 427562692
349 351 315427437
303 195 679115207
316 135 216340530
391 49 351434597
243 19 644497836
97 126 97415893
475 125 257006080
38 183 206263232
180 277 829619347
130 364 404220845
460 34 100587735
167 34 312917109
141 24 117446706
195 43 11153846
410 169 980379384
335 246 577040324
210 282 644009858
37 85 858872708
222 408 191527310
231 350 923896017
354 373 313577435
4 158 162907968
94 263 671775381
363 4 149127486
156 241 815440515
76 373 505608630
453 135 659168261
112 274 417976686
243 424 722368180
56 177 53716247
53 376 889990273
194 494 737320067
170 53 719043116
238 177 813663814
383 498 994519886
69 210 225129300
432 172 675337967
394 131 28871290
266 411 599526935
134 58 886812588
328 44 413940131
281 90 507840461
269 251 947174017
165 200 669758262
376 374 951544839
69 358 598136098
319 190 151607082
468 435 856850296
161 3 874513790
98 452 725543076
435 401 636296323
99 392 319332186
356 19 452898471
353 304 345486608
330 256 961203221
46 7 600884246
326 396 977730842
84 471 760468702
385 473 149459410
283 132 341980041
403 27 247558633
247 494 590740862
477 102 310601477
417 264 177004876
76 69 773253838
263 66 810090123
59 234 962783827
323 483 861161928
465 5 554254693
474 68 176303614
18 450 552419734
182 175 181201662
455 393 388274121
22 156 582987755
393 492 144689601
237 245 50638706
160 210 610416472
464 388 26322964
211 61 247452642
358 487 475623283
194 464 705968375
441 103 190900940
42 304 772794105
10 217 976244687
382 420 700173538
107 103 321898657
165 248 963789789
183 396 116855894
377 185 350706288
34 454 279666498
107 32 164670108
456 489 706845225
346 73 59560150
408 194 381270917
37 433 721600272
237 277 214652569
398 181 821862367
315 308 381406607
354 176 983374982
487 83 200726025
303 139 86449507
358 137 812931878
498 39 687437248
180 156 474440663
281 471 150513841
109 499 690410627
334 379 678791094
438 249 733440856
472 7 618589380
218 359 200969169
305 194 628850211
306 265 112077493
178 471 798791344
53 212 638148213
155 289 354360510
215 361 826612134
340 2 433434629
125 453 135008790
251 6 228958789
264 49 143653684
392 496 690778096
422 199 55013502
464 387 188309953
152 375 923796834
126 154 297443522
82 246 236212778
86 104 223656210
170 312 127292968
94 170 921730838
56 284 280951302
335 95 827697241
329 158 516661755
378 185 302490566
300 400 72397379
350 171 303836616
416 99 387304518
73 346 205823658
172 61 738595620
332 237 472681980
355 47 484076902
95 88 307330385
498 361 55559475
252 275 889224378
220 422 100113179
425 155 652399580
69 371 438882112
305 12 49547253
323 104 54947054
72 253 321814060
28 273 57252492
269 436 796820252
303 294 490751175
235 122 476156143
436 309 166933812
154 423 551992145
386 325 478168479
374 154 32246412
64 112 981905402
166 52 190532689
406 35 916213084
60 79 422412795
177 181 483192083
418 255 568600439
456 89 768786809
494 129 202251464
141 356 818286259
47 101 494482671
438 301 320883275
405 440 542430193
262 338 652173786
206 474 784268414
109 176 756388444
291 151 381010414
205 47 442886905
59 490 444871139
160 110 567587901
35 115 148648224
82 250 841169395
119 30 723256168
119 351 956500785
101 57 219260064
38 485 353332106
496 53 275526144
351 16 563765741
480 143 738803427
460 402 281424119
359 460 540041246
64 260 684298598
489 287 836276466
5 496 21441158
436 3 135418746
106 307 683825435
12 452 980701569
144 2 631785075
146 230 461439135
446 154 165545879
203 46 378403572
451 73 804846116
372 179 207274284
406 136 646462478
7 122 39880945
307 49 285209421
320 261 210062816
167 90 997507121
21 305 857052893
82 201 503996263
460 209 773872673
243 466 28517953
42 241 15402432
199 316 14965562
295 98 844340281
496 93 967710084
10 168 237079864
287 249 396125915
229 446 128459523
234 254 584112463
373 127 117250223
312 283 79903801
399 227 113212165
326 120 238145808
50 282 730417683
106 205 335761247
403 400 685084689
443 441 347513805
2 107 187414112
394 491 424662924
12 37 970649922
9 486 216344718
437 62 430661122
387 345 873467743
135 375 801433279
123 366 449924541
173 67 341436186
134 323 695013440
461 419 485281825
75 437 551516181
252 66 649886676
127 420 41974096
90 483 555745875
4 398 29268305
465 274 343799269
111 441 328833270
450 337 264674940
355 171 281817722
250 463 326860384
499 401 295805563
305 221 170804749
51 339 351325600
98 246 109052733
159 193 412432210
455 499 585051164
266 395 227024583
179 339 16431806
393 28 523643856
333 400 531695835
279 130 381055179
97 46 431506891
369 296 368674593
65 279 325404407
139 390 56968740
230 287 663611259
484 44 67310772
66 2 504140152
14 63 97353950
386 458 701215941
188 224 256275604
11 439 885618223
23 84 792382149
414 326 888333617
29 109 172196985
452 283 655292217
352 441 684209112
300 68 634471285
11 266 49868623
305 376 586463415
478 417 318729893
117 65 501500285
148 267 201654969
5 203 421517612
160 163 612225530
456 16 814293042
171 412 50040889
305 73 73498857
308 472 502055723
474 365 864326189
269 332 605663658
173 271 121124314
256 176 578266356
465 383 574775954
190 150 231515784
94 383 967071685
363 403 352728696
441 393 69034366
381 245 15974913
186 368 104434679
5 209 707683032
85 237 548232655
100 239 99898170
8 205 430589580
283 399 27098847
159 396 282378141
76 49 657121261
171 300 849651367
471 398 273100320
138 470 377379481
26 271 301112882
345 46 159805087
461 395 375274968
458 259 794867511
279 32 811924557
362 451 469187932
27 436 492810159
483 38 320126997
85 187 130083143
290 278 119412586
260 191 179404227
250 374 165530383
280 341 3142244
319 325 268114292
242 3 788474387
495 273 518979741
205 356 214016638
126 265 349082756
71 396 776060449
373 88 711828068
388 337 237197126
227 336 139381690
201 22 459412381
111 493 232814344
242 323 886153296
428 333 190850019
179 437 499518273
16 365 870039438
90 106 827101682
0 17 278974988
285 430 710252242
144 490 620074187
420 250 998472162
127 137 864003084
395 114 566436707
144 410 455103320
112 303 287770974
307 4 355969063
330 408 941192255
113 131 703609065
494 81 949676559
20 24 878794396
330 409 933514335
354 478 212807362
203 340 641312312
265 6 378382262
20 184 586856886
286 387 727347838
286 243 745343284
457 406 464640155
368 423 273999222
424 328 765173871
199 388 911669322
367 402 879587613
475 2 82513112
385 26 520871091
350 238 697060655
65 201 438959593
225 320 79095859
282 476 244527190
422 249 485161772
124 8 737751413
305 173 59948290
146 95 295735852
240 83 776408162
52 193 902578854
342 29 872799565
284 342 563918161
487 54 270830924
448 443 986514983
9 206 194780380
215 12 207021558
231 51 543950890
208 169 455839544
14 264 654342656
183 467 499271432
204 239 196352661
100 66 479478763
336 118 809008799
105 378 175641683
306 165 537111195
485 43 206202109
377 83 443110173
451 382 631072378
278 327 423723122
187 46 350062441
160 321 743853152
309 305 996726911
21 314 559606534
317 199 447524548
347 142 132272820
205 429 751768396
69 413 587544487
320 436 285004976
143 48 547903755
55 491 809993355
141 477 636832978
310 439 143784637
322 112 242127686
129 387 729206063
85 246 147189941
184 104 231251172
273 368 904835164
2 254 965032540
149 68 847646006
223 445 818363674
362 168 963501294
450 494 406615573
252 410 658221109
385 155 710784277
309 13 135056169
119 26 155150599
77 142 925843731
161 93 594473257
248 180 666897797
116 298 751307051
328 479 462904933
234 180 223141142
101 163 871765991
323 498 116025422
197 371 298375428
357 309 271593377
223 188 586472012
246 435 350833948
469 120 967245886
76 65 454278104
90 28 216525119
131 9 522265505
257 214 505484632
392 156 842374291
256 143 483709668
255 132 811352400
250 22 421891927
99 415 300918514
434 156 566546788
215 191 79462473
308 292 730179409
445 292 424052567
73 417 665098975
409 29 358696645
77 71 634370531
499 264 749306778
382 203 30836174
308 450 751831699
91 334 18855546
258 237 902975198
345 57 926928383
437 156 179290822
61 157 76258754
20 173 265423702
45 241 931357385
149 485 500856409
112 491 175735179
475 12 447665956
393 465 778405951
108 280 317084006
315 77 495524955
100 60 969636584
245 317 549757764
8 319 492786522
399 142 67127784
104 157 476484390
296 349 998867886
443 178 761934189
212 261 331198847
446 245 148313447
90 1 925985323
127 434 689398651
143 324 126789375
86 300 245266186
471 166 962640621
346 30 550274522
177 73 728738338
201 429 374008167
215 257 798575577
408 420 574445478
150 53 19478772
196 271 525333580
207 85 453923824
230 102 565339978
163 248 554911803
492 140 154082331
136 219 664788974
236 419 564258015
275 353 301467377
486 202 466224692
353 373 165594654
29 117 684905047
439 411 490641986
66 200 260119881
174 70 172617087
248 272 971556862
377 193 241540202
395 96 830964553
478 261 807792538
148 3 282766046
331 71 15197758
426 386 421295756
281 376 702775394
24 127 643659774
187 201 244392536
306 90 490510091
207 357 341124471
47 201 912775380
151 117 440982869
329 378 11216302
148 481 218264840
216 352 377575240
31 65 420077394
207 365 542265392
86 61 302722350
404 94 901051190
310 179 907486302
484 411 177715349
468 53 82905644
459 245 584917965
123 10 583002244
293 138 340123158
365 56 116558802
438 348 558240415
388 162 929285442
498 354 694927814
70 416 855380275
365 474 14036397
353 496 362296378
68 405 802954230
293 263 52292646
46 267 595877105
464 468 522615969
237 476 220412890
422 166 593809916
104 131 723079756
404 74 842519157
340 209 514933975
362 423 189859040
49 481 528665091
359 85 882984854
153 247 187478458
37 440 496776404
112 445 245915416
231 470 470979896
103 412 138825452
118 18 123060428
435 368 801251628
279 76 493297262
103 8 454178164
253 160 199561253
25 127 577029550
71 46 627343430
377 402 291810214
28 245 705863877
35 263 262547876
419 483 799804500
98 329 694638975
454 478 116291749
337 269 718454562
221 256 948365875
477 14 694265319
4 12 341982630
185 491 67998677
319 85 854850399
76 47 85654612
164 259 444574783
242 124 379134942
16 277 299644333
306 217 751696588
137 185 569365587
310 286 202811778
492 224 907043417
14 379 154206781
294 271 27820481
375 86 979786642
378 381 862349311
457 374 111498127
329 118 619270541
40 8 287924780
217 26 720198094
5 317 3281449
411 115 995828019
219 413 350371937
205 300 438423449
161 177 778604328
423 474 875199474
455 283 689614922
256 106 96597100
6 391 631344865
498 149 377365213
104 368 378604145
265 62 95831803
77 222 688920306
115 420 680108428
320 430 491580628
314 2 281214702
207 320 320179632
341 261 461112187
449 460 988171196
121 124 363173245
403 351 428692472
215 456 757069725
50 153 329487626
25 194 899116102
144 108 259852733
122 96 165116679
324 172 891632775
475 476 626224172
15 377 712757853
382 295 315445878
387 82 806264913
363 119 184429647
430 5 233005788
119 1 968876222
487 163 921731399
240 258 62820043
243 226 287679332
25 93 379700370
131 454 231395251
225 176 568760368
382 148 572453635
329 421 335204521
281 10 493891619
338 169 96224007
138 192 275303729
262 183 442636788
184 46 836806895
4 335 941491491
426 132 365024714
419 377 473859985
144 88 478456287
102 13 426350497
51 462 314791495
439 55 724833369
173 255 686524663
173 380 489969683
110 232 944384948
352 381 120195941
21 236 776362448
30 191 992293838
383 408 559816195
38 107 773116412
393 232 422493446
298 16 353912587
442 367 589715560
326 360 338449456
143 435 46092417
186 87 453740159
65 185 484662753
457 59 357221754
263 100 68500818
225 43 229379793
147 69 897689618
424 332 596978479
98 360 703003186
420 491 935364230
250 342 948731646
365 400 129520752
41 304 809670254
469 215 451675172
364 484 154058277
396 38 352034499
40 347 269149643
399 362 404873750
214 371 457381307
470 94 225450237
285 236 389286541
401 149 99194262
272 426 53178864
398 447 16463059
97 296 967107111
136 181 322217194
368 386 824486902
90 367 994614563
393 27 639707784
40 296 679762248
112 364 132373351
331 280 35793978
231 1 161233427
34 93 600030762
228 130 58719197
25 114 29419263
48 311 945246390
247 253 85750624
292 64 988434959
260 288 634352942
53 45 648265810
387 214 582453231
240 424 598869564
68 416 757584361
164 53 696565538
73 182 826889292
406 367 320856478
211 65 937049131
160 355 191653028
151 169 869763141
470 263 198124835
168 267 116764882
349 156 618538317
139 12 609899717
228 87 709644542
186 357 486751220
34 315 269060661
240 467 561548219
227 476 524696921
177 469 18052765
108 212 448202153
344 397 581490173
445 152 289664054
306 188 732520365
463 38 374844772
107 151 353267707
488 251 577847213
413 146 312612646
468 173 59381598
284 358 378660131
46 54 291688086
368 10 647397982
419 124 66060101
490 209 536789051
147 210 412909421
289 391 375209060
3 318 565226875
304 103 339448936
485 221 715881644
133 367 82530432
211 183 141860168
403 456 942509973
86 439 300961192
204 224 785814783
494 99 490320142
19 321 576825565
198 304 208705719
258 86 977390217
204 306 331478945
214 217 881699787
11 188 868522468
462 86 454027338
299 54 403375350
209 125 231959006
40 23 603848066
431 402 121902085
327 358 906425294
332 156 641015322
97 492 654870683
111 408 764809883
245 430 547432856
186 256 445103617
470 240 743323656
216 290 363549816
340 489 6138664
255 11 94967922
476 228 416434905
327 217 405380141
96 154 402994641
417 460 113763063
157 343 178175992
416 404 475074788
398 143 505678197
424 36 743381483
363 428 600498899
6 248 883772250
235 300 639525916
161 111 81667095
135 129 720888473
219 407 45109444
377 144 91408817
325 128 275527235
363 185 810941403
408 330 417411970
312 2 248145097
145 243 56939542
294 350 634680113
488 91 860247177
64 367 750333203
399 324 580523547
447 348 55549379
155 497 421083284
132 223 492181418
368 279 115993358
15 374 103789680
134 118 987815136
496 403 897861597
331 332 530707378
99 406 49531502
361 385 148027140
161 387 622283106
231 29 180787287
448 383 813540219
430 216 435209009
314 333 453340918
326 291 508369573
439 147 969496322
169 217 906575353
479 288 791830329
189 218 478588744
59 10 375844802
492 120 218202600
136 422 343200829
300 124 193760665
445 74 373881999
454 109 504232612
480 32 253265890
349 141 650326858
35 366 598990442
246 382 314739836
277 138 651163122
454 156 942606619
39 441 312258578
416 41 356559253
388 100 872427740
166 180 450997711
449 364 301107973
374 443 848237483
14 311 520045479
313 301 703570133
158 472 278418761
87 20 347356894
436 196 997563655
468 272 793834522
425 475 202274156
65 304 702835799
231 77 121906679
310 235 250453388
304 13 397241055
119 378 474158131
108 398 930812693
300 179 350487765
351 499 205758703
468 159 779382957
325 142 158261844
30 96 516424902
297 259 125468607
484 404 711841829
471 78 948383543
383 262 657293978
192 85 805118416
463 42 38439385
114 411 825670926
182 352 186939465
146 479 423367710
145 439 309013043
290 233 3682066
342 205 173059700
481 281 794279452
317 164 929747341
250 25 544589272
0 290 441652163
275 403 551021758
461 189 12633850
474 212 441561753
121 487 269801423
14 252 502684157
96 37 296958160
136 3 488098587
344 130 679095596
300 227 807801015
327 132 820349471
495 212 467732912
441 177 655022200
240 285 753458481
273 468 408043885
197 171 129187212
285 189 97300874
326 282 918202899
193 412 680953689
266 225 824651321
426 166 721432712
51 362 908871037
154 165 932944420
300 375 577685871
422 476 868110051
414 433 902979410
134 321 413664218
401 445 734418762
382 335 495024637
45 283 815806185
330 388 182654798
368 204 392833494
467 223 299696744
6 348 441802307
220 379 72136711
326 98 441245310
224 491 185569809
472 457 467991594
412 191 670985942
102 363 564390978
441 409 804865708
89 112 271221074
173 453 431354121
22 424 624856582
95 174 841162879
425 384 386598398
128 304 444680833
194 171 808275314
285 222 70434999
69 117 813209641
384 190 431949021
157 166 737548043
190 362 368884794
300 350 453494801
244 234 636212992
151 455 869425033
201 341 639715429
207 235 108241058
95 152 905369009
163 50 478547294
308 439 444182909
327 357 692548708
331 323 75638353
477 126 550311115
154 53 701177837
281 9 149893533
245 371 848444377
112 49 666095000
351 312 100946955
258 171 891003346
373 287 774672617
495 148 315560923
155 101 807568633
305 307 295689587
181 260 998318090
96 423 33123787
438 332 163661642
28 342 693518590
67 223 955364492
253 195 931700495
396 276 590404429
380 431 181401911
120 189 715088522
164 185 811347228
274 105 943145662
274 215 969831693
152 389 766599370
180 154 722973123
152 355 167675694
57 25 144205268
347 102 985250379
354 469 626082230
466 52 501612568
352 365 300670041
374 304 32435389
407 146 45398058
239 95 923918670
462 34 658409925
414 104 33668573
240 477 191188385
100 448 248430305
348 327 901534042
135 10 560734401
339 137 703064717
57 418 63465587
293 134 178428475
283 71 589246351
203 348 72325016
274 359 908677072
305 451 848862696
176 8 987976219
225 213 235526024
320 145 470690635
147 227 346187947
223 156 180587410
468 18 374241495
346 247 794044070
110 491 622579683
98 293 195283871
302 399 920140271
111 209 585333325
328 422 665108953
278 31 644334296
229 181 471271724
69 115 920906531
212 240 90691174
193 447 833472744
441 313 120793313
41 368 348629713
376 102 569586017
270 190 441563074
155 162 762136434
282 460 83371861
366 479 928612084
19 284 999332532
210 80 381043012
294 282 821242777
115 299 100658289
30 380 381744640
136 194 503006307
373 271 158349040
271 305 5343269
278 321 611998369
366 405 411877175
250 115 72159186
143 407 763611606
48 206 898602992
497 305 95199833
53 320 95562859
53 340 83577302
256 216 610895030
263 194 970690900
410 74 854277066
183 374 191995713
37 484 328829040
94 82 817634474
432 482 897860896
355 49 626548536
410 379 815663802
209 484 934864776
113 289 927884264
14 37 702896067
457 296 885937556
21 135 134300803
244 339 49657645
282 457 540497983
79 403 838559268
172 495 844466075
212 355 356979985
75 157 749469676
260 110 786587870
80 487 660781199
246 175 911632117
187 434 567453476
497 135 633070851
171 237 145005757
214 178 535881436
236 46 131859626
63 371 443709572
192 229 517960174
485 293 832897376
52 217 395325941
172 484 439960078
81 288 532565955
152 416 852633598
58 120 405722165
454 410 581595303
334 171 884770139
153 446 870790981
126 43 74731926
259 456 35775049
7 303 133983078
262 261 633983542
143 50 342043718
65 334 125318070
168 319 438802377
464 135 929930986
263 49 522062136
385 95 152864719
132 464 667331516
227 291 26609011
444 184 239624203
470 419 106934742
302 430 708294802
162 27 544950941
487 275 532437121
85 254 877566051
317 96 708466762
331 351 321982842
165 465 719277002
456 302 412629882
279 87 416541043
234 320 42253835
423 339 456893775
81 186 663673850
355 5 480495888
83 388 731151811
242 379 93809848
260 418 643407954
46 149 333810229
375 337 651140009
345 139 196822967
94 131 359088415
9 164 461538542
344 348 796766131
181 213 478471644
480 170 622913863
423 141 677517560
451 17 141590006
327 3 207537805
362 176 87702638
479 384 143102182
431 363 207821851
409 440 88863153
209 103 720811147
164 17 257213211
96 181 574056620
238 374 537737131
33 93 202807914
318 256 594240763
93 377 851911230
235 62 400833014
297 186 293099042
88 475 384832257
9 479 99473425
211 60 627502871
416 234 826771195
47 364 458744219
61 16 899516379
437 317 46826320
209 76 621380509
301 286 451447752
481 258 69945529
145 10 611183975
93 10 60471740
483 76 832597842
242 107 373439893
337 325 692028268
50 451 476526930
272 350 400258192
89 476 971357942
221 296 431257324
34 152 393083597
496 438 760750451
344 64 886662040
497 33 368902682
57 225 614534962
46 204 383098087
349 419 518454681
385 459 748477147
405 242 598758785
71 470 523082221
11 212 343101905
435 307 977124315
449 384 230448899
237 64 887731347
270 100 280630406
109 177 495108394
345 285 616212430
45 469 12842356
381 432 525374465
75 127 256174566
390 147 61678992
460 357 591559573
382 207 528114783
233 153 382514264
467 48 212619297
246 2 156553397
404 417 598432917
205 236 101365380
353 121 550413396
456 164 398798905
58 31 725130918
398 12 957345923
236 397 155988567
453 213 151070197
326 141 261625836
389 402 828916821
201 410 259227832
312 374 739301608
466 352 510743442
447 185 704390239
362 8 206727932
58 51 289775374
99 165 69101614
413 468 693621966
134 422 508125067
308 99 505683836
346 382 665870714
49 281 827337279
316 280 58071220
152 248 617519145
263 37 405506584
499 321 446152705
394 375 117705414
339 241 206743121
180 117 290859445
153 71 908377909
497 317 179938496
212 140 80486606
347 83 59523342
489 424 252882556
184 352 746323580
347 287 865234607
199 37 205079233
201 450 334809942
379 343 185245813
299 233 936790867
7 171 440614016
85 55 153248313
64 354 138066542
196 441 973825828
74 483 573473476
467 243 856172373
292 482 819118341
424 229 634401319
255 386 164665216
489 51 760779038
439 186 562933098
360 208 407656374
375 203 70900290
250 406 875039599
91 392 11288755
22 431 315725361
237 184 654046038
86 173 484332563
132 210 485633060
394 101 396319826
431 196 173705251
88 335 178971447
353 410 283804627
54 62 645590108
264 206 901048747
145 146 375965797
378 141 56364008
388 469 810878485
39 476 752615566
469 99 195931384
406 458 740937429
202 171 279536944
389 252 444701159
235 131 229105557
295 249 147936720
214 70 987137099
102 194 538153579
395 461 104292322
465 179 998512800
322 451 56992418
412 477 978596578
139 190 421032711
246 403 814069953
285 468 369513050
141 168 839979597
366 224 215061466
151 159 34975463
14 139 507730194
445 259 182504228
283 362 895399153
197 348 349036432
301 198 58082130
439 424 678458415
66 143 762700765
0 202 553239153
247 235 147674008
32 152 787913495
237 34 856867527
441 277 6667071
140 388 100626797
453 174 203971264
412 74 790062921
371 444 526389393
115 380 544947411
283 47 835829705
105 371 985939905
43 17 203312138
147 196 831258171
463 485 401257173
152 363 734054221
210 237 351515706
455 145 734714818
369 316 613734514
189 479 177758399
124 278 89991526
461 335 595151358
444 425 257423074
59 337 424527233
87 397 630906892
447 251 216417703
436 496 332264855
330 5 700428356
219 59 482231854
488 300 421549695
255 466 375406757
224 101 54369036
106 85 322385498
271 298 859054457
230 451 725696635
334 18 925942531
446 118 609455221
286 130 18249841
93 288 72715360
406 466 140827708
339 407 9092537
299 256 647922434
389 197 471025897
250 317 393452504
79 159 801213051
270 147 582355804
451 54 950166131
432 368 717199190
322 238 851535650
418 61 71536699
311 445 461783494
121 114 424942997
3 381 433033415
229 100 171819609
234 187 512513717
364 268 424989352
395 82 373568722
413 34 347299860
253 48 905394001
288 180 524913479
441 341 200984991
114 32 728980015
469 458 266453490
212 66 666447561
61 381 39505530
25 318 403278920
232 487 913749086
425 301 770623710
35 299 355747562
78 115 637082713
459 32 34862110
26 228 698503165
88 408 254843920
179 165 211460242
319 165 76191297
3 304 381362038
6 257 943399319
247 395 141547862
403 193 463305131
88 394 792441050
491 81 951927200
107 378 541303816
361 36 214408017
172 67 193873882
114 164 372937690
268 159 419488688
423 252 150224300
87 142 878989885
323 130 846563663
478 243 693034873
428 58 739508260
327 269 719300397
323 349 969721324
290 431 319839864
92 221 906840003
168 114 951246885
258 234 110209335
284 153 495395438
101 213 791968056
348 426 857218849
453 362 556505327
99 373 525757699
212 459 272290779
236 129 710090343
325 158 376948813
249 143 578198583
65 197 817945794
415 201 518023900
442 91 6194116
94 316 21435779
146 288 297850885
41 283 654954781
63 169 684162334
470 358 212135917
335 434 924548182
144 431 708554813
132 473 84228920
317 411 471916974
274 89 938964178
137 411 671077160
246 62 544385008
102 395 488861650
468 450 218660085
329 386 972462543
291 287 288113890
53 206 77081158
122 479 989459301
337 261 453758919
81 106 732476283
433 358 955062478
44 263 599004513
135 108 512831700
358 412 762665276
330 215 221177178
147 361 43611118
186 117 8970873
226 323 720786029
479 219 901307880
94 121 661240155
257 455 320212158
18 294 66266273
218 23 970869678
14 337 973330800
288 169 751288328
407 484 755676753
163 481 321901298
230 382 708649743
435 472 5063759
386 12 372154471
318 474 444827193
89 206 65962569
160 348 389424915
348 121 475878632
215 65 512085972
128 123 108185144
298 319 930104557
416 447 981302022
495 32 831479342
338 325 329778926
26 177 378604394
346 75 137300988
428 134 474440029
254 186 410668334
174 207 204262967
327 402 225143294
234 388 402537643
32 420 911016891
85 310 777508279
175 390 680115425
59 406 838540117
397 373 347918256
78 317 529103947
18 477 127801302
31 126 519807176
377 433 887581657
163 173 99562780
52 320 32573838
451 13 334091341
478 28 561896487
283 221 732048081
432 34 490123647
399 445 524531043
93 327 221176733
201 269 194770310
464 412 955629089
17 480 317094878
147 211 953526259
334 59 610485647
107 85 126974615
78 77 753369873
432 420 584375985
411 434 543624809
58 371 941754647
359 312 676751881
65 36 516105443
152 341 499516584
216 217 994589488
209 259 814737126
155 257 449268898
73 493 314445871
121 485 92677758
52 341 142149179
415 128 511238273
191 251 709770334
177 17 247932588
15 376 735063989
210 241 758514936
21 387 678590500
12 255 216219116
63 296 868404102
192 79 902814062
192 31 958228407
466 53 694270757
8 339 346692862
153 220 699614618
251 5 554529963
429 73 121034794
350 46 373446533
224 109 368630092
92 106 990737294
313 112 696155032
368 349 181708850
353 323 460936149
278 483 127985483
47 286 118159376
75 61 909921255
197 151 829775121
172 359 406281783
172 406 151846436
231 148 308764144
67 91 561288344
60 436 397323428
219 347 369096252
428 96 103346069
175 340 156136025
343 193 655287308
223 402 678509543
124 50 751800188
223 404 164039304
455 196 235118501
202 360 244705226
269 453 631879020
149 322 317328609
293 88 776750750
143 182 157960217
80 139 344119405
41 400 630098698
301 356 187627496
104 233 31614598
320 336 791739953
415 292 678732879
151 107 644960110
265 304 588883859
290 77 665902861
199 452 604352548
154 89 326641204
249 60 107672949
123 339 915308115
301 190 133610598
72 279 133896510
207 393 561453870
227 235 6884859
472 27 153411321
38 336 115961121
170 191 715956218
310 3 425593815
379 290 937868695
204 208 74001156
22 379 776660666
312 219 178174993
61 189 896287597
44 199 891657396
360 458 441074200
384 362 756571815
300 32 794777208
414 454 695794337
65 328 137026392
181 341 759912841
13 60 254897001
349 442 273962192
105 466 751898070
181 150 577604807
371 363 291187972
104 239 226372771
413 367 864649284
265 449 837763459
36 219 362048169
130 95 551618683
123 135 541569301
14 442 258695789
308 359 54233665
459 497 916472129
138 221 707438550
80 344 409948241
204 163 748482871
61 106 920261427
109 405 921245889
255 431 934914935
262 374 963154128
1 207 689276628
419 168 668117082
166 449 38872467
296 257 343225341
311 40 15885488
112 109 76342272
148 496 43646133
134 129 693492328
91 47 545636602
140 99 368102826
353 62 573469642
181 296 629670224
259 314 915842266
217 428 243983604
238 50 465874804
447 190 714419283
244 390 905716621
482 378 79869583
383 232 540423341
34 147 461288961
287 39 574065671
316 350 165890935
441 168 69132209
438 481 11275904
398 210 638598886
323 313 312623853
165 366 47774194
315 164 60975114
267 415 739249130
129 123 381224294
244 336 733774400
7 313 838748929
386 466 88408381
23 229 906196575
259 50 120084826
355 0 933334467
166 321 393774443
257 449 316860494
473 271 379402382
238 378 973429218
445 257 394486974
292 107 100213120
478 401 217013811
489 212 72316596
483 44 717744153
114 399 994965963
169 206 79625826
459 489 588441211
118 68 826609549
62 216 836860960
390 194 183841022
458 149 740603226
173 404 866789670
236 458 317197122
358 392 321863138
473 238 184026301
357 254 566144433
37 188 61645565
450 179 648338963
425 498 75916762
215 334 913666089
148 446 685348983
448 238 712565075
110 236 85552008
444 350 477795310
225 258 901916143
312 218 764640716
147 334 226059546
388 130 578711662
443 467 676652034
82 102 422619229
403 279 376094421
7 250 73738522
290 74 708218441
469 360 298724029
93 177 178891012
385 39 646982251
237 138 5536357
244 414 253716356
346 448 908456002
375 361 568082971
431 117 858999906
21 308 70875135
233 0 882963511
167 309 170354044
393 0 964314758
59 494 373501417
88 50 163790606
313 281 490464451
78 352 782671376
36 147 957172826
379 57 601797155
310 326 901938367
217 262 796925241
463 58 736231120
309 289 725820168
345 316 512487767
254 261 2601799
99 78 625128569
321 15 235959024
483 108 322828665
487 165 920264627
418 70 59390006
331 457 530653574
169 50 949579815
156 77 788470088
413 243 654261643
23 357 667432228
179 487 695180834
322 205 70934729
222 205 408523616
490 280 284750811
197 26 759642342
235 127 216755027
67 426 93724226
84 117 446980640
447 147 208990435
439 41 902658107
439 112 33546971
345 334 300228638
62 193 991403267
370 398 914484172
315 421 350905733
267 480 898451453
119 345 242056164
69 317 585523804
76 88 780906280
119 122 759687656
154 431 891397810
411 332 474604687
311 232 125445134
340 52 438152650
91 439 829123509
126 102 583755241
237 430 853105759
16 55 990891608
219 285 642851141
57 260 584001182
48 397 786922833
121 88 656809649
14 346 178091344
72 489 739920814
269 24 995494149
198 19 591563092
126 298 583354550
460 275 170185568
426 21 319169925
137 168 911757467
395 325 730774985
424 379 914712557
51 233 742487480
80 270 146992680
151 70 249082169
215 90 938494968
367 236 34677743
249 297 188903684
271 487 626594992
249 23 163660447
352 51 694584792
171 343 274258666
107 310 576919226
437 175 738864973
270 231 236061546
415 334 446092645
412 330 931134501
159 77 159644966
1 352 657321892
81 240 801471474
282 362 482282177
288 128 820286572
274 130 958642250
131 19 750592640
57 112 888114545
24 68 875095862
170 377 698921280
445 483 864059775
372 45 118087965
191 242 969626252
320 177 582158259
248 47 534368570
54 410 329110571
326 369 634783920
97 41 179855210
279 347 773480724
123 124 704726539
308 47 995522788
228 473 270190418
435 413 154453047
7 68 653067054
32 352 655697413
315 54 643993966
186 188 735623723
51 290 581891867
72 2 250124
464 70 894641395
373 490 590532929
439 432 800916209
97 207 751839837
285 357 698387446
307 479 234002169
454 486 786445177
62 335 598179156
145 258 965544812
260 286 731304980
395 418 673102042
220 231 761245802
289 157 32165719
323 274 911620596
270 327 775967905
38 1 268946018
47 216 194446734
349 474 728069386
390 335 248012585
284 34 896427944
132 309 994199278
237 432 782952292
196 415 742800445
475 413 569212235
401 379 214947623
445 107 113626269
346 216 66741705
63 277 115514315
263 206 906388942
393 163 451714315
348 107 241626523
77 336 834666110
360 191 283140900
17 76 780930754
205 216 705470554
118 74 720339554
40 415 557156823
365 330 630590049
126 50 683268077
177 464 927005706
105 390 603243835
395 200 860037639
347 183 62068451
311 371 908738482
464 119 312516057
272 447 405261733
61 309 274285435
415 496 385890395
2 67 404080036
178 198 858391352
479 338 897044674
50 95 667805780
112 97 503503461
205 367 911484181
65 258 24889653
426 320 789878497
459 487 305135115
217 329 522595479
271 176 214977663
279 228 822210698
56 392 338837289
242 363 164312867
493 333 270381236
275 394 37755631
182 271 561299573
144 142 917355408
480 171 606068440
32 409 896727486
278 118 845879534
136 321 526220490
236 16 350951072
408 33 503461436
421 32 193365267
256 395 450824942
314 416 505567467
85 462 730569167
416 9 792456493
133 175 169177085
425 46 231346806
16 388 575866417
382 137 900344969
129 260 875828184
155 417 110664291
211 67 160896529
80 399 746675790
289 333 265496287
474 270 648095860
184 463 166142986
136 457 14692376
324 42 984332588
175 201 802318881
161 370 888253025
344 267 294708701
292 231 156609099
289 255 759225477
4 409 608456466
276 175 340833489
200 123 624209281
52 87 58835134
180 287 909887743
134 261 379937860
189 497 831773204
272 379 721199141
238 47 491183287
379 26 17953999
126 442 180582735
169 118 259075807
452 489 512317661
440 448 683091297
380 474 857432340
352 233 683046620
44 115 196221462
437 69 450507810
187 497 755232777
135 404 739170031
403 161 771491193
278 424 821029328
103 411 559485497
464 199 471390730
278 262 17224607
361 396 798330592
221 348 881133285
485 85 967304176
112 76 496044764
155 33 987553516
396 294 43813454
94 435 953536809
23 242 392047659
426 262 806517568
430 471 546621587
451 309 278515745
445 80 796916201
463 433 279174143
474 488 782712900
358 0 21407810
481 296 312799438
110 216 731920447
58 459 695866370
37 164 407037762
149 170 404065791
429 375 176792709
464 348 117575770
448 349 341574644
470 471 971510924
482 435 831178389
21 481 173797535
187 123 611537275
445 449 528686064
76 399 468177592
132 78 785911060
33 387 320920956
451 420 642022061
16 495 540332656
310 437 993021237
241 390 230397172
363 302 795988950
180 481 174342737
268 365 539819997
121 18 904225276
305 203 744425054
31 350 375546173
31 165 576014084
383 110 840960295
451 496 7321185
87 291 260608109
362 22 321563488
10 67 624223179
29 280 398711522
421 126 43025378
453 456 659851196
319 152 940655520
96 435 372164119
409 480 416922047
186 259 612147487
220 6 223754837
248 165 932611863
264 349 612383435
482 61 91732194
209 8 261825626
245 348 344181117
261 415 768777697
105 243 626758589
389 364 960874937
458 437 609799586
273 456 979264357
423 455 275776865
58 291 176559671
274 263 367333937
209 494 619681462
443 317 803542857
157 30 880895688
147 73 436246688
359 401 266951661
397 326 77806919
433 42 922270623
48 245 279890078
344 457 453921403
276 226 525977589
496 170 650432232
354 11 853492558
493 279 691026256
432 315 100325735
308 284 167446250
180 484 893123781
100 203 640795895
95 267 541529567
413 115 628834696
207 2 89833493
37 371 756792617
178 397 680950283
467 147 187729507
238 482 252836954
305 401 263260311
82 288 893238423
115 110 300020463
489 289 88376780
323 235 182585322
70 218 83309386
437 232 399471585
235 243 674476359
437 284 180863614
270 246 54051672
43 398 231254325
455 430 542602901
446 268 497976852
20 170 811432739
277 449 935674592
285 386 776635912
91 383 654423231
37 112 533400876
195 452 28737790
298 470 438414014
134 285 827741549
184 437 909894099
375 237 275862598
498 83 610509664
280 169 585618404
117 100 523058621
344 291 444253597
260 74 566377749
387 360 694664398
349 40 96484089
302 479 160754399
104 112 531672634
222 285 57330945
16 368 214341951
154 372 126088879
125 206 753589686
351 87 83449638
21 491 117096274
132 395 204900365
367 498 82041480
18 206 555333515
192 299 647915747
175 129 222208947
81 290 287338127
498 388 885363994
312 443 474393388
220 117 601095601
61 250 12944555
308 46 531347191
102 76 175246125
400 167 61601597
332 105 70784718
88 499 641435574
361 46 738588097
494 125 173578209
184 197 233932413
226 252 248654784
468 320 560812413
212 223 729918909
192 54 419294878
310 200 327601147
413 417 486363694
169 3 372783642
217 135 343902725
14 28 654061779
40 462 342796884
30 158 728013837
106 76 545025858
20 128 482098402
74 179 157995
361 15 609570022
313 81 600655016
201 418 423222299
410 365 440276969
98 7 819473470
181 457 116024215
90 257 970874894
269 56 126962183
190 469 445383346
11 480 625893065
175 241 499223028
372 23 865747952
132 17 974267324
176 143 328548693
441 427 366495803
160 491 394034740
170 150 189103459
42 374 58632710
52 467 96608881
196 446 364281687
495 83 623071881
416 163 599680078
55 439 10537820
402 163 947172586
423 83 850036851
88 147 151612317
381 322 110087748
455 355 629480871
235 246 739711213
461 59 643459088
255 491 927052618
304 178 182449394
17 347 176833768
43 135 707256563
490 226 635104551
61 51 189135144
307 37 120571317
222 299 378306136
119 86 281346069
251 71 77004787
304 136 892513983
313 75 451139563
60 438 710640685
344 287 619856643
406 169 30018354
369 27 921515151
475 281 604777742
350 140 535926801
302 392 176410878
385 42 300482816
64 61 230026101
375 162 500586085
396 117 656407876
479 184 460093598
192 359 732471792
176 119 530522490
155 181 821422688
388 95 97126096
78 329 671287851
120 398 631398139
2 220 462170151
4 446 72513992
447 50 980027645
214 125 552760232
173 58 170179169
114 368 532567009
417 390 815826058
64 338 902098013
138 142 409864189
414 341 585701468
229 295 491000362
6 402 736035299
385 124 891900117
23 105 897119822
220 385 638049959
85 295 798464272
57 88 381191047
17 244 587347849
46 272 972288515
120 169 893249439
495 453 95298998
380 222 634468055
327 202 398008630
459 399 337272520
129 131 409531709
149 481 425937462
467 201 784239433
231 419 532178281
405 93 454372777
44 244 747851878
89 181 324994351
258 194 50098531
168 160 24749765
162 432 236105508
458 76 130441626
214 388 937786351
283 473 323672207
246 181 485470420
315 460 12921185
138 150 512305656
405 366 545552332
92 253 667395019
52 60 368903124
215 340 842873136
320 235 524897340
337 435 336634143
36 449 746833088
324 169 561480229
360 336 818894550
109 181 833572941
484 202 863028139
379 162 258106092
2 3 953107643
133 404 928904632
235 172 84554565
389 247 217078676
461 128 860311857
331 444 800328435
262 383 977794811
162 260 498272987
97 311 121998275
415 301 787514348
151 45 685743875
209 77 3606120
413 455 896629811
59 492 956839167
447 1 933657814
331 349 338497812
164 229 739693985
38 477 359358206
223 345 704116740
141 39 222404709
69 365 372408813
463 420 586273722
432 340 848841904
102 484 371856453
381 308 856738006
346 349 737667283
130 215 66644705
99 292 811262564
435 110 913745897
413 132 1314351
401 124 938315606
439 348 748909061
431 297 579879175
239 325 466761425
216 462 249812401
454 307 520046513
356 346 622228415
260 255 574905563
111 57 250748884
54 44 580072114
76 311 693647801
466 216 149587307
303 69 635456319
123 61 15174978
127 296 754772967
25 149 288334177
453 63 76746177
294 257 554966905
350 411 924459224
18 404 723365023
51 91 276576587
414 310 903471859
122 329 802894896
203 297 710031849
70 410 192347899
288 362 648598895
357 473 597846420
311 354 240051240
76 380 910325829
272 313 990183285
394 172 145939311
366 146 115007044
395 14 832409473
419 99 765009567
421 159 366822870
183 461 695546893
404 20 25815517
45 274 660825017
168 98 947409363
411 172 564292315
251 187 366307714
362 165 348985158
33 36 438453438
382 194 102098053
349 461 688572997
111 297 241412135
435 233 627518831
112 171 964101768
250 239 375510156
341 300 810904914
205 20 574663762
384 342 975885743
286 290 434715181
53 317 476387760
422 203 442682305
91 180 140982506
433 264 38919966
218 362 302940096
152 237 566101311
32 211 785966606
219 224 522004299
92 184 288681507
81 326 772462720
180 119 304620722
397 75 689460937
14 262 986756693
97 270 369951549
428 220 245475115
192 377 450004234
222 11 596100262
249 0 630003092
74 412 235468455
373 380 916615702
64 149 944723270
346 334 601940959
173 473 801414478
254 233 121379506
233 231 582521250
375 295 856561837
322 184 789632980
440 14 265177328
81 196 41469017
281 495 521757518
194 152 627638638
96 114 200562140
473 219 252168835
278 51 584292115
133 187 410792014
82 454 808164910
293 267 688548743
366 129 842318718
456 255 443654381
111 76 954125640
58 440 156065546
39 297 493960801
375 151 945776612
147 100 275240846
75 376 474634822
78 373 800211107
445 78 323779127
219 152 401570579
442 257 103900453
107 318 788970098
140 430 575677117
159 147 509297269
385 195 285114684
379 220 640076739
464 460 22129426
209 353 212089305
255 322 630460021
430 206 917117220
18 464 8705818
483 164 454221500
46 79 675875761
312 43 907655546
150 440 996615256
179 64 977145263
369 252 75216175
405 216 999626690
496 343 222699748
19 224 6539736
40 360 821068105
174 230 679653989
391 55 795403393
444 81 193309500
70 23 190181321
209 286 322927118
10 231 481494840
110 95 394224018
384 58 112125267
255 429 104311032
328 293 601449511
193 169 720477247
260 202 421532541
442 359 848796549
185 297 967182251
70 352 732927897
202 0 541519813
423 385 855378089
275 15 995317263
459 291 459768622
343 233 279946901
324 202 262003427
256 441 560028054
416 62 601026354
251 267 95666169
95 141 277141317
439 172 645754618
305 49 534138301
284 323 36344620
311 201 565256360
443 82 696863310
481 458 39519714
169 137 35739485
366 205 699237459
432 171 617946516
299 344 364305580
42 310 524445873
356 461 532420195
461 144 2749634
489 449 445546292
206 498 216068555
269 141 341745962
317 337 117508370
394 248 604578627
398 488 821975878
28 345 679084213
323 436 298004251
449 476 270186
125 25 179136584
56 438 754176368
334 417 492970467
22 49 190929002
253 77 937307640
237 292 378523848
143 377 426123339
258 414 511856876
287 110 329668644
402 211 695682148
423 485 503673951
257 127 180528719
477 70 306625072
371 311 914212612
213 217 466027691
46 263 362761752
401 291 891563406
340 96 730301237
406 233 922207323
45 235 532308421
187 131 678310465
47 31 139321103
83 392 991069363
15 231 352349974
193 400 872656791
473 468 397265036
81 102 690853529
339 336 346269053
27 108 428247348
304 245 588529429
205 231 404689693
489 444 363784278
475 190 785377799
299 240 901229745
365 128 321057843
411 496 841566324
410 191 955358629
189 306 992257902
372 172 311194012
467 191 51555340
274 222 990997338
198 41 476266921
279 470 734333959
469 407 922263981
157 118 483217280
8 95 305240674
4 194 496389076
126 153 213035765
493 238 658421429
267 182 311971514
307 316 864391176
112 236 235457239
50 294 481079781
117 132 768074610
323 342 480481106
462 164 824971944
405 16 806110145
17 64 587969421
447 113 798283665
175 27 746310865
402 455 739854703
236 358 816074752
126 329 980264268
5 200 396746989
264 201 95901137
324 7 476336589
106 356 130328283
345 109 162219745
474 370 571513458
313 331 170941325
193 188 63152462
282 88 8650627
102 159 371626490
401 365 152589575
218 89 398341520
483 145 451196373
371 320 371613670
311 110 633654300
453 320 756103606
293 202 997799218
23 27 498726515
132 346 327402923
11 267 954526102
78 220 872055404
380 364 264073819
226 298 539026545
54 121 720906669
305 489 959008332
199 181 146684566
228 208 291548768
230 426 734167839
484 251 702007161
83 328 661327791
388 446 101261960
421 482 367812488
498 406 617952785
368 365 284781163
208 311 989438818
465 350 584413854
336 38 133537690
130 365 621123035
493 424 737540047
231 232 229776233
8 447 496819482
313 306 846210854
475 473 192639332
140 210 537966953
174 76 805336964
44 285 953237733
78 468 446182341
57 374 656335942
301 53 335636477
452 122 976521005
398 29 792185176
399 14 410337252
311 251 964468145
35 470 603109807
365 65 584809352
205 115 572796506
222 386 353535749
140 12 663303412
238 37 576577065
272 76 678018346
283 437 879266951
476 352 618946055
276 329 555278716
374 371 196903128
38 408 341585731
388 255 496839715
408 495 247115928
382 282 153441523
352 212 880803294
61 171 809414539
141 182 500748302
182 164 245468172
405 477 820813852
448 237 603296342
134 161 492521363
490 283 12552715
17 174 81506510
428 188 618917884
16 70 91759899
128 18 130064182
221 435 822297855
202 52 331811876
130 289 712169803
412 6 785096404
83 187 585432885
106 109 135823215
423 244 13064217
435 476 895718555
90 229 664024681
439 417 295005643
0 199 935073771
55 3 478530666
326 231 332694136
208 292 665817063
147 82 99761108
478 451 11036542
384 246 725704496
202 391 308809493
413 167 616967726
0 154 210270729
181 41 673843916
493 290 213809867
336 395 728042710
377 226 366113194
104 161 601698076
146 358 422081367
247 464 589586324
398 191 410030562
423 222 915956336
364 34 402468176
180 82 540482350
332 195 678316176
195 257 63029027
388 208 897005461
485 338 201813643
147 30 814722712
166 382 601752841
14 230 611006723
463 299 556241734
322 464 416132833
167 156 604298442
370 229 711815559
134 442 551244238
166 292 929670494
405 309 72819069
248 492 633690255
242 176 867777843
499 120 482328543
453 451 202050686
28 448 780067560
62 164 468649497
312 295 675021988
308 138 764860619
423 406 239974923
231 96 543953605
185 209 497876796
470 332 177301144
106 352 237507706
134 474 762466495
372 175 126052204
1 70 646760063
246 292 996598994
289 121 117284831
204 217 362472039
199 78 8268646
79 106 675419324
0 360 665164149
194 479 28212784
39 25 673661570
292 230 77748903
448 326 825907075
83 333 510931960
456 465 541479378
172 230 826750032
304 173 907060138
265 183 916203475
306 323 895697518
300 105 826666637
234 391 178180431
382 480 630895101
35 406 899594025
186 439 271845362
56 63 777990312
209 187 661911099
438 145 359242758
401 345 825874557
268 52 656368940
298 28 161157838
463 165 42174088
208 354 966583435
61 193 931424637
343 224 446727270
237 168 371453017
324 247 472362759
281 17 881569981
488 302 819673393
146 338 616273827
291 172 33765866
460 284 845727731
351 155 599357568
453 163 150474856
321 389 690832161
351 362 168250179
63 206 6209047
129 173 858267541
69 387 258068016
287 429 445112053
258 410 47779484
252 341 848639079
167 358 50283482
412 354 860560988
142 39 533092863
269 171 438665065
179 275 39192264
92 443 103459154
214 216 707015932
441 353 862834188
338 164 442954371
36 51 95391561
48 227 93240551
422 0 607738787
1 159 256823013
402 370 141650704
115 177 348405349
24 176 886327970
441 386 574594069
191 0 495116418
482 52 735380011
127 157 654404431
240 123 486200883
303 388 828274135
104 252 748030010
84 432 609934445
32 141 244801708
26 410 50914786
156 178 817811324
404 272 936658200
391 392 680128797
266 112 801331238
419 102 652066380
320 455 578555108
103 347 10909744
106 404 253561730
47 46 562578118
411 257 767852886
461 485 664224969
155 343 361404252
281 396 29135802
1 283 190064425
169 374 753628363
474 18 371021202
4 169 313946446
50 130 522865451
485 141 365711406
152 102 37715748
10 361 957633794
223 466 353758252
302 376 239249335
96 231 755512505
250 286 387338744
298 262 286542710
120 264 95970251
125 198 950175537
92 428 143176263
256 0 800697009
266 381 103647445
472 491 810995618
463 394 108261137
106 456 753470435
470 324 952708638
415 218 460132611
418 466 944210711
328 347 370228964
491 322 313805144
442 235 379015067
101 459 569806371
245 437 906539756
304 113 562613655
228 77 678106591
207 291 38640540
15 107 105104776
127 484 13291814
210 290 327044662
456 327 76154966
321 168 261827185
58 66 537519089
242 239 705867862
330 366 570044709
327 344 127041452
328 331 262879874
302 265 801180789
425 447 107658879
240 141 499340114
23 49 65514562
251 424 961492527
155 133 698788014
60 62 990235883
307 227 834516144
490 260 222813487
293 440 679294769
401 73 260813724
400 61 292842808
63 438 252083928
235 82 117474467
85 118 29725270
379 82 114890855
58 310 409954737
488 428 612107939
105 70 256281884
76 8 349105103
239 199 492869802
315 369 286005207
351 478 479232926
432 251 548486962
36 272 594058764
298 229 172313696
400 174 961130972
314 4 342350516
256 68 589164071
182 113 245435698
382 122 693458942
377 399 24540936
397 157 339565676
372 379 97002495
76 309 739836861
362 190 461405433
143 431 301230771
446 269 852951707
285 136 938346350
267 133 13099619
421 357 295843378
53 464 626715253
456 170 418958048
454 86 731555699
327 11 993495316
157 387 178478818
356 496 577627136
327 279 85858273
200 1 385510961
168 250 394994696
65 78 718660160
385 76 253770823
291 355 493588594
431 30 51329229
144 479 430539345
135 374 838787025
274 474 663969310
325 315 76381209
463 237 416947296
41 221 727901834
450 106 368124633
201 14 800148872
430 154 471658586
406 472 997579012
459 350 431830907
201 192 411036992
321 290 227985613
240 207 895465012
17 446 288856360
3 157 503753557
459 176 812563132
149 357 978799182
178 447 417419666
258 47 643263529
352 172 715156762
90 441 196867322
324 45 950370342
104 73 499128182
262 178 823278777
103 150 624960883
463 417 854706322
45 265 585903559
292 294 806693977
16 326 884537442
497 289 360147278
391 193 42104671
497 98 924086765
31 495 8565439
495 499 680534294
133 224 849083908
275 189 566422733
33 457 485940652
477 28 290397316
495 270 516472692
208 220 334505424
419 352 886479951
351 35 836946388
344 488 816551413
46 400 256932457
397 230 547643058
157 155 558183217
329 484 696566307
104 415 499243271
493 487 852648577
79 437 812811414
312 127 863668911
478 40 27218334
358 426 255366662
177 59 204743071
105 77 767244698
394 29 8548254
386 33 868331865
109 286 123338236
203 160 944308348
92 161 320268850
492 457 848910650
458 224 302010252
110 33 702398144
367 494 852442081
161 403 251934522
290 115 203696689
257 496 45637889
454 166 562786888
28 360 851742050
177 309 283253479
415 308 180826768
264 196 108093025
444 217 146490036
499 106 541098657
401 343 871920146
175 85 304647140
447 363 594909388
217 237 233838292
75 428 997437104
42 83 344752503
245 157 45278585
498 299 488884864
264 456 58614490
128 263 909823792
170 493 813540321
363 121 766688834
11 464 723482834
431 118 488104146
267 419 241027337
133 122 975366754
164 261 93282298
227 280 386618227
300 481 183814233
416 421 640678141
222 481 596330197
380 410 144228753
421 398 534648487
257 400 840393201
312 468 909773024
271 476 355729700
157 313 932375184
400 264 450422287
147 469 256981083
261 119 218734882
191 321 314391630
44 60 315235879
294 152 690857446
283 423 91713535
277 230 872095005
21 391 267725156
76 396 844250938
14 141 474497814
307 302 821962730
425 340 654289203
392 280 67896899
443 265 568088540
303 178 441004632
46 445 819360998
237 39 887522123
63 130 448991252
315 291 446054396
494 242 129779606
341 305 83384300
488 194 324826109
29 150 613230276
150 151 146407724
111 409 966021520
251 347 756402648
240 43 648494465
379 230 706433618
421 28 22204918
17 290 6539668
278 256 825805362
32 411 737400699
124 94 919004051
262 314 348560181
382 76 861008766
123 1 5174952
401 317 797758183
173 445 408546945
444 378 959125643
188 341 970621266
401 157 461064747
1 450 456581989
195 462 617023902
174 376 816448785
448 22 796112669
135 174 127237407
459 116 321204936
30 6 209371660
372 27 289890183
41 155 398069830
126 367 76841711
274 319 617350094
370 225 388913380
86 449 963750858
186 72 423513373
321 244 113946382
231 216 93992690
337 347 437690144
49 262 741566458
106 286 391144915
194 405 292095239
444 408 200032762
482 154 724182249
275 332 954058114
161 67 397325435
153 322 720114618
236 289 691086300
26 437 351530291
120 202 151909295
240 363 410040012
129 496 516649022
9 23 866845953
169 196 41535322
125 346 643517003
194 167 173825462
66 408 606741949
87 135 496277692
27 273 24377530
280 326 454751725
352 227 453479622
134 329 792657598
70 190 426651866
461 486 755490561
159 21 325417167
362 325 403884828
457 159 581449088
460 44 440528956
216 79 436897516
407 131 232502212
266 356 5381524
148 307 452447112
143 426 268466805
471 358 695569051
420 8 422508520
36 232 614081053
470 370 775745552
462 309 43722670
403 149 855716569
385 354 865079842
153 108 350143815
158 467 401738302
487 383 712992000
297 295 685083302
320 98 837013978
143 148 606110302
384 352 902148734
194 230 115147617
120 204 127228382
231 85 448404320
226 275 767880709
436 24 757786282
5 426 883357955
490 22 827103355
54 453 381756305
392 487 88473322
291 247 914938304
175 222 4084119
308 326 567847027
172 218 456750990
330 114 559698336
226 178 377290880
481 485 694333416
328 471 766060973
405 231 733047997
361 494 130358701
351 152 41061505
292 233 148044865
425 276 832311660
432 8 958853604
200 94 264703889
259 282 76167272
27 404 908982501
138 236 491548853
74 447 495861184
448 51 480787831
395 125 859237221
397 217 550229343
53 478 70594474
420 22 197321000
480 309 847381362
350 172 271540776
266 399 640564758
426 119 336810582
295 169 443923246
250 321 789759852
112 391 255314928
266 49 272332579
7 386 966310132
465 492 58480478
481 279 896575984
144 43 596764198
73 211 653732861
89 379 579859558
280 28 777866128
312 106 289486863
420 54 860211808
247 84 477860536
77 446 710204656
182 242 79388994
371 236 419372967
156 367 178983186
467 92 378963606
88 212 685483568
199 61 373912223
183 260 115884723
63 423 685171374
78 113 417968929
168 35 575085756
120 350 944309112
487 88 33946550
190 115 295285229
434 25 29092664
88 221 533023080
388 345 773412793
227 52 836406572
460 176 185328951
299 288 969997223
253 306 581986660
414 84 205866285
177 22 882070833
337 421 471755093
113 365 555921615
70 46 722328075
274 349 623448731
244 373 38429649
7 158 931876582
145 359 942221166
206 141 165518727
133 110 552409285
219 426 745766058
466 101 131807247
75 77 396137929
23 484 805927233
185 220 710220929
203 482 139100316
41 255 683731512
163 136 955488165
373 97 859130314
313 215 36396235
168 495 470291292
214 320 796463952
344 133 596079827
68 395 559252327
3 426 39551398
459 196 437242292
3 365 759704412
115 204 277305512
190 266 454718342
96 414 299823686
179 218 843112588
413 284 749960202
161 498 80608105
141 157 432910493
51 375 474653402
230 263 663759074
11 190 973011484
91 406 135903114
250 260 350854487
1 0 955044378
420 321 810127346
81 4 619654818
215 147 711753849
13 425 642089463
326 434 252775894
225 238 147302129
343 443 281271094
486 18 923464154
279 382 518620077
247 416 600460476
171 132 513993455
170 224 142133913
365 82 780627014
487 394 721585336
262 466 630225393
384 328 65500011
81 407 420162654
96 4 5773682
341 144 703798190
111 227 214228551
114 392 678705910
288 431 477747780
51 84 311613644
368 3 368628484
48 235 404181819
53 219 908084877
369 18 837024325
353 50 45323216
324 138 531176285
215 63 658140763
18 229 11038030
408 70 160925703
188 360 626654756
193 321 302414386
359 41 337489732
197 258 358221714
466 475 723882177
293 476 762096777
220 380 939499116
242 68 901167783
458 375 978637353
116 350 561816128
282 225 895588219
492 405 483437588
459 79 946302259
495 231 840443554
224 339 43447290
148 158 407628549
324 54 606715981
271 353 461263380
102 138 749473243
243 88 373179814
344 499 932772336
379 152 974753961
376 137 705638452
435 217 28533889
475 310 784705997
342 168 212450118
94 472 25671579
188 166 857265680
228 55 24886520
334 123 249133925
209 338 409237073
164 383 40644621
18 455 101312449
453 305 36371071
117 12 620577532
497 35 308318488
202 444 886946439
404 154 72109119
130 377 638678355
334 259 580698016
354 155 299516105
15 299 544068288
107 289 350865468
13 318 896908084
486 389 603779938
419 191 395617882
102 331 345737930
194 371 516854160
442 462 337006809
132 372 831876987
304 318 152395819
249 326 741015004
139 192 93487827
420 267 317149977
444 231 235956466
4 471 637294394
217 322 6248291
35 192 211832527
142 257 511061415
64 287 159876522
430 308 350593854
433 151 674398627
1 407 810639574
398 119 740206325
485 271 294167090
253 407 990520381
382 303 548278503
199 26 953741547
312 65 114927651
160 149 183512256
252 316 779322276
116 324 354720812
222 160 207575420
157 37 865073123
22 277 185787851
92 490 727865719
356 289 912579369
118 204 701501108
102 487 221185322
230 6 547211426
18 43 824275052
148 491 399824403
102 441 956861204
393 334 627564701
154 395 672619893
11 472 319145592
57 30 422561196
125 373 646115516
92 293 114942151
135 481 936587139
45 359 825877122
58 234 899319784
2 272 24919195
298 70 188256856
200 418 395228177
313 352 969280613
349 450 531265574
198 244 346945208
207 249 493193170
15 48 246013237
45 255 853894318
141 105 641613933
92 80 671864728
28 5 546706298
244 62 460609108
386 367 731696502
454 344 302617862
181 447 354973588
309 254 695468670
14 96 526258029
42 389 372962844
73 257 97438140
79 361 434306206
157 493 744736156
157 162 810490081
109 448 402545075
345 88 906577800
278 432 567799362
467 237 492719264
439 207 915370859
287 245 835107951
330 280 842048773
106 27 349638947
95 344 149394475
71 372 801076281
237 304 179174393
226 60 655089947
304 27 234850421
468 482 569960922
170 292 425863459
241 62 952784549
422 368 211429822
64 278 754147702
467 301 107180251
219 353 663234528
475 43 388121492
146 430 276639131
474 438 940098248
139 172 639976685
489 285 32528058
33 27 591723178
120 395 749757460
140 185 555558745
273 336 805052905
270 411 485547846
115 179 60557248
459 409 23753932
332 79 155836388
102 451 634818101
74 57 516215675
285 342 5131629
78 299 927794801
255 333 522153209
335 89 652113605
359 410 422559965
262 358 932948660
462 203 513433583
46 160 302275269
37 273 171243057
99 20 937588818
282 308 680017976
375 240 334278177
335 241 271333017
403 89 296689237
371 58 65029693
493 233 22515463
77 413 427314438
31 153 883676250
361 438 252636095
308 193 611633715
199 105 882567132
156 214 843376199
449 270 725881216
138 352 114186258
459 115 540605888
313 363 670109306
303 418 255134555
276 164 697441671
484 444 489555622
288 193 892302250
325 487 672180023
493 183 96669339
263 459 825812898
477 33 79749103
427 72 478449014
274 113 63344295
382 164 429705694
99 140 225980597
256 498 475417319
48 66 312050964
236 64 238768275
292 324 86663586
93 145 996551137
158 231 689251713
467 312 630310903
251 464 985800877
356 258 773038077
82 49 151448610
88 372 73911548
0 88 374380150
167 158 407929843
282 119 737204860
50 87 436979850
332 357 934368940
6 209 283161194
382 338 792596207
292 381 592715347
419 381 304922505
461 361 501407768
482 85 555896572
190 64 207790399
460 417 492831621
313 430 192269274
357 385 961051494
226 357 114174706
399 107 313494650
142 146 285985912
348 20 547516268
305 144 353304678
65 156 257412834
14 368 888128342
353 409 619015990
33 471 227783700
290 16 670760707
487 102 504103287
491 199 303849213
22 81 322811186
73 217 98744025
147 13 79833330
333 212 99579564
46 86 336489337
429 379 416239639
421 438 494696282
128 33 252198033
258 350 741886877
450 2 546465188
329 327 17921567
397 409 955412959
450 165 434468061
402 473 136015617
86 200 790923457
196 467 189018145
457 139 594171124
182 196 57462260
230 469 708308392
52 272 262855546
419 348 5258129
383 343 157249985
487 166 716504836
349 236 810029015
220 362 418448255
134 77 808165888
269 201 190672782
468 279 406259535
31 363 658503615
111 96 770547150
123 187 702310917
382 74 739431710
254 85 745821304
1 436 636037097
393 326 139952363
297 121 199793321
358 286 99495970
380 478 133693116
116 117 514224687
261 124 635702514
139 220 104727003
313 259 365137375
252 440 853121711
415 490 285270350
403 81 851636167
306 333 7740038
291 299 676136770
462 332 772571254
221 425 665906560
98 350 897209738
164 13 246619395
281 100 355297961
137 172 590959603
95 49 754335569
10 17 872856065
351 442 118736805
378 174 227884992
402 357 997036986
342 368 492019721
437 116 174059982
306 133 707165631
68 278 629893707
35 32 400436262
13 351 182149977
360 118 250697474
340 141 694856421
479 444 637162634
116 285 292859630
495 49 452239425
360 439 654886731
446 430 360727626
71 217 937247862
49 334 130788139
485 261 106177524
218 16 705678651
459 31 725199515
242 13 690903612
143 288 129730732
485 301 707318832
211 393 876261266
308 49 401219312
234 78 148214356
434 461 969089359
445 63 594095028
387 381 950817296
62 117 100372089
81 299 607994444
231 483 4595819
444 495 588568382
180 249 71580363
405 126 197658926
143 260 636130986
376 257 236520861
35 60 847338363
363 96 780195606
353 117 404378077
276 444 769914894
429 316 651740762
100 163 905829833
473 414 221395788
3 188 426283954
410 373 710987636
165 313 147650667
180 256 558945112
66 8 624739173
19 354 236899519
358 3 996159971
60 347 998394305
151 121 97640564
380 314 826549927
296 292 14836041
215 317 806607667
330 347 77361017
472 55 21901739
334 384 110011700
300 104 192501722
72 176 209093397
474 432 662557172
140 164 719797491
303 160 631240239
128 344 79585505
445 209 981536395
226 459 104566847
329 492 767179021
209 471 511157973
114 205 906983572
353 15 305681802
408 325 868587314
467 74 360294362
462 221 681603255
177 113 209661144
189 352 307024315
319 130 745692883
454 300 253006325
424 77 338363762
309 105 997926581
154 269 877310756
437 352 39522450
120 235 55354452
483 20 18242196
448 116 1259041
300 466 337839842
360 341 502744509
12 269 196580109
232 71 804471212
321 319 256482318
344 485 708646886
253 421 87239127
281 77 774489038
265 284 681547671
130 37 828700298
90 482 778600367
231 355 274359160
250 151 311485754
216 375 107645869
210 401 1025332
106 232 249961170
113 267 131264667
123 325 362788745
301 433 786134498
371 133 15565096
412 170 604285442
458 133 398549584
207 429 878340200
145 499 521712864
277 342 814041241
73 226 710708440
279 331 478349390
428 135 718604727
117 139 703062971
252 455 528221527
58 187 49805891
79 332 850798653
146 255 567509607
170 69 36470965
267 441 910249013
269 254 776829501
231 196 651355825
87 438 357744229
198 122 778966955
70 15 972294608
225 411 378091874
492 221 499275915
433 197 436805031
401 145 395985714
211 162 916113705
388 48 689807269
403 417 307754192
31 469 808543625
465 435 248153797
184 418 99829622
378 277 53478943
225 171 403525808
71 340 791053908
260 345 801825778
80 446 463406531
429 273 896326002
407 20 368861918
63 473 640037700
327 256 672924140
181 185 915901421
26 63 631492162
236 357 224284650
425 251 328325681
19 295 921079055
251 458 940816449
313 395 641072174
31 351 472605976
329 297 450097584
247 420 659329103
59 324 285635060
141 231 944677553
163 322 355359092
320 12 741212529
359 110 843388685
303 474 211509222
18 342 96986012
247 331 785210535
288 105 490828674
498 480 61664214
314 137 770595725
245 431 519821105
118 418 469118104
491 467 398142220
17 121 220302951
468 178 530554720
211 407 778391208
56 482 951058685
134 355 839550425
10 460 714513355
432 76 888117284
423 350 11425223
134 125 61599973
123 242 842517684
482 182 95212587
198 231 223771501
244 255 101879626
236 347 282180787
5 341 727923457
8 191 400579390
406 485 953371997
240 162 110361534
26 396 366040978
364 237 172839856
133 97 161630657
8 280 234949174
458 238 152164037
133 33 584981101
426 377 174736539
89 124 251877308
45 152 89501909
214 146 315163601
206 31 806610859
89 29 30497250
365 180 620224306
380 107 69956837
210 128 665942024
298 20 978625404
324 210 969081803
432 405 651119064
127 120 355994677
16 168 166674848
95 140 286379436
447 322 731475426
2 198 477308725
473 385 43030026
454 270 179566363
193 469 56402959
489 133 813581457
139 287 834015501
252 256 856551626
427 226 654738408
114 201 321033481
190 19 89905593
332 289 990731106
344 260 829282644
253 375 614196748
137 14 997839092
338 73 16292277
343 390 151887951
123 377 594915201
481 374 388587339
306 489 290740813
247 200 82300948
204 7 338884955
53 36 516720429
171 268 477186835
166 403 527948728
43 25 286439586
275 453 104105433
411 321 327481075
317 151 543951148
98 108 288893159
86 371 54245587
242 249 176222107
95 352 795753754
50 476 872477972
415 213 462826615
130 185 324720235
233 156 132691394
208 316 800164988
185 325 140257538
344 280 476632488
44 483 880974203
404 280 149607805
225 445 663004835
69 395 38560510
321 410 236259846
255 337 502374376
457 452 721598851
4 130 374044990
405 188 758412098
76 275 249923693
406 219 990696232
245 198 114845173
465 336 19311271
214 14 12247736
374 280 391974631
381 358 793758896
333 178 219898532
206 422 920112855
475 323 779443572
425 386 579538383
256 16 259883954
325 479 922827558
6 413 339483335
488 150 2296399
340 185 699846583
471 448 575397508
371 429 123600828
438 353 372684555
200 59 900284408
293 4 429978418
52 200 369741029
136 139 733562069
141 103 509966017
421 50 626634448
128 69 159683254
295 80 682323475
227 60 16928868
215 315 63189708
178 47 429013811
112 304 303206482
436 350 924248132
496 384 882211873
50 328 286272100
271 377 389106568
406 404 247096716
392 336 350702605
301 408 826217435
390 91 290369249
291 378 760689230
59 218 818737823
437 303 69071721
254 8 585688440
335 294 695253415
223 206 9574637
367 442 376559160
55 86 41003671
390 269 918716362
399 363 591021990
471 150 9760324
454 143 553285068
196 490 828860902
202 166 439999346
397 437 844151512
448 399 777885479
287 80 597948498
101 332 52623497
129 26 199247796
364 142 552471659
315 311 920888029
296 405 360313220
358 497 31651558
421 13 862564745
51 350 764352182
436 435 575126711
13 317 980933532
495 276 592064854
31 366 321761465
424 47 203113939
72 197 599563618
133 325 779658842
56 113 829159351
293 341 575791052
187 236 749459009
181 29 95585046
167 401 457857798
386 223 586702864
405 114 228098825
35 251 866074058
200 52 291896461
88 77 362977844
205 27 48466487
96 21 740874131
365 112 58087555
430 394 393450698
132 187 48448762
269 30 831265478
431 108 171350478
429 332 280935449
272 188 612102020
129 74 904931343
136 206 880653023
0 394 779917453
333 271 737769313
245 8 246669430
62 178 911976857
197 278 243436251
69 419 113803012
127 84 223286160
471 252 105652295
196 408 39736101
37 413 611632406
280 384 845367366
144 21 107380859
288 317 269819553
83 460 495884148
378 241 102797641
427 27 165811095
153 493 543614398
365 109 964852289
53 183 74744490
229 373 193128013
254 191 804356196
325 32 300805387
455 106 840228550
290 140 959471536
104 418 939208856
131 312 333087125
332 497 507253400
101 158 895289752
407 256 734056706
37 171 194736325
119 403 995457694
95 129 570075070
321 180 338874323
128 301 654673258
405 21 583141260
429 256 149937485
255 226 746431945
265 252 402722069
39 380 88418179
190 106 196282904
417 95 955218457
181 206 599404180
290 105 391276014
458 228 220714607
32 398 407192530
347 336 763463636
253 262 7068447
285 108 934369779
499 414 655529358
474 107 40701651
497 117 699382589
424 19 305716757
32 485 150468768
306 339 780213133
435 202 854377793
154 52 873050493
213 478 644890712
100 157 952810284
478 95 416344019
495 368 72087219
495 386 487105977
486 464 376019784
338 281 921155649
334 411 966141987
10 87 555244212
416 308 645242219
240 280 232165448
112 290 787161902
58 47 721749407
344 83 70807810
155 430 940001091
45 201 837758464
351 90 593127379
246 50 41015743
497 370 527911732
85 92 187987690
146 339 158853044
11 280 322291218
211 107 548015622
475 39 77367171
477 93 64194929
151 241 228479516
165 370 643324900
384 316 782633491
498 231 242676586
169 468 688067645
266 336 321023537
364 226 542000849
88 250 664251277
29 413 963543874
11 45 166600917
385 226 238884190
297 164 375862389
78 22 113986250
426 256 987367645
137 392 526160271
285 30 681724350
409 432 777268246
312 168 968292596
297 248 988617404
95 115 949851657
364 458 148400907
21 408 665905131
120 162 994773515
454 449 263775179
211 355 294767443
438 266 402540438
253 236 643620442
169 359 233899646
165 158 713210750
431 52 532479516
21 201 963831082
70 401 354621070
164 280 305994933
90 269 1288514
53 90 644180165
288 373 979363615
103 447 978741093
272 492 30462648
30 13 505542564
171 461 943976431
442 217 58553344
348 61 154372654
284 426 677729930
335 427 85041219
0 67 355728893
57 184 133714329
350 449 541065765
96 262 773755445
404 376 889140325
307 456 70616335
161 20 947573926
449 248 108702868
460 78 496737046
186 258 535547819
70 287 484432240
229 105 951068326
398 95 278788623
220 194 551538037
66 32 803911681
257 479 939535422
305 328 574077789
366 79 441123533
249 358 114381393
99 254 204197018
174 434 671731512
70 230 522336490
463 208 93422246
426 182 62045666
326 170 339215182
388 392 17235744
288 22 44002686
342 452 2290197
351 396 777673039
259 103 231837497
496 192 49188012
229 393 897743557
360 326 918137925
347 333 393498129
446 319 184886772
31 478 981810790
87 174 15563015
484 465 928345651
196 68 686778629
377 282 730774357
393 267 305965210
297 277 251286344
421 24 371895613
388 39 60240412
44 455 524799629
279 397 655935047
437 302 110047505
464 17 635331701
29 352 210039073
479 65 71345137
73 199 533767872
143 362 324276249
480 440 559018158
447 227 729258366
411 351 957964533
378 42 32443029
20 460 940615345
343 290 271456679
16 108 799951901
147 394 66647735
261 204 62300063
29 192 119308859
26 316 829462889
257 77 887992458
426 81 539162514
256 430 466194597
49 394 507224785
492 291 380846515
458 226 938785651
344 237 221192423
65 307 883324165
286 295 403206042
30 449 864102578
3 99 661571535
272 343 785597922
73 72 94831401
445 91 821697291
116 362 465580536
239 167 210634415
416 310 301101017
197 277 647586607
109 250 237388251
165 391 76073731
450 10 415547630
382 113 415096417
467 419 18964057
497 375 150882402
187 147 69559403
375 106 26306242
382 396 986903930
55 158 943951264
189 381 871373098
320 330 600440920
268 4 780987466
442 116 318527855
22 41 512468739
147 96 473051870
222 74 989995408
457 145 36686004
151 376 945681916
212 7 978983238
291 277 180320850
485 354 467247752
239 456 14622003
434 169 686556834
447 320 778402485
294 284 298599810
162 54 604071492
393 279 126678856
157 474 803990647
238 170 445302679
169 423 791236122
455 152 212244063
350 35 513180490
39 329 962251952
73 132 465318872
241 122 780043740
306 446 93962249
273 467 52286139
5 403 484358196
204 484 287068981
33 159 866403391
446 3 631376141
293 291 523202823
335 125 650312745
479 499 229513134
127 242 718864788
81 446 962785720
112 205 634330346
415 185 333244662
185 344 506871963
338 250 746122676
294 336 651276242
71 68 933955725
306 84 681813540
149 465 147166048
126 37 206637973
490 42 125345190
50 211 818549144
39 287 199584096
411 107 130606962
366 349 321289084
309 194 141176898
321 143 308678938
386 289 739083483
271 316 305210343
161 446 973306498
404 59 628688645
323 112 13501277
452 91 188616644
493 276 560589429
463 252 245576727
65 187 19785010
384 379 246984473
19 278 437677260
94 110 539990739
484 303 916599398
31 1 28678775
359 444 770268561
444 383 77867597
346 294 736962487
302 390 952425548
43 107 406827325
402 474 698854593
185 152 557245355
98 239 557966674
348 274 336420000
467 289 825021168
301 313 937063806
344 7 841322307
151 51 16620089
372 221 682430944
53 245 839335682
211 36 827482465
42 89 268132372
302 451 369296177
442 395 53608793
39 76 657442586
443 296 956311548
289 139 211032967
175 209 914612994
227 273 532086561
258 70 67888442
378 441 677123853
397 212 921384563
43 109 53649552
219 466 8521141
498 308 433329437
112 405 115890097
447 402 522774816
440 272 904283106
104 198 121061887
216 309 803740010
433 157 582368257
134 33 710420072
319 361 990408161
153 259 817992541
445 348 66344549
396 424 85420183
100 318 738832134
331 484 909795808
105 246 846095794
93 48 692944179
37 0 814601105
306 1 947037133
369 107 523959886
233 349 119115485
212 76 834395114
493 171 321679420
137 269 618298758
105 387 889106562
262 379 685354866
206 374 179987934
313 497 496101260
128 295 851072039
17 93 324567569
406 215 432009144
31 480 539796636
352 193 237432079
457 31 398387072
185 39 548809167
196 32 770037966
311 463 511258577
96 396 719636530
317 368 441225816
338 438 723190053
344 416 452322438
154 436 359528202
334 449 327105633
324 310 32771258
89 138 410906832
116 369 905259144
425 388 133255602
217 412 286833976
244 71 957005349
321 129 51666695
253 97 102678265
327 415 176719827
482 382 560193422
449 423 566015528
79 397 678206051
404 43 78354577
392 222 228408272
349 488 95828679
130 210 741780974
337 323 516717581
103 105 420517230
210 341 85280216
36 411 91976104
53 43 192292746
350 224 346565427
132 352 825717495
330 407 552095357
340 286 176958980
345 116 775042607
144 201 924468200
225 313 809573518
448 417 380228542
127 430 490006013
254 435 507592338
211 114 737704424
219 429 560012959
121 201 531886927
369 414 421009325
327 253 605696989
301 134 875565659
146 306 89301879
238 193 953232885
436 366 913809139
223 226 908812117
491 197 646031066
239 402 491686917
438 103 896194611
93 115 427644239
87 55 55478529
251 466 271270874
204 143 129087793
403 489 699129030
464 148 974673533
442 181 528614331
57 189 402309513
472 90 323588380
416 8 125354157
112 3 470926615
274 84 288243470
237 254 576545922
7 107 218875621
93 253 503580403
143 342 806066311
14 342 80271950
498 180 816039983
15 363 810093229
235 196 728232606
19 35 946816429
426 149 621535711
238 76 268712731
366 344 213204766
154 156 6283508
200 363 168709190
294 299 297635014
126 415 309695537
112 116 58463537
186 295 246204863
213 26 693298442
128 130 324004464
106 84 608813790
366 223 543144642
439 336 678975817
212 71 777664192
49 137 560521611
398 283 242521458
391 290 639937246
417 156 907248455
263 342 975672817
106 485 258035790
359 408 565394981
460 112 710789942
438 108 977239384
479 157 450243246
35 18 18746998
135 366 203723234
134 235 47945974
162 361 881291258
4 416 720101164
349 285 974476878
156 404 798061062
268 378 291992341
318 11 262955348
295 93 373001672
301 476 558878897
9 252 309382856
38 481 322989091
443 333 202138369
252 365 905153405
106 305 782467556
388 308 851836856
82 449 294557962
232 139 634783211
498 375 74492778
107 145 602886284
261 142 679853554
469 398 342285573
119 411 361181344
85 422 378103020
355 495 344012144
470 203 55471458
22 408 525251021
480 223 33192519
394 397 344338938
169 132 112570596
137 303 265416470
111 105 189103024
85 61 900766810
110 221 4500789
7 249 809511396
141 404 324281473
454 230 463266379
490 387 368553688
440 52 319812047
84 292 955337543
19 485 492084493
285 55 650623640
302 411 764009205
187 373 759979374
142 189 647304148
52 418 839957220
441 122 656740350
443 34 549184843
116 51 409196426
51 103 401740895
103 256 6271912
353 265 654748831
195 285 675117790
92 238 846591995
86 409 872544922
434 303 266864633
417 267 486653837
319 104 862042880
154 324 388874433
46 393 579868696
426 204 889296652
444 69 122981551
474 129 942049829
199 493 77919054
427 277 237945770
22 85 598506339
493 289 339901801
229 287 444203757
168 138 536352975
355 158 786839317
212 425 557341540
14 222 501586350
234 79 992787950
35 364 197450971
444 95 462636695
413 182 367047444
344 285 145769216
483 376 349598195
365 89 882473813
262 156 845416567
453 458 291067019
132 316 596106547
32 46 124713976
187 154 750669372
131 56 455620943
35 172 45078849
271 114 738954492
229 258 501442686
313 119 817426374
455 58 27195182
132 351 619258658
369 21 190323166
360 264 97561419
393 177 82282184
417 401 684223832
467 321 751990067
221 58 877452007
492 313 755502209
455 114 813766620
345 194 325848493
91 19 235019470
32 494 377241113
349 260 448427891
176 24 973964102
267 355 414490241
106 0 751187359
392 162 651331180
458 483 711829015
369 70 363930942
443 445 277933531
4 373 489912744
167 320 225639910
94 376 921701788
395 83 824832520
112 413 27778217
336 317 671200693
291 310 305872048
149 345 817098852
198 483 325136849
418 320 2874251
291 59 707059985
367 282 77937615
149 146 327286180
315 259 656245625
229 488 792248022
151 66 531207312
379 219 169947247
159 418 573804840
354 450 798313958
290 113 66577669
439 101 365719032
186 105 13546045
132 324 6686314
223 134 605068337
295 223 335287903
36 250 491447311
172 429 827737642
213 219 992296973
183 441 829630215
100 302 112958409
497 114 271904349
85 243 954733291
111 238 142438558
76 321 658379661
374 94 901477421
79 119 225893777
361 496 686640543
335 352 18960571
418 114 962932971
358 355 437904689
291 140 248141769
121 53 176496072
418 363 903938822
443 469 5745552
488 188 741716773
222 483 730543511
383 344 210292878
132 491 551868335
151 412 948226333
175 304 128839902
297 309 338807569
433 285 67260828
13 469 50754576
477 77 20004111
14 267 63230412
487 265 308944028
107 200 684981972
119 5 850930946
428 16 992841014
321 284 733326930
414 401 989897327
64 480 447240684
368 141 233074341
29 481 993711559
52 330 567654341
57 37 124985675
42 144 96654433
314 125 902029885
73 98 301001227
310 130 666466204
412 105 98832717
363 122 745441704
282 114 115337513
51 226 328627061
6 386 930051303
201 342 228991051
477 439 596709978
168 295 18700918
139 434 494221449
190 343 511422949
133 18 144298548
238 458 879354865
92 304 438727771
65 349 258960269
413 369 49833378
399 206 516957085
27 469 904713382
310 23 779485899
332 189 388292131
240 230 273230881
202 488 283150748
156 60 674341166
259 383 542067213
64 241 70055676
444 64 604623409
268 56 513262945
311 299 508613944
74 102 83085701
151 111 632524887
255 311 520351106
404 382 782658240
443 238 756430931
120 423 200301787
138 262 772197480
122 50 245868362
139 187 887453777
300 421 650279722
325 201 786207670
129 44 873345015
278 141 795846789
56 20 934015448
176 120 13677614
68 292 156307524
110 193 616595835
298 492 888751402
329 458 739460294
182 292 558217413
86 167 38794110
27 272 474104001
215 366 342257156
235 473 125754991
485 97 142380731
476 246 742611444
257 468 270826471
150 287 321515295
95 272 886727847
236 248 529993084
225 431 611809546
411 40 146001080
243 261 523745417
168 164 19028166
124 469 284885413
481 453 386079190
153 394 420871027
57 254 86645677
291 226 185377174
495 402 740583181
17 435 354561388
102 156 728791026
126 352 672774100
275 131 613279512
196 345 57266846
463 304 83660531
70 429 722051631
186 379 767639330
177 359 995370095
208 236 657542847
172 452 694661085
24 62 131999807
85 8 17957281
268 434 880196227
453 97 686491936
204 105 525893784
345 159 903892336
484 372 85867214
7 74 588639764
264 120 557292468
251 226 71866395
215 208 162382921
116 391 308076863
341 119 937279491
131 321 210760397
67 321 806314689
378 400 335151700
152 450 967933615
86 286 786002317
12 372 628808989
319 416 737883245
37 495 197227564
422 254 111177008
213 392 190455621
171 136 154984687
411 18 174723484
151 33 595309359
59 127 697210507
392 248 278250306
367 207 735383450
321 306 802029032
358 237 777701110
470 241 45274615
299 418 777405854
210 250 777042725
275 423 218527510
433 174 26711354
145 414 183450436
0 402 374003209
227 16 752882430
265 44 673609167
42 195 161109857
381 177 364736641
390 190 690320194
72 62 923921450
131 44 523610856
431 413 593343992
322 76 823691360
2 293 108650032
286 27 754972235
235 193 811788342
305 122 155916842
413 452 418715412
161 427 85407666
238 368 601642027
399 330 642653319
2 462 286503875
415 401 586043008
15 58 886369572
138 412 456176782
115 61 129304543
66 335 467920350
49 223 22729652
66 306 547509123
7 309 605027255
359 315 727083811
83 317 634298969
226 341 141505929
127 184 850585342
373 68 266319434
402 142 30531172
134 293 892339470
19 325 236490833
107 374 193491333
129 356 743456129
304 162 53269806
241 321 276738433
307 378 841688490
285 363 215041260
379 179 122714014
437 281 457922405
494 194 567008856
265 185 566749982
246 240 141595053
286 478 464582522
107 62 287897783
195 428 488656044
79 366 757826245
135 94 691364939
129 91 252788935
3 195 363738725
298 453 526619913
450 63 282507106
24 327 859599903
362 433 780767349
376 401 75266506
435 84 129259152
7 314 268811397
7 120 212492244
496 103 161766351
49 401 524841708
175 87 774637751
1 350 253734793
157 52 788593608
356 124 863073859
429 271 772989141
16 222 87778712
230 43 257358794
221 292 344724035
92 434 804928029
433 440 580131662
225 95 374088621
203 315 989759253
140 420 345307252
252 119 192920338
324 206 65475115
377 4 591812659
240 287 837630560
254 447 940650843
188 305 888848972
158 85 516319666
84 200 144892458
197 413 697613650
309 259 266609432
137 308 501689503
320 496 577871728
349 302 459676495
141 42 601433793
290 255 741022792
218 162 651459263
260 400 539362737
17 86 229688824
215 330 914111773
276 470 238158998
476 54 186933257
58 131 350140769
390 208 222900370
373 447 288473407
186 236 125835005
80 147 176874271
10 32 411638813
308 185 225566612
262 391 648661804
158 474 250276479
258 231 709883611
327 115 163522717
52 369 394943421
68 110 673707567
178 498 746235145
186 107 349979036
405 433 433218157
45 67 544657345
323 353 720917245
319 423 201520107
318 426 144724144
376 305 117669819
114 316 422052503
205 77 215482598
142 195 350900297
141 104 149107659
126 223 517191845
459 315 132339606
124 338 457432634
36 229 974485574
69 288 144113933
424 79 409426651
174 104 122932977
180 344 18991472
307 156 942067638
137 434 906251966
357 382 243517186
486 66 182296872
319 175 681923575
130 315 110569807
268 385 164777829
364 274 647987222
155 104 566668093
499 259 710861606
215 420 850897279
240 481 470284570
137 152 539386064
398 307 304308675
346 188 865314588
374 483 115951104
21 186 111752736
11 326 696036248
360 57 181490016
192 52 188388448
49 410 86801086
354 256 834356766
115 467 702792831
406 268 517968263
449 320 240822369
171 333 184723981
280 306 343289146
171 441 875141247
148 78 629708229
262 279 999978090
177 441 987281472
365 466 633185418
30 468 629752301
15 197 196671237
148 258 806221740
452 462 476611919
408 346 332940946
251 455 626753768
296 328 623044479
364 402 553789904
82 298 109471163
185 55 250250196
401 143 831802949
176 417 428504872
178 31 716790365
318 164 89095997
340 320 319884381
148 95 399710572
130 419 19598999
181 146 790592451
144 39 819980655
287 204 381109213
118 230 805578694
422 369 331880419
197 456 316003021
275 284 227893307
17 416 12889861
93 252 160077443
294 497 724165822
199 303 431869085
277 95 917522291
441 385 138297323
195 241 734290208
426 288 338488500
266 437 748192690
439 378 500328242
44 286 622146379
308 338 811965651
121 321 10869085
209 183 363213105
253 402 45736272
15 42 763381632
26 273 364050042
57 75 557679403
44 207 758097085
314 134 875358234
402 212 460205860
264 228 318305769
407 119 609895888
429 105 65571859
415 1 832447201
17 217 148414794
371 456 389051961
302 157 892015458
300 214 725189898
7 132 877605749
278 216 969279956
112 302 280850861
322 204 754905837
172 496 624698218
166 305 385295511
278 108 510175535
365 223 839378385
212 220 761630989
99 45 791272979
220 395 154370621
111 245 443475003
9 364 275702288
385 481 889065776
341 475 107749571
437 61 796852081
492 334 56107661
225 120 242064592
348 272 75911270
230 156 102287965
423 411 695686954
307 318 769535711
172 302 710583189
197 97 490073322
176 408 195901560
133 341 107967647
91 103 373197211
404 183 535599592
275 298 393257080
401 113 584889566
298 14 904176125
148 116 448072149
72 102 537191556
325 123 106930450
212 465 381707633
400 202 967007102
102 299 421062932
60 468 183712502
241 450 276242453
142 5 459742163
45 112 657363992
269 471 119387983
113 240 724141817
382 192 651377263
212 176 153341059
413 418 300869821
94 63 275606200
231 147 84108335
317 207 112132
58 139 697543618
162 30 829389441
328 89 262531025
17 431 509118197
204 209 131324682
74 176 266191789
163 328 527295752
314 243 414295229
308 333 176688106
290 335 60149014
290 305 415265983
353 38 140562760
17 339 970796720
279 232 22766732
265 8 873213055
70 147 61877506
118 214 386161836
353 56 417274115
174 75 829469855
57 144 838602106
16 48 353025729
17 23 373189662
45 347 469564397
328 381 93411041
425 462 28664607
228 44 511129506
459 128 886438992
222 491 144568152
51 320 875103862
297 331 872968620
368 337 35401460
381 384 68616767
214 54 287798466
379 411 636415532
116 209 467516633
98 272 256906771
24 411 503334079
243 491 73419313
57 432 855757259
486 322 576389210
413 490 404971599
142 341 679455929
309 108 198277922
362 495 972350599
205 261 106414093
36 423 645829809
336 387 802996992
12 250 220453502
230 70 143079175
45 232 117086734
281 377 539996465
159 348 968885474
198 480 503830588
237 288 64139528
399 33 223792481
496 252 797751477
359 152 894380266
418 360 278361138
132 444 318704780
359 358 443967698
179 48 701685364
354 430 94474
84 168 783616742
397 57 122506043
355 395 611664494
455 70 76489971
109 426 878590489
212 256 459035612
155 425 45678274
348 113 567172306
215 172 980303448
456 269 889602020
171 153 821554995
380 163 163208411
83 111 788181578
89 64 375136152
402 208 344546293
143 9 521067391
92 113 85527107
78 395 839420865
262 475 165413467
18 66 387682000
381 235 27388379
416 88 814145066
481 319 272792007
138 273 793600439
172 94 240695739
258 147 440911146
123 218 910572034
156 415 838218083
471 353 315007399
460 354 761863737
416 113 832752948
174 425 923420365
266 189 574402600
447 238 754452716
156 121 833004272
346 299 775190465
109 150 143435424
1 454 162740762
348 410 811285890
333 476 838147115
377 258 168949924
419 338 265118309
167 51 814519615
20 104 150760708
99 270 635222534
219 40 763020214
466 461 94846935
391 316 587954744
41 160 180656592
15 147 161282234
79 55 554782291
372 158 293395889
334 447 750023848
267 67 864688960
300 368 528764229
265 2 220514375
16 497 820599696
207 74 535139144
468 306 377969445
0 105 888651697
100 44 139755495
40 298 667313675
121 298 756954162
242 293 685757372
470 443 759211804
297 122 844172334
70 478 768432135
391 186 331190251
85 438 642027264
430 373 735672712
374 418 766483191
99 221 210291030
245 12 446928831
99 3 930620828
412 470 406214011
154 14 811523010
242 477 840209546
149 30 613474258
272 163 313969483
59 416 156064318
32 448 602938268
186 245 496932024
384 168 750848565
248 411 973052349
136 161 324250388
324 91 740993077
49 472 901162163
414 43 550596774
127 73 791371825
147 405 444307798
15 121 262044258
272 219 764554307
445 395 868091782
36 151 158599103
265 4 92726116
138 357 369337114
188 336 553665978
448 47 430321626
339 39 458806635
119 6 395582920
202 103 611519239
455 433 857669908
381 72 1038601
87 205 147757410
153 296 487801221
387 204 946134559
199 77 312722678
262 195 807485339
148 498 254500185
323 416 501835852
352 175 189959624
446 350 897789991
407 126 773838724
89 344 829198693
52 218 387382333
201 452 182541656
108 420 188797351
226 366 578068053
72 180 235333561
357 85 908642705
121 476 229393510
497 107 336623412
273 369 155059804
238 415 120663609
112 46 282248118
270 385 941696491
84 393 66127784
396 472 224718858
398 35 430719716
359 33 757555122
214 386 740434604
174 343 606517073
276 192 638008993
283 105 594598209
40 53 976093239
401 314 521838591
250 93 436343305
461 460 732083456
410 403 489623481
281 372 225829821
131 445 582328973
218 108 752528706
170 393 137127298
43 111 511188641
112 54 423249428
280 296 265245209
217 74 650764097
49 80 239255624
311 480 290112661
305 176 655629876
199 343 391055064
489 349 327808516
345 87 593086800
381 16 876571114
130 323 167466179
424 266 216213352
16 364 736945447
86 380 310001308
482 414 815601687
230 337 881449869
290 252 383618147
58 34 43240106
340 27 856952194
402 433 829559311
251 171 892818225
275 26 292751246
492 148 805335191
127 331 618392514
128 340 521675435
425 389 667514917
57 41 348308773
185 22 242772392
108 238 346449684
335 336 519435653
177 110 408205197
313 310 218214376
274 125 578352564
461 196 733357037
237 269 645266116
318 415 327201948
257 316 324466412
27 175 863550654
150 321 332233887
236 232 9907160
137 219 172555222
367 470 716524231
440 413 573859524
324 31 51884435
360 385 690761787
9 455 730973646
45 344 968193021
61 118 534825238
340 221 399708507
390 79 370826202
123 76 696911409
272 115 322110917
318 309 25225736
242 110 126386719
384 240 839931585
420 99 843372177
420 348 673430275
34 337 251864468
91 160 678007010
76 376 165620166
255 64 208962546
100 240 539467725
368 179 794303062
472 424 890127066
198 278 169301868
134 339 20411050
244 317 664300228
277 458 389989409
180 232 495001396
16 210 443964926
477 311 645087435
307 470 739005088
47 277 273486069
3 136 438435088
384 329 297729040
487 168 646924328
271 112 135045200
382 188 999097124
363 492 398383250
455 222 867492917
249 158 113553852
314 427 96568417
445 44 795346749
25 171 365561068
218 36 772759920
60 202 243017300
312 254 877847543
444 287 852848574
113 239 740371075
41 321 970020754
410 366 467042601
37 357 932110815
300 76 64683227
180 183 675858041
391 294 769609114
188 337 154329146
161 397 641161578
373 175 507386094
413 234 274067942
402 113 641493292
281 87 478830595
299 423 55761635
203 137 549248145
158 173 563664665
46 251 278116842
86 15 911894374
450 97 19221130
129 357 550981379
83 124 957489216
304 175 857401703
56 52 719436866
398 275 873642073
200 57 496353784
69 496 717056753
443 433 336945328
493 220 829070742
116 259 163960323
465 413 482256299
201 111 389338547
189 56 735344792
409 237 140189916
197 8 563732730
62 436 636739017
481 368 850119689
381 313 854847864
9 55 835119493
257 463 335827338
56 374 784629510
429 78 6237681
273 162 267685132
301 177 442293154
400 329 736524273
411 150 835902304
430 474 406044391
183 392 632850812
383 283 289807213
73 419 381518730
435 224 397305711
267 282 96975832
327 382 629484539
308 245 34125289
136 19 802571145
472 129 33828050
331 255 249134609
389 181 979375234
311 378 454686019
466 11 365592236
287 154 543433063
481 473 388068905
263 1 204244898
287 28 582514784
161 56 688533027
291 460 269323657
496 169 829441752
373 401 534803910
404 11 441955358
352 85 964623834
200 386 800721800
184 125 493613440
305 301 961617383
265 415 87406786
28 427 133518341
377 12 847987217
416 419 61951694
215 69 698495301
221 277 148303108
385 59 128743862
411 241 702571792
64 161 963282999
179 419 180941933
447 324 200392811
479 155 826680319
288 78 13249525
171 116 121562107
424 93 457714161
373 190 905699999
327 347 804474132
292 54 14288484
86 414 853681342
406 439 563278698
38 236 648352902
83 309 212568220
119 388 763109208
297 30 617933996
35 392 428280282
435 357 616691480
311 65 184833326
58 128 70940774
342 145 332609391
176 212 406911232
398 114 61142432
229 164 374743126
70 144 655227314
470 128 975016631
128 493 525876433
148 187 173745993
444 67 945662332
222 50 353473452
321 303 341306966
39 111 973442516
24 496 25833516
407 144 487786756
448 477 937078393
364 36 546246090
245 421 934943791
41 302 586638438
379 191 516958635
144 90 378433623
188 59 192892749
238 201 796208209
216 209 491795856
243 118 962191298
33 209 964419471
418 248 385417333
309 449 403114808
26 314 972901605
65 99 393861000
424 304 684452091
226 493 614260569
186 42 329421237
339 95 613986734
157 17 715512031
433 409 574174022
440 152 820564482
465 203 657144647
272 255 357217096
474 278 855652951
264 348 351469068
464 259 359701773
0 232 192231817
432 459 895386200
253 67 65887894
52 83 770222149
267 356 270687372
381 491 28875064
250 28 890956715
0 68 784276273
230 423 357754847
415 284 688432429
320 35 887726543
169 470 537069543
389 488 901883114
58 449 841123592
1 157 400973068
439 470 785612897
309 168 600460241
221 315 238879632
395 222 264775389
28 435 687390237
366 187 267617059
424 427 868989810
68 442 468575663
161 385 687509891
346 69 230288327
377 168 257129479
367 125 208928420
353 436 787468825
223 470 881699264
69 426 952471829
286 277 561558234
243 140 819272787
352 314 947212380
129 258 478513120
50 365 722401357
83 243 14042639
87 371 59881603
472 78 422835800
433 188 611903381
105 361 582495359
487 493 305444134
154 339 836035922
170 385 351540698
328 155 939129604
343 482 477105804
462 85 37936082
208 347 678561209
186 448 469984126
28 135 428466729
34 314 143001573
495 137 428949343
391 467 493134296
321 307 465149930
231 124 130542481
9 24 635863437
235 372 136028394
275 17 846776292
267 372 490064288
240 22 28165212
30 423 357449812
431 268 933290878
297 101 37369197
183 487 209203466
324 26 696999070
144 164 689162159
178 273 832365916
202 413 925082349
464 250 91394630
456 336 275117118
302 374 890748813
176 339 249991492
396 74 716210909
236 487 339806708
488 181 201898791
192 93 225773078
352 150 537339654
100 457 740850457
326 293 955889912
261 64 211437755
432 210 427623928
258 180 514275503
450 0 137060929
326 14 36810338
108 321 636476794
231 60 628766977
11 359 109570497
163 478 871813388
113 189 680776474
215 290 251224019
9 390 93137771
475 487 514033806
82 321 604114181
481 133 269810836
402 30 420179090
301 19 973142806
20 347 481232993
93 187 784429527
15 109 818276599
54 315 552598897
446 113 826144823
477 100 304190581
452 449 877500531
68 329 288670710
202 62 524218707
215 25 753356371
230 449 669649534
491 240 971163393
474 80 643133674
392 420 256076126
425 233 792968365
253 263 366696500
162 207 665471229
335 268 967806963
228 80 366881398
149 259 189463561
201 119 843864314
9 277 730431137
195 363 395301916
125 47 347264875
262 376 128758595
53 391 909455092
483 95 835439442
413 408 785067670
196 292 926433336
75 158 220411293
159 425 23065511
350 347 402592841
73 484 732497162
230 277 478162607
12 465 425676427
112 48 288031783
9 121 427719436
213 417 544303801
403 59 541354991
217 208 3225262
350 117 38286306
395 365 734856182
377 406 139301353
120 63 986288870
104 287 817764398
233 98 172472112
379 68 510141912
240 180 698791916
487 141 58068556
405 317 69333626
82 54 548989140
310 322 962921978
91 173 274393976
20 396 112350722
476 117 858562148
34 349 455512183
310 299 85198605
493 1 778817002
378 481 882334848
326 464 331646716
446 241 334332324
380 69 637814334
3 433 539858981
226 318 627002851
105 279 548430067
324 332 784870094
96 214 810322736
81 47 774682960
266 498 689799454
0 268 455408530
196 281 553669523
8 245 407233404
480 471 717279162
105 89 244020204
359 303 307647385
328 133 618735675
471 218 692385106
193 167 580006445
112 172 45819413
310 381 146704188
371 393 735350859
61 31 361042048
111 22 928061829
27 255 403705158
397 378 304741392
364 18 979113755
487 212 461293559
7 263 208244052
54 58 641260463
467 390 597838152
366 63 92104835
120 371 850162430
446 57 874276198
110 343 248478736
152 37 642351497
424 18 710336099
286 155 746874408
169 435 983245143
113 75 469288057
90 372 506319294
294 237 726296982
14 129 832359244
168 192 510017860
379 155 90476577
101 389 143866232
375 260 487555201
127 268 601303195
220 192 187950790
472 86 20423826
425 166 374051703
89 352 530503650
448 245 531919913
245 244 864613166
241 179 254070989
370 306 976718051
333 151 318678339
173 216 439983840
460 237 780899542
421 378 627528931
481 84 348689236
161 167 669371585
410 166 692140439
301 114 424874846
182 152 303972437
418 468 259883576
295 117 28040487
339 154 542735399
117 282 663509932
491 387 547804317
303 238 35833995
218 494 499418482
160 23 34699616
109 320 979457808
289 418 145051179
211 289 980617057
185 49 195066431
263 77 907443989
277 90 77825561
34 167 446852060
216 285 634701269
72 65 57773776
298 154 121850519
415 174 807487754
339 80 924976474
152 312 395630055
430 66 457582517
368 482 526643185
260 448 476913748
322 226 480790018
403 126 117909323
293 358 424277831
71 52 110518421
322 282 456867277
383 251 671117105
29 253 247389842
150 148 828661891
32 284 306302660
397 484 301173177
327 237 862222085
255 205 742062223
83 270 63788599
6 32 197023813
113 4 126215342
219 179 197452819
483 348 674557911
182 266 182227584
262 413 400704953
34 323 972855358
244 419 969548341
15 353 273542212
199 276 80526870
287 468 390878962
467 374 480843225
296 353 172404149
451 363 84380219
446 445 961651968
226 170 89762716
131 496 818115343
379 213 847725602
295 294 713384974
264 240 158849755
289 229 600494060
19 450 138761164
44 230 771347295
19 388 852517764
153 334 367970456
83 478 631415846
41 79 779763908
241 365 831468754
315 126 26705965
293 175 765404487
315 474 412075827
107 298 4722144
460 150 771417111
383 271 875662484
432 85 55202176
122 141 741877760
33 334 180488529
72 33 239976233
114 9 349128923
234 497 876963023
320 198 618867087
118 134 335135593
110 172 384455882
245 402 50605038
195 247 801794215
483 343 36997676
159 185 692887582
106 471 778616614
134 320 409948249
480 209 621085085
1 5 657543768
191 10 123457374
448 133 260495914
240 410 458040686
446 221 521380352
209 42 508780110
139 193 168795957
473 9 725278161
152 197 765449534
435 243 571762759
212 377 607895373
365 314 72224893
420 245 125955560
341 383 504580694
494 276 942626997
207 176 734876255
356 174 596374708
199 399 299186855
134 466 914633204
326 490 412852043
494 55 7412778
275 381 203097394
195 77 142845074
418 435 821687443
110 4 829064280
369 378 204873304
22 267 54374185
64 191 225616218
238 181 596248336
12 137 17230366
225 303 129271573
135 216 217959750
307 7 464572401
496 187 718546212
25 8 482000846
360 377 228900702
314 254 340105056
55 280 764302709
154 32 341586159
445 297 513818159
72 18 995253873
189 190 744112231
431 105 771220492
259 145 934585644
4 469 666267848
468 69 785864630
427 446 203058027
229 264 60339899
48 317 898666322
151 15 971707769
56 420 810945713
426 444 500306392
400 451 511958072
154 356 101420217
1 4 727812918
239 298 204816893
231 2 26154261
176 74 337585114
91 340 3347356
21 55 454130257
142 261 378241421
255 485 38127784
66 155 988056799
251 421 422937671
294 222 164232106
237 203 823963743
169 106 398377972
170 126 448062983
140 266 284059458
54 156 262259090
153 120 528314347
292 387 811022886
460 356 626667388
408 214 111176367
95 291 299285144
220 487 509618526
148 455 562203643
270 186 709052562
457 359 168521382
309 315 911747576
410 119 727836798
340 243 639408628
67 453 555811960
132 297 345317325
186 290 217404090
371 440 373285302
346 304 580039103
194 282 104796518
276 471 807985295
368 452 423546955
67 170 740627374
280 379 970808189
11 47 284823427
271 166 24986933
58 266 22455849
468 302 122714816
189 471 253562450
121 203 59282084
311 290 366506369
365 40 345887563
78 307 216451302
208 143 994126270
30 456 280422970
300 287 914828506
206 396 899949839
318 226 156593332
100 132 84985718
94 370 448375592
208 216 14286548
387 190 144480555
355 118 694458697
251 157 406917902
319 298 186254896
258 452 609640063
150 430 375707014
487 412 503869330
486 378 650300427
156 31 20221287
369 78 831412462
228 348 317518009
442 203 718523902
15 5 223423554
262 396 383141265
421 42 66775920
488 491 924543700
389 255 718351395
104 237 520015526
352 139 503734818
216 277 679968665
219 394 684788153
346 237 204362577
394 228 717100054
284 180 928726562
234 89 898026545
97 44 660248433
383 365 538633160
27 463 879241763
443 345 300266454
301 396 460916334
474 66 720512368
411 237 307531850
365 493 173576223
143 453 704171088
15 221 146779222
164 249 345245932
443 338 116320972
472 280 574304133
162 6 361457520
405 454 922147214
360 383 162531766
131 166 551178045
430 42 410247935
293 430 200015064
383 206 925745616
84 21 122993353
418 92 325483497
97 135 242979478
356 463 686107104
119 416 838561163
163 126 203614501
318 265 856325440
34 35 629859941
485 224 167569594
357 311 952104737
102 318 681346784
318 378 557826963
100 186 288320279
54 307 136559298
467 497 84666318
314 257 128998654
340 398 555432438
473 357 523797590
13 471 375507275
296 377 927837806
102 121 748415372
122 143 840232065
2 242 944219650
283 27 14982559
458 369 341480366
279 296 862589874
149 477 531694240
32 31 31036842
391 225 246276158
295 452 419622209
402 281 872189423
50 84 763167552
180 324 358532058
205 288 380390450
44 47 731292199
444 284 470851768
108 349 470258304
487 158 375320844
52 471 970018895
103 106 861119932
400 194 168448943
314 147 69809402
119 258 854471188
149 365 701170265
383 240 517966444
202 236 270916761
394 282 202603849
306 228 246127241
362 455 348224224
494 31 952131653
49 284 964299291
26 466 726214493
279 325 830356786
270 176 951370294
24 211 220038794
240 279 71370663
74 418 323609440
165 341 700390698
13 276 227718722
21 281 923925086
405 184 689725231
483 37 864883222
154 74 916926203
203 204 400085432
478 43 621681078
259 447 380119638
58 489 388687915
216 204 572666813
485 212 123289404
100 265 226998040
397 72 4988375
147 108 999128412
446 61 875592035
175 380 370770942
14 410 369715575
444 102 340160317
422 187 59811047
53 30 338288314
96 112 132012584
102 483 924843365
190 134 555955615
371 309 459759830
55 377 170178417
247 378 896389248
21 282 879476958
241 100 42664725
252 176 270117972
59 190 982361561
481 446 700251119
188 443 84589375
275 292 76439441
292 339 379058810
197 476 887572603
333 281 969426845
486 114 971677530
327 485 512480028
183 428 586503463
274 127 484997524
265 486 758165967
150 60 217546581
261 360 203909364
263 368 794943292
202 79 19009898
43 276 421582980
497 309 248471619
229 431 113933383
283 407 339782010
458 158 742579917
352 260 559126180
125 469 757541005
446 320 898447065
55 482 524630637
246 51 202577733
92 329 61565140
433 234 595572351
326 192 205701010
225 174 711445789
35 250 711249066
3 441 59631102
197 442 414738648
364 460 994236503
228 466 647075940
364 9 445857560
74 310 513823574
166 424 533209093
63 123 828221310
90 446 212280063
273 289 996676802
463 327 395313102
411 310 553661556
287 207 667980100
271 245 699629876
268 31 593293361
151 30 422279255
171 227 755736137
151 360 524622966
259 403 457206545
403 208 343028107
18 13 339449085
35 454 370945337
469 291 203713253
482 135 845270561
228 163 454192830
177 385 476974827
43 295 820584392
79 400 111166337
94 423 939634392
426 54 185251831
319 256 988147709
323 369 924316650
96 326 932899708
461 141 295565403
195 36 600930086
217 491 198804812
310 170 50084919
241 121 16832976
260 131 387229283
499 131 730010576
333 10 210708807
252 105 920915033
189 163 988064149
36 1 391674075
126 252 546784912
283 432 645635342
275 232 359726577
499 413 500528282
496 223 353787056
361 88 483494541
57 190 316018583
68 316 315714017
101 362 4230419
54 85 86424579
392 191 792746931
135 355 827514425
107 420 657893143
47 369 281200164
457 351 33707412
138 86 240109310
477 423 367999575
324 473 949736780
22 29 48455387
99 360 881441731
118 129 996118244
459 367 194880993
10 332 212237015
266 145 615047310
105 272 165289571
245 403 806294833
381 88 931100126
369 137 753572669
152 121 896851858
242 26 840575796
305 95 241868878
156 416 268525410
120 439 319050941
123 418 817170391
261 451 367064737
163 366 538982759
368 324 62585260
148 422 842000423
441 100 889168904
474 372 546181404
341 107 519276378
94 347 809413085
443 444 793327841
252 376 118379115
117 289 419013553
376 59 259349825
64 175 859288470
460 408 787229812
70 495 625873980
270 260 396520597
452 202 296171931
249 233 147153088
177 254 189633198
98 105 410173659
247 42 530199772
111 143 584180682
344 51 321981970
197 204 845300734
149 78 743180024
353 231 373772716
127 49 568727506
388 148 417300608
326 456 390323172
347 275 294466632
242 440 17070823
441 179 993977201
296 95 886719448
171 221 779100791
455 48 591813453
145 192 267992243
342 307 972118084
9 380 971882194
110 282 718986608
205 316 635162790
381 426 792585028
310 451 183655275
33 313 804139336
414 25 386412036
179 443 727335188
224 66 713706969
496 356 880548873
174 27 157092850
107 338 661760078
25 82 662276309
362 340 976385766
124 401 102007164
66 19 809718160
422 297 280609481
294 416 622932091
47 95 276796013
128 80 21977791
198 202 771233190
216 274 890988046
375 366 123207027
272 36 633514413
80 297 723948971
378 82 751481041
328 35 309252664
153 332 874179436
263 89 196651919
21 51 102959351
141 442 380108725
271 210 579236030
397 20 477918638
151 48 735694513
169 172 96323322
422 391 513321494
3 352 693070017
153 267 224069915
162 349 443119443
59 336 704486152
108 234 435392945
328 301 55420240
41 429 68683048
326 350 113591202
239 231 93095593
168 5 87953087
186 442 587241763
367 353 508274036
99 93 783131494
33 478 475963338
14 125 794811839
367 474 565481293
412 274 308660890
152 221 257400761
369 375 203516544
357 257 697562400
265 468 51076027
489 86 449493014
161 380 606913332
241 219 431389943
259 400 699061592
272 63 83720293
396 51 965163809
405 70 216993011
134 263 194441810
373 182 212333894
207 243 493604277
369 288 312295008
476 110 704751162
360 42 2949099
256 60 652918669
48 59 962374928
335 178 27707052
440 110 16491034
104 388 93652912
272 485 468467857
200 3 140635049
384 400 516530628
135 186 594251401
372 292 564548524
185 225 751412193
486 24 933696510
400 243 463973656
71 490 594117776
266 390 914596810
368 152 490798124
242 366 804029285
318 329 254650816
292 358 999838511
404 192 154576318
193 455 370776035
304 202 35381211
454 358 238361965
419 91 705610757
322 172 549644349
94 13 719914283
489 413 591757833
260 233 104526227
479 271 140814380
355 145 119429198
97 245 614730972
341 53 476970180
85 56 519122276
151 342 222909174
110 203 717571181
19 67 383824772
122 316 720222115
17 113 522042811
225 168 158403124
72 440 694183160
32 18 691881526
488 29 857818808
470 276 939487539
71 25 410532411
266 107 982201579
260 379 51818607
89 469 69191079
257 207 508098009
452 483 32669553
255 280 757474176
269 8 202152744
376 400 198103914
7 325 946033469
429 22 120130493
456 414 288672267
291 127 262650824
345 376 954467612
229 259 989496879
361 233 408714188
33 395 370045868
185 80 834955788
260 323 500474967
0 170 527654021
342 257 745299653
350 83 160973487
361 156 561737828
384 405 60487832
280 284 831723950
380 212 817791054
58 318 821646857
174 158 482691576
424 49 688526602
447 193 311490602
479 7 173686383
384 260 996349930
165 256 890639361
266 255 438226891
486 408 989201065
266 471 505667938
119 392 761372735
249 413 413719218
177 259 466494723
499 287 582580559
304 189 997829749
382 95 215793629
166 360 731016080
226 91 998730334
16 232 783487400
387 119 400984176
350 129 106217986
395 52 373943876
81 281 51889490
102 245 222091664
291 440 554332815
429 241 716329308
462 107 610325594
463 68 72163681
498 206 437051886
198 106 562167847
319 13 846358737
375 408 929973624
256 70 121408124
486 175 744046867
104 163 810757422
283 26 468822726
305 227 602810979
22 308 29687341
401 282 447348301
7 147 112245725
355 70 75556995
121 381 165292720
236 44 291056025
262 42 243063087
347 493 649482762
326 438 934051901
242 44 233994858
405 129 983633166
3 56 112538745
455 442 428079106
446 381 547528640
121 415 372850965
498 298 548163957
199 492 637921625
74 158 209176160
23 6 273628113
211 357 368092135
62 284 903374501
359 78 661480415
278 468 814093228
282 257 705615950
224 299 280488617
299 50 849268379
147 7 573263274
330 259 567239792
209 463 200398314
305 413 929424035
177 261 425980875
439 20 897190878
105 490 314333890
474 360 942663634
368 456 225969495
53 420 127678148
320 243 133719409
256 21 752619847
398 251 752473203
435 300 592661713
412 118 598702840
238 82 731152773
184 250 62784099
258 16 292402552
399 453 790369912
158 114 836577929
158 44 152682720
182 9 467529793
26 151 446582869
473 398 630399996
33 14 425392520
109 195 983394116
122 20 642953420
39 196 321367732
187 150 919429233
44 214 556349255
403 414 514299290
232 321 492578104
24 194 517083571
153 361 836430768
310 432 671473965
158 414 305775473
424 329 667818733
3 273 725028547
342 240 863747569
34 231 207988533
332 292 349531840
151 197 877520151
310 273 376691800
310 452 830310257
49 247 728885720
192 114 770620217
418 164 692366046
401 36 9925629
253 250 25751152
493 221 639976344
460 192 63891581
258 254 15594452
373 225 747975009
319 90 851929001
33 329 529311291
255 483 730111308
446 431 780243458
212 148 518711354
130 341 740820419
101 192 662259596
32 17 632691195
219 20 810907159
92 413 924944012
236 461 484192815
108 246 608353644
417 155 365366294
272 154 198206387
252 207 167964374
99 127 197158104
494 324 185933865
393 494 357739125
30 101 556433515
374 161 906433998
243 280 80866152
33 251 15493951
50 212 47667658
363 180 941302156
286 440 53375500
15 249 804434631
205 198 955567158
141 354 461646384
190 51 269556742
335 205 672126370
162 159 979092408
458 5 363038215
335 114 308519944
223 47 545744161
345 362 832877287
33 116 253698051
187 407 54154565
102 269 362377251
77 109 542052511
219 217 240809536
449 4 179318927
256 304 350216874
8 492 577087356
290 317 769812634
481 183 888547949
126 355 4379629
71 327 919429721
486 330 639032692
373 296 261996085
339 239 344006625
203 436 609699309
21 285 425765621
351 107 137154934
290 273 883539277
482 286 42194030
51 60 423752734
288 430 947566206
121 5 910870601
25 293 104042776
303 390 860790826
276 423 349500502
182 432 823257766
95 297 169397667
412 283 307494054
436 451 414673058
360 61 72083284
459 24 965373579
91 4 671492311
143 266 427236290
281 99 97302442
94 379 379303311
481 106 22870289
461 9 533647429
6 406 568832273
477 43 444049912
281 169 88425448
338 10 807494038
140 71 537581760
153 215 759497561
372 469 325438797
59 299 61556563
317 24 408584711
407 35 703969047
243 309 192639860
148 127 531763875
147 356 144884038
109 354 984832724
35 246 209714977
225 105 236934526
234 135 384237141
255 419 288197504
451 60 355217614
188 193 724492856
117 441 361577691
426 161 23354326
211 135 898211641
376 263 989567124
277 412 831765612
278 76 737100472
405 94 698172818
138 305 267709639
15 446 698709485
180 479 251208873
235 487 413294267
355 442 644148410
157 21 77286451
308 160 780313968
301 34 20316105
459 479 673087432
486 386 871795695
162 87 485344861
169 165 187760198
387 228 833883962
419 276 463694787
448 293 79077209
304 452 346287490
328 195 232581770
94 490 340757466
344 70 757231187
193 155 349807240
348 197 91020263
212 80 956950944
104 20 776853868
464 263 440971073
441 328 930957974
91 23 380183393
315 158 353214323
448 431 498085236
81 347 41583979
153 431 332211456
213 88 200642569
143 297 426117569
43 371 480233637
36 29 619355257
380 386 749548783
384 43 409443880
114 41 807719673
442 77 784305604
158 327 36570823
247 21 387824015
268 408 541304850
273 186 213635450
218 195 225578980
310 11 513302928
26 366 914370234
68 338 29900426
269 225 266052895
162 112 188041897
28 434 684504898
393 112 201234751
357 45 7921770
377 413 479424869
68 147 956734366
223 428 517257740
219 281 92539153
419 100 975071747
174 345 216239598
235 405 378573799
212 47 881291251
249 299 457350760
116 393 13756697
244 428 387557383
360 281 214411777
105 233 676784899
466 35 80258264
492 315 28545179
253 213 362828327
460 455 322692871
324 122 70805387
64 344 226014600
418 142 127920391
477 488 174525257
190 54 595547869
394 106 98946999
331 156 948460532
190 255 225398280
5 149 8756460
484 356 416050644
205 123 412577989
15 141 557923604
271 51 502069771
382 40 923178758
337 484 807527688
436 409 379103058
399 70 627598221
265 423 803789286
204 420 621167997
455 67 727598710
324 128 479090894
53 20 966762844
196 109 676997206
254 471 401798332
146 59 641004046
86 68 514699472
313 122 705632414
342 174 481534617
213 468 686004969
120 207 581328383
121 210 193699047
195 212 757339156
403 47 220902057
231 133 837907094
415 53 864449922
424 420 878707371
76 45 311437292
25 53 973427254
235 273 666713666
286 52 980808413
412 20 657084284
101 463 216100756
442 59 742207569
127 232 718084369
62 287 613598830
273 257 890913067
53 260 725942813
479 47 845003786
255 436 360903355
234 470 143986284
353 184 652813975
183 365 126045231
260 180 50636080
169 76 773798780
413 113 840483887
390 109 916169600
188 22 34311846
54 446 617771448
77 469 996129339
165 401 720101803
19 78 727423382
155 147 702366477
14 256 981086012
10 495 534054732
131 407 140356559
5 229 667493245
364 377 438096430
95 286 902213210
405 282 47331090
468 177 697932354
63 200 128130445
354 314 291115410
386 15 262992051
121 164 478014394
404 125 310113217
203 342 466995254
42 394 42160999
120 114 176048651
139 372 399955202
120 427 544732534
217 107 846353619
472 203 332049819
446 468 186047002
215 408 192683918
151 189 260854202
210 198 47617972
455 466 359680432
476 106 783280474
146 183 98719568
356 215 314326440
387 495 905314949
91 130 747222682
95 467 891152283
253 498 746747471
246 23 84569779
257 234 451410368
15 385 678135455
351 326 96520575
164 224 170529553
42 109 545258465
0 298 493950686
367 87 827756426
60 110 914286924
394 469 912185426
473 224 160482049
437 47 665002138
233 106 24407326
194 382 773286885
94 384 410083572
181 195 355306823
221 299 510379001
476 206 30788513
76 251 341977800
149 255 17887759
277 72 578593229
348 424 166392029
359 76 147853336
471 318 763518204
100 247 95393865
14 277 3700272
334 269 510184877
460 379 525243663
447 494 594134703
69 230 94173434
482 21 925595302
58 52 325227038
333 417 887222655
406 292 551320626
63 395 701793869
14 185 736565186
0 242 627482901
192 325 565817814
428 266 884906098
259 227 699834072
430 15 399509756
230 61 957947138
57 282 224766770
310 445 771394584
155 266 52374921
201 210 411355902
479 71 323427462
452 4 326794296
167 407 404968363
50 110 393397879
474 324 134881083
100 390 742933949
127 23 747008652
127 437 59647985
176 306 696258352
232 14 200672653
263 185 616114059
134 353 794604522
449 49 559293442
66 454 20911763
111 329 553822201
271 352 743548940
203 264 854072064
341 158 650118746
75 478 567171193
496 159 729999078
167 174 182781078
238 164 506371204
183 499 103673432
6 311 205469970
165 359 270485450
7 347 620152408
226 473 393101859
259 132 377841046
91 46 349109380
140 379 479358316
251 381 764349749
401 38 297542323
142 435 534362537
65 481 835830692
361 423 576437413
393 331 847786835
211 276 35677139
362 43 7465035
290 139 615889520
478 407 857311669
33 24 432058994
426 425 220133451
385 344 213597394
279 202 324356080
173 174 539812805
483 174 941415553
370 210 541179282
118 380 505468975
224 123 522814260
47 2 664507439
377 488 165138209
282 231 329665431
315 435 454338362
40 0 646984304
70 312 104941516
143 299 535962016
352 234 958422055
175 239 677753526
475 229 365032318
362 143 520401114
374 438 308255846
240 419 185692253
179 168 693098393
464 126 699506606
142 143 470111350
373 497 634740222
420 296 333283427
370 354 357475217
472 133 865683737
238 40 645904010
66 445 928633537
306 397 483221773
150 443 716069517
220 289 69204887
470 304 170811561
107 287 128175319
77 428 945330490
347 216 821435397
8 311 909716022
92 227 467224444
267 329 949438630
399 176 215630313
12 142 285423753
183 218 899603785
178 306 175938979
435 219 554421911
429 371 286855483
29 143 89668708
416 487 309477294
36 288 483772505
14 127 345403502
279 26 3304878
374 362 969495062
196 130 711139583
323 471 845160385
340 348 434957151
483 339 474311302
473 354 108062793
429 13 523017510
421 199 575523724
208 286 242955358
186 308 438494871
164 15 195678307
225 164 317432230
280 187 16727309
426 238 700690364
142 217 521695550
307 21 652186011
211 129 757742924
468 480 410290245
62 226 955067363
353 404 601063122
374 340 449073306
61 206 261661499
280 128 269419538
292 186 796745291
15 57 269313223
169 59 283501671
451 101 89673172
240 392 405736488
308 429 654665921
449 420 462705004
217 351 193548844
115 97 930724530
321 78 165780199
380 135 717450104
252 448 232831400
489 226 12607791
409 74 978806521
121 106 480211510
20 43 604507390
320 93 962576156
18 132 273369282
246 353 116406948
61 416 242622232
221 54 366979947
393 103 522698524
123 64 769700922
497 131 44018392
169 82 881177792
479 158 123860720
298 163 982020732
34 341 908673450
439 116 951985079
418 456 992191442
389 56 510857536
111 169 95720058
55 130 772925348
354 264 726700104
287 134 357570628
23 359 677707200
129 222 782914705
221 321 322047107
71 60 102874378
100 422 242455652
317 316 464103180
414 466 760999225
297 491 963568353
158 471 833187616
118 155 218903340
94 151 730469390
328 43 886520036
334 101 757298148
185 165 283243510
333 403 132094245
418 194 194603805
411 377 864664126
499 459 543540349
260 58 61121160
67 133 509476331
247 277 952862258
220 306 122380552
93 344 775535366
301 101 489386044
32 473 638392133
282 73 868349642
1 434 851205449
89 234 380468733
49 224 444201497
317 351 334836506
177 146 71731294
372 234 729071454
295 349 31063300
19 357 123577157
434 112 870449803
44 412 865073580
158 214 164677193
411 282 828733551
391 163 11962225
157 104 906535189
216 36 98049556
88 413 538732106
86 334 20434873
4 223 545204327
261 248 149804387
130 129 922063968
162 81 990233936
161 413 395757545
494 371 856908385
261 294 200118481
331 75 122567119
194 418 859253629
276 445 785684612
463 119 620534399
380 492 459764582
304 472 109269074
463 104 635667456
457 224 720322752
231 442 252489743
176 133 117194687
32 237 281154905
12 102 563343731
458 453 225567739
415 306 828447329
160 63 912432301
107 198 885764483
459 366 161814870
288 20 817615951
88 294 911946537
339 254 608260616
2 461 334275864
480 108 436343520
380 168 677084148
83 439 712872128
363 11 838640693
435 370 483723933
229 241 74755716
335 115 873406361
490 197 184500793
289 436 221894225
324 62 404712911
290 44 268416483
408 248 746096427
111 332 696271076
358 475 96167109
185 204 69363138
74 309 377360659
14 310 869390474
58 222 201907445
230 425 587594068
211 416 740563559
216 289 714741667
19 343 919535562
355 24 150130722
49 286 666617952
218 448 919958695
416 339 645260178
443 48 435865269
125 8 499580175
21 307 360598479
309 10 384351959
220 369 779406496
495 375 952174647
26 118 254093642
244 148 857684069
241 18 903968211
378 242 901349248
213 276 295615905
376 475 110150183
286 357 859503658
472 288 412503383
292 122 828164764
437 210 954710192
362 290 594278390
358 439 362283262
452 257 264505003
335 280 947047459
430 56 257623100
38 328 885303484
75 455 208882369
2 145 724585193
487 345 781527969
125 286 85527980
166 394 57013210
186 31 453166735
111 219 433319475
122 397 680006435
60 352 686964377
274 402 721490535
191 38 899414172
87 456 516767311
118 216 62566633
204 31 54777774
50 293 167168154
43 64 175156467
412 67 580105949
462 286 476092041
323 218 463442158
219 70 709644061
259 298 202617320
416 200 258672231
153 358 309848220
84 300 389746829
210 168 60698054
138 116 664810585
241 383 354330045
131 7 823717303
225 410 251682310
356 255 365718908
493 147 142191025
438 281 58180444
451 350 61681544
122 92 127961192
165 282 541352276
59 128 131915941
154 334 612197936
207 105 286768029
127 117 592183901
55 400 77759558
19 279 554736660
283 495 115066667
111 205 688291714
303 93 674212624
301 388 965943068
182 356 649774057
70 304 654528195
485 138 272303875
335 70 327740462
391 398 189232039
357 110 408655000
100 26 366082646
378 382 701566349
343 83 385281204
281 336 145041815
477 157 169355663
315 490 944219076
134 132 358143006
378 109 158359890
205 225 198743057
147 276 883631964
210 294 14076920
353 477 986250827
318 214 686282417
308 118 152859188
65 377 826260012
264 356 322810295
16 262 587892053
356 3 550447094
191 447 276383098
408 186 456157226
251 349 964053234
221 122 549307690
55 208 170943948
266 323 755740860
24 480 812112825
27 484 174089508
422 296 715729012
19 235 455588498
187 95 18456743
451 216 774641523
201 23 409752244
224 167 479743695
307 366 196681237
350 378 605485444
308 76 62535332
433 195 197722653
276 41 538834695
20 191 711989194
140 89 957309027
329 100 806978184
307 153 680571888
69 19 389829555
130 2 729017831
217 150 705935536
299 32 902520975
435 119 498480899
390 223 432060262
294 12 693260144
492 306 425697683
474 203 646828782
144 465 418045591
213 45 79641644
33 434 625049795
282 393 502458263
73 391 436913040
98 486 562077424
78 5 3775663
65 369 256953794
56 94 750736428
457 349 204362352
477 245 56897267
30 3 746562255
257 80 237723668
100 446 153682320
218 323 542184139
196 486 359818362
13 397 129716356
131 289 891920322
278 452 857357511
487 490 579678415
270 27 407976212
250 33 775706584
215 452 710231743
409 465 622115585
21 231 228550260
161 116 343499808
235 7 886151228
249 59 379704263
121 258 20877895
137 209 566222943
182 267 877488780
340 169 128381398
52 85 588129223
370 76 54441972
369 344 97422640
265 289 469327401
125 153 213173340
292 173 181823683
386 150 439130723
131 185 131009652
59 172 77465282
446 323 922810663
154 105 154455856
466 65 319813949
314 296 212928238
413 416 179430907
23 144 719022931
117 178 35418211
438 165 583902205
231 376 485529890
80 211 179141620
495 384 994347271
93 400 385809385
380 63 675120576
379 453 106165523
419 309 112095167
14 463 886829408
29 312 898808578
405 153 850510565
43 226 313516153
33 20 340123998
352 255 983995845
313 63 517799835
337 302 655504255
247 156 138445235
287 389 361327672
163 292 326564254
94 129 536357725
213 313 861001058
263 468 878636448
161 188 615852199
65 233 410828888
428 257 149082576
478 67 671950117
360 179 352600969
194 451 756697378
436 384 523742880
310 435 783674691
366 471 5101526
307 243 616433797
236 279 548638278
423 286 150215110
230 371 24602097
218 285 855477167
83 386 419098630
233 12 831738705
413 100 448519843
477 487 639558497
292 84 943237411
69 246 879866196
233 204 561293187
435 478 645014
287 190 555225530
465 39 670091212
249 353 528141741
387 280 146574917
416 117 789890155
97 151 786700955
231 429 906693707
72 304 747888994
85 266 715141725
282 479 880990967
90 307 57430643
329 455 87109611
363 413 788477508
482 341 549410485
352 147 502198911
207 383 243394289
347 343 222610179
105 144 934023593
223 172 25015438
196 327 605892855
1 375 664748496
71 153 18765815
446 182 585325909
268 177 776350684
170 199 87145844
377 135 649651668
114 388 571608114
373 286 593935147
402 109 145386669
229 159 983753854
277 371 11911742
462 177 270533380
130 119 29795022
75 213 996999491
64 448 2824239
439 279 778844219
263 103 400344518
311 349 414815218
213 38 556743037
74 13 352453814
78 345 816296551
164 433 992811560
113 126 625364667
86 183 560575556
111 37 279732346
462 51 945043320
106 271 343953850
478 425 524290565
401 329 481237216
32 7 485500740
255 53 702714105
362 499 709485902
191 275 198039829
14 111 753929502
287 395 443486073
46 348 541858770
354 200 200054966
440 301 39592322
61 93 209133421
27 97 550765275
274 412 476169742
454 101 202719993
347 250 407367791
284 226 571216744
415 487 956942037
360 215 830004563
423 90 990486535
464 482 206657822
72 454 295651492
395 275 181023324
434 70 665500664
442 447 34535663
89 338 482023430
90 2 534380074
36 73 282221251
13 29 453559495
443 16 303314294
213 76 979091303
462 325 697502622
269 339 446770330
185 280 153155337
241 429 374348910
460 20 116099907
361 61 323248761
313 325 873059362
315 226 798496098
63 498 666205331
463 322 130688531
395 238 384496795
262 435 776026078
361 204 308872847
78 434 4348423
154 70 655272832
96 312 415033599
170 287 510635323
167 402 54291664
288 457 768760418
281 309 759195616
469 254 22361119
75 483 809351022
165 306 577785907
353 309 407776851
466 328 734183733
300 326 310807062
488 411 264449839
198 226 830351844
39 256 602566324
18 242 458644941
102 136 57052729
157 395 449453184
463 267 536883490
404 402 726465662
133 427 587724669
118 181 809037956
350 370 30261521
238 447 101027020
70 371 132606438
270 114 538327225
49 260 756791500
318 24 621858750
256 393 725108693
170 246 677180756
269 209 212964407
395 11 134993350
430 401 73166740
452 409 997938844
211 111 663058822
242 240 70410539
332 68 252927786
433 159 974760930
229 228 360951214
380 394 453086223
468 75 958173225
277 66 549529080
379 436 369130335
378 57 802240007
60 182 559045313
377 216 655824673
238 284 336216841
83 448 710395539
275 261 145856172
96 179 751703725
266 488 196441837
185 63 788528173
130 140 262950136
116 37 739812972
165 301 5059224
378 455 634331180
454 32 676692762
247 185 684576017
7 359 145934243
96 448 200983050
87 126 884050460
209 35 59882582
168 61 337460638
99 457 183965235
440 471 123347270
195 165 198707802
475 28 341090504
178 355 548118288
289 57 730064178
109 262 770467386
449 52 347800491
349 336 204639426
97 17 560592874
377 29 946949322
323 376 436108481
286 95 811256210
413 312 731472021
279 49 77517593
429 154 250026267
161 297 866387011
128 308 808808266
34 372 720147431
186 353 274630258
257 428 875444026
232 351 412754352
294 379 284293563
450 143 251886121
363 344 633675283
460 469 648680088
33 464 914006494
11 149 968583824
188 446 765747073
486 277 805496679
227 158 968424142
36 200 956395543
104 137 402446929
443 73 932329106
455 366 293126879
217 109 840524165
394 147 557076202
140 341 605666955
248 169 231907992
267 44 673672577
98 415 31802006
452 454 640997289
201 414 244532511
102 134 431873912
96 279 392180055
334 30 705616004
101 466 684262437
94 441 887782767
304 399 970450386
457 72 211100641
133 266 905384393
457 239 163479697
411 168 72031914
190 281 424587895
31 205 999349751
392 323 826459309
445 90 853381985
353 457 178945153
282 11 577978199
301 96 975004221
463 482 687593683
36 31 51794309
234 63 717271891
38 28 30692392
455 340 378906029
394 444 729044435
54 98 51042620
238 172 808301988
149 74 871687421
450 87 979682784
321 417 684111681
398 353 854941924
369 71 732698729
103 381 538214072
240 404 614721152
85 5 30082101
96 42 428484387
192 395 131140869
81 110 150065159
483 244 865170558
311 317 554122203
220 158 947583284
160 485 862787985
209 388 739356169
279 297 888845539
95 58 644692047
316 449 930363507
299 267 148978450
393 292 836130881
148 56 487483359
12 448 715352294
336 125 254128561
208 33 634362403
360 98 427392691
217 341 545434440
197 125 886929100
221 32 148715469
377 63 575609901
175 425 848328969
347 394 471761434
101 83 387004147
286 366 824444008
434 168 447052603
116 458 236175768
236 25 290118974
230 195 9946269
75 55 387570295
21 155 64078507
217 229 869370983
177 239 654479085
296 67 815798637
359 162 897364929
322 241 25845082
375 248 209099812
404 89 630047558
227 326 585798167
428 207 890170594
59 268 127177321
375 93 676968782
494 224 21302809
198 339 23057400
343 418 794794155
480 156 952629424
254 402 770084292
359 200 730986162
72 144 972923305
139 63 841622687
232 109 741471184
166 160 698706038
466 412 426228432
15 229 194935404
305 63 751212490
291 284 310554937
251 417 341386551
413 163 233600063
72 463 834335498
103 419 819443061
372 482 391506172
421 347 888757127
105 318 839114554
390 396 638533067
189 430 252657174
31 344 290531497
252 139 199097257
288 1 33418394
283 68 643608865
146 144 434052918
290 288 715619882
220 477 449070167
79 109 833547232
70 431 589631314
151 349 260112345
148 172 170953816
330 151 861390466
413 170 982279280
94 203 845576464
146 9 185191424
345 424 725765409
442 121 9424394
364 375 640598203
465 113 261067670
146 295 792183991
420 367 315851195
271 389 946726968
357 329 402494697
250 343 118658492
120 150 381547231
193 179 906720945
153 103 149190435
187 246 181897269
415 193 380265879
108 210 140140843
268 197 103562156
468 374 870167505
138 434 272427002
131 193 369187008
315 337 547105802
33 125 856237097
465 13 893155811
276 324 453573011
139 203 580630131
186 59 463128296
188 175 575311614
371 213 407037708
208 414 12481596
216 58 465258927
79 95 75660799
230 395 587640728
332 202 684082040
10 132 807470840
81 116 550772207
210 118 563690955
265 315 31581866
396 437 174627542
5 285 193514175
248 453 95460194
348 183 964741368
144 153 525786744
406 445 804639640
110 127 282478981
288 129 984885837
331 291 646451405
209 290 451918484
465 45 764695297
167 430 875533142
481 388 432346566
72 140 196952182
378 459 779355593
62 299 192408145
381 10 641839850
445 206 900035972
254 287 214420805
139 176 233801819
389 316 379031008
140 325 737161151
313 322 786032230
106 78 3461598
153 423 567558526
52 385 959673484
383 83 890250921
197 325 343341891
19 242 38617697
110 89 419633564
423 355 111781382
383 482 84172474
270 271 699720097
138 108 732556160
209 207 973177959
332 143 761818835
325 112 923395519
464 307 116499967
447 202 855023057
74 127 178175535
193 356 237367991
7 376 18397983
464 288 332916143
50 312 225281816
460 302 466241683
217 267 508071417
166 433 112730545
322 474 308672518
194 384 604700464
332 392 946083129
331 269 284842202
298 341 527912652
254 431 427801752
457 131 678160816
230 176 395927297
74 264 741933433
124 137 698943351
59 352 599841120
473 135 682687422
453 224 847454033
59 101 552840401
282 26 908384831
186 477 517498013
114 302 504534883
296 417 176985900
480 395 392227376
270 278 984529315
391 194 53498596
174 456 915241154
238 43 7008669
464 415 274014790
206 2 505249303
358 174 332879322
62 447 760821932
394 363 152960136
210 146 377469669
289 237 781471138
351 493 96970522
188 458 996164213
151 299 877697220
351 9 614789554
187 396 53930058
86 37 342346306
158 134 338394798
64 424 226399572
181 175 855851923
98 0 338592139
130 286 927854471
190 446 842328018
191 196 976698503
277 35 871687379
7 337 431949409
452 438 156932261
281 119 6866639
167 166 861561687
218 415 892950409
321 359 607913548
150 301 840085440
334 152 550435553
223 129 213431302
371 195 51565778
188 214 70175345
199 278 508207766
201 77 685350425
367 289 394653060
105 141 638801220
389 178 470741103
384 302 613902819
477 326 249288264
81 423 469307524
198 240 28273102
214 168 243837644
74 381 836676216
31 217 41654386
352 223 354283865
146 263 287827249
15 103 336864988
8 414 156819074
305 252 599872971
493 324 447735797
117 129 918462662
298 494 305647246
61 314 501489059
16 249 849014572
121 338 624238431
381 292 600397031
465 185 75454378
454 346 112302872
201 236 350270366
251 56 809251009
302 98 688017524
262 216 363477820
338 39 274455961
112 389 799395396
233 219 213504805
497 46 227305649
145 15 579038054
444 348 638692438
8 233 29792911
246 94 593120914
418 296 340538080
475 308 444435226
212 52 399935943
150 206 457483927
31 133 111732437
28 219 924835263
159 188 137451211
225 23 487598087
480 135 981023149
303 467 558858656
279 287 89409141
489 426 551173223
180 113 966470616
207 401 847097146
339 186 732280507
336 163 646790304
99 304 733321195
252 100 926059785
295 203 668283485
480 283 637992146
311 497 699663614
341 140 838822968
10 459 404198603
102 215 436811060
145 371 293444001
141 128 697366777
315 482 744398324
410 382 789061048
268 165 281774322
479 75 652345124
241 160 734337603
333 252 506203539
252 335 634589921
193 205 241697940
236 475 315171597
453 317 898691866
85 432 853834627
198 72 799856157
290 71 645281128
291 307 459836358
288 211 22992010
464 397 432427036
233 179 823295907
91 268 499636347
173 63 982090105
91 375 765323215
75 210 677414704
445 93 674023649
458 172 414301264
188 398 586615462
391 453 506202988
146 394 761708737
487 140 164811895
5 343 263858101
63 348 72612435
498 253 11886113
106 194 153207828
165 271 770045839
454 359 134781677
470 311 912033210
157 311 232461298
395 195 344357156
146 63 292662566
241 398 248466658
294 328 392788886
251 397 978532941
84 64 597204607
263 238 882238190
143 66 155435946
297 323 626246748
378 328 654205635
261 414 480047711
274 57 664964755
426 349 925819578
441 37 121975136
159 89 787676499
321 365 653479514
204 353 153945762
234 226 554225205
194 272 616063326
279 410 822073884
482 292 906879989
433 359 9683640
79 192 165048162
474 25 578542828
217 369 723042011
26 492 225896129
365 1 767102380
291 167 726055411
69 334 21850366
289 233 462911409
373 487 944244748
239 166 444722040
495 155 302905146
299 31 701161660
194 141 90119796
230 219 968308060
396 192 73893122
33 319 859895297
172 224 687957392
68 195 152988158
14 107 189000969
445 3 772607639
148 371 550450770
426 36 103134888
447 465 631342677
392 426 694731122
91 253 528304734
162 330 186944449
59 264 453887207
364 398 21893439
117 491 403075545
267 146 283285945
64 387 719607959
337 78 484857705
431 168 554209180
38 457 423127890
215 294 111032183
152 170 992022047
118 194 442285752
93 66 906714574
12 253 290376396
222 433 252522678
457 362 255863736
442 251 940242228
155 387 319221633
48 35 674556829
398 297 52204066
97 477 780533372
334 248 568794857
71 233 184833631
142 246 797174421
104 60 182926079
90 159 572812085
82 389 214443233
114 18 767241632
191 354 224915004
402 146 90961868
339 297 838039864
190 50 585620529
425 387 226596542
136 311 421245910
43 164 571834596
296 198 716002517
487 451 60643341
464 314 60644272
41 60 403449308
310 58 945119772
25 94 810602443
385 82 651039762
377 184 877212427
401 433 735953910
195 459 770419742
313 294 773813293
192 263 428942257
118 454 512829372
344 187 211356502
268 269 544108101
363 263 16048402
491 348 935554245
421 114 715537313
235 426 393196618
276 449 247241168
19 407 127188811
180 455 489114329
32 440 165804731
83 39 918839499
187 482 181164093
107 265 969745703
308 215 277958590
226 81 688411187
497 460 645438253
447 462 442973815
472 299 503999009
60 447 804205151
467 401 877083357
94 324 822423301
456 385 547856278
322 43 312879237
441 248 223074664
44 435 249000375
326 224 141148497
38 62 881656521
70 92 744992066
229 470 815230329
416 198 929886907
347 411 692044187
291 293 431612509
178 43 631383968
477 308 654019636
493 408 830697359
106 354 7134910
165 323 488361150
59 133 277480783
268 229 654505443
146 476 584542404
122 33 145990932
14 170 513306505
107 322 58351750
185 480 17088407
170 58 122252831
204 57 410731936
88 292 859787480
381 120 837252741
163 0 961589100
100 202 24888004
268 160 459691979
444 115 833663287
118 381 781268529
236 343 418522998
203 370 425365706
412 456 818661912
288 194 562209902
145 308 348916068
36 169 87646254
345 217 413049948
30 150 481126844
191 331 429127819
349 1 518089690
224 303 403055968
438 191 435566451
218 484 30758490
316 212 998173882
320 346 28564894
412 212 69413415
106 175 304339765
270 178 297855835
469 49 270733478
129 7 935237905
479 80 211753551
20 437 24997005
211 333 607338205
36 367 483921639
121 286 166794149
70 237 405993386
326 325 182847211
491 479 442575251
266 23 974589107
294 272 213152615
404 73 289027895
57 147 168100865
420 241 137998479
129 288 650437632
345 283 119411218
440 470 732019425
23 473 561455052
394 51 987307512
438 441 15155849
163 441 937961751
402 209 671186033
136 465 567267323
285 118 18953833
57 360 695208827
281 110 768033077
356 362 770232296
299 33 868168228
439 201 108292200
17 49 45540150
368 194 711148116
391 495 897753221
442 123 724727877
53 331 355610706
380 164 374527250
268 5 947508623
444 136 825903813
464 187 717393857
266 176 377067917
319 55 882272806
286 175 650425505
267 392 823086075
196 227 388573758
413 104 791361856
402 423 322176209
237 425 318896460
341 275 841863743
214 223 374166096
185 486 374176844
2 180 426880194
253 315 784650291
187 203 777122460
365 356 165818812
370 19 509257554
260 375 105330458
193 261 244186662
151 67 316562957
66 443 881595217
268 333 567429436
324 451 487345266
330 343 340183398
194 261 81590470
396 236 389334399
392 153 110622201
188 58 519779631
290 375 738162554
188 376 41783253
245 195 239981135
279 442 292831174
109 122 905570985
161 264 508913705
308 150 152632295
272 87 910070078
39 319 895614562
19 126 592520795
383 180 989541113
380 392 574407003
308 156 764447896
396 211 197912460
283 472 42824041
170 271 818900105
306 128 914323064
32 216 304807152
180 472 182545706
77 292 559594804
180 397 976087783
92 422 797488951
497 336 865655396
77 322 660698475
402 482 898782072
228 153 364814986
10 57 850915730
309 124 105680559
36 459 385413198
251 358 198235934
40 497 45445232
263 133 865282538
447 409 338238384
395 143 419837907
398 89 330597860
209 449 516264353
4 8 830820783
234 489 790854894
39 401 442218043
200 102 115776577
448 266 116067462
68 30 988709424
299 435 35847316
134 401 454723275
230 177 898942369
427 228 315723393
364 86 942023676
450 421 774883938
205 266 418401478
61 478 50253007
485 39 82026314
269 285 734873636
392 0 288089177
118 296 48804393
163 459 634170191
29 405 858407293
427 160 396521371
94 37 155380743
0 21 544119313
421 168 435847716
393 416 52402058
207 246 430977256
277 175 396708283
106 447 291057070
202 379 723546277
356 459 147525723
123 66 804698437
38 202 565788432
427 332 545691079
399 162 48440470
79 54 884996394
255 253 62214030
245 451 562177620
247 250 906098998
263 189 575039036
498 348 264515342
153 175 181058376
492 476 44873257
179 185 451294164
196 87 638919771
425 139 844750876
260 49 525968317
388 269 294895062
270 217 558195143
42 203 757936414
35 352 401927777
76 306 276469904
130 186 752391712
175 35 692328428
430 49 926557684
38 212 102049892
368 175 262785990
343 361 902418025
346 46 368751250
297 316 936360598
92 301 202987753
415 164 90243690
105 47 631937950
301 456 769939004
180 267 841533390
326 36 502750534
277 16 368654656
239 390 791441202
198 205 75772775
55 230 674509749
46 208 782869034
497 445 520304888
92 220 68591371
175 483 864389418
156 360 670916699
177 458 434049399
290 497 256490336
344 208 312629881
401 37 655982855
18 101 208157303
445 402 931117180
308 390 73809345
111 263 924233350
428 106 913998131
400 75 145453461
435 382 948748998
452 293 251082965
4 377 766204340
200 323 59224668
150 474 929596624
245 291 589119723
109 90 631287053
322 270 729601638
166 284 751138685
324 127 842373248
176 492 693936944
35 324 730195921
355 438 239736138
277 291 168024449
121 494 204968866
329 418 211621872
490 438 5213236
188 81 571704548
180 386 886405233
345 191 943243207
495 45 568163170
208 237 435809521
13 296 653751245
135 389 101426043
294 159 509136098
257 488 38726673
46 125 78329509
248 456 149737114
38 220 141357846
116 81 235263444
268 328 565238839
482 436 697399076
261 116 931628963
385 53 869538017
210 310 409854816
354 392 263982032
93 305 845278893
197 47 581707966
109 162 126652375
58 240 825036017
18 328 128379852
259 300 792855324
60 268 964541044
12 229 950142777
187 418 207688357
403 265 989731913
322 401 412603894
391 158 983734410
338 404 31328648
366 300 515273824
408 356 65800886
179 101 283042330
386 271 158343426
280 243 940356059
185 42 792687605
277 210 512863873
483 328 642166366
356 29 970297639
92 142 589527799
313 375 444032289
0 438 362077045
236 360 369574601
427 117 577967614
58 311 370786715
2 469 925968297
430 480 228468445
426 82 349879349
201 413 357902666
416 185 66126428
430 298 314508842
9 184 791031405
322 19 382902814
67 193 404968645
399 292 254655078
284 390 547948177
140 105 370872663
498 161 793653662
177 118 673241881
333 0 38517259
175 286 567150990
365 475 341557915
263 442 904147649
173 295 320238778
117 261 844724028
123 286 519891901
369 447 922664456
452 393 428188137
147 45 90613589
386 102 537400545
380 343 890871202
40 363 842368832
65 412 927271487
445 7 884061929
211 324 613423105
163 381 480458700
48 360 108201350
283 114 228215691
444 42 777420899
196 394 108688112
273 407 83416992
429 179 114946169
203 492 941002760
309 66 538153349
114 96 892267385
176 5 366602707
437 361 137802883
126 58 732675680
255 178 739763134
407 456 248328637
17 194 968930104
198 477 293605457
138 307 943877879
272 399 410179341
130 234 197588154
283 149 839664907
417 179 391663328
289 462 904424967
220 257 961001425
191 102 495250211
18 484 605312373
61 64 338264233
224 177 539498763
488 148 494870441
116 108 669745489
322 292 265689536
79 117 448361517
90 300 738461826
109 430 185286739
294 7 198853531
251 73 551076165
167 384 156309903
0 498 962459613
336 250 184969675
412 54 553681279
395 75 13106546
177 201 161460658
488 25 611623618
271 323 236383740
271 174 827166647
221 170 825541222
399 291 524685957
86 25 84789107
423 121 119990456
314 316 723665137
101 461 902247304
498 0 47627935
78 259 122393835
129 414 549381684
267 397 414004647
424 211 818810968
305 432 229372540
256 269 295701279
204 219 418562127
437 18 640010306
294 236 40091975
128 25 563310239
189 158 911753866
152 114 522311307
54 102 959409482
46 412 12706971
0 119 516310022
208 29 877513982
385 35 795151010
401 341 331452568
365 204 267482930
19 457 798934371
391 449 67177396
471 283 300450503
282 46 691063375
456 219 68005798
470 430 802563171
370 96 287250473
436 95 99012231
463 33 446841397
255 25 354234198
174 418 15988986
63 184 610624505
94 295 621940558
188 57 744973706
91 432 198585692
106 464 68214297
124 449 231911270
347 54 188846244
291 33 81577145
133 494 201134563
402 134 259315513
203 121 912799980
320 368 539795064
46 316 579700755
438 104 78110475
223 66 904747857
259 483 910721534
309 85 969992167
233 26 515430852
184 375 409248924
376 308 276195478
94 279 276084564
339 473 210979473
381 108 821089647
360 392 249043445
256 110 266915411
125 23 247842799
283 277 178070063
489 90 235385288
53 284 384168980
461 324 945298770
213 111 342476819
306 344 888698212
387 93 396112785
190 148 194070215
245 249 960160539
473 314 945734825
140 219 468163352
475 273 316781092
121 96 44948115
147 307 942294439
195 141 539076949
143 464 64038362
96 171 182817140
243 218 642288102
241 420 768374880
328 356 614156562
439 205 377721169
238 99 311996676
242 235 456428991
260 109 926331121
433 106 258771425
492 205 573772391
242 465 746457495
37 154 41476790
34 350 683937832
83 425 654362174
208 252 589464337
203 309 222619874
364 409 946460320
31 407 227590353
246 390 637569801
255 389 135893996
333 224 170608427
491 252 704924251
291 236 283072172
90 19 409553644
156 413 483846228
298 168 677629911
394 32 844926313
422 347 334502630
179 417 86832719
320 24 388434794
255 234 910385581
369 134 514498170
13 360 827247075
473 254 573455449
96 363 638843832
225 149 534877014
139 221 629911077
392 91 920464588
489 189 838062812
273 126 441953581
322 245 179045803
108 148 784695854
309 232 570296323
140 208 502668519
121 196 672675152
472 381 788075048
216 344 203343449
471 82 33637231
347 226 225693744
453 461 760979046
442 253 179863392
375 294 578277537
450 297 79189936
415 118 787739131
261 497 957890262
334 309 145817918
498 84 136094002
58 368 877887110
38 78 295962748
167 155 555737711
328 88 233213907
31 313 694998512
145 25 625758368
203 427 591772560
59 113 776349204
408 108 407260394
151 81 516879338
343 490 313902687
159 479 348799340
271 184 937143819
114 372 703144529
280 9 355940043
324 224 581522202
407 289 709433270
307 387 259668945
206 331 743884590
208 366 509322223
243 293 904690246
128 170 895878724
79 428 495950672
315 151 527102079
218 253 975382867
264 254 909757905
476 16 826271114
484 196 426615940
489 328 375624003
202 230 226096926
356 418 712597247
38 13 334387608
488 221 137749901
209 5 684749139
281 316 245218591
204 276 965524847
200 32 305520517
133 307 811351843
9 297 215468827
434 85 33616412
288 244 825953729
438 492 762383865
197 118 53402587
95 334 776734893
85 25 26240350
454 233 252659483
413 329 558054259
483 426 884424482
270 402 270088548
222 440 785898912
387 447 2396361
66 21 555850578
6 304 12393644
366 52 74213721
5 460 261157124
414 6 777102940
143 22 814463507
218 249 248587240
320 208 590772333
94 66 18878976
91 459 312020895
151 422 582538045
447 122 9959993
38 128 405071265
331 85 87462185
459 306 900180917
399 3 649640535
243 253 766995482
16 1 227572075
314 377 308090679
201 20 867378466
163 183 405493283
411 49 927022893
228 449 716875659
313 496 887131032
36 481 940243237
86 372 821585547
84 67 773215874
4 448 879217625
349 127 733479891
199 106 894608669
279 198 612796740
393 312 782450038
171 331 342536604
391 404 960052761
148 264 256616704
323 302 142021875
244 297 85314132
92 467 653481260
444 391 548372248
37 402 529409275
51 499 181384234
403 129 413572816
40 416 359903935
346 284 816129296
432 415 267553347
418 450 960861266
291 77 754473170
8 99 909268436
169 75 359162674
179 289 168014261
390 215 445817646
69 201 794191902
9 314 352857516
61 330 558277296
144 388 874075606
474 115 548892095
6 182 548299206
173 423 40713857
209 306 782081802
262 250 199515057
371 419 531737016
472 35 397748817
422 303 435893164
453 134 553316821
228 416 863703883
175 43 906976039
134 395 438797465
311 127 181575603
11 279 899097458
208 335 728252451
219 15 66856880
79 488 911588235
351 482 634822441
167 324 284572138
22 428 999666316
382 66 87973869
83 90 493107893
380 388 605822607
252 362 738436525
104 96 394197297
76 52 979188170
139 324 843461294
14 409 792093968
25 397 929549003
68 261 312530906
131 330 79034659
114 56 126971131
51 403 243936092
59 177 6931370
170 73 355631579
243 353 328243810
166 169 810673132
47 290 920726221
482 22 384041529
388 375 319498560
89 323 933154630
220 124 691248965
57 98 521917285
472 304 313294635
476 384 364870091
106 498 818196260
488 48 799283616
310 367 907584639
343 132 57673731
366 384 591745823
288 164 625428116
330 470 315533855
332 157 153301448
246 305 71256616
146 45 627488040
55 7 769025449
386 188 916229217
61 470 277672257
289 143 434386735
255 196 838297165
223 430 86183738
289 489 35779040
204 199 941799908
44 113 283551810
140 113 961644664
122 470 122086332
319 183 688930120
485 208 102902585
381 364 19147440
181 445 417683126
379 135 480564035
416 206 387385568
115 92 843119875
322 23 807939017
468 217 768730269
11 154 725776842
270 179 981258823
40 206 252014272
116 137 236304274
32 453 826149737
247 125 234133809
292 153 379098587
168 269 194431226
94 1 924901600
490 459 251101734
354 54 794890219
321 208 159989615
473 232 880204783
499 349 43884212
166 326 261848810
428 241 847113330
52 4 474512724
355 167 637812986
52 104 762630049
264 51 293710456
402 87 912646440
93 204 950736366
384 482 322251871
299 397 236851192
158 29 305828588
401 138 335703541
192 445 910047947
159 374 973096369
249 360 476943261
381 361 400733852
278 53 506441419
156 457 586163633
367 364 241578673
320 423 837191186
4 418 107845795
44 405 336601083
389 359 454732993
448 435 627119495
388 266 235519891
495 180 337044327
384 152 818565340
10 341 346069019
192 374 936245444
9 172 481462293
411 231 121702398
440 160 105024587
473 407 665192409
21 14 468861645
65 117 782496929
0 158 884257718
345 84 831049306
195 224 989245291
64 444 972045863
81 203 416584758
15 136 20756163
33 37 872379730
238 477 296868415
317 464 463176095
124 410 535647194
73 301 616600555
413 307 936604245
436 434 433485042
79 12 934496434
167 368 485289221
280 209 968076426
463 330 678215863
145 378 129769508
497 320 222250506
238 294 672004577
194 235 378758224
7 407 685845207
85 136 355968337
302 400 230074291
382 120 765672528
76 341 500081625
133 368 215692575
83 361 256193785
171 309 809164358
34 423 554786340
44 189 556198951
197 244 876192740
198 245 457041299
253 261 707653551
152 454 277016337
154 342 423600933
11 344 209520059
349 317 432695334
7 460 459656083
138 110 664814786
467 426 545719225
218 59 755305907
396 23 130787499
285 484 306693806
272 420 722292126
250 389 638730956
494 291 180010609
244 346 290817922
197 431 608838235
395 153 456367259
217 191 161046907
21 470 570134413
4 414 629930800
58 465 253371090
166 199 434951170
76 252 875374701
293 72 644208568
278 341 899724092
227 58 851956523
15 319 369578294
289 58 764280862
230 332 393094343
122 174 200052213
69 374 397356548
469 167 902177635
421 216 201059753
480 210 7825740
18 349 239563312
149 371 261921925
431 289 579509939
209 101 463933732
336 205 546539893
453 118 94371988
73 51 417152499
16 267 848713201
52 422 497271190
434 74 944244635
116 356 286095310
230 471 164592097
193 472 397525662
56 137 175758195
445 193 291432904
461 392 691788610
19 417 397799872
265 399 552818859
452 191 920006357
392 17 689699743
395 449 989189720
461 134 392832191
87 62 904420348
390 149 86119153
189 91 701391473
262 473 127698940
116 377 858605321
376 259 12793779
364 56 383386811
307 219 640033543
13 146 254386436
225 13 345841996
333 243 296686289
3 251 342541823
145 134 551773205
390 416 843544344
421 250 599682043
292 312 273377042
190 358 685993146
299 219 108521824
482 461 128517644
374 235 240460015
247 55 931300312
419 371 367692541
92 436 647024357
411 286 207620608
232 251 574894227
23 311 413504802
151 105 478290525
208 109 583881029
27 59 513082314
438 444 664342439
251 257 226390200
432 318 944250903
183 273 905686045
420 356 219980831
490 126 652516558
105 213 408891400
175 438 432964836
297 293 886927120
326 422 825229473
241 313 985528253
50 203 716678169
125 203 510227656
258 221 725567450
405 130 802975216
126 8 941574518
284 4 172307249
218 391 828626718
458 326 42000881
163 240 273256771
356 343 834032666
112 457 6047545
386 43 775163960
208 297 256645019
283 124 354831284
381 203 784546995
256 144 727936981
164 253 189227871
355 423 4322428
379 127 993055160
145 78 448081690
337 446 922355944
315 348 236372110
209 143 683225066
381 12 190458197
285 133 217708856
467 36 564814996
54 493 829327457
153 85 783013405
331 268 286129506
475 186 979823047
419 215 582609003
62 372 902063014
489 58 771900423
380 293 568740951
76 73 956789710
40 341 778380261
396 24 606093084
179 70 289152997
381 429 115688453
46 158 497789416
111 207 124478796
461 495 405258142
334 40 403061193
495 319 137105321
357 336 436594106
60 43 677464381
200 226 199739014
225 20 986906945
382 237 488316272
180 497 992177357
101 446 296954032
194 236 74890679
434 8 772352671
425 69 496172283
49 146 650293072
215 37 858652865
23 281 885867836
108 384 262142799
216 240 406394701
449 490 845256550
338 222 740684792
434 99 487290595
104 189 743715002
58 495 619417880
176 229 548434869
78 172 567718639
36 221 910268179
359 345 809105841
285 76 463054381
155 81 828680785
284 94 128701180
34 264 339026720
64 451 947854063
455 249 778879765
221 171 95288001
282 349 620961462
330 396 534495785
157 258 261092908
348 311 932734844
493 196 61754082
382 347 407756511
488 170 380625417
433 210 282660716
38 195 738706096
351 423 438824943
389 296 86226518
323 285 342543053
408 324 725777250
287 478 939563936
348 142 695840694
157 414 110064585
383 241 768720049
320 428 653652392
71 1 548406548
200 223 373908091
390 35 721412102
283 285 686215095
268 351 223029182
7 483 883488551
225 272 889288807
79 133 404984018
497 52 992847505
156 390 834880955
178 419 836219271
286 307 528966218
77 52 545064919
452 171 480272609
182 404 975084116
322 250 126702346
241 248 705529358
207 71 256008719
478 144 823283673
369 276 958666699
214 461 999948228
82 284 862690807
227 410 265637834
494 350 17702079
346 355 505476345
486 36 334991052
277 150 454965766
235 176 960249057
228 349 905383175
26 480 974534921
427 320 408664035
251 29 957447547
327 148 537864979
357 156 461753807
253 84 686476682
215 78 186903169
496 450 948357667
295 167 866541755
416 327 187968821
182 320 99819827
244 267 659570443
352 277 432487285
400 47 818165979
166 205 108931882
15 309 904379795
219 81 446709914
490 297 530926558
478 216 427661595
274 432 376405322
149 292 48719053
130 191 111590567
203 164 569710815
336 130 829445774
237 8 330742939
265 82 358311787
18 61 215272115
264 30 289886294
397 275 816245740
169 460 574778858
219 1 775863130
495 135 243136908
327 215 739306740
308 358 413384893
222 270 131250815
191 486 380651349
492 176 729383736
2 50 866327467
280 238 608686130
36 177 222082648
342 302 458187137
269 475 421384904
268 403 215896045
281 288 401231605
466 41 964222504
279 303 71870365
336 164 529496136
265 172 843850508
391 463 317934827
276 363 910089526
66 307 929758989
204 67 896366773
177 161 516636389
229 195 653717825
407 344 905904777
376 306 473545001
170 167 738319055
112 10 441574485
428 60 613040953
454 332 74811382
161 180 740786978
205 491 615681652
40 164 72617658
376 440 708668318
170 389 583809680
416 125 619179770
30 163 977852491
154 392 133170703
141 293 505097330
188 325 126332354
191 84 193292265
367 169 646421733
70 73 657159686
268 361 91895358
329 18 649547615
322 382 155803592
247 328 156398100
321 407 779800772
200 321 307459302
164 345 986103733
360 181 939133602
197 334 823635697
351 212 290384039
286 268 903299302
375 2 387380278
19 185 149386713
290 429 570950992
355 161 209326071
320 388 504806635
66 403 466787479
487 27 118493830
410 15 658080795
355 213 358682204
338 233 205448119
62 90 499464903
309 89 591717867
346 151 475556740
71 409 961605057
138 325 904593413
377 401 866946504
383 126 659497992
309 148 116441931
419 310 869590994
145 420 978645080
358 40 744951903
286 450 53400777
153 197 676699522
420 237 37080950
224 12 42387636
97 204 265603956
330 202 947586873
226 19 654926915
62 204 188575577
5 419 771687635
240 449 555942976
322 489 864560130
441 39 952055830
313 275 463816655
431 116 213132517
10 300 795155476
351 92 71621502
310 208 204743554
70 186 159203380
236 361 684526114
22 208 754817103
219 246 961304736
461 201 220637924
332 172 61503101
210 442 495771797
211 315 149148616
336 450 5618458
202 445 304806912
375 156 953447334
7 345 503661396
269 39 765497932
105 491 53786708
93 149 281577607
59 294 247726351
138 479 843469831
333 295 419357345
79 380 577367626
33 327 475819038
238 63 469408487
426 105 370972172
237 339 78500134
46 75 506424143
410 360 825701762
17 251 508955461
456 160 158385911
89 113 915562677
222 263 106941806
186 64 641048031
37 317 280510593
104 15 555254017
128 101 270065480
187 312 842977882
385 448 297280564
95 189 750945420
429 55 579647509
266 6 441683223
394 21 282215233
345 359 617892858
209 261 420670596
362 258 100679404
273 277 285399144
183 454 272718777
258 176 204248466
429 245 644480106
324 83 306304435
474 143 873447124
57 392 17227187
220 376 887600577
204 45 890247714
359 464 258822172
307 165 897134002
328 87 793155837
320 321 717126203
401 478 775331725
492 264 238276233
113 274 334794648
246 10 832031694
357 116 64207338
395 130 897586323
387 88 211301274
10 265 327226384
423 415 196692461
110 124 625913793
326 82 353573334
447 63 301552207
221 164 831212500
45 136 718628413
81 386 872173964
450 300 701433210
181 261 875870247
145 218 164419756
88 469 933298902
49 304 204202528
398 250 54368169
219 24 346586194
128 495 591236306
1 328 909290505
135 1 270044710
470 40 298042010
267 212 163717398
384 455 405523574
394 461 517258240
437 193 863806663
200 345 850306194
44 250 603492248
90 361 723525858
477 283 743119772
144 300 390862953
271 56 749345912
396 111 720151657
238 343 524612865
329 227 4495561
362 398 447269047
393 361 688009784
85 90 440205680
253 85 183752004
179 436 60625047
112 183 436853211
485 355 956412047
151 323 713581874
466 23 821466933
154 189 507883994
423 265 437196051
42 286 294080037
385 453 5812707
102 41 358432134
289 363 378381444
431 49 800878789
217 108 406273182
94 228 710921732
177 140 953843807
220 131 275816227
227 207 472483823
470 383 3254752
151 496 224801059
469 46 832813976
92 116 382904978
33 206 324573320
485 364 224076161
83 52 294501719
377 290 434309346
129 444 728833153
361 426 439423804
220 265 549966523
292 109 601886970
257 0 490512065
467 267 746033986
477 53 135491760
376 473 515581078
5 163 548766125
19 296 878690917
102 21 645112211
58 41 651104412
105 138 890606953
395 73 898181048
425 20 484614250
28 411 653202322
377 169 707148580
487 208 877169705
326 358 892045970
173 0 506974148
494 352 587331820
292 493 750414110
186 435 450938405
400 440 819256339
375 229 502406246
136 72 853162188
40 337 693597710
435 303 490845839
324 417 409122872
114 176 766011946
479 357 139844740
366 310 495943852
472 269 288051117
347 32 917693116
81 452 651877284
70 207 985928727
216 246 530156302
448 67 819901419
278 307 294038433
327 474 997448382
351 232 475013143
325 305 319598029
329 364 869701799
430 129 895803930
366 68 869026532
388 83 946159479
203 119 5569378
0 319 758129644
192 111 468679897
312 233 942245477
61 127 480092930
110 315 721390181
456 35 955576516
334 134 776103029
250 107 67724950
24 111 731196063
461 353 424693737
474 498 944690120
182 469 105915400
9 30 835616932
195 231 310721237
346 221 112428159
383 261 126126380
433 384 696186434
387 289 693747330
365 134 716915173
264 231 584324097
272 328 167588683
442 16 821626566
118 277 294270889
431 475 745049351
31 492 360147487
361 49 147782362
68 331 627905251
28 160 838885473
366 488 60064986
238 230 104145825
197 283 517555685
337 295 924783964
427 82 425060359
177 431 144620670
176 499 76591191
25 402 799594090
342 391 89966608
325 110 143377153
206 323 848117759
312 364 263253100
23 371 141649029
296 131 288857159
119 494 511011892
183 140 863186717
429 449 780700478
82 373 966233493
199 49 772154362
37 256 165018435
32 204 227720748
479 233 452343674
225 84 940659253
12 283 659917926
333 80 212153882
280 22 849002052
262 86 608634049
94 172 396823281
359 291 554684777
345 72 904193560
434 439 438996515
50 202 724659600
126 313 723641045
284 372 118040238
415 225 776954691
419 390 13268107
327 149 58079760
463 225 888010788
438 21 167791926
346 358 196263670
347 27 752060352
272 400 721271328
88 238 317409290
317 102 534567691
177 33 899812770
489 301 560653407
244 17 262698638
193 370 692412945
26 81 928454298
214 144 704738380
442 204 430638518
64 390 513818389
132 271 763912351
394 321 176678711
382 355 611625306
57 357 724750316
372 57 346737177
346 475 853366047
0 167 967482293
345 448 998399009
294 343 969730011
277 332 646514726
52 177 985551738
308 149 567099398
441 364 246553854
279 25 923256149
331 393 988564814
11 41 326944344
378 128 674481616
101 265 74887563
495 7 610191884
483 391 983992128
459 274 594335758
350 189 578330691
118 193 745155287
66 373 310344455
255 202 385456861
369 151 540151539
51 3 400727444
89 56 660364969
41 468 907556541
315 377 82739629
484 2 129915700
298 266 105166556
353 253 250823631
63 304 593396803
244 468 157922007
317 175 484024133
403 270 310984173
153 269 157491242
326 345 85149417
113 244 663830023
245 16 596135305
84 479 368795703
270 50 301484802
31 37 704204292
291 302 377244019
260 442 74628319
137 473 711614209
240 466 971352387
164 355 352547569
62 59 116667568
108 324 181536931
465 319 709263219
160 70 777834138
47 36 49748807
90 126 465622042
486 67 393485486
240 457 310438701
128 117 153705351
65 14 173801087
43 268 26251379
121 49 346831671
256 298 677785550
73 50 87032776
476 114 43487952
486 145 980126253
323 190 548335268
244 270 939620352
300 330 131410853
404 320 198564079
324 411 177793671
236 409 423183527
248 85 176615
126 49 581596704
111 286 675841839
43 152 837511149
90 254 960020845
20 440 54294633
174 6 445902158
255 256 752486520
452 421 498301994
213 225 662162553
361 358 616494407
288 432 9699231
275 239 470701546
132 225 452302477
160 490 601913833
262 382 207105532
488 65 834680999
466 155 777445318
481 13 325941425
319 143 139772260
36 222 698353033
424 441 801833095
376 370 99353181
381 105 955439157
269 411 342780831
438 22 496783008
281 415 907655889
190 439 271450341
15 105 348777546
354 466 883608231
379 451 634379654
482 75 168864408
27 105 816326533
31 145 194223913
472 357 674352023
158 207 192239728
250 202 821268043
212 254 627522019
482 332 721979797
472 34 837589920
358 105 216956039
289 319 91486889
0 194 492042332
298 150 843766029
61 260 679444638
496 471 308372726
446 215 517746920
204 486 72732677
460 55 720710797
132 205 436610098
351 190 491421598
113 118 651280351
217 339 312966066
476 97 880444810
81 480 452637801
213 239 314115641
270 415 886795136
452 143 72711192
133 181 692268733
489 330 546523870
83 139 130538507
367 29 437924880
63 104 529008178
447 40 373210094
245 443 779334699
330 293 781054703
410 4 66845838
291 461 961024345
276 126 308452349
289 284 470827032
462 300 919183351
191 355 774825007
110 167 260451926
258 200 401006784
90 396 868965153
282 192 272676297
485 481 190993541
93 363 477555300
395 301 908846190
311 34 933821590
163 251 291971400
64 210 452986838
419 140 749187129
343 2 333236178
246 20 15240282
133 189 299814902
326 202 846024391
325 221 277824044
83 104 918423786
260 96 983880900
138 367 700752321
354 83 925019499
474 371 946673199
477 73 931643205
287 227 669529417
300 441 508895951
30 482 673294611
140 44 762940199
25 101 133034560
353 45 242322645
278 281 22323814
122 451 239454730
349 319 344405124
348 219 570560677
152 350 385880181
39 8 953446912
423 484 50582076
402 443 54297139
337 338 25702014
195 122 228413490
76 71 341765051
357 189 379352447
330 410 193252328
257 37 334200715
383 123 793086066
275 14 357569632
332 434 578258795
120 226 862125524
297 340 378145965
122 120 977684578
361 453 753195712
107 471 81879267
178 49 572655079
409 144 397660051
371 298 684377877
411 61 450394826
285 37 424001824
323 425 410687876
342 375 235636269
219 247 689823242
328 368 13462914
331 136 489834047
15 344 416737613
467 478 710543265
347 469 537045117
51 17 206135018
173 308 205599498
135 103 896197358
336 63 982716919
415 22 739927877
320 80 53485059
338 267 564458211
286 235 703976388
70 310 193820138
406 273 409331171
280 262 887818562
248 425 956570725
272 353 856648959
453 160 358912896
457 163 898502501
276 349 485723647
117 68 128805334
378 87 926878127
446 280 594988436
475 175 861665725
227 97 633348116
318 328 59267990
315 420 108979401
439 338 579832684
233 271 466885680
159 331 240487261
187 114 733449425
357 37 625336243
487 336 349631058
72 288 219798980
61 350 716547038
23 67 923847020
74 205 191200039
112 108 600197458
11 120 804649243
294 143 27314845
210 14 252593163
158 37 759618547
335 124 754772158
414 179 838682761
22 178 960473910
466 469 578604103
64 10 773023655
42 189 528385682
291 464 692523061
306 191 916910388
267 111 266338386
218 10 965043697
254 378 753384609
350 461 211978062
292 300 295808482
280 161 223213887
242 185 332693054
7 406 272401872
335 159 723982114
391 476 565926266
302 34 874047092
173 356 280902661
370 122 790628555
90 271 661123977
112 100 544453328
177 137 180082340
41 392 953084574
129 462 859848785
318 384 276827623
2 240 504173166
277 445 410515143
427 2 871163106
146 474 473622003
433 140 541958399
396 18 866445731
71 105 719964532
469 427 367394540
308 365 631651149
295 39 976376405
162 199 162005263
417 184 919460354
372 63 835043480
217 361 291406907
200 183 573562087
27 269 349200014
117 412 265684840
91 418 413040769
412 88 358552976
131 178 136234531
132 195 130861488
215 77 666891901
3 219 327781413
240 35 720114997
120 302 480136543
480 45 667589589
346 71 871037987
91 285 218627903
198 56 68433304
438 228 642834335
123 470 723393615
430 30 206468196
430 290 823234324
70 244 789121063
0 370 894572880
320 94 848944411
10 112 183231244
334 446 256970757
422 169 347910917
328 313 605005475
57 487 55881092
117 31 211580297
97 339 697685897
78 405 776492420
370 227 952282580
342 39 400652376
460 95 786715645
245 202 413082185
300 234 38520801
142 292 914110865
488 105 870652670
104 465 856955165
455 204 822878953
167 458 988095966
61 153 405463546
424 196 483093997
80 81 609379309
213 127 518013023
345 211 544308935
477 451 936113648
47 467 39111353
452 368 180580702
83 105 606996592
182 91 629449724
468 127 180373497
145 143 525239645
321 18 378478431
87 244 883987239
218 11 738450700
403 289 209124188
407 109 534247593
159 101 431517628
222 377 632665953
249 228 794959946
190 423 179055182
474 493 136264171
49 274 678698936
432 211 567899532
297 465 467338811
12 213 907665565
275 173 470707368
189 378 285783098
106 81 191045184
81 451 665695708
340 345 533608043
9 85 218248200
273 49 562520032
302 270 197015428
422 412 142911519
251 80 838444930
307 261 273300034
454 104 567612802
205 273 128296741
132 341 481855695
418 393 195447626
420 135 273219255
374 431 934875014
297 112 56522779
198 265 959374084
148 157 5294766
491 324 913385534
105 6 590125821
128 189 690697891
444 154 905866736
105 379 236539121
230 286 444358493
48 462 847776822
213 91 534008391
31 179 501358603
372 309 899033281
393 70 708186683
64 483 476405753
174 359 353697184
355 248 907975387
242 236 390986043
368 87 709086662
475 222 561203978
179 332 827805240
436 337 970736949
56 241 901604343
210 19 439814844
262 149 149031625
37 5 953825247
49 471 366629700
495 458 820263302
103 233 865676183
313 10 334084277
422 290 15714949
276 384 814251026
96 421 493143227
14 437 508027161
314 234 342658767
451 455 162896766
107 337 222237832
258 166 726941598
367 403 290965796
495 444 348613402
57 223 428464618
110 361 308401603
305 143 944252014
0 499 563716862
272 337 590948950
100 271 127402763
442 115 534195428
324 414 157838936
82 352 105373883
53 198 661622882
415 112 564372154
196 183 417731517
209 284 623901070
99 90 411524106
242 201 75497522
161 23 900864115
300 369 585100973
276 59 238895932
1 440 831032400
154 121 718424208
122 263 276477322
248 271 6851872
81 461 72941865
267 299 82361150
268 303 25057866
67 422 731887320
88 126 207979687
304 250 468296189
388 241 931470679
398 281 70419465
144 45 699129780
83 402 42946512
286 364 46557301
212 247 370010503
50 238 336691163
177 430 889767588
87 196 936453450
73 343 483876032
114 444 688116559
316 398 546030804
139 295 637419067
460 339 480460728
276 452 867172896
79 43 997973550
284 170 786928983
249 382 552499652
389 307 354897812
6 457 396080349
388 69 90098002
347 114 479514760
71 108 961788470
130 481 656959095
53 491 249212053
101 225 525916263
5 379 779899344
488 452 912941383
37 363 800410778
485 243 772619363
257 194 818325571
297 58 767192913
403 58 114743273
98 472 970081183
78 201 115292388
324 222 448182624
264 178 351834164
496 71 269794229
488 398 47493010
404 24 799811450
230 483 863792286
131 443 436354522
164 21 37249998
370 7 814700090
325 116 159407786
338 419 971266417
345 86 85724296
299 108 750220327
480 329 421321694
351 21 309334496
424 45 535993928
329 487 265871031
369 345 996780801
357 22 704185464
66 118 537867212
357 78 700253044
312 308 973010310
149 363 686332557
64 200 412281756
465 417 824469411
172 414 75293340
153 408 390322016
228 212 388257059
486 444 960064611
239 130 582955456
26 368 543504112
136 296 306142023
168 149 168071496
37 289 140412093
492 427 708296109
382 326 656957371
70 86 219165808
11 370 139410158
395 401 362288846
266 485 668114469
491 341 932830289
192 334 591344534
316 34 279040849
321 88 28576811
211 308 240958270
191 55 657339629
348 29 866579054
341 317 808268527
319 454 569508615
425 336 691680118
290 161 434560170
475 461 205705172
186 429 389404151
125 369 819332653
135 378 936615798
108 261 111531199
242 221 634818844
499 434 981652652
236 426 368470067
102 445 475780014
298 390 626067780
106 121 647609314
335 344 789263894
376 266 997419202
279 175 886733307
77 295 662706101
154 159 807455550
51 384 698690604
410 314 522854004
89 225 440394254
288 87 739700612
57 146 632139896
430 316 45790141
468 318 432731236
326 220 778753334
23 378 785229479
402 162 761468172
278 242 239352248
474 142 448156905
377 355 244601486
340 69 866567170
69 178 944633706
496 228 660648359
355 147 408479758
57 204 494391519
197 96 826348350
95 251 616104848
169 404 436824677
336 226 430492359
245 433 566526656
119 124 978952618
60 313 348345337
163 493 25474236
188 409 946090040
194 473 411082479
270 118 882240192
331 205 84909915
113 14 243254255
267 246 819392034
34 171 61364580
43 344 781677578
204 379 184506641
417 178 98749100
79 190 440353250
225 36 53647752
490 85 580055851
479 439 141696090
339 84 584915137
219 127 993003240
437 344 62967991
29 171 590574353
232 330 999595083
392 53 910672254
273 67 800771383
1 470 273278676
391 199 20134724
430 263 820498887
287 173 973764000
202 200 388129172
274 184 705545140
179 235 169989271
143 272 465486141
240 348 491243383
41 390 424657754
290 361 77959558
37 91 602867414
223 44 352421983
411 122 521529838
99 348 936025862
452 337 67963894
440 394 336847981
405 311 834258019
291 150 987770797
370 264 37843556
401 236 377373982
59 50 463269947
197 479 994984428
151 330 4517231
149 399 462643176
261 191 886178677
230 408 640358329
297 125 356710391
60 26 174455545
74 12 719662154
344 69 643481610
82 216 263297326
266 202 533215376
363 284 557680847
342 254 673540473
475 69 682302814
80 386 444729173
193 15 564646724
248 204 873782016
342 282 90493443
343 99 87884547
19 310 849466522
267 243 601968697
67 202 767373623
498 167 67937151
318 476 440066562
176 12 61700186
436 180 477363619
81 77 803915169
93 389 144072203
158 335 638393905
6 191 117780746
277 258 274804645
483 158 258662078
468 82 766309095
241 290 266190384
230 441 512359853
352 182 625735358
137 181 427907491
11 287 628954375
336 478 685309492
171 476 44289481
401 219 655967244
425 227 137464807
209 380 716390807
428 186 829497411
432 387 994137064
29 278 954230843
414 472 607674640
55 261 347409401
321 296 661582218
109 110 862203340
262 234 880977038
55 347 814752502
383 149 523330483
369 295 154201947
75 222 194438074
51 355 523174065
208 40 999790849
41 374 653838103
184 95 461729803
301 24 363718859
236 188 635753966
115 409 639251508
419 114 649770843
417 89 295080624
178 412 426708154
392 463 27990820
152 475 238831808
118 179 233553593
66 243 845461830
107 208 275802447
378 487 818367899
352 240 126712801
40 432 938037922
44 154 728507902
144 98 681610764
216 133 618755949
483 93 720252862
197 180 259699120
85 86 353546861
327 175 998167123
391 83 504417645
36 9 892791919
296 180 922342735
301 204 392472310
160 280 480137122
468 364 447683415
37 342 787161983
441 485 185486202
216 212 264593479
272 32 607695192
100 487 746582974
101 88 490602921
151 183 238241784
380 322 599241784
231 464 998827077
180 76 266616112
66 492 448815042
224 398 791124252
168 430 371732378
222 106 796969601
190 497 163708204
276 197 333806829
287 326 770495034
379 233 535352984
397 68 435768299
42 235 538915676
237 78 116523574
230 231 393836741
230 85 490538028
289 19 579995913
95 337 952517477
95 100 170492280
363 364 395399720
113 99 380982450
419 67 838752842
461 396 840771043
188 18 19598460
400 448 874536190
10 443 57220852
254 292 726066403
144 305 898485210
263 436 799724719
195 345 655184669
179 442 337997740
137 278 991061944
129 126 936210536
178 369 397785982
365 392 457324940
6 323 450118915
143 440 728268386
215 491 598833169
292 90 731781796
353 100 528334337
67 164 818685079
362 77 751019979
342 165 523747724
28 330 703488803
97 303 891508884
36 255 776315764
291 396 328634188
176 47 775864734
189 347 235447291
303 326 656920230
211 86 335375013
218 312 818426559
379 359 653560872
75 247 356208833
144 97 456205372
356 409 670465378
422 435 108231747
285 81 909197675
270 362 691593904
163 104 619982054
224 9 144136794
4 48 877634496
11 368 118184055
352 328 916836907
98 357 662736262
320 182 998645663
409 46 136477480
52 378 656245223
37 414 525397074
480 274 314143887
11 294 162697574
34 218 61089922
26 479 459257161
151 409 531692838
135 206 225312069
67 333 959510690
363 499 780480773
52 286 375998187
337 493 898200960
399 314 161132539
386 276 927744101
455 57 146573548
23 424 756452624
142 72 407769380
386 162 439973233
221 162 339560828
146 424 521005013
123 47 423785041
497 282 414429820
37 163 182809439
130 282 711700375
385 5 905998590
459 53 915557445
164 495 677330610
320 130 203611689
214 209 617438332
478 124 135562099
80 366 467842215
364 125 460797595
353 261 41598084
483 150 226350633
232 227 540393418
293 261 456494922
147 106 523584900
45 134 434280707
360 473 496983583
278 215 509663667
267 107 177155170
105 269 875063363
157 290 354690108
130 380 63983661
77 175 481411796
241 195 329634248
237 52 163093230
468 294 647000397
180 309 885209474
440 128 502096398
38 237 300965036
69 460 486245019
166 371 658938448
306 30 115923664
144 8 535967814
277 489 251658603
44 300 971441839
226 138 123962869
59 381 391519087
232 59 747706752
236 399 767314512
192 77 388301554
121 426 883402496
123 144 857897247
208 412 304475611
230 196 145516216
394 86 636574426
357 86 111232722
104 242 363285550
387 467 400193546
406 366 572005140
490 312 384601356
329 196 177395394
195 266 569355074
442 496 34104150
345 447 594346125
163 467 631794961
187 363 720201029
283 92 880922845
244 162 530241999
260 60 455923316
490 428 557158535
188 105 227377210
294 29 386158237
332 123 859034152
198 100 995828998
35 7 291590415
186 174 209275035
489 263 670098830
160 436 986989462
385 217 285560149
59 148 545753160
46 121 922596987
409 407 717164390
201 460 20860978
192 132 738584035
41 197 267345907
410 246 196610628
271 338 981763100
136 112 748991483
448 105 418800928
228 161 849283441
358 69 471851203
357 464 215834921
403 102 902296663
253 203 803030333
20 41 444961110
333 452 770294118
348 36 130293158
330 321 746647827
405 119 523931508
148 459 611847356
125 267 354177977
487 318 250031921
482 402 767728681
108 276 15639703
272 357 606330421
79 168 978473417
126 242 582475003
18 346 59244248
75 162 501138305
271 454 674884394
161 321 828984617
491 258 59644251
246 125 173418797
42 402 289332125
478 120 104547363
396 101 187245340
301 93 972181890
135 82 284574233
163 468 447928121
39 72 663614301
103 331 76642867
311 458 853317661
147 494 769091190
171 99 836699511
109 349 189791317
62 83 776975646
166 26 781887447
373 170 879749165
115 394 561346121
405 264 109827955
64 173 496570692
82 463 198599884
254 448 431406949
225 407 923637668
161 223 165463973
161 172 847951270
461 258 386776879
69 260 611214089
34 270 283050443
444 480 883204234
145 256 577168229
399 386 630611884
397 88 516320803
9 226 368970350
189 486 571598288
448 118 153014331
485 133 940310610
317 145 90285707
103 464 227156198
420 103 132896507
227 24 820464968
41 125 774366224
117 370 90877460
447 207 5030487
184 313 995858650
32 309 847788007
148 216 854345333
55 126 986346140
113 253 248740580
12 474 326681686
62 73 631825213
144 104 570528461
227 68 347350200
337 57 377751808
305 35 570915805
151 328 15677234
34 259 486215938
199 138 753361230
391 161 571449054
173 145 940632005
407 22 800368881
235 198 674547386
117 160 102691539
337 441 296413296
91 15 300250181
427 356 923811047
367 194 885397242
410 479 513221380
74 476 540506713
24 219 781793950
443 387 593905257
394 273 899195982
350 44 351736313
345 183 635516278
305 411 299516365
402 2 890455327
246 477 65654272
245 231 282940011
345 297 957877096
420 182 62984051
41 476 104596249
93 282 726222065
483 61 379836774
5 310 876776975
381 157 280451751
245 142 215712904
391 213 387907664
204 14 516290456
196 291 439977535
271 128 437469325
44 31 546862097
251 189 805553482
455 350 155158390
28 292 211640116
398 364 849234688
429 361 283836266
475 392 787145519
354 302 94362509
348 19 396838125
220 122 426282716
210 60 509163232
47 278 76741545
473 495 384038878
56 258 341860617
333 116 840002158
136 209 892656428
189 340 890816754
438 173 774148395
141 83 376756036
317 159 357422544
247 414 184807405
404 8 461179982
21 81 119700610
107 182 995038126
493 244 592372682
254 286 498259289
378 121 691640202
476 483 373910915
446 240 450819618
334 460 638600677
239 19 710450392
231 467 202157221
428 49 750931565
403 8 188923561
414 346 213865241
5 3 365357141
86 194 6532796
416 312 224847004
410 461 855069512
146 409 216987282
128 176 348783230
495 33 34602629
7 408 630669386
20 206 884452852
420 149 106772
68 22 676214071
418 316 612016910
293 205 89378027
187 212 892216736
418 463 411244118
244 330 272946889
134 19 692335343
272 175 154839963
36 134 358210811
386 409 393526289
75 256 709701584
454 395 813333930
357 223 875465238
95 386 980108855
257 313 98526255
320 373 324723379
73 253 658180822
298 305 862174475
356 420 99413463
250 125 793918949
428 293 870647083
441 201 91303847
311 209 743429071
182 8 537119931
192 425 481418825
183 346 143104085
217 101 902641665
142 348 15598069
47 115 865138974
290 180 101424978
419 388 891479579
339 113 796403163
56 24 735906922
318 151 871801693
59 357 669788182
27 95 372525171
286 83 373196198
467 268 516807758
236 58 524433337
332 418 369447530
387 212 298981242
268 20 692827040
126 369 718567045
306 387 601523289
127 125 244186932
68 418 481318029
237 227 133269249
315 415 720501032
48 469 246975512
89 383 773986362
86 198 47601523
415 451 282893975
491 92 696512433
27 41 514097941
165 180 916637965
181 302 395406608
472 272 358980714
161 114 901919107
144 149 740902066
200 218 733497313
281 24 264030149
344 242 63873850
374 243 623191702
421 46 892323246
261 118 639534489
262 155 614593700
233 493 455770399
229 119 121312055
45 464 357611641
317 3 725346256
87 93 681619399
139 266 724333514
295 229 318568067
28 440 274007210
485 174 610186489
37 344 517118259
419 257 74150652
487 130 134435611
129 212 758676895
435 188 233289210
21 108 899179891
173 398 857790269
388 10 735060344
79 120 530422583
26 182 628461669
353 223 690411185
200 315 768316833
176 414 68253750
312 409 324868655
160 405 235477195
276 241 39766252
308 31 145314259
65 158 227192517
397 140 898731624
108 490 333715321
258 422 404746743
204 62 838522850
17 148 38479556
101 447 457189778
321 315 608119761
81 418 713334704
194 3 694944996
327 421 343266732
371 161 471446158
474 342 612395331
485 326 318250178
141 127 626329965
363 70 161279448
250 427 882779814
346 341 133463609
436 379 371706934
286 17 367062286
180 88 928421444
372 227 628588760
62 6 682170336
45 400 736443698
71 424 44946166
468 186 485249064
202 269 833673030
58 198 279980881
283 162 324549005
390 268 229978552
16 335 576040682
445 9 439746752
260 473 741037359
129 333 554964510
413 341 27908273
402 126 740801370
130 343 866842825
22 121 415275067
443 298 231789699
360 123 213766021
126 239 828885557
382 403 461994759
0 496 303678887
19 10 209549437
105 181 623494621
345 349 644708224
7 435 950440216
373 116 816484226
323 109 555994855
15 126 728716933
298 427 114124141
53 414 196691822
263 498 94955379
252 169 561582117
138 313 804389375
79 212 554221735
226 159 71511892
133 51 185947291
476 414 220484332
74 149 761007424
331 445 158412142
112 91 925182703
93 483 946652456
317 256 52233045
295 465 949970536
211 271 241315075
64 245 524789794
158 339 161355926
233 274 121036415
456 360 334404353
373 128 206679431
413 493 897692727
39 488 504366273
379 218 924552577
467 142 905709391
192 68 627461077
41 165 413028007
47 320 382431138
280 396 582730537
446 123 443387949
276 336 181143443
265 196 854212870
408 368 20778301
231 308 946886886
377 455 167202250
256 251 366513188
307 79 374297009
389 330 583179639
466 418 860899193
98 490 988965341
14 438 359207333
77 98 351678574
155 362 390373155
64 275 30633296
495 189 905904174
250 341 471633807
392 325 697098695
492 165 656065664
100 204 741120607
16 474 925818417
20 66 135837762
99 197 735236647
168 239 631836323
356 189 202797272
12 407 114910408
282 302 955881650
471 238 963399978
30 66 600732792
375 173 970592046
354 449 343826584
460 371 51155504
140 309 588804669
197 288 552582640
44 342 917339271
317 211 814774353
29 300 446589557
233 298 297022678
190 286 262178352
274 251 79951497
9 232 118578187
302 358 331434524
59 20 747672562
393 420 900398813
288 49 251524862
470 192 481057203
48 37 917326154
43 313 552229705
380 493 790217222
425 44 450102237
164 78 804538607
103 18 202727072
36 14 597982508
57 406 17149506
33 167 876386541
65 108 327964935
144 331 119310823
302 318 529890664
193 141 224185121
89 452 530351238
318 152 706123425
487 50 567782636
72 168 508835842
456 461 411934413
463 470 145360505
335 223 45042248
154 475 414237973
451 41 238365744
30 461 828720426
170 291 763975877
104 281 99791093
280 417 306490611
150 434 73825680
238 399 623539135
205 206 611516481
229 130 874183164
475 294 653473529
441 160 728035129
307 406 501551682
0 398 795900554
372 189 205295334
385 57 686014122
248 295 911688778
492 236 550188781
47 454 922409081
341 418 848767922
408 261 940236538
247 285 204049631
20 84 400938215
323 482 130254441
294 372 321393857
420 374 453558695
267 168 600097997
249 31 520085146
492 387 259526848
80 426 435129983
163 257 155762157
268 450 831803757
169 279 1527477
163 327 718942853
431 430 520018781
79 318 293393434
378 315 630468207
215 437 108411672
154 149 593061167
51 324 941087092
409 57 602404690
252 371 183345446
464 6 91187499
245 141 17222136
222 3 916161157
278 47 427876441
272 51 308587037
491 87 382070681
338 458 856161893
63 138 76713857
210 417 1068506
221 437 346377393
440 54 413026059
181 332 359625248
278 11 46056950
440 254 126259446
34 320 965398480
369 456 732509169
483 40 53423640
310 67 210146714
491 260 141325590
375 351 569303104
279 251 920097019
418 68 304103954
252 485 189390959
153 307 925267779
38 452 422363865
302 485 844440295
499 473 383553580
237 490 20377528
351 24 139308100
33 473 125155991
46 312 103421866
299 89 280846926
371 181 186610302
170 12 131084949
254 228 225277528
50 337 324958941
389 152 946996086
156 78 293915587
228 465 192186417
42 97 886101838
180 164 806631294
361 338 451665475
97 153 195234046
319 162 362800579
17 282 958022797
422 229 939540242
211 306 392442836
25 407 502917837
408 116 269488006
212 3 694697228
93 62 707195770
128 115 181716556
214 358 27612664
46 352 576862401
83 89 135568018
16 294 567524416
152 84 79118878
413 209 56847598
53 351 165050937
390 77 991504248
72 93 298750027
168 384 564636506
377 271 666242241
349 130 764736656
157 455 947369017
125 209 576250046
174 217 959287016
4 28 705365095
378 443 375136310
184 330 404113824
444 106 290780428
22 413 4753665
429 291 646910283
349 39 769495289
221 431 763164953
269 452 167335949
477 472 122765325
79 331 997486105
358 107 137978848
337 18 268152613
487 473 667045400
413 60 89879632
128 153 921029139
68 26 879412792
45 131 293689692
90 34 959017570
170 327 16801056
395 403 645487216
257 399 680728615
419 405 631764899
217 6 22683438
197 73 384306155
447 85 872005008
375 261 598427764
432 194 789812698
331 456 526319400
451 117 29300883
207 473 950945436
141 341 879503232
398 462 458375385
70 319 188900192
23 106 722474547
362 7 935370738
457 344 660753578
190 201 497411341
176 109 496623073
131 459 113118551
469 133 394501861
334 371 331535900
362 89 850279322
116 193 672633438
116 109 498059615
37 201 757593830
45 373 311921374
259 312 951856171
304 321 476414391
345 377 158002594
412 313 89397450
131 302 739733498
5 352 884350400
64 301 1601720
312 482 866544811
65 37 308408471
257 465 25888586
417 126 767601998
109 414 444611176
352 194 931119485
296 159 10793380
413 97 394218066
255 445 36529520
329 51 63296190
64 243 683578443
170 424 714347004
301 136 294024220
347 58 807413568
221 9 771631173
385 65 249375256
438 234 578975771
68 72 151236592
387 479 107644172
106 465 825100684
152 19 381520259
365 185 221464682
299 122 352486930
237 1 580387678
329 496 461265682
488 115 873118513
74 110 961251223
142 229 633662574
26 73 278010293
99 244 897460475
266 413 521714646
204 434 684583347
386 172 776450430
63 376 628274485
38 90 999318742
161 25 968450554
284 18 916936471
177 440 708570779
170 260 663454300
55 361 80062981
65 196 438225699
326 411 444141878
370 157 716808118
81 90 775223888
275 91 884100569
238 408 226663110
265 46 625497495
79 82 759002711
324 442 643165913
63 2 411308342
57 316 8106025
44 204 275278806
87 445 776895979
102 291 225343500
208 191 681179044
209 40 938525764
266 65 467838715
470 333 620058063
127 410 848923065
181 443 209804835
331 316 922336581
152 54 94051820
227 160 188130142
360 99 846518432
18 462 537590926
102 476 383469854
67 477 887860104
425 254 67641246
279 74 983345210
212 159 211553218
347 465 783732564
342 480 525094580
265 121 257818146
187 133 55903044
242 214 467906530
393 156 144205437
255 215 739508423
380 363 771801909
73 36 412381937
498 221 630782661
373 386 721772607
55 144 238514811
42 404 443956408
458 38 763921814
463 437 472724995
184 365 595941019
140 152 105209975
374 21 988308367
314 321 380446133
466 18 723036649
452 346 521875249
344 364 919602797
153 148 453433805
77 409 754743825
235 76 194396199
109 119 837295897
476 269 729658536
453 315 161805204
371 134 923881008
478 181 143280109
258 463 6384799
226 146 247727916
286 318 155833288
407 208 269408321
463 120 687257397
6 364 123436962
88 31 234664704
469 344 449278389
375 340 334929903
174 410 144242289
353 133 286446497
37 306 845427037
363 399 828127947
344 241 20690848
192 1 495167178
331 479 923709821
203 324 116211733
141 237 589192487
32 331 49455179
171 141 304501659
114 317 99279941
308 452 129239872
409 225 963293146
182 288 783217439
328 475 599180816
126 309 505790339
21 283 296314250
112 216 416232511
481 45 676556702
495 241 111317911
359 407 615874783
194 5 959715959
152 421 164522037
449 378 867794334
114 420 913249698
0 100 6225513
422 460 291929539
399 152 442580099
272 335 679105772
451 260 370246263
394 24 282465427
23 220 513183002
22 84 227023836
156 111 758483960
491 161 314631073
11 0 417327167
310 114 808439819
461 420 581925430
164 313 663055211
234 214 217014209
422 277 316651518
214 106 228931184
428 92 872150886
184 37 94902792
465 61 568689113
283 418 877522245
472 209 548088633
113 477 93998844
466 245 604989673
219 144 29629573
202 216 820619251
413 237 132654091
183 250 198229348
22 274 267197728
487 312 669671077
60 342 137452758
382 166 147870337
292 386 181834940
167 412 752108076
452 399 924662148
323 81 961678639
17 456 322907524
271 82 547236038
153 305 882852691
409 437 76176539
127 311 34510729
289 80 92795852
190 300 591528695
433 267 9861294
423 301 76952680
48 309 953003664
178 96 385834159
300 249 51876155
147 425 882690579
276 368 458422796
50 229 460478926
410 242 218540143
409 156 923796664
358 100 830764135
165 177 58091576
156 418 485336569
431 269 617936699
205 358 577413235
493 92 390346524
425 213 479760111
165 42 581665839
285 111 622786085
468 46 560435117
429 50 559526104
232 436 138015371
51 387 346859893
37 375 29206752
1 422 402301424
307 416 154771028
447 385 3156491
447 453 382719843
383 396 887469814
451 205 141296004
492 239 756324230
76 156 382221787
180 450 591607888
448 94 125486507
350 379 150241973
377 327 392771956
32 393 457957532
11 58 252022959
289 493 352047452
414 208 649170921
297 391 987097421
180 162 846475262
278 147 330371052
342 212 349934089
493 331 76985689
47 134 387698908
358 20 697408388
205 455 622088963
33 269 543631565
471 70 982001113
148 200 111557808
199 317 772099073
498 48 65473261
231 375 540447238
359 327 467755014
331 153 840173424
452 467 906014054
19 101 870955191
49 202 397000364
372 114 653359347
328 430 232952457
218 456 651371802
190 416 305314406
114 67 478638121
484 350 279375797
265 472 76619282
210 334 690936058
65 6 621452278
368 39 509868671
366 466 272927551
455 358 813090922
90 465 744985284
255 463 385407115
399 100 67205656
233 241 862479175
25 44 459513906
108 269 211185930
305 408 308837685
402 495 115879378
388 2 794949996
373 189 249398594
145 392 44333862
183 464 101346245
101 299 209382985
403 113 424607272
132 129 753769018
257 218 484749689
148 408 10759950
464 166 290060535
40 346 430003416
392 187 254021317
159 115 819294373
88 479 660385758
489 17 700522475
286 489 823361595
43 432 677920901
211 452 435654748
481 479 427836460
272 70 55211189
159 73 70286135
345 184 9132064
227 318 718869785
99 277 149805669
307 294 180239615
12 173 432878537
348 195 381097498
286 328 354033522
338 435 936751344
291 149 446869221
245 302 119591850
38 260 213293054
228 88 469874459
185 428 79818686
452 317 728979317
155 28 84406560
320 254 172525406
394 203 219408103
461 315 841241006
14 145 141627509
248 201 25505468
56 116 861014
366 114 123379189
220 326 723540680
370 418 175382890
300 498 251727753
228 243 282020999
26 486 836032813
402 277 509766871
140 282 859809209
358 179 103482090
251 380 104469094
106 159 554796576
330 406 65658933
36 113 706617312
398 172 944682029
51 291 1771346
321 423 824827816
183 338 916558530
90 71 937049671
84 71 703231080
122 60 9470988
332 275 186801097
461 476 613163656
285 48 653536205
12 335 938723841
455 195 62750197
411 182 161826312
192 337 661676751
499 196 728518150
2 92 983132296
459 233 99028539
240 30 65755328
223 374 794697543
247 468 544337448
3 145 685182028
244 338 33748680
2 372 834981179
94 181 562042591
110 35 455149119
465 437 7873580
319 31 343279062
51 138 897863572
387 196 128793197
100 255 927978748
303 17 830075545
344 282 331960048
95 137 588562154
6 2 699377138
76 89 893849764
332 297 408526127
191 152 64885650
382 173 942940412
472 289 245916292
419 374 774736014
8 214 415144435
331 496 636790803
151 210 421422357
30 103 873781783
355 311 673593721
240 452 325054675
307 142 804138309
168 161 676266293
334 6 722136540
20 178 172809595
272 297 12772335
134 51 709544554
486 436 141263522
369 435 227026391
462 271 977275117
196 437 780542188
53 448 320095883
398 231 675284205
128 67 522007801
38 470 707388861
275 496 296764867
447 15 92886088
187 103 70195573
313 233 396560337
84 293 851061941
403 19 504644945
345 149 446911160
36 80 185814504
337 394 237295498
288 52 672567739
128 231 647640156
200 169 55802699
121 280 855414268
223 31 696905289
326 485 525979409
39 437 569646881
218 132 902119951
322 227 11412872
180 377 756161097
242 9 412818060
73 325 327761323
190 391 450479311
133 298 213423268
169 479 931929850
291 246 341529698
227 14 646652032
184 356 528936221
69 247 787869410
226 480 519942653
432 162 297815028
325 41 966615270
164 309 942699896
245 121 256520172
244 262 513985095
481 250 291190639
1 214 607794142
231 456 206268353
89 91 353205479
475 52 843942172
212 131 793764286
472 320 560260347
27 66 45383357
221 390 711421815
139 0 833143376
279 389 584181635
221 48 699071596
68 381 820757897
469 491 169799398
178 175 852949596
247 136 658451022
435 208 264549908
156 253 146941937
57 356 394946370
240 102 785921924
283 21 145486650
278 362 196981400
83 175 428200159
333 15 700073811
86 369 696379246
293 15 23657535
109 25 839351836
350 415 579789623
87 496 49400462
462 159 923762954
203 356 379984935
138 381 419606945
67 108 956557536
404 295 331163961
340 230 170077410
333 195 286006331
318 56 159671919
218 181 813162821
353 264 318423860
239 147 808720267
184 381 193620921
98 171 270466226
234 218 55865033
275 495 545062891
497 286 664453925
271 450 246372067
40 168 722387227
147 382 955472003
35 70 43387163
161 150 896509743
308 415 743908593
434 209 545310888
217 457 95184571
87 121 480662810
151 418 79522272
398 476 420671046
407 272 669963162
209 84 227564262
232 401 610024903
376 387 935312287
105 473 457354985
409 28 727405485
24 89 459733975
267 151 313601257
47 432 236048381
241 306 539599510
139 246 765388550
48 410 803072586
158 153 914811355
374 270 214154161
84 190 865051676
313 15 45454493
48 358 23196375
431 270 797487724
30 373 996666339
483 4 180935578
383 158 428270514
66 256 432699500
292 477 339896857
217 368 681393708
463 71 135413195
42 482 335894427
363 259 609174861
434 95 572956285
429 471 883227243
268 473 85635019
476 409 859027778
17 356 58629695
210 308 252543512
78 193 536357055
9 424 282362354
303 346 661223751
117 454 796641805
221 251 285871365
168 362 659062206
368 393 781695770
284 337 823626292
443 212 802710600
329 446 880902375
145 323 640452706
129 165 802017697
191 210 799364793
288 329 246068047
232 353 310489990
133 272 87908742
109 266 905298722
211 311 831204112
110 321 231367822
395 316 888467479
364 110 887243192
230 406 63083774
9 268 53137131
163 474 223477300
96 378 55928230
202 281 292069241
76 5 80195555
416 115 439530413
43 483 892251941
352 412 142058216
114 95 237534450
25 177 90108243
127 104 225763497
298 24 21526871
387 232 942174891
7 246 172972321
487 466 83912096
197 404 732038407
421 225 485842791
354 405 989106760
447 258 388020849
160 291 965792500
154 259 517421253
347 380 691589664
23 66 9866225
172 304 677849632
92 205 648297078
278 443 669764513
482 184 541967035
143 349 574368178
382 151 141740373
279 109 159077005
230 15 733104243
148 247 471588103
83 81 354808516
246 83 300228131
411 360 414920762
233 119 303118701
112 434 708434562
319 218 871542395
199 155 804441235
343 205 412379333
66 222 262851510
381 290 869057776
28 151 229143030
390 350 352439969
498 456 31244504
45 263 495286635
91 409 186211375
431 207 668976525
405 343 690078748
99 217 932862613
436 96 959917829
257 373 283377467
297 324 666342203
427 132 780377697
472 303 159976053
450 376 864668457
136 367 260150756
278 473 448623221
413 200 788773582
389 265 852736361
41 490 480796442
441 8 266956710
246 365 654645346
38 30 106910578
316 136 538071597
135 68 429333012
289 316 267830599
479 170 354483450
382 155 595430071
432 46 495145598
242 248 990724294
172 164 183863081
234 158 950255000
397 133 651752018
225 309 846712619
389 424 363436685
218 254 361379250
249 96 367193694
273 307 346867929
290 300 283681444
405 122 588638125
308 416 696235626
233 19 695348288
323 195 23984439
437 88 694074066
203 208 77610591
459 486 786364147
25 352 424827582
291 45 294050146
444 262 511637753
213 27 817170464
469 368 122147704
219 164 1975109
371 437 13126947
307 332 88466141
90 298 839190550
2 18 621610554
158 38 787244771
102 381 153551304
88 167 747929564
326 414 94089480
289 271 945396034
417 120 381071481
264 278 545441110
161 19 460102384
414 143 528826817
297 471 323198444
135 424 691684438
153 396 248704617
315 139 754991606
425 188 63675033
140 169 651501347
7 45 608013691
453 294 726863743
220 101 896282571
445 160 123561788
279 271 1884827
218 348 882517517
379 274 712250204
204 119 543446708
450 239 994714410
345 312 602582209
496 75 488798686
446 217 877066088
282 96 105102760
329 9 22554891
383 117 768389626
65 178 936889090
45 325 699090103
229 243 732429468
407 388 919714395
481 382 859911546
241 29 21354170
249 112 756501568
309 384 7439355
147 409 410493609
456 254 494622173
308 273 696165017
199 410 61713663
158 413 135951424
175 91 36248808
324 98 804771025
345 89 274676286
181 171 365492532
126 135 193677437
350 321 277928166
483 478 998914185
400 349 309207420
444 233 397848851
346 7 387664008
235 188 935000457
328 281 413824964
478 334 790414879
353 478 659064381
395 104 538533683
285 79 904791931
343 245 247180528
181 355 398166047
301 364 296398372
331 389 988563996
412 311 967287153
91 117 169223579
443 446 376580417
386 404 88272215
425 349 423351949
163 374 656122895
294 344 408826222
4 272 746114607
329 232 768594774
230 336 534339136
95 486 857112342
233 24 128332805
366 373 318493064
434 418 74807354
139 459 630944789
159 480 839869952
179 472 227464803
260 187 869609174
241 49 472626596
149 80 540970401
27 215 759171248
244 430 710666949
262 27 15750727
366 142 175404540
98 154 375234469
405 197 537900728
144 497 645534871
404 84 315396107
29 159 252760038
400 99 322736986
464 100 427035253
380 491 533715319
259 471 666218869
237 236 886881555
74 353 140461777
278 93 311269867
399 392 362457546
136 21 512927018
229 252 637239563
13 10 334983326
158 49 557294783
125 140 191593577
45 480 102006493
202 441 957050773
68 11 632564101
237 294 345108439
64 88 788622632
58 428 212289882
51 61 282050923
274 442 351671014
401 301 481698480
45 426 862993927
0 172 483649936
93 251 52229377
199 131 593776666
79 233 270109956
223 35 337588608
494 35 851176613
353 65 222194624
359 171 213814106
137 127 15006207
337 199 784694974
307 58 944157721
255 381 138232464
362 439 998368998
117 28 926301742
468 35 500752704
277 247 673948852
12 298 139822661
224 279 633223035
29 176 711651093
215 336 776459027
215 223 666189641
110 74 786174367
429 352 218533085
16 66 786885519
96 269 324721666
279 71 699742981
308 337 29915203
348 408 878247486
112 482 913271337
283 331 724038553
154 23 980435058
200 429 640148262
495 109 217465392
357 414 774650002
278 172 610595608
193 106 756384793
349 157 974867767
11 433 728972761
153 402 704706756
63 246 512374884
209 123 419152217
417 423 859311928
484 488 194497198
190 491 169125755
426 124 30910863
400 307 366718776
401 275 583053915
348 156 170315454
90 194 232797580
201 21 366251386
30 483 763688345
43 239 820833144
352 303 677074653
194 121 618328666
194 375 376787645
352 424 24704700
353 66 420303132
419 428 124827731
20 126 790761155
400 93 562704644
380 354 969863975
322 41 615557273
347 352 313521323
63 33 319289081
230 139 853242290
263 139 319100679
380 71 428891816
166 65 726427904
100 480 634537790
281 482 31361578
279 365 673513624
326 140 957005001
237 394 954892501
296 188 185717697
403 427 298371857
66 147 73818669
485 183 982360467
230 391 385354467
444 219 309552754
105 26 632427051
376 111 314325029
332 300 351199958
370 376 255983075
392 83 971198955
4 459 532463553
211 450 880357227
172 432 508460034
74 457 197969551
404 160 832458043
26 8 994457586
281 237 168218542
288 108 760128474
129 422 461801587
489 153 1999993
336 136 746783445
363 369 965205476
405 474 902350332
403 440 50556127
171 121 1351959
216 164 474794020
321 59 640264959
140 278 299806359
121 178 744885829
0 448 473844879
394 380 725291159
194 13 674460241
366 72 240265437
254 311 599594705
297 39 803694315
239 279 893196835
330 263 256703607
149 426 641480001
10 482 638648637
484 71 210639857
54 314 942520372
325 174 537433749
444 15 194030906
98 459 923639331
461 157 226977241
144 87 864014218
479 490 280622300
410 215 234612720
79 254 238278073
485 453 575178521
278 203 475858777
209 303 845246218
182 247 49761726
21 292 18301119
231 163 78753684
314 356 263491768
394 402 987567314
410 459 813749843
332 19 256110714
420 399 790150382
469 485 512289478
134 259 602903194
162 399 116825816
380 306 303352918
151 344 259745695
436 147 573456426
382 14 629620922
248 125 554451949
205 376 309158885
39 129 41074310
274 118 809432263
284 488 511206747
40 160 145806918
436 404 135989813
334 242 821134502
414 51 389421204
225 279 296799705
19 160 640323285
201 338 947295024
28 446 235096548
14 210 488545167
358 210 500124353
371 221 276319207
451 131 660744605
451 51 990803758
59 303 204811427
375 481 670203854
379 394 8693935
56 49 275525781
101 261 601926675
1 199 932203290
110 222 887256513
155 322 29097273
308 189 756338021
379 395 726755219
373 161 219706550
398 448 559638488
266 243 82139914
393 144 317622002
42 451 219279407
223 469 164369125
361 14 677926715
275 163 415746333
72 229 479401372
202 252 448362315
338 43 164261106
377 451 792911714
149 111 432899749
168 310 540092116
236 243 520220545
418 353 683292236
374 283 654294662
356 87 84421686
21 477 683997252
367 214 558514999
442 323 895471006
477 142 895037281
6 164 227285502
428 275 988959501
415 450 40691644
262 470 762743533
3 416 906222164
325 245 384788961
122 445 678316518
136 491 164435236
9 47 849124343
344 469 136967732
105 474 223307924
447 214 427612597
435 263 473714182
177 417 327954321
132 196 277337489
325 369 565935745
180 412 634241818
134 145 825875873
375 347 194227213
34 184 672821152
287 291 103241067
170 402 300187648
98 491 846766794
201 333 256716364
445 73 800229977
154 101 533042275
200 44 259046889
99 395 213967241
150 466 986222331
318 154 231592853
262 205 643970242
82 358 189608771
4 466 516713331
35 265 879880528
329 326 191417352
372 434 703918053
385 400 281075545
375 91 21259314
258 458 399922708
244 287 457915463
166 32 814011973
151 373 10378688
470 373 970952983
127 40 238878809
303 172 322303626
15 148 206718121
457 271 397578060
429 75 408211231
41 443 38892280
249 455 882193823
196 26 103874191
303 302 27905089
461 66 318791000
48 316 113726395
240 439 425960260
410 331 321024699
411 266 51489256
264 491 899023776
301 445 695399686
83 38 299106797
463 415 685460388
246 471 712050774
20 169 131014447
54 6 197857061
30 137 954658920
160 51 440981359
457 404 433213550
421 391 305302780
38 87 79976131
354 210 650917600
481 82 91826256
275 153 366540172
438 366 563043690
406 479 50000807
281 203 779945241
315 196 485568369
439 277 836922713
239 67 124321911
96 1 742066340
24 429 964209159
304 286 398610598
307 3 958926507
123 230 332059724
203 33 341759646
410 116 204622401
468 41 609134763
197 472 353575412
371 206 340806000
431 176 15947158
173 43 323928764
289 453 324766874
176 269 144708476
254 427 114440621
123 196 981180574
466 492 584193169
42 281 5258060
265 33 277429332
410 156 542231366
145 199 55399692
176 152 537347374
58 493 724674318
167 60 897079489
283 193 976241141
172 175 30828552
167 464 748885196
144 86 210867591
432 201 425004490
486 494 150282809
321 355 422485256
128 76 353144042
377 368 626323130
289 375 447687455
131 424 369010359
484 66 574174160
407 261 654524930
376 12 280313553
495 30 372079807
29 477 68323059
79 200 514199019
392 372 542962993
62 63 813402376
173 124 319552745
36 121 912409418
237 389 100438228
310 420 48028197
115 86 860621638
310 57 678622637
409 341 477893708
58 399 993785738
440 245 907435483
293 461 508250902
84 156 488636856
165 273 492443895
452 318 634671487
446 338 618081294
379 108 746106111
209 49 260286403
395 479 166128126
228 438 939064154
176 14 446413316
167 303 903347700
304 356 872379752
202 186 658074142
416 367 73348200
307 31 55202951
201 6 280907164
460 124 286916349
443 436 212968800
299 354 2467154
70 419 323035073
170 429 689480815
12 435 689872849
433 14 264196190
110 469 883747652
103 499 388108362
360 327 2320319
67 241 264273767
478 163 630360743
456 421 517264642
269 179 979372837
206 135 319595632
499 429 307071775
44 349 903945030
177 462 815085226
19 164 290413528
245 498 382814392
57 277 882342502
314 488 369483636
313 174 437058348
402 150 329157769
194 25 206859728
391 372 161605761
238 425 41504739
245 94 690844790
327 489 120384354
361 459 824994187
402 291 373464993
264 1 697958996
238 281 159612422
98 302 247989444
299 183 407214272
0 297 149038603
73 457 389886947
124 342 999060559
167 305 177952849
207 319 587425673
123 460 12616539
203 1 861190215
107 398 338294594
64 307 483415522
68 121 916345420
78 267 162812338
310 481 256776147
191 473 534688963
202 223 854890058
328 393 470515752
236 207 94885901
280 54 479219278
176 388 617835728
439 151 251755082
320 60 824728586
119 297 99157073
116 274 466891085
74 45 635908251
242 271 378896396
131 66 300442588
255 313 773291305
93 311 501666095
394 467 926365379
248 494 385974785
353 154 952257868
114 322 387575326
36 129 135270725
74 153 845151151
77 138 787648269
162 475 253532905
92 308 822011317
265 323 980760359
429 124 457203652
95 86 745189293
390 326 298033937
203 182 308774560
188 272 687143532
31 368 59053285
115 311 131941889
8 381 989688101
410 416 872210128
191 187 333284858
130 459 717481802
16 390 28286883
238 171 953378443
428 365 721974317
40 496 866580348
399 449 993273230
329 253 37921263
252 32 264662668
38 321 55711343
378 477 981718235
31 458 530497252
314 249 535479901
7 371 316742868
54 131 376364636
295 202 208735168
262 341 118700088
15 445 818421707
286 253 892783335
5 264 409144747
192 11 209310536
155 58 407561578
104 226 93529528
296 453 850850697
190 252 586071186
366 238 284788270
278 342 710310441
341 164 849117279
305 431 244428605
254 165 632575261
328 208 205434761
370 94 163451893
133 91 755438567
229 335 783881236
110 250 94859802
394 12 488247404
406 288 820033928
276 290 563759367
452 102 80663665
290 306 28803196
461 307 335407601
73 402 80610298
8 479 46865874
240 59 624656177
170 498 521174077
327 319 786608840
414 131 600806100
437 264 374408498
498 77 186415498
394 329 288665111
447 247 701496399
105 370 312383114
454 378 376371493
495 188 528127323
394 197 175604417
170 458 109188351
396 250 862500192
256 327 940179907
296 47 741757419
438 77 491457692
142 19 793725999
393 333 390490899
322 114 214175290
349 96 594453429
169 409 355012038
495 227 639693040
91 25 519953358
229 65 638294426
168 214 284496304
448 21 719274734
453 435 104084693
205 280 204085918
103 148 569256363
54 204 311244917
488 369 359190933
110 481 303895626
286 195 70465447
209 434 442962928
25 347 982578387
14 444 253767533
165 257 360197517
261 59 112118916
90 449 722663943
77 231 684226604
228 460 683238311
388 54 863775834
208 371 240784989
323 468 824925341
427 312 749777946
183 47 337859738
156 37 675663521
455 248 325487522
51 274 26306683
277 240 846985731
377 220 244899533
488 487 464554229
228 458 467827133
496 59 939015770
172 499 197086946
355 7 325478976
32 360 479613241
188 378 928585394
163 190 350853475
114 338 783704920
346 354 920082381
35 168 292552728
414 64 466912077
161 454 281480488
138 409 198236528
236 477 590681887
417 493 968245082
442 483 788834249
426 151 135072475
272 434 462192236
343 242 859178228
332 70 393317552
115 203 812807512
483 173 220286155
185 468 675349402
468 61 727956267
171 101 638757827
380 78 3582778
33 45 640377786
74 442 302659136
217 445 749785329
185 19 274989088
479 449 912002764
111 479 215014256
252 459 441544067
192 62 469339236
267 483 91294667
226 280 45691843
128 406 227843119
439 91 264325297
246 76 913158469
89 54 983452866
192 339 899339190
9 276 241640620
223 477 996277834
49 152 711806669
279 211 163378515
485 63 715231487
106 336 736042698
437 85 897825986
280 77 973589035
478 248 853786692
285 450 625272229
336 337 37990461
133 357 553076730
237 413 813698411
230 342 996720132
497 469 323603547
396 266 691622739
375 395 831846596
280 69 809689638
496 21 548234561
175 339 558773061
398 268 855758621
108 487 696145182
315 322 936538335
443 19 453350587
205 454 948057290
114 204 420171414
188 154 933879620
300 419 949084734
487 183 311302782
445 328 369699231
353 68 833649276
366 303 260547164
490 222 948787941
191 188 773397902
443 426 555046713
240 6 321132423
155 63 849164242
31 258 203459559
221 408 244906173
277 203 933550385
498 102 938928778
106 90 769443787
299 429 866494283
243 388 507927469
499 273 965185084
265 283 547465520
80 262 902184555
77 95 360317299
149 129 17797019
324 420 664722075
264 269 393028300
60 294 422254827
92 355 818821759
418 80 29511245
173 162 603653314
37 98 970316043
260 327 300907248
363 308 507684589
338 252 116344770
174 168 797366232
184 308 545486702
124 81 468478724
171 62 432428232
187 302 230566619
93 184 428734195
110 13 910946792
2 429 619297829
340 447 113780174
224 23 51586010
60 33 383273913
488 35 187155737
453 247 13000885
496 81 720221817
72 321 714841521
146 246 541106605
220 356 657753149
327 316 673741914
238 57 675964990
132 481 445564442
35 88 254899369
378 5 27794547
373 334 165943990
445 179 325230675
409 183 335548412
369 186 310775397
197 28 426478554
83 94 788294347
395 186 71506944
106 129 638249253
320 174 70661220
208 425 147937234
369 180 298520209
457 11 182787246
68 451 452854905
247 78 790541455
170 415 162160566
409 30 603106543
100 79 983722935
60 206 799195732
154 314 741293567
479 122 665068671
269 330 982138063
326 342 340926040
167 370 152602325
232 295 932922820
161 267 397597135
335 300 700095945
60 35 207711670
323 312 89913193
15 144 806030780
238 34 866617588
235 49 744008520
148 438 720759343
403 2 469913610
126 280 831908608
422 442 405615621
339 99 941224264
109 351 132935181
24 455 555610016
478 200 55855646
451 276 86770587
329 22 232828015
121 101 463299082
116 463 269121837
100 238 721314166
196 237 360204584
26 132 461396221
171 3 763301331
47 429 170605734
46 47 734285371
417 310 252391592
448 142 41472229
255 90 695617359
170 30 861377414
209 316 510349344
323 287 907636342
387 25 322441617
194 144 168968985
8 440 164660058
228 199 728840415
205 308 927439212
210 272 759428838
199 371 804730218
482 458 355910320
229 108 990757097
376 280 437401460
216 326 838875721
227 421 188633609
379 396 492682194
79 464 548945659
235 219 709168153
356 469 988762043
499 373 417556105
494 83 709433079
34 357 288050039
484 437 450900459
37 130 285358740
40 34 220982457
137 179 148413911
20 401 580958627
416 389 160205209
128 296 163749227
368 162 978646046
145 435 133308084
361 188 363583288
109 370 709575629
29 220 9408675
156 394 845378629
88 217 873692766
155 433 836723310
479 69 365658115
71 389 300472419
141 20 781389195
84 370 669407121
382 340 11980071
267 170 678874238
85 46 133727726
267 337 804537664
412 382 887903763
423 123 707392101
49 342 657501689
82 127 191935409
91 390 543034065
266 0 587930308
337 145 336517870
46 18 387408487
216 483 994071437
79 462 829717059
176 477 448458954
396 320 856674077
275 319 22057058
380 337 14186635
404 180 292152902
469 194 546322501
181 415 95767632
302 224 392910053
498 225 2693150
414 335 870458408
127 372 393818169
421 450 88442164
338 7 2569552
382 438 855606457
427 28 542363894
457 426 204015883
203 372 726664800
44 398 62313670
107 80 774808828
62 172 640596845
273 476 830095440
256 442 284360861
75 114 735147163
390 106 495697293
25 285 563402372
178 73 919038231
468 261 688257223
278 336 952095564
433 275 235123699
89 145 621892306
67 96 417542932
445 342 570893035
204 382 469700377
244 228 185122731
40 434 321268803
467 450 726762676
364 223 911315015
362 227 284389733
250 264 733603243
460 226 613380886
404 401 930515581
264 202 726855670
63 417 323813200
218 331 183155426
454 24 464211384
72 392 955861171
406 37 511990317
454 43 820400038
38 232 131588478
398 346 686135018
241 364 777144966
408 454 752116718
3 440 655963956
193 58 870116618
460 475 681825861
251 418 949504395
286 9 333191663
269 101 974898715
168 324 84003179
412 209 433966288
175 199 254492885
138 230 470740316
365 11 196693617
213 293 194916359
126 118 121576610
334 498 57996610
49 270 449007764
194 472 123930139
403 276 831316564
327 193 598531832
135 13 935469046
460 164 215828109
95 420 242319122
238 192 895924886
378 179 37216436
87 430 202107895
414 188 500413573
147 222 980065753
171 434 332975886
11 387 216968510
205 389 573437282
123 50 592514685
418 263 289552293
367 436 749612418
61 302 213779378
298 33 766728832
309 155 525964600
246 149 134016001
185 398 913203596
345 320 507301865
216 321 667632522
422 409 758558221
287 67 337103300
303 83 815734470
251 492 664294618
27 204 338719515
233 165 320538613
391 298 388033289
55 110 589111822
9 258 794900755
365 480 139390776
364 15 705601165
237 410 268207822
380 257 880461485
423 162 593552888
166 24 577619772
278 383 906197539
205 2 389648062
107 432 93067257
294 435 737945340
80 201 18825802
33 121 524638975
219 43 884641623
72 56 233757775
113 308 580897153
77 488 722468422
474 191 751773411
15 464 428304726
168 100 139053993
85 93 958891597
132 267 786855435
299 52 874588266
59 334 698891160
361 5 567102239
69 10 186630374
289 175 925284768
321 156 763246443
211 123 185395877
314 310 861228234
194 368 972536807
77 174 280657201
397 108 584464564
441 316 347044612
30 259 797182017
134 397 841156868
334 402 427991332
58 89 621609010
488 249 609333369
484 341 786020713
320 175 421234054
98 269 840455780
409 446 874108094
290 201 421716151
236 493 636430238
418 482 690801212
58 376 882270828
186 473 483235129
233 220 822983436
368 432 317174086
112 371 773053131
385 330 899460335
436 258 316807825
488 354 209344478
180 60 705045446
313 87 94428034
310 236 607575836
200 150 319241733
405 270 832075418
487 180 317251158
413 31 161098596
87 410 943148270
25 226 360943969
146 13 555517027
496 391 521654863
481 193 359619975
81 129 69155299
169 431 582395070
47 357 419637594
125 69 93518766
343 149 139346603
53 276 786189278
85 186 567154680
165 327 439305855
163 195 140923134
353 347 248357592
435 359 629026531
3 179 848502531
220 318 685312016
323 124 580267616
386 204 199753222
383 202 639473168
27 86 309187083
400 145 210070038
481 28 628619465
454 229 109229173
498 381 179070469
135 369 843547168
424 129 228907260
336 78 395677487
331 184 288765685
412 266 570380551
408 263 5505499
110 85 322750982
17 289 499371291
368 144 605103108
139 30 621230935
117 207 278730855
395 215 989226459
248 39 215242663
223 370 717427950
9 207 632846033
375 244 318394396
408 269 782247642
198 478 424820864
162 325 981481683
297 246 875192368
44 327 861886084
65 435 163098991
232 380 27914589
465 304 310533249
24 354 71511260
52 475 159923477
17 384 673792380
117 329 731544210
218 262 212344528
4 193 357947945
286 275 716204085
285 232 760648243
363 135 125820203
56 131 502921978
241 106 711510480
316 36 248956970
301 431 894787337
34 223 262729188
380 190 878632282
398 259 480265536
50 22 955520293
495 379 28566969
104 98 443278798
31 91 410322258
414 395 424180530
56 444 566782569
494 93 955735548
169 235 802247621
193 168 305815374
182 372 457708698
311 321 231545860
391 343 250221147
385 84 792318243
161 80 784723415
367 431 956623407
450 349 289966238
443 105 280762799
280 480 969516611
337 148 671169813
250 261 796354920
462 448 765955659
259 367 919406491
310 325 76367946
313 185 711042031
13 349 115399810
272 338 427971507
38 16 37308137
370 34 665023574
187 239 964031640
130 321 631763896
225 454 140005954
19 56 395929818
251 303 91650720
213 243 315086101
3 442 527363365
389 437 641562952
469 97 544718450
414 114 123375946
326 441 706501045
357 401 510393439
160 148 660200819
176 30 657132487
114 422 786889839
414 261 888941367
461 253 150174710
278 161 492749074
102 366 921096873
10 201 300423730
466 383 378565024
309 22 964467042
15 111 96191798
446 421 607135689
470 485 312308496
100 83 243670096
117 58 784637725
456 285 452434256
433 201 66867826
320 78 580525644
19 148 198559198
91 126 848498424
378 474 761422184
318 432 863780679
42 183 657007383
59 343 634869323
451 381 512929253
141 424 133184675
260 277 228197512
307 468 667330307
499 156 629743218
475 205 537877334
442 112 526871065
135 92 693949186
226 407 184075954
110 417 260644510
450 212 25316116
339 56 205649064
399 17 401509918
112 375 905199481
158 170 573530691
127 483 601948498
214 392 756730554
12 158 62498691
178 180 883347861
69 61 266676430
305 70 771792882
154 429 165481801
176 188 905757462
82 166 141817017
287 321 997350197
487 261 150139758
456 3 95845531
65 96 150091254
226 11 471592756
137 321 90621068
105 67 152435289
369 47 289270471
145 423 42677503
203 282 114524771
272 329 109012261
434 54 46802425
383 325 237110357
108 120 235495733
96 336 647007762
183 448 718147979
99 218 87821056
263 227 523362130
454 19 865948973
146 350 82089639
292 406 74391437
275 358 212667557
270 395 454233732
256 436 154075564
79 406 961520257
304 216 983113433
487 423 485202582
324 406 164317503
176 483 180966477
484 348 284397664
83 161 588362973
7 161 46530884
471 322 295600846
473 268 167914286
216 92 342507619
207 205 236642243
310 423 86041634
106 376 691974168
421 460 970543771
444 156 550609289
113 73 706360335
293 264 825280154
210 117 545862583
50 69 11368331
131 354 132665793
248 339 281257259
74 173 51296128
282 420 488621434
404 331 384278569
70 283 114272077
80 110 610186147
113 284 527567901
440 274 336969469
359 316 369603301
185 312 676955637
353 432 207974921
66 156 248738672
296 277 793234100
243 56 361204603
476 371 527826226
59 399 991487246
292 160 316625126
287 298 909907464
261 36 944279138
143 365 54744222
317 347 530805927
192 12 12446957
133 86 384922599
475 372 794232303
135 73 735370258
420 498 488605644
249 395 915902938
170 171 504086503
196 284 418095233
165 304 319123035
44 495 564179819
173 300 19899151
48 40 914421076
250 242 300331666
123 454 324603998
228 340 246475294
296 144 32976328
343 402 789524329
115 189 324659916
196 364 435521745
274 239 768458219
332 277 762440811
345 313 93577145
170 325 594325882
369 9 363208734
158 348 93275644
49 176 928082735
408 339 301653640
294 39 955905513
243 136 863356413
290 160 938807039
246 134 556383140
450 420 895310287
353 230 518211485
432 94 42319308
4 277 415094632
457 419 507802519
183 58 466995746
161 472 520671942
437 280 301859123
391 333 289538732
50 276 76544086
122 286 747318913
440 393 974625354
145 315 768397541
188 109 986462622
144 37 992487148
454 320 250405960
236 167 532412394
124 332 114960144
348 119 481133445
152 354 172701080
479 377 799450764
141 312 55541928
405 203 503559750
4 310 684690774
47 143 896457677
284 235 462348403
121 318 576703555
86 274 591174731
371 417 931669652
177 386 844745212
197 303 129181342
486 136 341780055
273 198 806033452
153 313 136903919
31 163 553781741
188 407 823493823
393 75 263464918
474 303 388125603
112 357 588054853
409 361 711721509
134 109 951364801
268 285 256283422
32 267 218255924
61 39 159876216
310 447 616800807
336 306 274944387
203 43 17080267
301 308 941280911
401 83 888562175
279 341 90067785
89 430 265827906
303 189 536787651
415 325 758772680
104 138 171821725
190 456 163331220
155 268 370121703
478 100 820096240
368 307 350189464
51 115 901075051
87 314 78168838
297 464 604179796
74 197 221474089
369 227 7286302
274 344 858210365
286 120 747641329
53 311 114378932
354 61 826534353
196 489 975361333
353 381 694764421
4 340 201792177
123 297 468108735
374 228 132328349
262 304 515935220
40 488 549489974
71 135 573019989
228 121 462993515
17 22 836012233
242 46 765970882
363 484 829449467
144 356 963565028
214 31 837675365
135 118 616537803
359 64 174769537
139 86 147605046
267 369 646350469
422 327 170983756
181 152 715780730
192 311 426220544
150 24 629533137
170 90 430846537
81 15 20100242
400 320 714889047
491 119 671511166
235 402 31210007
322 48 838280371
407 139 670430515
51 366 445254576
70 158 717199584
25 237 406466945
34 441 684990596
332 278 876678949
478 461 349636657
25 193 522557747
310 289 364320228
352 361 967036219
415 489 515623301
253 113 390746311
482 119 421668883
463 224 228833256
75 171 481950047
253 288 266287591
376 104 171455597
106 421 222623
319 405 93039689
309 220 300123682
77 318 324206044
49 273 211400402
321 10 694853129
46 372 453995364
274 203 533120477
148 22 919524692
89 149 96276344
182 378 103613652
91 137 670447995
396 342 925316968
314 153 955820329
411 371 728461449
448 466 594323458
66 169 154048010
208 28 905409025
157 445 755045500
270 145 749829079
133 169 276622836
312 232 855196274
188 454 160777329
373 420 17319270
287 471 178674499
215 327 388831555
163 188 35681425
440 212 448717375
30 399 347024051
435 99 543908033
364 332 711393252
477 63 210118657
456 22 106190324
144 209 133755332
243 434 108245537
192 69 567660363
171 16 898961430
380 125 618088775
336 212 930876599
80 485 776143982
143 129 865941474
83 258 740233124
298 441 283300511
281 36 31625662
406 411 952829904
44 196 126461737
436 154 392688479
174 167 73408293
353 174 503545759
27 360 191781817
55 49 161452150
215 387 983861832
271 147 798586945
252 330 471514260
405 239 941666359
308 71 270744654
330 377 610967059
221 369 41989012
38 131 707658847
323 450 76538240
3 175 413532135
173 265 60389756
419 305 149223726
478 46 833630994
186 57 190427115
437 484 902078149
306 394 147640457
209 51 231102406
101 262 620571077
94 34 819632333
184 18 213415083
370 272 561886019
341 420 900688423
397 449 153779842
76 447 208424727
172 441 309756354
182 235 387058510
207 491 737066830
23 194 394404337
408 212 535861760
253 12 917811362
25 60 583790742
473 200 395284533
417 243 658704295
322 353 151961174
199 69 378272979
374 29 721781856
16 75 424158824
259 207 868287970
166 206 230516204
386 168 971593647
157 181 921127601
413 191 394246000
99 94 780005098
374 272 702181174
170 480 90273442
233 464 970636973
458 29 135833995
361 0 950851642
406 224 215027191
130 243 229872878
263 312 929928851
473 78 881038829
322 416 4214873
10 370 339575305
316 485 678820194
322 65 376340356
167 354 390649533
408 318 679886375
497 4 651490829
443 366 394945813
201 185 182377660
251 346 175744782
132 254 549126783
401 412 684561235
90 494 74581139
479 167 375860777
82 60 651070877
311 138 412779929
403 381 828687303
239 368 607260515
456 29 658009491
12 242 5429071
106 409 185450965
279 54 449613569
332 483 396799497
437 158 907281429
363 358 355935074
429 415 672040051
5 294 373666833
316 258 919839350
278 28 124498756
406 9 207282954
134 486 472763133
473 448 528849141
402 123 822388513
493 141 314400131
10 470 979182184
171 355 702783145
276 258 312237651
336 370 42714067
418 37 75252317
125 419 497693740
113 180 169332940
62 61 63216947
196 15 282752011
333 330 591069277
335 52 5964439
458 456 115236175
181 33 185897553
104 64 157933852
456 435 333073870
16 352 434116409
57 363 574583108
343 363 898230652
31 123 421425411
108 12 201645396
102 486 313290893
137 195 347462478
100 484 321916873
128 490 46965259
17 279 768381814
309 252 742703500
36 386 671640257
205 132 140245346
312 160 481135722
132 328 925680929
215 391 392841623
10 262 174573283
421 140 110741820
471 441 331082704
267 121 268743460
269 319 524669417
113 422 49512993
409 129 41269146
111 170 821703691
108 257 200304483
215 295 656437520
72 146 397437617
135 368 327926562
476 116 803753222
139 401 148345481
458 457 103211642
256 365 38771016
467 473 966844833
63 94 826447727
109 51 805966695
88 321 853916205
15 101 151209077
274 421 706753086
232 202 103997954
318 222 266356328
148 132 982099286
134 412 846342403
459 363 674921118
70 7 469941766
152 290 322009640
261 337 925955514
169 218 39104287
225 186 36522060
90 85 494280163
424 9 414228724
315 354 470585561
26 15 322164578
253 75 654238923
287 420 746298248
354 292 762736927
131 335 224118869
383 279 485533487
34 161 157047155
336 18 524202614
137 182 878493194
85 288 302900490
469 75 45156073
422 395 210989889
480 150 226895690
228 470 986809695
339 195 416115406
451 211 347908808
179 60 64062178
427 309 886652951
33 151 585735005
98 330 697166005
165 408 333601111
192 383 753170022
44 237 756052922
47 34 12361277
90 413 782527035
171 122 514205279
135 139 728610717
364 490 612002175
261 5 98903399
288 200 125912375
389 215 258211229
313 368 646527948
382 463 192152750
330 229 258243125
279 351 636934346
431 444 204023183
179 370 118138332
326 153 570185883
305 400 302904881
145 94 258132343
101 211 132242542
11 499 10377959
257 210 436589365
152 473 465893510
146 145 970875164
447 446 400500533
138 56 150789767
179 402 679593370
218 20 524131494
247 131 448938850
63 225 318650668
298 1 959246896
401 105 176806999
373 254 856043635
323 150 584177655
96 427 883875879
378 214 788426802
161 218 782454426
325 191 318693646
346 178 774431059
164 206 326612218
121 285 840568171
344 132 115087675
56 278 358582718
379 430 607055088
179 288 225558727
403 218 132801566
79 128 34270380
247 433 972635658
449 323 984496499
454 301 714497143
356 218 221802414
193 292 569526995
106 11 571857776
332 213 504228350
172 171 196310059
80 260 388192156
452 331 148854225
490 187 483867552
159 341 136414516
14 134 310493306
269 232 863144545
372 490 845736403
447 160 822606821
457 334 771787519
439 307 165262404
306 492 349653405
132 184 204909881
484 68 160726603
467 59 807673793
85 213 79144482
151 258 79287259
458 320 593370911
240 231 160329556
387 292 71936214
282 252 978883629
243 405 301818152
65 338 578968123
124 46 242129422
464 431 878754944
5 215 253939597
12 392 776404717
344 337 667109904
384 217 213639613
9 367 515694392
432 434 1887405
288 33 101319814
322 12 474656395
111 116 549867965
53 38 393588586
50 445 526948605
18 4 309460023
338 40 353129628
170 311 840657559
110 490 555546746
470 238 244973992
324 96 516337786
345 498 874982240
441 448 496382180
126 290 842440058
96 148 641472800
433 431 837630216
19 381 888089321
210 97 435166622
212 234 900285467
391 464 468372265
412 38 236861092
65 213 897081683
397 368 246902534
302 447 204048591
217 25 497451681
414 236 382289707
3 309 972576247
337 149 604832270
417 341 860850974
459 187 566306114
147 290 590069394
181 149 177605394
338 215 576159498
492 269 843969712
348 487 732424019
117 339 855609255
485 240 615104276
321 361 802850130
0 320 240642310
418 172 47276528
8 142 7322271
175 352 415532869
236 217 415052267
406 429 503711475
40 56 632745762
76 282 887923228
44 71 173452243
272 110 921557340
263 32 471458923
306 430 738388004
417 75 148762630
419 172 401512351
316 202 397387896
488 333 451266039
258 471 614242229
340 97 126799221
165 138 101883633
286 94 59526101
179 5 867397104
15 164 693529774
42 309 293949365
404 48 476458633
427 381 409373745
311 379 66729488
335 369 96908377
226 256 757564567
226 223 633636789
89 62 387337085
395 65 318683206
16 36 6797759
288 7 492774206
67 259 231483530
127 98 874066852
311 239 606712446
343 243 380064566
480 100 511323897
295 350 624853373
486 340 570746260
285 180 264196178
221 478 524061821
78 353 688873611
414 319 249223501
165 388 695311344
79 357 78105039
239 75 300809801
183 29 366037905
384 278 130320050
416 293 988586086
94 22 6152196
24 193 417302288
308 98 34358478
339 51 734333419
222 439 542924538
478 341 394671718
486 130 799945086
95 154 339685425
101 40 823779750
108 4 682694758
178 65 218653185
344 10 230539372
443 480 124807045
23 50 727581100
111 160 868088420
93 52 206198843
133 492 942200598
452 56 879256212
244 477 111086750
427 231 268621830
90 484 976414771
451 83 758414206
343 160 433433283
362 100 945472763
412 228 203176104
92 365 781742756
67 287 155520229
303 320 249474192
79 287 753706819
44 75 413180704
73 396 394926434
343 372 511884699
2 24 482639666
30 495 213179628
54 466 481847122
72 199 655146204
218 137 871394614
310 359 292865946
450 397 582822285
395 424 941651581
80 374 241536721
37 69 889383154
432 324 10518040
380 438 924125344
78 182 38128033
365 350 795792964
240 247 148236153
330 107 622111077
220 218 732259908
378 102 833658946
326 267 647221362
237 234 773224033
264 339 115863469
294 458 896528685
59 409 893066689
403 434 19258690
53 73 670116917
49 163 723133106
309 218 214722043
156 58 446207056
156 468 873524249
399 344 260300240
416 313 288921841
292 418 785223058
100 87 174812218
45 391 325781967
198 188 688663586
21 280 299923616
415 70 366111200
296 160 265936409
342 310 479663632
126 60 901058469
69 349 256293668
467 122 967166277
423 22 678881345
62 467 739018435
417 425 446512626
325 67 212288972
182 405 133181465
382 209 423701748
370 53 417102537
233 169 950690296
82 154 448579490
407 6 500128741
326 496 730363869
304 371 754937978
305 20 363308927
363 391 416158527
129 175 892811286
382 23 726087670
95 33 686233008
189 268 89405237
402 496 427021456
7 184 733193131
49 214 636440607
125 87 225640544
141 416 470899110
476 41 688601825
335 409 809312970
36 404 180536450
110 32 777968415
372 73 880257392
419 237 702647834
416 92 454356991
373 348 992513889
321 314 399463687
451 351 24275389
153 443 825700294
229 49 98995854
374 486 995466299
289 224 11805363
198 266 688867051
47 436 473852312
18 8 781985979
287 222 246490223
208 8 122816229
308 497 197002352
454 271 849646527
128 220 55719131
227 28 132379000
4 482 979000970
6 494 365940788
34 497 605307739
279 103 874020303
178 105 518263220
46 34 201670403
375 85 537344650
26 119 260386990
162 165 371433836
284 403 78472880
283 50 377599702
46 56 819606246
195 234 540658005
186 47 32014689
4 491 216378909
397 446 824932318
366 228 894485268
374 335 302144964
352 388 569089400
109 284 483271934
479 368 457494102
359 127 147749461
120 166 690281634
217 442 144323858
315 163 742329027
195 17 964030125
314 297 375516497
167 445 194946477
441 286 608080871
380 411 316720528
197 168 807692729
290 208 178406104
325 480 458351013
402 57 581853604
393 242 88354016
425 40 442781300
34 490 389133046
124 383 39798704
88 133 626325339
214 463 883466805
129 397 159125494
258 443 292225234
263 55 241125692
438 34 128731310
148 331 127460413
432 295 297571975
480 483 744624162
13 421 951419509
156 484 738185314
421 330 325371126
433 186 918135676
438 100 848766098
76 185 876095735
216 317 586000256
238 419 165941016
240 210 468790613
145 112 747383599
375 417 920690963
497 20 39980908
272 441 816519829
272 61 464204872
394 284 94364935
352 404 654402586
396 363 607597761
121 144 687868546
392 226 398321449
343 288 867986379
147 255 15648101
119 78 628325475
220 69 58948888
402 219 29799351
113 464 975781141
22 196 226709328
263 142 326608143
306 273 810025849
149 354 695651549
487 75 975120981
328 192 139213493
417 262 563517017
62 442 900523263
208 71 620649427
402 472 750511000
281 317 14308263
147 16 185411509
244 356 977687365
430 353 24188736
164 438 629635086
206 300 606722041
30 379 7012288
75 315 699010141
431 19 711504430
451 8 864324512
337 176 201492210
151 289 924579014
411 197 670695377
57 283 557775118
15 68 368087926
73 191 559661956
54 458 838544511
24 5 706950571
329 495 92172746
455 408 94324379
266 392 621481827
222 129 562132135
31 294 524496692
397 474 451728480
411 176 386845648
423 394 254086512
165 475 788858248
85 144 449264084
342 60 157849248
25 2 780473309
167 212 340074297
73 368 119540257
208 197 63909848
278 221 209465484
257 247 689971488
91 210 216119249
266 244 117329820
432 82 519931351
424 122 708497768
154 489 856221047
238 19 676141982
259 424 850910786
31 80 772439572
12 186 377804939
141 77 268980408
252 41 833923808
447 455 838550875
169 183 775401390
261 137 434874883
422 28 356898647
265 263 142772734
421 414 86164120
141 259 920778655
224 307 625614113
353 83 633743691
56 422 933499810
452 432 990901260
368 344 369416522
472 340 563887303
144 42 709221894
426 76 593356281
232 217 61069559
315 0 480738520
57 137 498516366
445 138 596796716
187 151 992137801
13 127 44263173
265 445 20314421
47 86 942293399
317 185 872521777
117 360 581662711
259 97 174067079
207 340 351510500
161 173 550445732
92 348 330432569
403 254 894263798
422 251 789311384
275 477 81608080
244 54 71913513
274 38 795909181
19 365 979913107
1 327 759146905
143 225 917939477
301 319 477163194
123 170 385498010
327 362 212360064
84 257 809667657
218 339 394109653
445 491 184304862
13 473 196908303
38 19 535336773
169 499 174467549
407 329 386788401
473 88 514299587
136 197 577866844
197 267 984178923
496 475 680318387
73 348 288065183
246 158 852826351
434 317 849573969
361 220 4282934
76 454 713134284
49 75 140770933
458 93 684474864
264 48 577771373
58 319 377984653
406 435 387506516
34 470 453650707
207 489 981686962
180 402 891123342
102 359 936274717
388 454 953581306
435 59 546612744
163 399 962622496
387 269 303985133
427 409 617310487
475 115 210353733
272 312 16821477
463 401 217999
408 112 951263614
324 88 780816043
389 476 699427495
167 444 629273513
343 283 673351984
49 494 196055228
440 321 524762786
127 351 289892520
89 18 63953478
211 20 42202733
434 257 265841877
422 143 434877149
396 307 609657131
366 468 606920337
125 150 536479797
459 181 328763934
188 468 355992255
174 283 843680505
393 309 549083014
426 202 525299448
138 247 342039389
499 494 631974698
347 159 848355188
366 444 834065072
481 383 484455095
438 41 246502590
264 164 746537383
31 195 306219816
303 449 414383759
374 90 418610651
85 278 83526558
375 257 568380552
88 434 349497917
274 454 814271117
450 463 302363359
308 440 143386705
154 15 632208274
203 241 192402907
139 314 200711104
405 461 849368530
314 81 144489534
239 193 310256046
77 93 796886832
396 431 204956690
212 87 398884125
247 158 14164429
205 467 786230135
337 209 957717096
173 211 660038320
6 327 296355237
287 433 47461512
178 431 647384138
147 491 663604959
36 104 184937776
416 36 292101541
240 312 906697643
2 368 610133087
463 214 162261623
82 432 927217415
199 304 337355559
354 103 975713915
14 239 647858607
39 347 375452989
441 324 213521561
251 149 628585116
323 320 802820050
338 449 114822455
286 378 251811953
455 415 762917149
398 120 864607739
69 148 564216620
59 141 771487257
233 285 580679387
330 183 938771407
449 60 76169786
455 422 927832772
204 29 495689589
245 18 839996521
156 379 284201016
181 48 339063222
111 302 210975081
443 243 206835781
15 283 230645520
206 87 703714402
297 360 695796605
138 460 571914066
82 315 665950175
191 67 52752827
68 458 52078320
30 164 805551621
265 385 747704903
377 225 107100064
442 3 541429548
324 306 288973173
268 485 221446810
294 488 177441029
226 259 896741127
353 440 85697692
92 19 809725974
466 377 419334270
200 17 396050539
409 67 319329628
271 401 797010076
117 448 573638933
384 196 631744092
410 434 236027821
17 89 558539167
150 329 310508784
27 444 930166062
67 310 538834578
164 243 330697856
366 211 682546763
115 322 205461219
32 81 956543015
71 280 471785785
434 469 770249339
128 190 190217242
345 491 601233236
165 20 180040640
271 38 643448183
327 262 923964999
114 300 595643798
420 400 843113513
377 464 154160535
452 107 983126214
63 302 118023593
363 408 836904661
254 365 835435990
84 216 152217258
116 357 695942960
29 475 376261818
77 30 972284750
60 116 715928549
369 409 278418720
372 447 925927938
442 286 113641854
216 252 885164051
470 251 232034024
372 226 84435751
417 479 956392535
222 156 779893901
173 210 813152031
162 58 805246055
260 459 787961512
456 479 781792868
240 147 468611231
392 43 708095419
96 446 10822984
491 319 202024120
177 192 105693668
60 125 922549736
315 342 884043186
123 315 370797867
54 52 899349252
312 407 788105911
465 470 860795796
441 61 846592231
275 177 752684148
220 310 175521112
139 214 969704749
421 117 630286153
443 222 980731415
380 289 258166405
380 403 551570844
89 252 801786395
135 322 712257203
390 225 400232779
161 459 648017206
211 153 118197304
209 278 950917798
341 274 515075260
456 292 254927828
386 427 886504917
135 190 264764094
441 430 653168857
115 370 863423104
495 119 511108603
342 84 518576143
268 252 367073065
131 489 498273831
421 404 251970211
463 347 790020823
389 291 314064957
396 368 89594941
342 228 182867079
219 103 343026485
458 328 884625654
50 180 991142556
450 240 9264690
364 126 758269964
462 216 469545452
444 174 700436324
317 476 344955188
91 422 933199607
219 207 833593380
458 413 87331346
118 352 992871276
201 481 111087096
389 320 564370794
457 387 187783443
182 315 797431226
467 397 749887767
163 60 749364115
263 222 459430049
293 338 507521671
462 212 662150583
204 149 540377121
390 353 409289431
141 328 603275950
72 164 551008353
68 181 195120004
175 466 227124483
341 12 944899707
352 347 123300379
270 280 837694919
166 419 357410380
176 301 149761484
352 27 470698040
15 345 179755306
21 140 968425006
136 264 762924160
49 192 300656421
22 283 148853832
274 42 731822983
241 233 122894223
235 440 198744490
94 147 624012522
47 97 595210362
460 394 821813793
256 172 54283949
488 166 915785958
53 124 129749315
118 206 460274943
135 81 402018883
437 498 831182128
212 209 821180034
376 438 902682868
170 253 978485716
464 201 17967296
177 1 341265650
164 143 526335
152 8 693459208
139 171 857633326
325 234 771139315
277 443 939447318
295 448 477726364
426 48 414639078
292 390 484652721
257 39 514559748
488 308 522112452
274 48 962445716
343 228 227083900
165 90 465281964
55 471 671262260
458 156 623901972
382 230 627360388
116 477 552993580
333 327 207791888
57 188 298204487
6 147 972620603
229 497 260552974
337 120 596938868
288 185 795193600
320 466 276805941
336 348 598524000
347 202 90357744
67 228 5060401
107 452 983355319
430 370 404302450
308 342 214720315
154 181 202270806
183 300 430574229
91 453 266510197
228 67 521961981
325 466 600605847
308 190 946592237
198 79 188324231
91 209 461287427
205 297 139305375
310 163 276846479
381 195 230774226
221 245 63991046
124 398 872249708
473 215 150648440
72 202 891334940
20 266 247731807
143 54 555190767
43 128 851735837
487 325 726477348
95 497 470724565
300 314 103490281
445 244 804363331
400 360 116034521
122 402 705808779
77 273 428948053
234 456 778269077
127 320 842253148
123 292 23390923
101 377 478487069
141 87 765815081
15 196 374849902
45 200 492891090
144 369 890051897
108 343 313360376
144 143 241295261
69 297 58918172
476 122 194958950
16 156 504609539
108 497 160751479
172 328 187487415
262 316 182145874
67 427 240025187
441 285 632228865
474 19 59207301
165 447 242739223
98 370 336863955
113 30 78909210
330 233 752354976
399 134 50189524
328 46 563906772
1 426 29562295
377 299 401763092
144 255 489540942
261 155 767049423
377 444 187481840
247 54 434626493
487 181 735095540
17 302 690988913
83 442 383318614
64 42 746236992
9 362 451240123
277 464 472573878
275 101 877956743
454 467 700121568
78 66 345319639
252 101 931412946
320 3 467029057
226 141 593503954
395 254 927271721
39 334 590647616
2 136 913095100
321 223 28731589
164 79 307500516
59 66 737777447
321 4 325159794
305 177 140504810
37 465 136295138
49 2 466557307
495 392 174081387
467 229 407684076
489 373 269245657
149 265 84348216
293 217 299384650
124 149 339634694
450 466 498451207
13 30 973272868
419 450 503194695
454 234 285690133
241 47 519220933
381 115 760168895
276 138 278294891
263 354 343864360
33 264 990716890
138 422 392058090
404 304 805622493
362 96 573151104
303 254 143264932
205 23 116130233
160 487 657952968
233 168 573136123
418 318 749174341
104 286 142113498
210 214 673146832
423 327 583128283
70 449 50783833
11 139 47826988
452 389 649972285
97 288 241152867
49 100 319316064
247 422 173341821
51 300 325759912
324 328 844472647
57 139 863002062
208 14 748987151
89 121 795173590
48 437 933698045
383 395 340588603
288 355 135700158
261 62 493731603
340 62 791496841
400 382 259509083
174 117 330653697
272 40 728068874
196 456 181895977
442 426 877163536
301 169 588308263
344 456 424241327
109 245 873687245
241 412 165596774
258 240 780037477
242 158 699763484
468 52 568666163
245 201 544768021
486 195 980161752
159 136 128300055
250 58 337503457
460 5 942831195
284 50 982924857
304 61 486686081
432 45 457268932
456 472 269812220
7 265 843093938
296 354 198101894
44 265 38918882
378 332 275774860
88 342 658009735
268 238 560917140
35 426 643406570
196 175 121508122
431 132 94585034
117 122 585500446
380 467 106131117
151 490 536754978
282 428 649916914
19 75 623262974
138 141 155631083
401 306 85626276
284 412 238207748
412 423 594865795
104 407 270978983
112 490 980356523
173 199 54435128
173 181 93273794
109 75 324291956
114 404 133343466
301 255 786305312
418 1 443891708
25 371 749040962
435 279 681943795
359 346 539514973
244 98 859936986
323 496 429731311
224 185 455191854
137 449 266401940
333 260 386550517
339 193 371968581
231 434 607571297
367 249 311036399
395 216 708745777
66 291 972122350
434 421 458975861
46 187 989433218
235 160 793442516
403 303 186937896
79 151 671765048
332 97 219284437
75 316 502721097
216 255 99163546
269 276 652607217
121 463 326694895
207 164 235024593
108 352 798028169
356 131 644558702
232 433 406586482
470 210 756362754
30 237 966311456
390 459 493617543
54 7 327600284
95 269 463225004
276 109 873120093
400 5 655095995
482 100 37748200
172 103 311601955
379 413 786936748
27 210 535460144
429 286 521053374
419 404 983611508
335 96 227371440
214 62 896024352
372 197 455916251
379 328 190969653
181 157 325793164
155 132 421134963
435 108 743236329
374 189 357332185
228 117 658100915
375 363 499631507
95 285 755822581
405 384 633408276
494 379 784808357
176 242 502759105
44 443 962406237
492 13 263288926
10 409 227097593
69 457 539568439
342 120 230439412
393 321 933274970
415 216 678141185
395 491 427608798
135 205 968317525
469 47 882102225
75 240 513777606
73 486 8869961
224 6 599215628
21 23 810689072
312 360 9625330
461 464 55070164
49 443 746849895
231 27 301876854
39 10 636240837
256 453 913590256
99 242 713969429
174 192 165997658
107 159 729241956
362 220 127683998
209 15 758402463
293 32 83537032
14 248 993085167
98 284 657458150
486 391 43978932
134 426 226079621
130 390 468505414
25 348 103833730
17 45 331082545
291 281 112086178
405 402 122731144
193 118 46572643
270 63 634983793
358 489 670585622
277 147 984792159
122 288 949749036
93 7 351295235
495 293 798608185
90 40 852484400
459 162 806299112
140 142 51099890
173 296 140347081
128 339 815841843
316 26 518083441
154 51 101325593
32 285 604572642
171 165 684894795
490 73 836642070
206 366 839754806
305 481 2811943
490 272 737013647
72 270 673328348
251 3 529185918
184 275 327926939
201 379 215487124
340 288 964946693
361 331 900278009
293 36 474023965
161 350 300854671
236 118 331650149
140 380 891644309
492 244 576311227
399 244 712172308
427 486 768073981
375 487 493163400
116 482 729467437
232 96 608706319
73 54 610172299
98 390 311357096
286 86 16582500
144 306 807740599
362 418 608847110
287 19 853931936
85 13 809038521
394 428 543467195
17 445 928431500
488 147 715375319
87 361 432563213
248 160 425248173
371 201 382394355
48 115 507234567
409 313 924814449
206 317 75004681
419 488 833537199
78 475 201809972
360 224 374268863
470 152 145610217
66 93 346018676
33 54 36691150
276 124 374617944
409 113 236358380
456 481 418948895
393 164 296156496
162 198 25105464
467 150 62140988
106 339 342149138
407 17 457735765
260 357 209120156
239 356 328468216
6 404 906651859
381 143 973157822
83 22 919364380
43 187 734310104
53 201 124439048
401 402 97909964
263 130 334565916
398 131 436921501
360 423 968250075
286 410 32020296
202 64 675219706
272 133 239794463
429 328 948672260
42 384 554209790
27 119 164295515
239 492 44287462
120 481 903419102
227 470 604850927
180 243 560035347
344 494 319710678
179 106 978973274
34 376 326559282
474 14 478134645
229 131 360854958
440 36 466361852
451 192 890565733
59 465 419720446
451 497 996758121
398 202 670152435
342 132 566869279
23 478 466536838
214 269 390407054
472 297 668278438
404 187 419512092
467 444 373594136
331 203 334824733
431 56 554726159
446 400 747596393
10 419 51712533
373 479 154868448
308 373 42215006
155 18 45211061
257 267 34442862
157 385 344476164
245 316 908519003
201 420 408461134
0 201 139973624
243 374 452475820
175 478 776501496
304 268 844537092
182 414 547487674
206 375 600897828
82 254 196888479
101 319 264453361
99 211 863599028
142 285 885017764
84 441 551708241
303 446 273039654
371 476 383086997
15 90 716176884
86 94 488516634
322 267 311458287
284 175 13128090
225 146 46118657
482 250 156148489
453 87 539144240
17 267 844423049
171 98 976877347
72 128 429488700
186 394 616833609
463 97 283198091
39 450 55496068
353 263 66692344
127 336 529776228
119 161 590151734
372 157 100891983
341 27 330963872
292 44 734812349
445 350 29942903
455 474 612405584
351 75 635314604
208 157 322566730
400 277 457936243
0 207 821415694
448 299 731478885
36 173 472901959
398 107 211043134
105 442 478486745
242 322 268167125
19 198 692096528
327 492 171058617
455 344 286465982
308 19 189852945
488 420 140147621
216 176 22499605
49 295 277700617
224 20 657829316
95 298 792146972
114 42 640812936
245 188 331533120
359 415 242380711
239 31 766989973
443 201 966979385
421 341 70486941
376 14 828137302
451 19 134758164
153 0 101533772
143 108 724658526
184 100 814602734
440 158 738099251
239 300 431749568
179 360 706014319
363 353 830368987
231 207 401590317
320 214 380435332
101 107 759856849
395 351 208257165
109 326 475808652
61 315 616590994
199 266 837179762
304 265 633848507
178 487 815421212
338 17 614218637
51 94 724049921
381 169 76547000
457 10 115227522
179 66 596657470
143 21 794652833
84 341 872179735
210 266 347927099
308 241 461302500
205 12 494605539
290 463 318374341
386 433 30022160
142 6 603468755
361 228 916031719
67 70 322644367
332 71 501058517
178 337 898168117
105 222 477396543
21 347 690019988
367 133 47971403
387 161 205613676
316 332 374441154
195 125 25906552
152 321 758835742
3 48 966075731
419 62 992969535
363 306 466907343
355 327 867343547
226 9 304214397
413 474 716711457
362 493 235222624
408 404 116936972
498 112 784758787
360 325 642549892
423 195 947162952
381 346 270148964
292 156 339098944
162 326 306301615
12 405 149342112
458 204 377821562
95 91 517748142
452 388 32663259
269 353 429653903
273 483 227813128
184 152 224025300
196 413 52710228
0 60 643436819
443 312 804618843
174 277 474584024
350 473 49594149
132 259 828747655
333 194 145164788
136 173 231180170
415 244 605721550
58 148 41919524
150 473 297651100
490 324 312983168
264 273 526025842
49 6 922451979
260 449 181054824
433 158 274569746
239 301 897222239
465 9 779448487
425 235 114618811
469 1 582387614
30 239 132054962
340 374 45162797
34 100 613678439
346 244 686761922
94 206 921266856
60 279 348500175
409 431 595916803
339 132 611735131
212 64 326749508
260 172 144492590
15 258 117459684
96 371 450577462
375 223 540408611
426 68 862121558
59 258 898650982
186 203 45195686
334 358 180743076
58 87 558537729
82 134 847013211
450 129 316606093
340 375 294517583
456 95 15519502
161 455 15813817
498 30 778445264
291 330 592918235
128 142 670572089
45 307 931769661
452 477 846009080
76 200 616568989
278 8 920351298
374 332 813351734
470 227 228309780
266 213 668426217
301 248 139755434
359 116 738483737
243 422 944694794
288 475 405623106
192 378 815436300
100 162 942825183
492 358 390240808
187 456 832003979
171 423 117858883
349 339 391194470
99 189 656489419
328 165 373865954
60 105 189181151
403 496 81680445
307 51 998144578
495 328 819131374
171 264 947665045
325 345 283290072
295 45 740522819
251 473 894236006
444 68 671943973
222 228 562309158
457 385 410912506
268 38 485485248
167 195 817959907
446 191 947783970
60 359 679325532
438 123 373444797
216 385 344132687
97 188 979904542
363 457 147898221
388 88 572402632
373 434 411660018
64 407 357437751
299 451 580472920
212 317 882585806
27 351 435728094
149 389 1979473
193 499 622430607
334 163 232422735
323 47 253623236
138 296 990573092
116 18 744132119
65 443 614692987
492 482 792111133
161 127 477533156
241 487 549692330
366 82 849843918
74 145 616895922
422 158 854093869
280 313 812074095
345 152 589161095
76 162 326844604
237 408 171573164
490 39 42171471
80 13 538332556
44 269 196426241
276 408 793227930
281 205 38709510
472 10 233134581
89 345 383591270
249 485 597199810
280 463 33195549
385 210 282976813
38 279 255267300
302 136 413823198
427 202 36517650
106 60 409651361
127 219 396982117
299 496 384293784
418 372 375903213
130 107 717769103
107 234 798528560
266 265 132133965
400 1 457029408
446 122 515317399
292 328 355109752
494 480 858022540
426 196 751409373
61 80 949617686
442 97 111863997
398 365 837475707
429 464 511807562
187 338 716438976
231 363 750115147
128 111 861975479
279 53 606557313
451 283 668799224
369 352 277189818
35 445 913855510
478 267 29013578
336 177 829666482
34 151 762356129
184 469 755347448
81 128 247197472
243 412 256300407
238 338 696287173
152 406 381696473
14 449 634245041
169 486 907727515
376 203 762338664
45 482 619109749
154 157 338289609
376 88 484521797
149 114 532363247
277 335 791372279
290 352 920864557
138 362 525549029
229 92 861155770
50 458 678568054
468 383 136277624
95 103 299485880
336 464 160773725
50 436 695360485
205 345 658126880
211 346 113273815
185 497 379432810
284 139 95634889
355 66 825026968
466 83 70806876
232 474 415887343
104 255 803308120
241 239 563399898
489 312 502829518
37 148 994372822
90 180 535630595
419 485 314145005
59 138 763494273
98 13 535800291
251 449 196668419
98 59 974733571
270 247 451535964
418 167 462201210
426 292 848185587
151 272 453047109
331 286 624194966
328 243 302146549
253 278 46534111
495 474 687809403
48 205 96419857
138 168 937445762
430 164 327494204
278 326 750043480
246 70 336646215
211 404 455571320
176 320 267328289
291 322 704949536
45 186 275014706
387 177 51174846
291 382 932657986
165 74 629273583
428 337 447950300
348 141 741035985
298 474 73089501
353 438 110831243
240 455 893465741
379 459 555998697
254 23 385465788
45 50 507411855
150 70 956141878
367 149 102046076
56 349 846453347
227 8 874686125
199 479 699702217
24 306 91881457
384 289 997151672
317 90 376942513
95 375 804470735
24 45 639425486
203 59 72272502
227 208 82716695
59 453 611960770
93 92 710102827
35 416 772848346
434 87 812909952
73 416 483717005
275 417 134601482
175 89 253416752
462 435 558603350
310 250 189227454
334 58 717545231
327 383 822091954
309 86 578266589
345 305 40252520
424 482 366711450
268 397 353798541
344 138 397124488
442 456 692642657
38 442 761445671
305 488 472363261
437 350 924938623
191 58 257029603
213 497 186812369
420 417 991819668
318 355 906774273
218 455 979302956
475 450 441193301
164 166 120487903
387 303 262369871
113 472 171091488
182 4 251562016
447 366 304912180
94 71 765067296
227 342 245184652
406 330 284108175
193 337 929552314
412 292 518221243
392 245 621227069
326 137 165961411
117 5 817924462
269 458 123149499
191 39 773054835
76 190 185597778
211 53 388136994
422 487 36122323
302 366 4898315
440 430 602366487
55 403 353529324
265 179 476396633
161 287 373018292
399 276 99322627
121 93 511744392
354 472 988696050
28 152 695582604
483 216 934547372
382 298 987893892
76 415 546421764
333 303 719391832
70 74 880997479
129 383 115141825
339 178 693386463
198 150 582841424
362 247 324748270
234 440 870706723
492 468 663392185
148 16 79416625
430 395 508031174
286 13 704877022
231 28 589808406
414 363 687520000
481 78 286537854
148 445 344338872
44 273 605395238
30 280 294829586
360 335 724422703
61 359 98377175
129 111 897766814
51 12 123254886
262 265 643476862
106 216 25870759
423 226 273777918
268 359 326399192
287 384 977148296
130 335 900956818
339 279 11820345
368 42 521698214
176 308 316737267
165 229 878452298
145 382 388625774
57 467 55799673
432 419 383634578
149 395 81348677
138 397 157271126
330 102 445719012
369 452 819540239
368 104 197401835
267 320 693440102
372 313 895039383
434 244 905191663
231 228 879048447
347 365 689968124
187 432 288095708
44 476 291565645
101 484 700894692
426 332 706250531
231 62 236101059
343 63 27398936
81 121 272508207
293 392 135839646
251 373 540557004
251 150 815540466
200 160 982075499
199 365 239054189
124 498 797839034
110 209 608710255
26 84 370639203
364 2 435388559
71 51 970797692
91 401 447776076
446 302 953618858
389 113 878163032
428 150 670011299
93 40 238236883
274 241 666603017
91 362 584553654
283 120 715311716
219 470 33050654
35 497 336414456
7 77 54435944
410 407 664685437
77 290 493406158
68 101 24000748
91 92 73434340
14 90 422979220
241 262 235998548
386 206 69324718
256 97 785737050
353 240 918513863
464 476 983171069
279 86 726534881
100 205 738568709
268 255 841270685
327 417 820708291
248 246 645335130
57 155 142749719
273 388 164112476
214 218 812235683
494 460 214870045
27 25 595729834
368 408 245036699
436 181 754664361
312 198 789996309
203 425 440711560
320 287 353434757
161 144 444608012
248 20 218263225
28 7 500383934
304 447 503200534
298 261 354636877
482 295 659146432
178 282 667659848
23 228 48835499
206 5 694284249
291 56 491155530
31 36 277050473
298 405 499328739
202 408 542528618
493 313 685849524
424 166 693316706
309 311 728512540
167 436 976953006
243 76 178677722
468 23 926625083
167 192 546773259
424 23 629217066
287 152 393720981
220 388 628714333
267 311 687220126
442 237 94102487
295 245 834104005
161 475 598514934
313 241 198459783
396 461 904005285
246 440 768097363
216 249 300665333
291 231 538015690
353 402 612135917
15 44 173173443
450 434 955966505
286 184 293978257
137 313 536547524
291 419 38682336
267 123 789044178
274 420 145357703
152 63 687918162
370 489 535412397
45 436 158467527
167 376 970229606
30 46 353012478
310 402 974989493
300 213 483130584
371 413 577753461
224 127 551101406
69 6 107413789
281 276 818627333
333 363 848668502
194 389 330353868
84 101 460294770
4 393 520750535
221 388 361079927
273 19 545063403
8 292 652755795
480 161 674885150
73 499 658121900
22 427 219965686
493 263 522432062
282 117 183497601
250 56 152798490
67 144 379774169
372 219 91996138
313 150 267235986
88 4 508271788
208 438 648547816
333 340 62529773
355 242 415173149
411 99 369251170
235 382 731823374
103 486 450498873
435 197 841164589
372 130 504327539
53 316 18289914
439 138 802019952
82 393 581023253
16 321 235578884
285 109 622154912
373 314 528519004
471 364 929393369
353 303 540473093
76 201 807200735
93 192 988383964
52 192 437396953
289 454 551828908
248 483 182225722
369 249 456662690
417 23 711319836
270 13 236672412
407 142 762701888
434 495 151440331
233 435 289138555
392 398 580616835
346 153 886961243
13 194 303301418
368 135 402627111
406 315 60347289
326 104 772507942
371 5 46969768
493 413 937814649
99 401 449773215
318 417 949200735
422 312 223475163
172 11 318220519
37 70 29387146
110 426 820346346
341 289 267024393
97 484 367881659
268 271 759331904
74 186 319025403
402 259 681764582
337 245 474180352
380 299 276712489
73 117 955171902
390 319 81765230
345 135 249829836
364 208 176604866
373 93 556176185
124 30 314626852
485 88 899048986
64 201 852807441
173 38 376348504
30 291 8193049
313 415 748233541
291 95 753026021
353 461 448061408
14 420 872729178
188 26 51578738
323 453 673367997
274 326 665621306
213 79 608987231
192 480 697271334
440 84 728562089
3 405 30648550
125 332 255124026
222 435 156337734
24 321 649097228
346 421 188653761
39 419 163289070
55 339 500266036
221 137 25922392
491 386 877033573
435 366 22720373
345 427 442635981
432 228 492323428
358 339 536210158
420 60 79878941
175 455 215840260
36 227 433324117
116 250 12800940
212 414 374813407
75 183 726252909
411 185 679634746
272 324 442695600
334 373 268517697
405 223 473157612
117 244 566300448
268 136 803589410
436 218 886430851
161 72 165035400
479 100 812980107
47 90 74583981
481 66 336969050
166 499 199382092
272 238 330433286
406 267 207982093
312 195 953672762
477 285 863585596
9 163 599421418
323 367 646327746
383 244 846948526
371 99 898538812
472 219 855094177
30 462 945889540
383 176 762572175
316 55 645821818
304 20 521115379
153 263 614864242
393 456 309739740
83 53 830989395
496 285 569818164
136 492 384424674
416 24 121334008
238 487 426858773
229 411 771469065
261 484 891513838
485 84 512749746
490 372 717714777
186 332 329433357
397 406 536956152
443 332 483190522
83 145 507296644
60 296 248568792
462 151 165737833
147 33 835389785
436 422 467181648
284 127 488511213
75 232 971126763
368 326 669534977
298 17 847525378
425 342 615419697
118 336 722664432
275 382 389084298
50 468 550454477
341 3 461067017
464 409 238705174
157 451 320245466
246 441 637054627
316 486 322295000
331 248 753926591
158 24 844204541
479 121 770700049
332 128 704696862
86 474 996039503
185 304 142312864
60 12 225612113
376 228 335934411
227 140 2706139
231 360 768794566
154 408 782682088
122 398 178995046
364 393 719755411
448 342 80279599
298 10 660036110
185 151 463667011
227 448 508091830
107 426 545169730
146 175 589647886
494 348 396680627
335 411 931305711
42 194 55294872
117 348 586376657
77 178 885392494
452 400 837032679
444 283 798840799
301 415 429511054
309 304 883688805
82 433 275962782
189 418 74335517
402 59 359562472
297 249 999145634
462 166 169462520
402 108 362910151
455 108 103685571
182 199 469759644
138 393 319945442
408 72 499398280
448 334 400320505
2 111 938672689
88 118 718672981
119 371 366901449
363 402 422902063
33 461 412306868
112 44 87688837
321 37 800446756
437 273 604726595
22 92 747121678
336 222 438876711
10 294 559309770
133 424 411215590
149 254 927141365
34 57 811734574
328 70 701232991
328 326 300190014
54 162 136241049
250 444 760490793
54 342 810864972
178 188 880509929
288 89 546350009
275 90 972966326
262 64 443277054
334 481 273881718
43 317 376182480
153 362 761239740
485 353 583683004
101 133 599440518
392 127 828546399
228 193 859484794
385 287 951133804
125 457 364273903
486 483 469087190
253 302 71442967
140 57 165283778
23 158 725126905
208 196 245057050
109 272 496296759
10 314 332060468
470 161 87330704
285 238 732299035
223 360 356695796
420 487 33537455
83 487 61593884
269 290 585043087
473 240 500648198
9 282 278063045
165 355 92487127
396 189 444651718
41 64 762417619
123 363 213300429
146 393 133468804
8 40 22882355
121 253 960344099
168 260 258825610
37 192 365213939
8 75 560288123
122 425 418080316
449 122 515181367
385 318 834567971
265 28 625767002
119 57 529006511
13 168 308339520
35 355 26508401
188 457 914031447
276 386 665550543
461 254 810940567
117 62 803518095
324 308 873247425
164 9 479334890
439 313 354402596
20 202 203621931
212 199 262684365
46 397 987318055
318 482 99217543
150 146 708730996
305 58 464418819
197 344 925380167
390 86 304345882
52 427 336672779
199 5 172513685
17 262 951129242
444 105 293793374
429 238 125969894
31 198 506293517
223 272 32832360
69 104 333768420
182 220 168190995
332 25 216762058
233 276 748310305
50 384 39076359
142 88 642890539
380 238 793009263
85 318 100522168
223 376 373604666
8 335 584691112
379 74 386793925
157 287 437574551
15 318 436952383
393 132 680581004
309 169 667087928
242 208 79650374
127 495 698146894
22 456 546767693
477 239 493705508
330 246 98508184
437 118 988019459
232 489 704032927
235 294 475211503
207 15 423978249
106 302 657373471
482 413 685467393
378 65 698554728
388 452 614179733
185 275 931894118
251 309 990211025
30 184 149596773
328 452 581610324
499 363 547314782
205 138 218963897
321 252 225855482
121 133 457624359
481 169 439751673
232 25 458745444
65 222 814337726
212 314 128368365
403 371 401501385
292 393 65100364
350 43 127274284
364 222 237558817
89 368 906300239
315 204 534098851
324 333 9243760
355 491 956243747
36 497 49482
273 419 894662826
75 373 107323062
472 59 516551105
381 109 558605259
343 226 304418717
457 401 571030
58 227 249508714
231 160 168760085
95 401 844030236
470 286 218180365
338 492 971546578
405 326 513560988
478 313 921951404
489 147 387708825
171 250 848912295
459 55 159335557
158 441 630823211
103 474 732375161
73 317 188631862
407 82 736724135
11 339 374835211
398 6 346799983
61 440 122107829
449 5 281066777
279 292 537283063
255 115 671807421
229 211 218432314
13 71 468898966
334 441 138761734
498 435 577434025
90 191 881164319
224 363 263819387
169 366 513566243
55 433 972382090
390 295 346975071
351 175 585876467
172 93 735900645
423 210 470086771
489 393 682386532
304 30 290827077
397 179 161421242
236 81 15732490
222 356 280416731
281 139 444880050
295 305 671479560
217 66 600910581
158 86 117413798
79 450 524405245
368 91 710953998
345 171 705298141
219 477 862356762
347 161 154420499
463 464 100203733
484 47 751471761
378 95 662543321
148 366 169111451
458 129 772278012
145 409 640093452
245 384 299312435
431 153 126641139
52 269 753779504
349 97 456603713
406 132 718519712
319 445 230483061
356 54 771754468
459 5 923700251
53 142 38128268
224 254 422639439
317 383 436990183
292 201 365736958
220 228 294194012
275 103 376100648
407 43 127924419
179 405 144383669
300 115 496655018
258 198 928357055
400 309 872563915
243 448 534307622
377 204 430129651
404 445 697012409
426 106 791300195
210 15 819867413
232 494 331754676
493 252 508303814
149 191 328461536
213 98 828186462
471 361 400655587
333 134 515629419
53 136 723114572
64 379 635619926
230 215 538932258
399 72 812188023
104 13 421506173
406 32 388362890
63 321 234760768
204 191 345045576
306 26 627628355
186 346 670141530
378 218 361013405
314 25 129167847
138 486 229575907
292 413 299197797
186 153 189522774
118 374 724796762
440 294 134442848
471 37 113309543
430 183 966163894
280 433 381266566
461 90 916897633
411 451 856485950
219 344 514044850
359 215 576882470
87 109 156851908
314 6 205709162
388 271 110493668
349 37 572550298
238 121 292644003
352 362 702603453
379 245 248040060
68 75 737887766
304 427 746119443
447 103 941004095
329 207 449897044
55 124 110784810
105 404 233682092
432 78 667708582
477 313 810701849
466 340 724799070
298 482 32523487
176 117 928117171
391 427 932785294
43 210 451931125
186 246 81758592
243 421 904101032
406 201 991357962
170 352 847184882
149 37 947245083
224 126 490810485
76 248 155151798
287 241 590146827
74 383 825467236
224 137 864623274
54 135 500368099
66 432 701781021
134 40 179551436
145 124 1999570
202 370 30822245
151 417 497334441
173 77 626989411
249 255 47589652
464 308 701547919
17 322 233224759
315 403 20620503
337 127 154212502
142 25 620884547
71 120 101367326
306 365 500700739
182 190 657634657
300 72 367704720
362 257 99426304
174 60 548404677
479 17 391835142
195 232 517131819
21 471 967033448
56 303 626388458
188 410 470441174
356 447 851840747
187 75 510100326
148 2 391026595
202 118 263965732
419 403 636011325
158 238 20552914
329 264 540668688
118 40 543358464
187 443 232571717
310 329 874307627
267 464 553758757
344 317 252955593
158 113 736784657
151 29 989289642
109 358 710416728
191 372 591623856
395 235 150456454
151 217 547600008
84 373 168456300
307 314 990648256
12 18 238659447
464 410 276267793
301 391 627160492
206 442 670097332
213 84 678545062
169 243 477656558
201 363 82505482
479 496 470886816
1 124 885958700
79 63 163211115
1 400 198150138
411 19 397496302
193 54 746816595
344 297 160750694
131 435 104315430
157 179 765588073
477 301 655712749
20 113 715679586
367 288 142383149
155 183 130330811
496 135 205778371
325 472 549630084
52 348 885974032
9 313 133069980
21 451 166171368
72 84 762048410
242 137 415998358
467 146 431895166
226 12 120484915
204 72 230971831
417 106 453685700
39 293 303651187
9 245 804225228
463 405 103189663
246 112 92791289
490 208 710382712
343 114 879170433
202 496 282706482
454 212 394557732
193 387 321744891
459 372 385263453
280 186 618928205
13 355 151925098
481 171 188444582
59 144 406942172
169 230 478917082
493 370 263532806
269 266 760770875
354 390 953100668
312 321 500267449
298 249 232380379
215 129 942011873
456 452 767637124
225 289 272120863
292 224 967088788
429 424 521865946
220 48 700596717
474 173 350103182
11 288 492163017
214 165 977992064
303 92 637441220
219 42 447715646
377 486 987695278
474 37 299891599
199 111 7239285
293 420 222758646
423 66 632884294
447 407 589317764
20 112 371956050
93 419 102757443
119 9 623640666
250 330 777229330
491 220 837410219
214 127 245861869
246 254 407935879
214 404 191291236
428 251 646433226
279 112 108073104
221 238 195879766
459 417 658779547
19 204 329313633
203 130 46726277
454 445 946099014
92 16 476361393
380 38 370076169
18 432 119784917
178 448 79586772
433 11 966598532
157 100 871082174
182 459 994083116
439 3 156875885
32 491 863738955
166 283 584713840
146 214 724854102
384 421 623535237
91 164 270939591
329 426 785812260
350 74 231287991
75 35 728133475
471 77 499274009
443 218 962041688
385 109 235684753
444 310 995188705
345 350 696245475
442 55 279137526
13 405 238490741
473 194 469812182
412 472 309863914
467 453 253144834
298 214 99280994
401 315 870069745
313 272 6764784
390 273 441935526
403 40 62658292
101 343 510090774
401 132 462222482
127 439 875118921
348 158 273116422
416 369 332969442
216 125 103440863
465 129 609768902
291 404 77533870
39 459 810723144
97 80 711982113
205 468 390490394
364 376 389680316
213 473 705024517
249 35 741669604
216 364 372425184
199 258 446074057
309 67 965788792
61 138 973340321
23 324 640136810
343 41 185412297
46 143 791987613
4 410 246782609
138 293 641587887
166 422 142505869
419 196 464171981
100 55 505951268
32 359 870285550
158 484 908489182
128 193 783039454
17 184 407491615
101 368 779173331
386 14 527593185
467 95 813829887
122 388 676634239
173 474 821478255
96 0 48075621
101 3 341049193
471 462 510662195
362 279 488876495
214 278 140365873
289 451 727833474
397 262 533863579
487 131 242682086
401 190 326447334
286 496 193204941
48 331 642129249
168 180 675959061
473 433 430856479
103 482 574664234
54 438 872906854
150 442 945657246
232 92 786662588
161 410 429522918
486 274 484530366
141 435 819181759
59 373 987666975
65 104 550143788
310 205 198339436
59 77 365239842
455 226 709537940
388 425 69879855
86 43 893070710
16 255 984423503
369 253 483239729
385 123 756681535
455 146 806665043
54 194 966879446
22 65 518554327
243 244 135650917
475 112 663587664
245 152 19117457
75 84 2520531
279 30 441702475
174 266 55015107
457 79 530553748
250 256 390849860
413 292 692253553
100 198 287448532
460 434 941658990
154 175 48526229
321 152 959967800
84 425 624466405
140 414 50262049
331 461 727600748
238 161 517434347
373 291 161923862
255 100 311225093
119 129 35664039
478 422 482562384
419 127 224447541
138 284 784602544
73 326 99052753
151 276 422720557
390 186 211951978
88 468 401285932
98 86 417900742
295 468 585973130
56 61 552201026
167 96 350882923
122 324 609517255
339 353 113252975
143 136 550166036
433 379 130453256
311 313 6528476
118 239 428939047
455 360 808650689
131 221 839001515
98 198 234964360
287 402 854732173
263 67 849546423
312 93 139503601
193 394 968111604
199 363 423470264
468 403 712031812
205 271 182507369
37 229 761299050
146 130 962676050
294 465 428406284
90 486 120921737
244 175 53913761
463 419 734384923
92 338 807583507
356 375 654679777
140 354 54633484
229 19 593630864
91 424 47847295
175 267 76999080
311 20 620820298
359 437 497304156
125 388 453230405
170 75 497945967
112 487 645563750
383 165 215857022
177 159 86827447
108 223 716171734
461 477 727479154
257 175 385831042
241 147 589841661
352 399 975414248
272 467 947068045
68 479 633158598
375 215 849867672
301 441 263386561
220 410 146016800
38 46 83611602
453 55 770295625
336 116 414042224
413 220 166206219
396 121 992811737
333 325 994038724
122 101 338535452
352 168 994104554
342 360 117833361
267 407 433162941
222 315 610210029
433 93 39936740
481 5 724102708
370 372 345631953
271 74 319797130
81 49 536941629
360 66 721324731
172 237 873885290
208 290 956743264
184 240 429522625
80 255 695530562
421 192 788246635
370 230 486216946
387 160 134719227
305 370 377601361
209 305 118646721
465 222 508374373
149 416 514885303
47 120 114803916
71 407 47426619
447 304 62514370
28 390 873579872
71 118 825775169
341 49 722412222
321 274 582864368
394 214 715927560
228 139 409679374
228 151 303634498
131 135 536640587
395 218 179764013
290 225 327122709
145 139 434636099
262 89 490557286
239 486 892721571
202 327 332060912
313 193 643422103
251 443 323167705
412 343 704460047
160 427 58338690
202 427 377792697
470 463 581267762
446 257 525274753
329 213 853372025
339 88 525266539
322 73 178294459
355 246 693026985
289 268 33994366
478 205 362062091
162 456 428208391
114 87 985474102
64 308 672400393
408 394 487965765
298 226 1844725
154 151 901274775
277 110 404325870
96 382 618628146
288 62 821669969
489 259 255072293
24 319 93030208
452 397 956592742
118 497 739307029
85 169 579290390
491 146 824616159
153 240 40940303
294 187 597039597
225 288 852474
19 187 346176159
381 477 819233836
481 451 893748648
279 190 96579224
167 254 10651470
341 385 979783024
302 31 821551172
349 80 997938726
156 455 580424648
400 260 627671082
277 145 242099907
370 271 840439508
327 181 414144889
479 465 30733331
198 492 495803036
15 12 420686072
399 30 850892881
312 365 182984997
237 315 615827640
154 371 926503612
253 283 690179697
361 470 350574288
32 86 941078327
377 39 225859287
404 329 741618209
430 202 925483899
432 469 557609728
61 437 198208605
312 345 550819950
247 243 826170020
200 144 364509531
57 423 719272895
295 212 373228435
450 315 589048179
280 473 563591015
150 244 580807476
292 100 219536633
202 155 925642109
466 50 378849148
233 463 866442749
121 484 15412986
365 391 816551656
171 168 273253684
253 379 336036697
410 58 270050132
308 141 510767960
180 35 356786458
182 349 193938342
192 433 84379392
382 34 428887370
248 408 306079395
469 425 253588698
274 302 946239570
417 360 557993780
6 451 504727076
339 422 197361672
125 254 560796170
236 106 115326824
254 4 824776102
385 450 12392936
125 371 300759687
249 294 429229680
227 462 697174208
433 480 631319054
439 402 251487375
55 48 704666720
4 95 36656777
38 178 273861097
188 176 795968808
319 484 329881436
401 491 240916472
333 114 972791830
130 424 299759953
111 464 179651640
205 173 507198705
433 432 199667452
152 459 338516904
136 105 420792007
99 7 147012427
327 486 725030059
276 273 562285528
436 46 227040019
383 226 577898990
344 203 732554748
430 269 901478236
395 244 55113489
435 381 886402114
203 30 850262992
31 193 730656579
274 58 513570682
347 189 324856453
329 485 177594049
93 374 293457989
389 76 941997731
217 371 30954910
439 98 794613055
17 259 750380338
130 112 612417870
416 192 515423042
364 185 337754036
478 364 986527177
419 232 838152041
143 35 129711070
54 256 376405376
483 65 29185975
92 259 210481540
93 294 216254860
222 125 897659346
109 411 457564181
316 198 334622440
470 2 954559029
461 62 237386051
165 298 415897260
184 304 344418537
446 418 294491874
174 84 699502186
203 17 35736851
217 115 171699515
142 17 600972641
36 45 597089285
441 280 346178695
170 35 413717629
410 165 290555832
339 142 478675839
309 398 781838912
42 224 565861714
367 378 748991081
39 162 459892210
265 81 62824801
186 257 837054797
377 115 632749593
478 260 403147669
288 404 550856289
353 387 894388818
92 38 610120159
82 143 443535296
229 314 881882000
252 466 180709385
223 269 925215049
103 292 412605620
298 54 820916112
167 159 464171661
132 298 154677965
201 50 912213685
41 469 475776717
359 290 698257412
197 64 709968265
159 320 360227282
32 435 216126451
264 20 981134651
442 129 936231396
155 259 472125626
65 410 892560130
263 164 335645940
52 276 127904459
409 130 740062265
366 138 634982366
221 105 516242429
418 443 551584871
300 452 815502259
163 499 437956062
492 86 649692289
481 101 322536358
490 375 965669274
8 410 900416201
257 11 622810367
195 200 429303204
467 197 784891424
195 157 860228310
334 65 662268454
270 368 404025616
442 89 511318630
495 408 348167318
293 159 382115352
3 10 147810667
354 50 828838179
384 189 278007837
371 307 165928388
304 197 502152888
113 149 498826901
194 146 246061031
275 256 178287432
467 330 859074502
181 315 68442802
3 166 588953629
2 199 824172941
135 297 594419985
115 168 257811821
406 99 2491668
442 246 476792954
226 216 515565402
240 206 809197476
365 124 810137082
329 0 80227450
124 112 330789335
402 440 384521733
295 16 587002335
30 325 105690711
23 355 225440259
191 190 466319338
418 72 81740504
267 225 776823153
296 191 840028287
237 82 879481982
464 218 523657284
392 438 461945992
375 239 870999905
193 402 954136435
208 141 171418733
14 427 552936792
325 495 525664378
463 164 511992841
427 271 887009296
370 442 82946284
52 80 840180381
1 304 187671179
66 103 97267199
443 485 643601538
447 434 851662511
412 221 108916345
268 444 839142393
51 467 15266384
241 143 502508223
337 131 459686302
187 485 463478630
382 424 180325073
402 296 302339037
364 28 427140121
101 296 105896185
322 480 647194014
178 468 492679375
263 336 1144572
191 35 34271158
102 311 329559872
304 425 959802369
498 25 876338825
18 60 88600044
159 111 467623928
472 241 119365782
81 14 804153266
198 472 544762889
220 492 901394134
389 280 712813463
181 49 268048223
218 87 426414383
386 74 12298870
92 189 549775090
482 329 580548790
166 53 314413361
428 99 22576563
19 113 481437874
394 179 102840715
133 411 450048974
192 87 832853624
382 262 467712886
80 170 501129225
39 471 481817013
44 63 887862159
158 130 719399023
189 223 533566846
316 411 182868942
25 205 973778234
117 170 94086849
35 462 636302413
197 120 532506205
114 269 530065266
276 373 966374019
28 23 123313764
264 300 876965419
106 209 416379736
10 417 161619724
365 163 884906750
211 89 642473573
345 426 588920085
358 323 945407527
75 433 324251922
467 371 443825976
26 209 33278546
70 134 320147243
119 142 214294818
137 158 455020149
396 159 467321338
225 495 619270796
293 340 634084310
25 176 643585990
146 19 389520439
235 394 128088202
276 434 442384555
189 220 889035876
238 184 592138983
342 447 185540732
25 97 47595827
238 8 35712388
380 342 544648856
311 5 307777989
472 96 491831328
42 254 907470268
234 483 753487495
186 80 633127369
5 384 692144070
68 105 853832288
3 59 872694663
109 257 339902694
407 245 940983140
108 31 532947906
148 401 688297929
297 362 558127331
316 412 363130510
434 286 930103443
230 31 764549759
129 166 402624719
410 208 856511818
274 350 755833707
387 92 285287322
248 127 872502704
104 488 895296095
368 207 737051341
33 67 31129435
363 464 482155094
481 22 936075724
158 296 59104928
206 159 559660162
443 103 895215547
332 409 143243586
454 290 374224189
214 75 672720160
398 263 46406002
109 337 270977635
171 388 128412669
299 341 619322825
401 216 762272554
300 9 430512618
24 478 814487185
278 184 640132836
463 36 864637902
144 261 442124381
40 137 697701015
35 466 259379598
69 13 156687296
81 199 754035309
115 344 251760625
286 215 308047811
333 12 202428639
304 104 944819005
146 302 810871752
308 120 863421420
437 67 856630264
203 489 619082258
338 343 902417415
460 92 488592728
473 331 78510701
294 496 797260221
310 222 26061602
236 158 882873750
266 141 848090125
392 180 916647512
449 345 405063627
317 483 513942410
175 471 822479006
200 13 684367706
426 22 179640631
177 194 534184973
353 191 635615534
255 325 969524352
66 435 899115548
398 450 855901691
78 111 932301660
25 419 481145624
351 387 733184351
301 269 820417958
255 37 698195934
258 434 20550549
400 453 762827260
37 56 5158091
218 335 592708633
106 293 569745193
195 19 226945450
175 76 361456977
237 498 515706296
492 158 554799595
33 435 628538718
160 226 247781041
425 293 914990568
350 130 497092910
262 123 606465667
166 82 983571151
260 5 768142515
88 467 777544074
197 326 568834680
173 222 561263658
156 472 958674697
76 299 221200358
395 358 296071232
482 71 860901331
266 47 418247555
19 453 944778690
323 433 773685855
142 289 270806590
41 331 432015546
354 219 438483174
436 65 621531056
57 297 659967337
46 87 106615769
434 282 907846835
354 49 492169283
179 392 113463293
66 26 30057420
419 397 987057539
329 252 808245190
313 485 407094301
2 411 622138963
378 91 199421241
399 193 169483254
424 20 580584188
19 2 832379711
259 203 868386325
299 403 217936362
283 39 520634046
229 113 594488063
366 212 871796062
453 420 59509676
4 20 737889266
488 186 788866866
177 471 61360268
363 282 897293353
193 97 211499362
180 72 715456046
157 408 324415669
458 383 320387117
180 390 996738372
2 31 741897010
388 369 532499239
167 83 520875627
431 38 55456028
458 268 58226089
106 344 757213628
56 160 246110393
66 27 184732263
356 98 168082083
193 264 421063725
311 61 903328712
395 425 26482866
0 203 918611247
0 43 919582838
292 282 325459951
484 148 288750240
257 348 322937054
332 84 677318470
139 213 996895642
190 496 578459791
279 257 468344339
170 489 933421711
213 77 68905017
264 68 710543202
474 402 253966593
461 398 466992998
191 46 443230659
373 55 635366181
101 104 480568980
207 60 617995050
311 293 269393282
62 464 891995489
447 42 542209992
394 322 196798726
209 274 714493988
36 230 675607942
473 50 631258989
35 311 364517671
390 433 737944550
14 401 440065802
325 239 167102467
118 417 380652351
428 78 988738571
139 389 783655265
272 221 742353111
21 487 367811617
180 265 174419374
486 360 150171726
237 305 360623206
87 280 325343164
306 119 309961070
318 278 933871918
176 85 78174275
438 91 34196286
66 334 644659310
16 251 937939638
391 214 56061695
257 476 540012343
326 366 840634123
241 17 107014371
156 44 314197593
497 77 143430556
403 325 186019656
236 278 543763698
8 125 251899747
326 302 611269766
61 377 223591590
34 70 435164722
244 81 84774260
143 82 298320589
378 69 218723626
473 415 167424012
338 494 80347397
189 445 850580252
76 247 998257465
307 198 3683723
178 303 127784274
427 199 452020
162 366 107715240
440 331 209043457
480 439 691565565
140 83 549016145
407 26 109890242
153 27 201937539
20 175 724140419
113 236 288870652
281 296 23883880
224 44 589219949
203 114 488263931
37 13 884731004
51 497 655077804
358 229 940691759
219 226 821523899
68 419 990810748
95 483 755278572
226 446 18771179
58 102 871063546
148 257 632075234
374 199 829293366
121 21 847647751
133 423 864698290
132 369 671727307
378 56 796978909
288 372 819240477
123 445 57494302
40 263 944253525
141 365 498996967
94 89 864829347
474 443 935023101
367 424 800578277
375 466 601784865
379 350 824216768
86 426 821153153
279 310 832190288
228 495 912873004
305 160 59200779
100 279 611520379
332 492 999671895
490 216 280033765
464 140 997477819
175 1 420979621
381 254 385446483
292 125 181176540
208 25 388125340
23 390 720921708
56 201 684544421
475 438 223911911
327 92 574970509
86 424 517247932
57 162 86638250
388 108 941516101
48 433 324002674
36 344 570265590
288 106 757548856
377 107 615701393
111 184 768249242
384 29 454334600
128 400 643898819
79 434 940396339
360 261 46116312
454 471 67819719
288 297 24615326
86 6 195056774
315 370 316826078
224 157 763767094
315 176 905637317
314 300 72804683
336 169 826679146
289 306 126917005
101 96 568162657
61 243 351147684
401 227 249597869
247 466 40846647
43 458 546120887
42 258 229330523
451 323 160888179
307 453 590089026
456 76 356504030
423 30 245063901
391 121 18187672
46 474 819129681
379 408 723690142
268 221 766698720
198 297 767534616
299 159 418521383
461 235 396037495
40 402 660790677
121 103 120955540
225 451 435858011
178 324 864186020
98 226 985829354
252 304 992267146
492 273 122859408
93 470 508228561
411 381 953756696
46 360 404145669
427 185 414888211
114 179 639569620
479 277 251113666
472 16 517745894
50 93 531434938
57 220 64838900
413 210 457004214
476 252 964496831
299 148 118345677
356 341 135076213
311 99 115055495
176 485 890383248
325 388 183821111
170 455 568432720
322 268 477851576
273 31 815676416
417 286 109719461
60 25 693102110
119 12 600437045
348 28 817290968
30 181 563909619
286 151 649805861
405 225 498332125
438 303 718587871
476 28 634862609
170 459 292805623
337 397 709147972
86 481 231535604
440 481 56610805
275 447 788740820
246 156 622083076
81 210 734241711
401 175 458617945
231 462 712903026
39 482 251905701
21 64 434283242
39 307 693493857
96 204 216945911
124 437 518362162
218 396 472004208
11 320 691208521
496 8 860181813
301 244 659775572
54 377 583778052
227 0 152091073
452 63 93984819
455 270 306630207
29 394 575038021
340 155 766444817
241 74 985503266
484 19 89339740
47 284 242691324
280 452 555180845
97 104 877692500
76 46 446161430
68 282 507696916
317 391 973349721
196 209 444169977
221 157 480103737
311 43 305017989
31 40 214873679
92 93 381363516
102 98 432680980
293 122 297804558
87 398 472765900
468 148 10533988
67 197 441264349
340 218 167049962
186 102 435148873
154 462 439474445
173 413 817544176
421 200 738645555
280 130 867163777
42 150 177993674
121 58 362294027
448 14 442550331
297 379 964952469
221 49 825264776
307 321 690642288
476 9 207089243
250 443 167020651
78 406 96112948
444 446 866046571
212 400 629664125
17 108 628864105
131 431 420042974
274 252 859088227
246 53 981603231
243 32 441766499
154 100 377569677
381 128 470681777
445 370 230498899
232 121 153053517
188 279 885689376
130 425 34616179
374 264 209292328
186 128 318532542
336 34 33167613
173 9 762416220
342 260 144029101
433 312 134972963
75 53 779251804
126 97 25870287
364 206 53281710
453 223 742353750
454 328 733476660
303 182 728639531
496 341 803949465
261 151 768588954
276 0 665127182
52 357 120837478
355 33 282693602
17 12 305230044
304 259 847058686
259 201 977836224
149 318 307866945
1 457 634938039
469 263 472872463
306 148 912290774
483 103 175833615
470 418 250689612
473 3 202287452
229 163 350566561
373 137 527165231
97 133 715939546
324 304 100331621
201 89 265045684
330 334 424009000
194 45 398615667
179 490 573246619
214 260 418177322
27 457 93180276
285 137 968156725
440 337 103482342
226 214 496365635
436 252 120100154
108 252 992926004
298 352 153339962
64 6 176814231
153 376 683548020
173 95 733520575
83 414 6967355
53 426 245597942
432 454 492240886
146 279 930403025
80 407 228281552
437 306 272303852
427 308 780006121
197 156 418526141
379 147 161434676
163 37 878256173
129 316 794750959
398 389 254462585
471 327 900030547
361 332 881670967
262 160 571302102
383 350 421651821
326 277 280911060
165 185 810140319
235 465 814367819
273 52 342340327
448 319 607603270
149 412 435409146
45 472 411179497
135 487 249644553
340 49 174986764
312 240 7339407
121 474 509615320
489 97 942435670
168 391 240498607
30 393 641254601
216 414 973981948
408 306 247883894
281 232 166567470
374 193 190124039
142 147 249329569
471 287 888453446
345 339 678003898
130 485 853785227
129 439 691341607
448 492 698283722
193 101 835091822
344 492 216423099
276 404 885991414
236 318 147028593
157 50 161002606
107 402 503085694
396 158 956517471
37 61 527198131
159 237 766919139
158 416 946836084
67 160 955675206
302 142 23845820
20 285 637542856
188 487 234722389
261 284 966406895
21 485 68889912
340 163 814271669
397 198 10915399
310 66 866888897
369 240 328452640
8 0 161525459
32 148 460223142
237 459 202615775
286 492 683971911
95 305 227710055
481 498 498771056
291 446 476125164
278 196 503303879
127 47 246260946
229 472 662676902
140 493 780741111
411 8 894108531
118 88 771824646
70 200 660488771
393 470 199394421
32 367 845671553
300 250 689479808
391 402 9230935
357 261 919356341
387 391 84534367
392 272 84182663
119 106 739692076
417 203 1195521
111 149 604635840
397 231 42684582
426 317 867381228
287 120 344227162
112 214 816532696
442 214 215077578
355 62 230830763
50 461 653133986
498 382 148924765
366 244 50261367
49 357 425614808
220 475 674266452
398 416 590475633
151 190 893863731
296 245 516394418
321 178 253712461
436 276 72256194
274 36 849936939
124 375 806728232
209 252 131552181
445 245 588152102
50 15 98460515
287 285 226105
264 112 796852776
68 98 313305470
55 416 618108286
13 26 825931750
279 415 532980007
417 86 149112279
454 163 44348149
89 142 206160863
398 182 11307829
202 486 705576282
419 64 440437230
212 70 286868313
485 352 718173804
110 418 674941598
6 187 70209507
26 204 789020251
63 313 125341194
13 128 802000529
175 428 769000709
395 10 447711924
38 158 136481713
402 236 308513386
25 439 919991168
247 457 757366430
136 160 25894900
62 230 631529856
9 475 399050180
273 119 474181774
355 373 860855393
427 468 868078545
76 223 692456969
317 431 68517218
123 129 752795310
314 282 75255836
166 28 145842828
488 223 517050599
259 36 441122499
89 431 724812290
102 326 451379773
345 392 273190682
165 135 173912534
285 258 940192661
18 301 743800748
166 51 706753197
140 119 478322550
498 26 445782593
78 116 76093144
245 135 184543029
303 270 788939943
375 448 610061490
380 184 57642545
335 162 270690885
438 79 667198342
320 475 257740369
422 186 197236088
336 137 464205071
293 30 205433152
154 10 71066916
224 308 56943842
429 187 491188587
129 195 729939600
285 339 848572886
334 428 408606207
488 372 279563603
160 30 882404817
257 412 231313686
361 131 98892432
113 20 316481112
47 27 392296917
227 53 794539223
388 456 420324848
159 365 220559369
38 63 859777553
497 438 696687038
418 0 730555833
443 30 933331380
126 380 614687312
86 58 477830657
138 421 523824971
143 202 400830668
486 97 478652138
53 156 891890522
125 334 525261937
299 398 897433171
360 60 14899327
22 161 761127863
166 462 206040642
190 97 24312518
408 409 952245268
324 248 292494754
184 358 693749173
329 298 431271926
353 397 466027609
92 99 435933829
391 242 274032713
474 222 849039273
345 470 724171280
365 103 276595527
25 444 660651932
155 284 516323991
103 158 641217316
346 227 587869979
118 354 675631217
402 28 11700247
441 308 769482558
324 487 607749333
317 136 403214381
363 161 625243771
338 34 969553425
362 240 231694572
125 462 118213804
497 129 939414371
478 281 665250501
129 133 964213973
106 55 875099571
372 449 616490370
417 370 950109730
471 103 888131499
177 226 589763238
153 386 886909035
182 88 68740018
356 188 404281438
451 195 619167390
378 199 759376547
82 121 916912963
175 434 964999669
323 80 829867131
294 133 692756459
234 348 388913251
441 469 348604831
496 399 797687812
462 272 412227428
253 274 889964228
157 40 803050099
237 132 161186464
132 181 420088130
83 280 876690094
120 396 284642616
246 243 431242007
372 244 85191242
389 474 880854512
113 241 904020478
493 73 122070404
253 18 90415680
468 344 136365675
156 184 411447340
331 486 43047592
67 446 845431831
100 19 210285658
90 13 336477118
423 245 339207506
384 21 454860660
113 258 133225370
182 331 60936421
190 227 529804155
388 476 222668693
114 337 663457875
291 272 489858824
193 149 79118102
101 323 249969879
306 473 397394304
147 296 395170998
304 320 156363468
172 421 112903839
111 166 71395414
280 85 859333021
329 89 987038319
4 179 604807085
109 460 693936121
51 8 72999883
291 368 765606545
85 390 649538853
195 310 421445753
240 302 94620260
119 482 885035547
470 296 506375372
346 446 596066856
280 490 719150761
308 398 911020275
232 416 185108047
52 126 298272099
192 407 837801177
295 187 699453872
107 77 232099317
116 341 797776511
415 293 421173051
264 499 775531893
39 152 113487788
169 0 236137761
114 360 961825332
444 72 494408310
419 80 305619475
155 305 397981996
89 120 880191314
303 102 912489212
335 368 921796919
128 364 614940332
193 413 103104890
144 494 540720785
68 202 234092019
103 289 797287226
28 100 898547685
428 226 431197908
26 306 771331213
453 128 578318496
411 56 667651422
266 22 484941311
328 274 33769231
39 258 602824937
409 152 582513241
382 58 441508489
320 482 920573534
100 452 141739772
292 120 339345557
46 482 726047624
71 155 985031152
207 240 611628398
165 182 477536463
28 129 622415341
355 362 25092276
438 226 855858757
300 122 706695793
33 489 23363589
77 118 893500872
130 280 139184399
238 292 445984792
110 118 927236909
92 15 474445074
101 76 785216276
116 373 799056839
115 104 123764045
270 489 985347751
106 350 516353767
229 73 347921793
464 93 17072072
134 475 898355397
300 420 768559253
405 316 501256995
491 334 419924147
300 394 57413360
234 58 944883691
260 298 660686596
260 398 58932274
19 499 493201578
310 206 757086331
311 154 392690793
122 446 403108672
108 397 302634541
380 146 362279197
105 392 647359672
87 306 983650457
499 230 490113874
95 368 863570687
112 243 697666209
296 448 737601048
315 290 515335654
40 45 189491559
248 381 255732756
405 356 186267241
131 388 19110272
238 68 586964479
436 265 606359977
52 253 329171914
248 115 270691048
222 9 155758542
470 313 912444821
26 370 218895973
498 242 146920671
404 327 673446282
250 313 466644356
142 136 616229944
418 191 543555811
115 20 346664797
243 183 362669418
359 445 335613743
260 138 109766466
202 2 820983010
371 166 28993021
192 448 405771569
119 186 207245953
146 47 892061239
62 186 176037211
81 31 143546774
439 379 216564935
15 31 196782040
486 252 402154118
287 271 812549501
119 25 497494480
465 27 227910985
488 51 629691805
64 38 129555549
32 375 281470004
212 333 435257945
441 256 417986216
459 406 623008705
165 371 236159038
142 115 657935789
441 209 710188635
415 291 194315611
228 289 233605027
424 292 802897927
171 400 410576407
475 380 337319598
84 72 941253340
489 154 694861053
397 38 291160605
212 259 637023762
407 220 377021864
232 409 617773977
424 244 401843626
455 28 606003943
132 231 488329716
375 177 209365934
46 188 682569700
302 320 778476216
96 286 6178661
445 56 36908138
354 125 451058562
300 116 713901779
258 236 215226223
82 178 354185177
65 87 12952922
380 456 285088427
189 478 296704532
181 380 260327033
107 70 35674001
109 447 619710731
268 453 767089644
0 102 618814560
181 154 279420352
445 200 431002484
188 226 394585252
38 249 88815206
319 251 367738025
454 200 870992450
349 464 964486107
384 363 389931923
285 460 687269819
383 388 687634957
182 343 28820383
340 363 674828634
21 45 841944200
0 250 224807668
253 91 449235345
488 82 536252870
196 60 604170436
154 212 846784467
154 229 405198375
188 178 348122516
22 56 434936511
23 463 178217746
338 240 739793402
337 371 750109588
498 22 614729731
234 425 39445630
357 154 482170806
122 473 862362537
172 169 852557780
81 124 41501296
41 425 609923523
442 366 317962723
58 171 697592763
232 48 474392794
205 472 572899752
109 446 313644171
385 215 215468687
496 383 902147787
161 490 897825627
111 300 254098123
419 146 604785893
229 315 334300727
213 30 500550512
177 217 758077306
253 225 16337905
112 319 394178609
447 354 442605595
225 97 843314218
54 481 770388898
352 165 631801278
332 287 945395605
386 192 641668168
318 396 698631580
148 50 584994856
34 172 402839349
330 80 276484402
210 261 587126992
463 59 565076012
163 383 544484041
391 111 6871817
27 189 783996112
380 6 753011046
427 290 63070146
495 20 856257201
432 356 170958356
161 414 87715031
490 176 792587952
331 391 670919837
164 95 864655972
448 201 178855478
193 289 382330976
290 313 846660497
91 262 224555885
358 45 518024148
491 270 899291683
257 303 242129501
194 248 359732998
365 429 671969597
439 75 480803412
462 26 619211931
369 438 864805175
42 302 248418322
475 70 286190995
203 155 144696634
225 208 735072105
162 94 6014425
280 398 108822098
194 55 455425835
184 206 935129849
376 302 49795032
211 430 439870437
342 490 718924597
132 130 49457700
461 308 141039149
484 321 902277188
62 176 23954926
44 219 247951379
375 475 325098286
440 383 850170645
304 312 269540844
33 143 210692809
78 284 663296589
108 479 834340583
157 371 709002292
71 198 598431781
21 52 650742934
339 450 388807272
337 186 704586339
245 82 236356491
137 396 54753695
434 431 985168171
433 396 789883530
315 222 858532676
414 480 553625952
122 356 902732274
308 35 824849318
28 107 236074156
78 376 337312004
292 366 971569233
107 238 443617635
455 417 412189340
429 18 562089828
349 342 513639746
122 346 604700474
296 480 677275614
94 190 348335370
485 121 801759865
422 41 382431863
418 168 507592633
424 261 396982382
388 67 64350958
417 435 120076448
279 285 868044507
493 498 116133228
67 442 323137121
415 158 314008682
322 21 956206727
9 29 944233229
417 191 103416273
175 256 596615416
306 343 373280333
190 341 339135999
203 210 372475478
33 347 509402811
100 95 661659411
268 474 63469806
97 1 459745063
144 184 153056375
191 317 599970190
8 74 459111202
215 404 440749893
303 179 773439028
226 300 542809409
364 30 543410123
293 336 637230390
194 159 726808362
183 399 313587171
354 323 29087583
345 478 15675718
188 392 141424072
175 259 854712330
395 40 665203772
229 347 777820104
491 281 612294486
241 5 397810559
280 353 835706581
315 422 24822480
291 3 607604598
412 60 810632258
47 362 215947903
275 489 560833090
452 121 586706594
469 464 14635299
64 355 146596881
307 184 556558293
357 5 457065764
271 5 248780651
92 356 126916811
133 22 162093131
392 39 70455967
348 180 125319280
145 304 402667559
91 58 608950214
477 54 621556590
411 221 280223993
213 296 100048375
49 389 381714141
474 5 844115142
242 217 175342362
370 109 227305106
358 222 596174436
210 8 84557322
391 48 825949041
109 164 311113850
346 183 141937861
426 398 994501589
446 486 478738402
7 410 723675668
267 11 992694057
220 172 285782481
136 267 453291687
393 1 225068236
487 215 301590393
153 26 417218489
267 143 194898308
101 256 255907980
370 40 249030386
424 309 876687090
340 278 8865178
462 433 447980671
199 461 609061875
328 478 292314164
245 282 735674892
253 150 236376629
58 417 145736540
444 177 787745808
482 395 793912284
361 104 864593950
427 40 120898371
380 400 831330886
426 473 91998029
44 78 559415067
381 170 89986580
7 413 494637843
312 431 846901343
250 377 602067640
395 177 974691162
152 130 865713713
494 113 294704203
37 409 313515936
109 220 552161450
200 334 314207716
281 404 837594850
42 415 909010612
255 108 224661911
33 147 394183456
89 399 653302839
488 459 500189474
371 225 470437391
494 182 540267919
496 402 844691532
445 192 687513835
453 10 473958250
412 355 172141516
65 422 747205879
208 99 207660568
299 132 228254688
338 451 149103848
466 193 302917583
26 235 267428049
155 247 939142812
319 176 921420536
177 396 521497056
16 304 934813055
32 100 375572373
250 164 480520649
471 144 788162277
22 335 954637892
439 164 438028186
4 318 324687861
114 396 926140812
258 5 755702315
64 440 121651495
207 449 618765656
236 300 191267971
287 157 476902752
169 219 977526008
489 37 629882064
235 85 857579084
373 201 861522355
165 213 602768770
310 240 347459598
350 3 567058039
153 18 346802340
340 463 470134748
298 247 518034853
95 77 893142001
450 15 500489489
311 300 591029612
195 268 690101297
63 247 364515356
236 267 959418585
321 184 48488029
1 141 329168225
337 410 114215799
226 374 519434002
186 85 681524761
331 165 227329441
288 346 652504177
246 496 548314934
155 465 47846147
356 391 284913302
405 123 6184624
457 45 16698523
445 311 166189960
417 455 205483003
18 259 951757732
155 401 268671952
264 216 806393354
428 383 373003197
248 223 113768732
216 419 43104852
184 402 963314908
117 124 390406874
307 210 32154762
54 105 827880800
486 438 876403924
462 108 752729499
469 309 501623536
258 246 500599158
220 89 568335915
338 364 84928665
363 374 159931593
350 463 381018025
240 24 954513663
446 278 91666436
301 42 732076853
350 45 374878197
244 230 366797487
439 274 285073997
93 316 561329949
454 8 383680927
472 414 679191147
212 26 279526058
473 81 435043851
318 247 142451449
338 81 861424152
63 106 949413117
447 19 712834213
348 173 138353953
415 215 278448301
298 197 580359675
236 351 182275097
286 340 651311370
278 267 918252718
361 345 614097590
451 326 425892666
145 217 18979377
60 177 741330266
184 466 464220056
126 451 535347584
100 485 17859632
83 344 782087435
128 172 303269080
319 189 717040980
456 41 113679195
217 448 350077214
152 296 77102393
484 23 157675495
392 197 450803477
487 276 797954286
93 69 177284216
208 262 117579030
43 446 747203022
97 465 232079918
197 102 805915301
69 326 647184224
377 211 124475007
165 83 307998956
216 294 231833760
198 73 216162234
417 290 949321052
296 434 168916916
233 473 77266575
258 158 38765281
174 35 604173684
287 416 326153718
421 30 5558366
409 244 504530632
162 350 53524809
29 393 202993493
232 256 915675472
174 3 954999286
350 457 140771996
137 426 105371942
203 79 862083618
19 368 623987569
362 49 622103272
182 364 720218756
124 70 36005814
272 469 857209276
362 259 22170184
93 45 357539386
175 423 964445851
393 283 664491689
289 275 109055214
315 121 906576071
63 448 706071750
160 305 30659690
214 49 96686437
222 126 234026315
289 401 440479168
448 359 87934638
84 182 371191807
414 426 293883954
439 148 271882536
23 412 428675540
163 384 622697050
43 287 721810263
142 479 498636464
104 37 850770140
498 462 883211958
323 403 398498892
487 475 106636413
367 293 985315013
160 67 156025897
118 48 50550951
0 8 442563973
140 291 803642530
0 94 185768633
205 294 205642975
204 366 456425190
346 293 566853735
129 225 872795554
468 481 349896117
63 8 450104780
121 260 159575915
319 323 626977782
91 118 605745978
316 328 127490941
55 66 288062584
394 155 355072889
497 446 220272150
95 165 86144334
212 19 739749692
271 171 876375986
384 134 686270054
303 144 186054433
186 21 836675107
399 205 402009230
121 317 882169174
407 294 773753389
63 124 261412592
390 123 713643405
382 186 483162900
112 222 743676099
372 102 438020180
437 29 510774798
171 313 634718550
214 379 125933069
171 369 608024373
336 236 368120939
411 119 125918924
469 74 40237520
265 475 560620916
120 280 968654697
371 343 270828681
255 59 83127343
267 220 313152714
126 391 382477428
403 424 519524102
91 263 135527049
32 282 55826165
134 302 789986396
190 220 885395185
82 402 552228929
176 314 340731831
54 120 939087768
425 75 311869196
1 59 944196438
38 244 454611834
428 273 424914159
290 70 615411361
120 291 12921955
50 324 513185043
486 126 724195769
484 180 612833044
307 161 307327073
83 404 725318278
298 331 819019264
405 213 793726634
175 279 726152864
293 169 111994828
322 313 626761352
455 142 661055449
32 325 98819796
209 81 251279607
381 323 242581058
164 65 211071049
493 61 795778844
419 28 529563835
186 268 452310914
92 167 6685243
0 108 939185297
236 204 530555427
456 448 416769525
130 435 772505009
30 249 814471623
325 186 963798084
138 444 822597895
365 157 521030424
219 196 57147038
69 489 183745193
176 244 245362781
479 178 692229666
434 276 798360267
444 12 204587235
77 452 743842203
43 329 354332491
85 411 990720221
346 289 779939381
256 295 777918090
102 12 203817015
137 166 698434008
181 466 368711071
175 444 423154499
74 43 27832075
431 283 455087825
284 181 887788436
224 306 68629797
147 357 421175130
188 395 103903229
422 467 249206016
383 234 94999695
431 342 259720628
467 358 766781318
35 238 438562739
149 14 663965188
143 124 394644353
8 269 682168740
204 22 939465250
189 138 377338433
131 359 842268405
132 470 930066764
435 63 812971623
68 351 97908087
469 364 215546568
381 161 566426346
375 204 981250219
381 317 623753502
393 135 506844173
77 248 558927779
136 257 974055284
157 154 138298410
347 53 429855848
426 147 317716905
74 81 639636049
401 116 378947590
325 57 256713145
100 492 667530816
438 69 536454941
45 318 905192259
202 3 785917450
110 129 491008581
136 282 159774368
483 151 228288135
321 251 231899761
248 266 664131324
101 383 33857312
439 238 856269455
332 7 956721845
155 273 234502947
37 284 632199377
216 17 689403650
377 398 606227843
116 290 445960822
327 101 697058253
175 247 875050730
371 191 549475952
155 400 571619617
111 38 405225716
146 219 527321766
378 167 566142190
345 106 707305330
479 430 651219179
395 180 296174816
170 144 717149344
161 168 990920382
381 460 387751810
245 165 263864085
108 436 156371015
237 126 561102228
120 251 54258144
171 357 491932731
163 233 921883406
159 222 665566722
282 56 546284844
445 499 326375800
56 150 327746761
334 233 794541743
130 475 134090713
256 153 510875767
123 343 579511868
313 104 673090111
347 261 597680937
278 137 545463745
209 307 488132795
317 188 225018211
382 256 971841297
95 71 290034528
477 292 236416936
94 246 108820574
198 38 191342249
386 2 683626936
428 231 265183509
210 485 112665078
263 410 647108141
17 405 212941552
143 110 396003563
77 227 79158377
93 225 170798393
460 341 208874840
325 453 344153695
286 393 409796299
270 26 249729133
289 210 952662531
254 62 566788017
330 249 404094455
320 116 319762103
30 144 21844800
455 320 302282498
239 494 464228482
53 363 277589792
341 480 555745794
467 333 354086570
235 459 177995727
469 154 743872490
287 356 536003294
253 426 994723338
380 331 627543266
279 346 300837945
208 325 236249533
168 473 562702112
449 0 350844079
84 134 143710406
334 347 656029786
165 404 796813719
413 376 727367670
302 257 963565645
288 397 339638489
282 79 126682305
213 423 451221263
196 93 288878437
33 237 769932695
171 21 498500824
327 18 83300031
423 414 954693666
478 470 558238530
385 186 921181748
367 36 93646020
409 16 648916454
97 463 737516955
119 449 662164331
443 170 133429098
332 381 196852042
439 300 135401805
431 237 238328466
487 316 873485599
143 290 913241367
36 493 122861774
364 106 519827120
434 43 316836892
491 100 311607804
234 237 200121956
282 15 125468935
240 96 393088494
288 43 757242642
489 322 761987900
193 278 834122460
435 52 742801962
2 204 258806080
459 57 75144310
138 64 252927407
406 440 29449742
159 375 949380182
497 144 522156383
435 411 101801041
242 93 304989093
375 35 96642804
98 18 868720170
37 207 378354613
194 61 715002209
5 145 130432944
119 178 927601974
273 439 848337359
305 382 824587758
336 128 418523646
272 138 100939769
298 125 778573729
164 264 209633042
366 66 411563750
206 112 292799734
249 379 803335397
388 303 768651721
420 225 120677402
389 311 910112307
387 211 350587361
439 371 735626983
125 481 268250138
74 41 185964537
185 450 420492808
315 487 487655744
260 481 233920635
263 31 579576400
492 362 275265859
391 21 362263020
357 409 811197211
491 123 921966296
493 106 36241207
272 209 213138380
410 244 849533599
194 260 127935106
114 284 325821992
45 458 73602775
448 264 738282664
393 202 854756824
117 213 579282381
196 95 701972601
484 407 547611022
233 128 603645883
134 328 227612459
249 155 788726127
498 194 126305650
268 90 627970287
235 167 410985235
57 358 694476115
232 464 181149011
204 435 700751812
299 247 729449515
105 244 506882452
413 198 976575944
33 279 910555714
219 223 320183889
233 427 168390318
231 54 268906445
147 91 970235324
240 17 564749991
340 490 582815525
381 461 972025555
431 177 596718097
256 125 542929728
302 478 422568417
40 348 693093930
95 68 445121040
22 191 958690999
73 371 148994119
236 114 723785602
27 149 387202576
263 51 244470308
412 2 623246119
302 455 521564561
446 220 387347436
314 240 946310484
262 433 854223909
159 352 277222955
187 178 592244046
488 477 715530837
164 89 593272302
48 418 823296579
457 275 251479544
313 73 60322253
379 304 757504310
184 424 510420016
474 172 878669776
41 6 621461919
109 401 250860547
141 209 747254816
87 34 396740681
7 178 351004490
92 361 636009684
302 489 275442515
174 32 111132575
124 402 286430352
12 179 316400609
439 83 205340997
433 43 746164416
332 370 165931037
18 393 919101314
117 73 48730546
322 45 613391009
205 156 281207390
430 318 428485742
448 270 971030292
459 141 738762192
144 432 30082916
327 124 256232645
299 100 858542443
380 189 700018564
227 431 408878403
10 363 311543762
125 233 944587852
458 260 981048664
369 188 591074779
240 435 58009460
281 486 308036015
334 221 824834752
273 358 889058623
360 129 91835475
186 421 133587981
90 35 203270707
105 74 548482082
384 224 327358529
311 289 739931804
219 41 901832544
363 170 422384747
389 295 896231186
456 473 304916249
110 494 539404849
145 231 910269680
275 380 820629275
189 466 496712206
393 306 896371811
335 252 593422691
77 495 43808141
479 20 479783770
189 456 6918724
103 119 565468204
228 202 539154995
318 393 593105046
175 59 199367557
367 172 992683572
116 370 219379478
20 311 294489422
36 220 141484103
12 385 402126647
262 282 210796297
314 1 449087879
37 64 325836587
420 317 197167002
391 286 204913404
205 368 885219092
191 194 716446701
202 187 347524874
99 104 339775498
422 160 430155004
196 91 642268696
61 152 971674750
77 35 678147830
40 54 203761108
254 355 743462630
212 2 684285639
190 370 639451360
383 178 693071474
453 432 479917946
430 147 773542140
257 29 290597937
276 288 676146095
147 125 483579286
229 394 674197859
255 454 971575944
331 302 682772581
84 172 555207765
323 434 909518254
212 432 116843442
0 259 720102187
39 281 304347372
419 463 968891126
343 115 667652672
17 354 822510603
5 128 626760499
149 243 378234786
139 352 1319864
293 195 437016993
103 37 290434141
368 123 394487330
94 479 825269021
65 154 314111056
43 441 896851925
158 116 285588926
285 267 578800035
335 42 40017575
113 305 86684246
281 162 108425352
298 423 347958219
41 332 867789666
84 248 178052842
321 113 416745307
220 264 531210433
60 98 883650555
257 108 314376060
429 337 12261907
421 175 261638485
300 155 220096866
36 92 395716262
167 422 525269249
462 171 372687675
56 109 867939860
39 308 456474909
488 109 264302831
183 447 734892114
216 306 232325141
476 444 232848849
258 275 127913795
145 163 242144813
171 460 258715392
157 224 965400103
367 490 675268569
110 159 247131900
273 479 565788698
431 2 964676079
274 399 989044337
347 410 361074789
4 267 116725075
477 428 864229324
220 428 260704364
267 304 9947318
335 143 154901089
168 220 364517906
489 175 725228044
30 269 262603594
432 376 564329701
158 155 371925696
327 389 504032671
409 37 836572467
176 354 70697086
200 452 261143324
264 154 229810920
51 117 59761026
317 496 469113538
212 291 864133966
452 428 66067205
67 179 125828042
48 150 629622293
479 207 286836799
357 427 327429819
484 144 871392961
130 246 721552550
170 416 307515408
289 113 452098256
151 470 782333420
369 427 378599666
131 3 511143372
349 204 944909774
223 317 105130953
455 379 651963031
1 68 239542924
437 274 65354049
449 491 462843307
463 26 793936205
474 23 920324812
235 97 296702081
458 17 916974921
400 55 401024921
115 329 253456016
456 424 904811677
35 293 238323137
418 213 804140747
358 70 549638865
361 319 161659048
452 170 203206552
124 329 370184502
263 118 344581049
118 275 31955077
354 476 313046718
369 75 999860841
163 412 141556832
303 395 654211543
89 457 374902315
320 364 785585309
62 278 320060216
355 319 634927122
388 397 777598807
60 158 500035569
55 499 833739788
418 87 281771056
280 303 199327702
209 280 223771177
191 322 789195677
43 0 222888972
323 378 640599922
89 287 662107295
138 454 734755318
248 72 992848203
266 227 389349999
317 441 688211329
366 86 763986875
352 229 403913492
226 468 305448612
89 360 96606806
470 488 688019261
107 49 114545377
31 341 715578825
21 434 902106006
369 404 20893239
239 162 656015364
478 214 119842021
390 308 281526758
470 466 992048199
276 98 52117077
260 349 247921467
326 2 353802589
84 323 294082711
15 315 388997178
33 423 15867763
387 455 50232108
235 87 599291097
33 385 931476130
77 36 761069491
399 130 506586640
80 35 713960367
178 24 615746522
174 127 320914723
439 86 853488715
71 127 745280517
111 128 218672426
268 73 365763764
47 244 794093956
386 186 313249428
354 46 541795076
110 357 380926311
50 297 570490910
464 244 637833858
114 412 286498724
247 106 706982574
423 82 26474729
433 283 616952659
184 395 90841159
277 354 870973233
193 192 91618073
340 337 212943187
262 194 460257817
273 252 170678365
493 307 850373489
187 13 250566623
359 216 737662659
356 486 816012227
153 372 157519527
249 232 296737115
424 141 815246502
285 491 134290116
206 289 640722459
4 83 841030558
127 28 95866889
344 346 770772033
409 358 598310629
90 25 916391027
404 453 715975953
140 8 23440019
289 164 365573220
362 249 127952961
313 156 694350720
304 287 905796111
103 49 535760909
102 251 878999459
413 180 733187983
477 75 617979367
68 160 728051174
459 18 502215584
93 193 724106617
96 180 625148266
228 319 524868884
126 418 465144115
480 305 116199869
469 183 823911644
76 29 484315372
114 182 890723254
349 309 963621722
332 348 950841638
301 447 460152561
234 401 195458156
370 296 443463828
300 336 13557236
473 343 660771677
112 432 313855555
196 82 826827654
300 390 539752562
428 328 432587689
319 166 445006746
370 152 279896813
240 176 68064306
203 229 638766436
375 267 623047029
455 143 334143987
268 439 623751549
100 16 32093785
117 443 132355954
134 162 109743840
112 64 67443054
497 410 629382359
111 123 342970722
328 111 258080635
487 123 284836832
450 242 634011061
419 296 456138897
415 435 87215074
150 320 176611105
29 463 610027362
47 3 467065981
464 130 677747593
264 221 592207749
73 236 50970210
225 163 752131413
328 157 53789548
164 71 820084750
411 54 463685668
274 499 486962553
454 425 133244779
305 486 938354853
483 439 658502787
306 74 552981323
19 336 843946577
494 451 888851631
19 152 357367606
214 246 229734744
358 132 630597962
302 202 564516738
107 92 504522597
287 392 475218113
47 67 76081352
8 282 250869414
76 95 888626430
137 35 221088026
445 495 357147377
91 228 279226656
380 49 530889667
95 101 829118550
368 323 910315132
31 302 353065166
230 39 592696839
231 254 610474605
240 486 374728423
36 155 658566352
356 192 185751805
154 68 454273784
183 186 272034837
410 99 689014262
399 211 50357110
367 13 230921098
313 149 342847278
284 193 712663490
476 265 556511100
461 27 798048100
417 317 383546181
33 383 820437517
426 279 843703187
362 415 440636784
165 494 393285550
96 404 84887434
477 5 421449234
374 300 835640854
243 382 722715540
307 422 891559841
323 318 812347730
79 460 774879758
41 333 184749479
479 436 566008727
43 376 388685104
470 219 857237584
358 142 522416427
486 260 208143246
361 101 583833079
161 112 43440291
226 447 559069886
276 28 900765622
58 99 909507814
48 473 96036048
208 98 952259805
362 324 122460569
450 356 30828060
92 477 688627127
118 44 983249309
166 128 517780604
54 146 627928834
119 271 577307718
445 1 501221801
129 72 978623342
25 467 593296079
314 401 739607392
163 191 421249695
306 17 356409483
5 288 216297858
24 9 828658801
3 190 48542887
416 134 802168600
297 200 304751510
446 173 948199270
15 271 834932653
403 203 773417055
293 243 877623875
66 107 708962841
122 270 647870298
166 133 452178554
140 21 640091150
388 430 919869729
465 38 94790794
333 213 103507029
78 204 986624331
49 177 994197068
69 1 459535988
53 200 769745256
370 142 147116843
282 368 321046018
370 218 231790718
108 107 414144368
397 283 839003062
37 213 68193193
130 489 997199516
254 419 140323482
58 184 207626640
118 192 204371193
302 95 470536048
14 284 256312940
167 117 168502629
212 402 529207461
128 12 938077769
197 337 997706084
70 347 912742044
78 30 110337794
238 41 316379759
62 41 239845284
42 294 128168831
210 85 111130686
492 79 559371819
7 268 462426579
139 131 184645657
155 128 197549065
497 224 433421587
413 145 57427557
194 22 718993010
364 492 190276486
100 217 245861683
319 297 554415523
230 108 257009525
147 481 422128658
489 414 292389086
289 92 335085387
306 440 373433610
259 176 8995789
452 189 839032718
250 487 202525024
323 157 468290096
317 32 616748559
352 218 695969216
277 380 677000190
67 418 519049872
239 360 694544166
251 43 569910635
420 143 397904362
400 108 174247881
108 438 188116655
73 71 407256501
358 460 527310762
283 297 484097342
219 279 666290972
273 15 310761828
449 212 893204435
220 61 861360508
47 443 648276964
168 417 764056027
490 40 651332145
432 385 342086593
303 171 516078276
211 322 395438440
453 229 530069645
334 494 139404963
157 78 128693193
108 187 893052740
327 498 564283884
84 121 309799396
239 21 85970514
494 279 474836374
140 294 47422006
200 467 198844809
178 60 879223506
317 186 652061120
190 110 566298907
194 91 358919820
50 175 447257386
376 357 527081663
134 384 219629036
451 294 497821829
154 344 760328166
443 145 51081927
122 190 320420582
153 403 914004234
373 411 203991068
231 269 877098522
124 448 46319348
308 431 738980859
91 31 832856758
372 87 297885183
97 455 959973222
393 229 801153595
338 238 217269564
351 113 985842655
304 152 805966677
220 401 10673558
86 476 821293048
246 245 374484736
109 198 549507442
94 226 849902534
46 147 523910973
188 268 694153084
287 180 47582902
276 270 583335833
351 302 341930030
154 311 225940148
240 74 264347958
441 86 226498071
454 240 374809423
259 446 484970200
134 79 851486352
306 27 163557061
443 357 25756234
298 378 698102750
285 456 28127468
117 295 390760927
96 291 560338067
124 403 900332441
496 79 164130598
455 277 405879456
469 454 218623414
465 461 895732366
137 232 51926055
360 371 495480035
318 469 417838549
463 110 58295310
302 346 316897496
416 471 507702662
117 409 604113414
125 132 83603917
497 198 119423695
131 169 861111173
448 253 709581300
364 298 750073061
343 342 536406973
164 356 781705116
274 264 149720313
181 182 861068855
253 362 411822800
256 340 982141917
161 309 594512920
411 225 607849396
495 412 256814963
10 218 670439878
61 97 566708492
132 321 912355819
118 439 497257279
125 470 775697561
396 418 414113091
258 40 155221581
281 428 926082071
374 187 554674475
135 193 987476181
21 36 789572333
278 298 16093508
239 149 993825741
123 499 123867074
262 122 575065040
31 122 979006695
288 469 544097997
306 93 326968573
453 395 19354336
107 155 73023003
482 271 458248158
221 83 826821041
286 411 696688000
481 245 474362705
197 22 484089973
126 416 838613040
358 303 542303158
415 431 748389450
463 72 721781635
347 358 930344059
218 84 904060092
443 451 44264
414 223 317607573
64 364 50015051
465 227 971839834
112 110 130467151
126 2 27444984
327 306 269873284
179 77 640527378
373 56 738484428
298 236 324620529
103 373 817196543
20 161 871732849
370 287 983298471
371 187 147309235
329 400 903977402
144 379 216274427
12 332 547408134
188 56 189959968
330 240 719258597
446 207 250992934
340 180 875965257
441 274 664461651
225 113 268216312
3 285 214027542
167 129 767030884
150 37 751841274
458 470 301894340
325 389 245989103
480 241 345055041
172 345 360449462
31 271 616630518
322 188 961097318
174 353 920916016
402 158 924312417
479 32 917844368
442 196 857827286
203 101 558384128
54 353 889345971
162 212 862540235
226 84 416383644
71 162 498181320
76 154 703388224
4 254 725487139
148 199 127251491
401 195 24782939
61 87 364969459
126 42 680861363
431 208 539811769
91 63 50928373
187 176 20668525
479 276 832462944
152 35 723187103
131 288 575038278
243 294 95941442
44 330 138556857
88 76 767712605
248 362 178842949
102 170 124900686
323 214 998723027
28 35 742692179
420 359 514262120
156 87 104804914
266 387 108601932
26 43 223230908
108 54 790268860
234 170 557894635
97 62 343477631
213 289 279396453
454 120 581859310
475 10 829599634
5 371 305525587
39 451 527339242
228 141 599425388
172 396 166804227
0 292 160847505
346 61 629858024
280 43 153396935
326 131 626890323
11 465 935643498
147 401 777111255
30 389 207815101
113 32 998298861
447 91 739420908
33 271 213814734
103 66 613699109
11 285 417051024
66 469 515023499
383 449 401957650
477 471 972399009
210 322 412035061
479 313 533142580
55 395 791571681
215 442 864839182
38 337 502555757
346 141 349859989
242 198 216337773
170 452 153813920
156 89 389676581
420 219 237349155
482 269 689624457
177 303 958721136
196 80 367488850
284 432 401959191
474 243 468033803
433 228 505522946
309 213 565631385
473 49 403086417
492 113 127138309
354 213 574286348
58 338 189078168
428 217 14060690
130 125 169725594
238 346 922405365
92 18 469240783
432 259 111917673
28 141 746788890
67 354 226940746
257 221 449644799
355 21 828948294
51 146 732489238
461 298 394867093
238 125 135866722
466 281 811373160
192 65 390043253
145 183 777073035
430 60 212284994
56 217 128861241
203 434 617616146
332 306 19062281
221 378 209123741
32 296 969763008
481 231 223202210
85 193 879573706
489 34 598969127
346 262 104668162
383 191 965377451
189 241 435226863
71 31 31613313
354 98 258407512
442 7 336197858
235 283 779626216
298 31 316556213
414 11 988530985
30 114 968007684
0 407 611264412
231 339 890181071
97 402 800684979
252 4 601592894
329 433 544049393
163 309 240053864
476 188 639421048
71 405 803599656
271 486 845737638
388 55 773020393
32 422 410021297
258 425 745675824
453 170 785220004
324 233 867792468
359 182 330755260
446 120 114706970
486 182 295142947
190 6 470977721
299 388 562290282
279 340 169678364
353 419 985537098
343 491 817314589
299 207 249822951
192 0 857437096
142 59 885369307
238 431 906626286
415 60 595983562
272 178 79796794
112 344 761766318
442 331 771890100
333 314 414572091
361 143 651520609
308 375 535455600
495 432 779392977
491 373 76418696
152 75 578821527
265 422 548202924
283 493 146537221
446 78 944548987
256 390 680672289
53 65 908415032
227 341 520148467
430 327 435394330
101 100 113236565
125 328 753508832
26 387 434492849
445 96 513609847
391 380 438138442
136 263 922818632
49 440 297769077
131 405 596507894
480 99 800227193
486 445 314863472
230 104 210127031
160 5 122636247
231 140 332446302
435 284 576101691
173 235 895763966
328 277 227253703
427 140 221910410
337 239 119058277
80 357 888511486
173 441 109683327
326 304 765590052
348 280 365911914
320 51 276381753
470 102 693746975
162 281 361619954
216 451 960785409
84 453 328858900
173 491 197428002
54 303 586065819
397 117 818424280
20 136 677707474
93 406 995195038
299 40 586018361
296 436 746061583
245 37 391374885
434 212 276194457
367 69 607361278
110 125 394682007
463 238 846978420
279 276 94813603
432 337 256042118
190 445 987879921
230 212 387027140
417 204 842732813
385 300 64351309
72 400 457649205
45 462 913600787
312 342 723614241
470 22 287349071
79 5 44303320
52 179 88328448
255 368 61955435
43 351 329022733
240 177 302796586
213 426 589456302
27 102 430605949
209 75 66454501
334 9 322556101
161 9 3284167
15 483 711008948
98 333 703197862
312 78 259026449
388 494 384170627
156 328 397632807
492 3 738885971
24 260 940355076
315 217 117459655
453 71 427479597
310 153 259764665
406 66 587710472
358 230 190316388
494 489 936304084
466 69 793227103
133 253 534303571
56 365 621956035
146 459 47672934
179 265 767663499
246 67 807426478
273 188 986932792
493 334 183571967
122 464 319894222
77 25 837552413
214 99 622744125
127 322 312140628
309 246 668536722
314 284 662415955
94 349 990908968
478 60 147910947
175 170 25734299
322 0 513254755
204 108 991114041
97 412 62142175
477 394 40013930
25 487 145480492
120 157 399505087
52 387 540800071
247 396 147147033
166 352 373944991
244 119 877366394
346 459 758431325
89 380 549775529
266 354 472891681
416 25 515151946
241 466 268122927
154 204 163459335
376 493 557516448
182 393 848506120
95 289 555324984
271 24 542492754
140 304 430976668
405 159 994320728
446 153 404474514
391 123 142104880
156 282 775047295
94 487 560248721
417 10 904684507
485 21 772589582
416 139 434936599
240 397 935950988
428 221 946366689
257 174 15064621
402 484 120988132
137 318 913436296
393 252 533241838
100 165 581913125
63 356 794595873
368 459 106920637
447 470 976586510
490 50 58400557
200 453 163271405
119 438 936013622
306 3 193395213
298 120 624484484
62 344 272750999
372 307 211051585
485 160 278880688
42 345 407303105
155 335 917497486
211 0 865330301
190 394 607455270
183 142 798386302
261 412 126020337
101 363 962639038
83 229 128333493
368 16 938271292
312 66 920954991
205 29 400252802
119 19 335820781
391 293 491593380
370 323 173619634
89 403 309949853
252 170 132950226
335 0 320984619
244 212 132670399
483 208 568000912
298 293 664857639
56 30 739227543
247 35 273117800
260 271 75503228
490 18 6871503
126 56 733873848
170 367 201521758
123 334 319616722
88 430 196394267
99 498 761933677
112 126 84889099
351 492 562700336
325 247 171823879
278 257 955674595
187 314 45038334
292 85 695139288
324 476 346843884
241 408 977697768
316 64 616633497
207 389 26142312
473 121 226814386
231 424 869059829
181 79 338520645
243 210 632620709
58 482 972474691
220 457 648806637
169 198 891817046
103 170 171396013
312 36 251858939
124 252 398227561
375 72 247140640
115 50 977994091
203 478 503577397
61 455 720787115
312 339 97236034
257 451 724170623
88 115 387840593
341 239 471098045
449 129 556390438
329 263 885327704
239 462 253006806
74 31 479740240
206 237 788185583
330 20 419325132
441 202 693070889
389 375 162739414
223 305 380905152
294 213 110856013
322 210 389026934
29 318 208725511
397 492 704730045
27 65 947846007
13 264 481407795
262 330 886184164
0 306 50868445
462 390 254699291
496 282 136058041
344 303 126449790
294 374 822707953
42 123 256298941
157 27 752019814
446 490 373432491
281 206 72049654
396 445 575002982
452 302 777919062
39 177 19015283
264 415 407902420
435 98 346468444
498 349 587087690
361 450 560157000
37 50 763793547
177 397 763660389
75 0 243011368
145 12 89516446
134 25 848618823
148 139 630118243
394 419 69335975
108 493 590337005
385 68 275452820
148 145 825555017
492 438 471265017
253 3 660733931
147 83 628175557
27 104 278563644
88 333 887064276
410 179 830133528
109 62 724791101
405 262 471283234
23 356 395681653
182 445 323756647
227 10 136557072
252 257 338295791
453 455 277421676
446 189 226810049
292 208 867579513
150 261 648031263
24 388 95086562
145 418 588667049
154 63 107038754
306 252 410477047
165 70 31261307
111 132 982883208
263 341 876138372
381 131 105829598
297 209 769127044
340 196 756142224
364 27 605882535
12 453 978348817
463 452 600463418
141 234 617809737
319 211 601062620
218 281 363750889
121 477 350174303
93 480 18433070
69 480 765363661
375 160 468760336
163 221 288175115
392 219 73346417
494 226 691496999
225 433 669475331
454 416 230807370
434 142 9698953
190 10 977688142
102 472 630400488
83 291 344915444
341 410 493524957
267 10 955649377
106 182 754924986
278 126 150226214
400 479 404513801
436 481 639300886
480 494 862035281
136 220 110097135
384 349 153680396
38 35 811831860
305 202 936643919
322 92 831575609
173 301 168383280
187 395 750955298
418 428 381629085
303 488 313925373
37 8 330512805
43 364 579083922
316 99 312610381
313 0 306339670
53 298 318655330
276 446 95019774
402 36 610932440
283 375 179177793
479 253 761128254
65 413 177900225
415 385 47137511
13 413 472531000
488 456 215145001
367 49 411572226
494 109 8604752
297 162 304921162
281 117 742631039
251 399 424251126
13 352 291529493
37 429 71156925
82 179 336634114
92 371 189868332
42 434 613593416
400 262 414425713
139 318 231797660
112 439 847656842
247 242 464514582
170 443 302452516
64 432 351336317
478 219 949397432
203 138 197945563
36 427 627799176
141 403 700096960
366 208 349635132
349 174 716000394
76 488 761687553
101 454 911025340
359 416 709385993
426 49 767468678
63 75 230451022
342 151 889886281
23 51 946705187
24 451 869921277
57 268 81792910
228 120 594583046
117 166 570621964
220 200 816167234
387 252 991331446
424 60 573517673
25 244 724075884
404 475 210825893
75 371 137786314
144 458 936036920
206 186 50356537
389 309 759036933
325 326 63545959
39 190 751552808
417 279 78234343
464 371 367265713
375 256 550535408
224 95 395724619
138 222 807239776
102 459 977589652
401 333 103052056
249 57 268205237
214 122 96929146
321 309 193009241
341 401 302588847
80 348 231825149
388 450 219877011
221 47 244834431
443 474 488414921
188 306 611117342
90 152 327896371
17 98 161576662
388 150 909981321
326 159 944256957
192 391 589026818
441 354 810951206
468 36 225990923
449 219 619896274
47 348 981096814
211 463 340938403
410 388 198297379
168 460 25026339
71 181 488336317
323 334 625536624
497 55 329838472
354 306 768126728
140 443 234325539
231 494 285561744
434 75 442078531
275 286 573711666
450 410 832262147
334 72 195820004
12 368 240157299
239 268 308457145
336 399 840101709
328 256 325858070
417 399 283263044
117 103 894491902
289 258 245861126
191 353 438414936
491 244 116587935
126 462 931108506
416 44 6633940
199 353 630316115
169 278 581843127
6 409 893419414
118 491 763223084
117 313 114195096
479 327 441103865
448 42 224117287
403 369 831870968
215 107 736115492
492 206 612979680
16 258 303605799
423 92 776315014
223 18 700070559
106 405 787365320
350 342 810099859
470 441 179440858
117 74 788867231
121 189 75091863
420 365 350954274
363 202 701191069
183 370 688635388
52 210 489545403
209 437 426177413
415 372 443662075
25 398 823621604
399 481 789685987
479 216 230514631
415 430 333030433
177 16 488481587
95 39 206732941
364 452 133659544
247 91 268665566
22 113 697208329
63 486 468399523
19 51 753212010
11 233 668373903
373 284 985593156
342 199 604140668
28 234 155049948
465 325 582334899
63 190 600503732
139 167 590076998
342 203 345387699
202 264 216539378
404 146 226886044
44 105 534232947
3 296 491830451
378 168 961843994
258 391 698792665
260 144 931743820
251 170 447094482
0 59 666502116
324 496 529520726
474 133 536373598
150 327 962923400
492 479 230337373
452 2 686298170
17 10 436676633
420 137 863273708
373 428 628514365
74 118 602369432
198 414 53925946
268 67 118569168
233 193 300243103
462 498 841251222
142 60 628656230
439 260 71708905
370 491 832504013
214 196 557905571
43 365 665295860
455 263 522015140
381 277 13229167
267 203 791163916
409 316 247758469
220 397 22806448
404 31 783478302
6 90 241199815
312 260 590913657
28 337 775915557
462 240 590860614
28 462 297891464
306 308 467054644
249 197 982956496
377 283 395069806
341 24 389491845
125 194 83496877
144 185 657334530
58 180 614884278
78 319 452224850
296 185 506595487
88 186 695560926
313 94 481350492
203 462 990023747
456 371 373928326
176 473 415943289
124 227 181317312
332 115 650496904
445 83 786815084
134 100 389470924
222 202 127859002
392 37 461871942
391 407 518891891
305 106 316060814
188 319 304884460
447 150 986580781
196 263 258014136
471 391 530504085
142 258 72316298
288 183 3829643
115 250 755645137
113 37 37594849
81 327 243241236
448 419 80093037
350 340 953268037
253 206 407222652
82 18 215767075
275 30 634823850
133 397 183528906
115 151 749379931
96 43 245522210
280 11 445378817
464 323 575274691
369 105 486094652
87 265 465357276
450 177 575019289
60 340 272285315
471 289 929535492
44 160 704376747
420 366 374287696
239 85 207695083
280 380 307751303
317 11 576837361
217 213 350066600
271 458 524201842
289 360 701584616
5 359 158402790
179 371 857972268
68 313 194535338
128 309 900590261
458 61 829964419
235 162 500333123
180 23 188575438
117 320 592066049
349 468 587411708
315 105 125514754
11 205 959907456
439 220 904864842
388 312 119435527
230 19 610073878
126 146 182721827
100 287 917837304
10 490 554357511
181 124 13924989
478 236 190169030
138 335 678201799
381 171 571518563
492 138 213876853
284 343 381330825
55 349 435205692
476 85 488656833
332 472 27772308
131 201 832183792
35 86 751597529
26 46 68233201
359 279 368846075
385 436 771425670
104 367 908539014
441 212 13887977
218 380 787001675
350 135 526250984
97 83 748064209
69 37 208290798
460 413 616602671
58 281 885246767
391 5 923355306
420 61 783885748
398 13 176033090
496 38 101193652
308 276 584180293
103 318 264541174
210 328 501855739
386 95 394198496
273 322 671068570
96 206 562617826
368 233 485133381
43 363 324312219
365 394 901691932
210 143 958523211
474 208 1820065
117 236 193231854
118 368 272872074
360 289 107438802
83 43 269159643
19 452 867508148
422 480 332795652
246 347 194096356
264 121 301985715
0 1 570902483
460 129 216704145
145 21 518422230
107 83 884931381
463 446 725098912
256 246 903016335
92 391 667800973
68 3 456377021
444 118 959823176
172 352 909177479
419 211 635783993
493 182 309293131
55 229 703349419
202 191 834850886
101 372 602560259
110 169 890175478
20 444 58693653
332 168 579715108
486 450 789957265
117 487 369142663
252 458 505124353
247 44 385735541
404 486 344962321
173 200 359517241
213 114 4923683
65 322 622621501
44 449 4139979
410 161 37734228
297 115 553491238
459 44 556396132
368 360 736248359
150 213 854513957
168 256 902368809
140 91 665909340
351 250 820692066
431 388 512416475
314 306 14926567
490 268 124925210
15 0 973479549
198 216 191653649
112 374 254976365
441 421 347998609
231 35 351039862
441 491 948932594
494 105 309086161
340 109 73325350
445 308 425390537
327 366 84274726
488 158 313307606
35 218 516657452
144 91 650890365
350 127 88961265
181 433 680740926
153 383 857042002
202 396 341118876
335 64 879487740
364 276 815525509
205 102 964887238
409 245 398798921
7 333 829500993
457 222 343584784
104 262 71934198
79 230 743763119
479 129 852729431
471 475 427973301
91 325 797002059
388 364 766412675
444 108 336225721
272 480 339313041
419 240 273111049
297 142 831837174
248 378 751640017
402 467 487922596
322 151 877395736
429 484 906216281
404 308 443198318
217 266 878676245
366 25 467501039
100 269 751328636
41 386 456453066
112 101 242218876
330 243 600637763
18 399 676608447
46 295 941095090
395 27 333312597
108 382 659641307
387 104 881392551
34 90 737384492
135 352 629853409
215 432 821222020
461 417 2018804
426 180 727634833
216 378 751865119
325 454 141926438
227 495 526025423
28 216 15797606
129 157 610316589
209 169 574015965
443 262 159437533
280 19 764840053
387 257 729287107
476 442 604057894
7 22 992948748
156 75 434599259
283 205 365025435
319 301 403248102
30 266 333334618
287 119 926388312
317 72 859017774
202 241 764733021
485 349 53143958
417 169 19428881
236 202 790454438
18 308 282453910
91 404 98260730
249 64 530944409
19 413 920931543
297 220 53896906
360 104 713859768
228 126 983170734
111 490 748480651
305 234 624575671
141 60 404401461
118 475 29948620
87 54 633348716
145 45 889845784
124 7 717364561
160 47 178372962
475 57 861169051
211 69 768251597
66 312 248509882
20 242 751141958
494 392 4531098
281 204 206774396
366 204 688292044
177 69 358147036
336 283 248934794
293 23 658211442
280 115 690049531
11 49 744108572
298 51 6699497
272 143 59012756
460 297 741645579
323 78 508113319
86 239 745507555
168 488 715288069
430 210 764702923
369 102 198078545
466 239 396853841
266 351 937114002
382 42 495521915
478 481 559842644
223 101 204586379
138 488 117072209
299 9 342140368
25 138 231342861
452 478 775510056
254 3 591188252
498 425 317522430
127 77 100997466
79 320 255650453
341 123 188137945
215 425 14760541
278 209 123075609
78 140 451740638
362 365 335751729
356 347 56206146
186 327 286054466
247 379 52411674
20 109 89956492
357 238 716670351
438 365 782941406
393 192 306246158
373 180 31208897
149 99 739595323
434 238 54103477
274 482 341526516
340 443 676654378
407 2 446646769
282 413 838755367
369 61 672355447
78 442 680252757
46 303 87257984
176 367 965766543
448 423 300042887
349 449 814981414
197 343 506959263
136 293 359020113
306 114 209764846
333 162 618696782
142 70 307558335
234 270 463283266
472 206 479100532
3 218 581998396
374 273 668628910
342 413 472864455
207 437 91986946
161 238 723457409
209 142 497395612
217 171 683376430
250 180 629294666
313 137 958121284
468 270 884976691
487 319 117784481
405 334 118319548
124 127 884107940
21 40 829258976
472 489 136896754
155 384 952409149
176 364 824976787
404 399 160314493
238 418 63991932
256 335 210259621
117 299 348690912
172 440 459061370
248 75 981770369
266 196 984552924
253 249 813106110
366 15 660804122
304 290 626377561
3 341 90924538
444 34 995149362
97 36 701028326
233 234 350945391
78 196 667781684
151 469 866335863
38 346 643081206
211 199 585662635
132 9 651818999
419 190 706854718
177 356 14905356
411 449 103130471
436 278 537675695
384 368 521193410
148 103 328237404
91 356 92847754
175 453 507247802
388 8 839071692
227 358 240833248
447 334 726270887
370 379 180786263
299 263 642530748
358 189 921696320
421 63 868069623
333 482 202352367
194 239 754981877
127 344 756140557
51 106 635406380
241 53 542119186
202 346 77767353
72 126 326876966
488 330 238797731
469 431 176587711
46 307 997562438
455 368 850131581
427 66 535461978
402 494 453718283
82 308 162498229
388 389 621207711
58 159 300802497
184 289 183858881
1 441 82834646
167 299 460137577
378 198 621465224
470 270 890436485
419 49 250587803
8 480 232046010
461 230 186409866
340 42 236178680
449 232 681532801
313 109 313197573
422 429 420956751
167 404 950741359
462 99 377218089
357 25 697546843
167 153 607186643
118 90 529834515
23 2 27872616
340 384 408702492
219 364 724217815
442 412 892805922
293 370 998674090
216 397 508889404
262 485 325439279
264 66 379139680
340 279 895976098
223 52 731926725
428 477 349674913
54 334 925863711
143 415 691483236
453 280 594935495
396 108 498455134
480 23 36626974
212 230 328808692
410 303 204896704
415 251 689958529
362 421 183213480
470 300 859473182
437 318 618260386
360 157 794725828
245 337 548227187
445 195 926142217
137 106 337081318
411 81 283666669
340 93 978915254
140 482 444868352
97 495 50469762
231 435 311603405
143 325 354055933
472 461 404881774
298 401 510393995
290 224 620884803
262 60 241980232
132 71 392621134
39 396 423170924
440 396 958471272
62 488 980646492
170 4 671728269
284 307 867935767
27 98 413705409
48 409 477332798
442 289 794846422
250 497 599614122
35 50 234347202
102 394 799884994
69 42 167959124
139 369 246427067
100 24 341697179
299 271 514990841
68 303 401612722
100 84 895922992
7 283 199936011
83 329 71511629
79 183 601652701
479 378 126665607
245 481 427829943
121 250 726285685
126 221 749761848
314 246 39631410
197 149 442253802
334 44 415057427
332 212 394143631
341 206 200496035
133 155 724808122
68 233 56958624
343 50 358733732
481 389 334289253
333 239 403708186
426 397 751844301
488 312 255038604
159 122 218561606
305 163 971361710
271 287 350824434
59 286 334337436
153 127 513871018
315 362 171604008
425 335 537720753
199 186 286671316
96 419 885542444
425 234 569153095
427 246 945551307
305 5 93762823
95 457 955341159
438 162 383811068
416 482 826908088
242 200 991927873
488 248 823762944
64 411 731938741
299 192 93100190
277 377 495347999
443 281 958445844
238 337 722529121
384 137 831869876
27 309 183951127
287 114 646205099
418 233 504904622
4 27 202589264
232 124 210635277
399 467 841405314
442 148 447880281
396 86 593773365
144 15 462418855
436 264 801864090
195 287 723909595
32 310 570008868
408 133 313846481
90 237 754686911
354 206 370462440
58 91 582875388
433 112 150229383
309 494 92439233
205 63 896635845
460 473 700948932
92 317 483421915
304 180 304775702
127 234 427163430
18 418 420909339
442 255 957982881
490 37 217332672
191 383 899873124
156 388 423962696
242 190 899857010
472 14 790641410
453 466 730744387
10 413 918117996
293 176 178402807
107 409 352726869
131 20 862981333
478 403 425129164
60 372 218271937
248 32 763558285
264 234 213434119
0 316 687186840
46 369 473210367
5 375 409440574
368 445 594871022
146 213 611300513
236 328 359609020
16 37 330700395
151 3 545887966
154 174 488026551
110 183 397073865
270 214 407916211
217 161 795587959
99 462 121980446
206 340 573379871
308 335 486928195
187 357 770471390
431 460 287457778
231 220 902171031
86 343 633643516
469 388 644359671
463 239 30504418
471 23 456728389
411 306 621372294
369 117 80037081
471 296 234546668
102 48 107814629
149 167 31170625
262 206 523293727
107 366 281456869
136 458 635363043
489 45 106243956
109 16 55339849
439 192 415210177
247 61 519323321
483 237 882494500
175 29 739938195
452 316 312774058
374 367 869525796
314 215 227998813
223 394 787806065
210 102 432595665
359 40 3048232
189 495 6433000
249 411 187398306
499 178 12007321
124 107 299116432
23 495 142976442
285 367 65303523
79 196 921650491
54 233 995945886
473 161 133124947
38 72 380106011
225 464 695934379
155 279 957589995
350 455 717989614
249 468 556891090
476 145 152031266
229 126 438045372
39 386 798726835
421 451 965637799
489 294 238460634
213 57 39281560
451 263 801626264
478 238 72572147
204 429 875095862
193 28 355258779
62 306 481124958
128 267 186296782
273 373 82944743
276 84 588122831
231 353 944743046
422 415 866855772
485 265 722833003
69 381 834069399
401 442 564627161
238 65 387592281
100 61 257636790
184 1 950260530
186 470 566691289
378 373 662097320
263 231 601298776
185 109 11233204
237 325 687770931
123 255 502071280
376 313 20755224
182 295 81747485
221 285 438674653
438 247 529953896
431 425 15686930
413 36 587094129
322 333 158027128
142 155 116360377
336 22 816439925
480 145 614302325
1 26 848860461
312 224 130216305
104 166 792146912
212 181 960064434
389 310 646534332
428 249 857062158
478 233 85080161
432 343 591507868
196 21 388633893
158 185 366888130
395 375 987692562
400 206 440248198
183 11 95828394
358 270 400622457
193 495 938964229
35 107 133710149
32 365 946431983
351 5 595821962
187 327 604848879
480 454 215208765
462 79 625573081
163 319 244047057
271 90 640661327
204 373 833162166
100 177 550753632
438 128 161282775
153 430 195322357
354 3 923760750
66 461 483787305
79 313 391608034
343 268 825647458
17 396 335140024
391 260 964157817
181 454 329948813
57 104 733504023
103 22 283637462
314 220 120926524
279 319 129522469
316 235 706514877
468 184 60139778
484 27 567359890
243 23 664946866
400 71 992043099
215 414 882624671
245 494 42983001
315 182 363266112
341 33 989791086
304 24 616104835
308 207 333890608
28 350 381038829
10 312 553408334
48 226 275716036
48 456 33450512
38 24 192214751
239 77 204250639
1 461 314328863
190 385 947761873
321 384 739544796
364 422 978105894
165 170 433897964
246 140 168502468
380 13 212310652
270 149 90932553
52 311 176249002
353 425 849978981
450 475 590499067
306 141 525149755
433 231 680862670
176 132 495956391
247 304 155350333
74 190 208776057
129 216 183210101
413 299 734379469
179 198 766119879
293 181 935971356
205 289 86627451
414 214 904697214
108 458 151880211
256 195 468282347
121 455 928856100
376 460 440565417
180 465 750260464
263 23 244933730
341 363 728588826
315 64 697454369
127 146 534318391
436 74 154329474
162 419 459969722
307 298 523535408
210 195 5966491
140 467 838307199
57 167 994176717
431 214 694893645
290 449 868804848
112 120 519874909
96 426 352556505
23 420 536546957
478 254 654745789
192 333 381768631
460 202 883841954
311 356 895138785
482 130 989444181
9 57 221884062
388 123 819950624
492 29 126852723
277 494 776997460
111 443 52249801
358 188 610779766
384 80 866134824
388 461 729624171
476 248 811874065
163 301 858878916
67 242 261154712
375 123 482322778
356 298 64847883
334 1 891903313
7 491 982040924
142 327 812883052
274 288 183516726
235 55 741431910
182 50 142221136
486 310 254030380
284 491 787444611
239 393 870582617
152 442 72268565
419 83 810327408
422 498 496669029
483 422 438771663
15 244 402361244
87 474 463935987
208 278 349918721
369 265 733863956
210 314 354580848
93 372 850803995
11 391 498797934
491 361 523943824
356 135 120996741
208 309 669539187
171 277 243045166
167 249 898265631
453 141 407332738
214 183 698209911
58 416 640864235
410 278 927132288
469 404 563460072
277 172 50708144
469 390 285238609
404 463 826169525
396 454 848945879
282 470 639405144
250 309 57396721
80 449 405841439
19 334 975106577
456 299 595513844
382 363 995817940
195 449 699739438
329 294 563713324
439 346 512521017
151 233 303630758
441 382 366551653
8 389 844531406
398 152 707812273
332 247 941158703
212 386 166828931
196 4 445346327
116 92 349712438
452 479 568400573
2 264 868419208
150 446 100777694
60 237 959674112
279 97 522911421
435 247 575073698
256 243 706176734
264 375 869281866
403 146 924023620
439 253 373042404
391 231 813837520
436 64 113082454
145 113 248886343
347 388 41598007
42 62 101770914
199 378 757225029
485 23 574714837
257 9 997646258
201 324 876648725
166 441 959850798
114 387 949890953
328 7 954256440
49 462 557079373
117 55 741608579
420 207 552707087
393 181 97267572
437 259 718456087
173 478 62689588
492 287 451341638
213 190 270904045
212 86 824832267
476 465 614045818
355 451 348719420
388 280 6897596
188 71 176093823
304 338 592170542
96 84 891693322
307 44 597597842
7 183 886652200
144 47 108625842
115 212 381338941
81 223 403098903
411 110 919614821
469 119 707051253
58 29 649130342
394 351 924863128
258 92 68464920
218 299 50027428
310 171 479389721
414 387 165908852
385 18 214459064
87 89 84038385
407 387 323853016
391 459 894384887
236 240 439103910
315 198 32921030
481 219 374197632
178 33 816399504
207 180 316248340
256 108 255631920
450 132 953351469
178 83 923293281
415 95 162391494
489 227 666525915
455 96 670433125
69 409 630037867
229 379 553076286
217 308 906313399
91 176 314576038
224 333 498007754
441 454 177407374
473 23 67141576
184 235 320231182
108 8 78482966
172 323 872217867
105 377 565016889
110 45 444814665
287 330 366574191
5 13 114753027
135 376 482492277
252 339 911330248
474 314 139152987
82 261 5284605
270 450 478188278
129 62 22048820
324 15 228394006
139 415 486985601
270 384 878267781
465 161 106624670
6 412 522730939
279 258 52659227
27 497 957757638
96 215 677940819
265 437 978667800
463 430 220334547
150 198 997204069
289 382 222832032
2 94 26011887
192 320 689885245
119 115 472286107
417 209 446227272
251 456 334106419
85 151 151270497
158 346 491053852
301 189 179138661
432 422 890691785
200 85 873755782
364 367 247176639
432 439 911603121
101 173 105417312
491 395 944600057
49 232 21260987
295 152 614356414
167 498 490568585
273 78 61777493
304 55 391982314
237 243 294071412
407 149 168156903
372 276 191050267
401 182 463499937
357 293 148650832
241 23 942447913
172 133 528449660
180 193 705161424
346 144 452715391
361 74 256419411
168 70 71984943
357 370 184507737
311 451 931400182
458 435 312285874
381 95 29020349
8 18 974098239
21 370 68391134
97 262 116082434
45 438 178002213
163 8 571654425
12 36 652695303
106 337 878850876
375 108 591628685
176 262 259921899
4 279 921975385
435 404 22222034
54 172 144052822
1 317 478662927
80 112 858294242
105 409 446671759
20 172 255651230
482 260 367513647
326 124 94835190
85 469 899424834
208 403 832123744
323 409 391447139
105 229 862307316
315 383 453631420
378 51 429543764
143 24 695380162
7 463 918477878
496 441 792590135
139 155 211347308
81 46 633438093
390 288 781792649
319 99 289947558
89 272 500970813
129 6 961534391
256 180 495138689
436 188 698649277
45 454 497394901
410 438 503789473
127 367 920895521
322 154 814066002
150 142 662475526
100 376 57148442
402 118 582542169
197 484 198840747
302 205 582049906
416 205 406104801
114 109 25648076
209 214 225933563
243 21 725152252
221 379 295995587
353 91 396620272
445 406 926558650
251 391 330417206
21 57 412852157
72 44 854749834
447 428 757222065
164 318 360970507
84 462 4968243
27 407 219124134
276 121 775022967
421 181 487778398
91 438 140186391
287 37 742050874
300 283 35736721
2 470 706948771
201 325 767543619
199 184 87192120
326 230 622341646
170 496 160385894
293 332 783335901
135 304 663198429
280 250 422706399
392 349 822696493
308 279 188422698
245 315 669683670
208 91 467399533
301 0 234551741
158 179 871845784
178 402 629701659
378 374 823627720
314 398 814948176
17 70 58522934
55 368 740222516
432 326 521935629
124 393 736297895
203 63 906720513
44 477 900450613
123 41 155002501
465 312 110480890
362 450 992303208
15 478 809261128
384 375 677020682
360 136 887608053
473 84 423044235
387 186 581164706
167 380 89235586
444 63 517210711
416 388 713557677
432 127 183171042
222 376 833711133
40 264 107796525
300 197 820720420
182 417 167413053
450 419 904664900
461 429 511102790
23 327 821467881
107 153 191271733
412 310 75461090
496 295 366760314
76 249 875629067
48 254 23487804
480 387 143272024
385 285 372369518
367 33 92712664
341 394 460509703
95 317 658716074
416 301 207822947
331 135 143021635
436 231 235957625
370 101 807117917
319 468 774432313
270 153 548184715
450 485 994622195
143 168 41618601
359 191 55567252
198 274 616478193
325 68 771843861
250 82 236987883
74 52 58524850
251 145 654091895
449 117 493861251
246 376 308635281
81 492 182575567
114 353 378869145
174 379 999814360
40 291 17644819
212 94 557212097
185 399 947315482
272 309 622307162
415 476 663393739
4 204 221542406
16 203 173205964
177 112 138642827
489 240 799051889
305 347 263007216
30 493 136537322
359 466 888582024
58 392 225609341
357 360 969793709
144 448 687119323
288 92 680971357
48 193 646918283
300 497 813691721
202 464 954035844
92 315 21117841
393 158 628701758
408 354 309717441
429 27 683870871
266 211 276111309
240 36 95250851
413 359 706973956
330 115 935609024
312 242 161993107
115 399 161461736
318 446 694131348
327 360 864311648
134 71 320969158
137 235 955088836
184 114 511963689
342 345 708169942
231 111 55070680
163 13 875620421
342 286 857371889
165 337 207780345
227 380 209604016
114 17 171210746
159 124 453354829
473 269 725562962
312 80 935005608
257 31 316289236
17 118 662896656
39 185 914666856
266 335 633492882
475 312 703915937
327 428 831013240
271 214 79736153
81 419 38726630
487 42 950843628
438 216 255530052
98 75 750251673
188 480 283887215
236 0 953135159
197 333 562113877
394 156 622845434
313 361 907629261
7 270 261840208
484 183 865833557
293 220 659372668
56 174 392624791
394 153 782565004
204 6 122952963
118 310 344465343
194 378 106967788
157 101 703808158
414 409 475826408
396 89 436809222
286 432 186021065
235 344 968734278
149 69 313392024
278 87 762261911
443 481 201467815
323 99 955822481
463 50 248720163
396 384 250951985
377 154 920738049
185 416 576673304
172 10 881011076
174 191 417755043
371 143 87585963
460 315 234784786
468 84 21253704
402 139 816023954
40 447 112496054
92 129 319736261
441 477 168511882
165 426 308704876
221 474 146011957
70 162 355504108
99 258 389194341
20 482 294317222
424 473 430859765
2 437 174747811
141 165 369644934
4 282 879617441
12 495 500438975
455 332 198305624
12 227 64050192
489 20 585539100
208 61 565735706
475 378 516827067
398 388 709672400
12 27 800990109
266 382 503849550
276 198 290179236
185 289 753164143
306 480 964150983
474 329 958546118
427 146 470997118
97 281 242068337
454 193 746198168
389 187 338256743
232 491 568758722
95 193 699207889
225 159 448473841
183 38 292973197
160 492 179239153
37 30 329473177
273 148 448255650
427 32 846721303
240 456 20752109
75 130 830902384
68 286 554510335
443 256 879498032
348 478 514529362
291 91 335242993
131 487 769964926
499 245 897747204
62 419 243780363
191 494 487694315
126 98 242270138
437 293 191211331
391 209 319905227
334 260 930856491
354 342 779042381
362 224 497933184
376 496 609523695
26 102 886452712
146 170 654901621
402 29 353617187
53 111 310226333
178 272 278693804
105 249 74924936
416 266 414554622
54 221 435751926
281 292 626886982
219 329 90339438
447 393 444977357
359 43 527243455
206 147 494882838
207 120 120154380
287 179 826361177
260 414 792745838
382 199 198660084
94 103 34186817
239 212 524713418
124 118 304715905
483 218 470637344
380 197 292088642
264 142 301526343
185 378 296310276
8 15 855722607
198 93 844627325
317 270 473478227
428 276 507626367
436 35 140750586
79 34 595669212
84 294 624682904
410 474 592613484
210 79 959248860
168 262 335463152
381 481 616585634
158 236 980450702
440 287 771592625
205 248 233753400
320 314 499541833
481 123 903060752
84 181 964332924
148 211 938529673
302 355 858342869
13 238 68868945
103 83 976888597
243 271 750742388
186 168 788943228
163 452 452493380
203 304 346628743
344 170 2184974
412 303 667499347
186 364 271664506
163 348 513945444
89 300 254771290
142 473 332138881
410 212 731269763
48 6 492024215
165 157 993000302
171 211 509766299
344 82 969718649
384 41 215747947
362 126 512132545
486 484 880315029
129 255 357265561
4 441 638338735
73 116 770888383
278 253 460382924
219 251 995600566
359 70 455597276
362 17 613729478
383 319 723636317
177 116 757097924
43 285 603936284
269 42 863208322
440 444 98526895
100 467 63891127
125 416 27644474
449 253 645782187
109 484 125012651
309 453 368609034
363 339 129023081
164 469 465639026
338 385 168012383
121 1 433172296
480 392 407416905
444 431 826061718
115 102 819865947
59 80 616035917
234 175 110618169
491 7 599249716
105 150 985207340
185 296 945455714
67 266 425675837
322 413 254972364
153 375 897597938
255 77 394638992
169 227 896865750
432 178 13109124
289 95 79175184
119 62 995143018
432 17 991166613
249 237 921085861
287 140 980575134
102 207 871142789
375 1 783972552
434 293 799563641
207 228 473323712
284 98 950735450
456 189 471594180
347 412 738780516
3 294 632704909
322 311 847948656
37 278 940165910
257 170 269366808
299 110 481263091
87 400 836134738
349 276 882696965
326 467 747173366
382 462 543959105
271 408 430937584
243 345 330295971
305 88 794374769
67 207 997089880
214 222 705659806
308 136 997883781
334 207 297491378
117 302 266166926
365 355 869592063
331 47 402895253
427 89 516793805
343 393 635582219
233 262 814374102
373 18 140066760
189 36 540216211
488 359 258359987
459 421 758854625
361 217 102336694
337 184 547893575
439 259 613955788
16 363 705534687
465 468 350111110
75 23 200060280
281 362 505660292
339 405 141669556
240 371 51514488
258 313 355304812
333 388 101626833
432 97 939269953
1 98 611045323
47 37 401056180
57 353 126000499
343 133 327287978
440 260 829456637
262 381 319504044
154 145 166063448
495 113 821274894
62 155 77877751
300 44 946325012
95 275 510321225
31 4 235569888
111 108 369076689
195 460 341466659
216 187 173113292
301 188 41125200
479 326 513721352
55 414 227547265
44 429 591622172
294 93 654102447
352 8 374633352
92 374 332060055
388 59 90429816
13 99 128980325
437 233 565800582
435 331 184432639
321 193 851372788
472 471 921571491
461 109 892138087
298 63 644726784
344 408 868472805
388 291 256325948
128 164 385043211
37 477 880780602
347 421 884325794
49 461 904676210
431 199 158853200
344 94 621459511
488 489 785541582
37 155 424083646
356 38 735831331
471 305 75572445
271 402 15547726
101 249 983965797
45 334 852721128
259 31 584777906
141 80 174593689
181 223 405688579
323 44 788768587
449 24 299827970
321 77 500360040
32 74 440346277
435 449 856426911
440 455 440707956
158 412 302550408
439 317 246462022
163 213 92173847
354 417 911272596
297 0 997084198
302 193 620711678
242 434 365980753
14 144 901583715
311 139 241871751
216 486 412105433
265 243 338293275
251 490 786332347
423 55 298888760
356 202 100075763
464 45 994261235
482 40 786823981
367 208 634702294
478 426 305360148
273 210 432954115
243 352 713038950
414 479 993228576
300 160 542919990
6 23 527531854
89 197 373252157
299 231 270936445
211 134 385861776
232 407 727101421
103 276 686076629
178 274 488783909
278 189 361652169
248 140 577601021
225 49 866748706
31 64 163407482
491 389 798882015
267 202 246303659
336 328 59446751
351 426 258134360
371 59 101463957
338 406 792796074
328 65 164220816
391 468 523353629
328 51 124945984
17 253 935865061
109 210 909035985
213 291 868825580
22 90 380888903
223 191 94029134
68 295 764713115
447 449 539125832
291 168 538606892
68 409 52076250
485 474 12962814
38 294 999131559
413 471 495851952
99 479 690048135
164 8 191839012
78 89 927836158
277 245 860613712
390 355 21697158
187 340 358906897
282 392 423263843
464 318 172808484
172 0 175692782
206 496 912790015
85 179 715518441
39 337 657100941
360 22 885919938
313 267 259804246
187 334 284908090
387 323 252776326
223 465 651870677
193 29 193201554
256 135 296445788
18 70 373557776
181 325 262226563
261 421 439505125
363 392 958636113
497 366 960087518
147 298 866291825
477 374 42156945
414 372 965569664
381 271 552552356
242 332 626494660
205 264 346811101
125 489 673706623
224 485 541537904
229 143 138587454
49 275 666129214
293 1 722231014
202 358 21092923
213 112 244354102
398 5 741072007
457 220 444551169
54 475 836134749
203 61 719085097
45 254 850098576
6 448 173116297
39 345 634398287
293 70 653672330
122 439 269968128
43 124 517701519
259 94 351156576
271 279 251050605
422 140 832948372
398 377 865735336
399 371 628713821
106 478 388622004
175 65 506065271
154 257 326465043
474 169 451202530
30 276 60278674
181 351 894743250
152 266 606197154
216 229 958346269
160 438 749462671
182 416 236262798
403 264 875594486
390 431 40601523
484 283 67157501
303 375 920999383
73 114 296096391
484 482 99895393
147 479 166295200
300 46 483379422
272 437 214740584
177 204 559699824
244 312 477769332
43 140 791815982
314 430 867740596
29 113 653072981
464 248 217517363
175 280 574577091
268 224 460915248
329 447 752450934
65 266 886594417
472 51 297076788
486 434 940675204
252 369 413756410
342 354 122527367
267 298 420568970
279 111 57541747
468 94 667565873
384 232 9155421
173 362 147044156
44 6 545774286
261 471 202456500
344 411 194108308
349 175 590561688
106 235 976268916
40 4 55207440
217 277 649784747
464 384 660675337
39 90 21889111
83 314 15998943
145 339 77669177
173 489 247777330
244 159 477799687
403 499 39204013
354 29 912846701
262 181 968749503
1 482 4733407
70 213 985748297
299 399 784407943
352 17 85857710
434 140 590407312
62 266 202015175
145 119 103195117
370 428 166681524
15 129 158504385
421 86 865769758
217 72 42800962
439 66 51627492
37 100 686522194
268 254 120766617
96 351 564936452
463 432 135904104
32 40 220434825
65 111 29448441
83 10 793193741
40 117 258899014
176 61 46843456
246 34 764261454
213 384 6317630
463 188 292203165
299 306 398561889
155 344 239107796
181 119 409314454
211 438 266458669
239 172 573573627
10 208 67614070
232 185 612292222
496 60 68033272
234 378 643760418
91 213 783845525
323 350 226389063
386 437 744948537
237 141 544087236
419 424 815094449
373 214 389889596
244 448 935753180
213 405 877957345
258 465 822096951
29 426 449408818
391 188 441927118
195 192 559972204
302 56 408945572
267 186 617396793
21 323 325997148
360 241 231864832
450 478 71409820
275 330 193077448
235 323 676083602
40 335 157685859
349 329 970035659
108 295 16995397
451 125 774799665
70 65 934330637
450 338 378615258
346 326 363720190
303 282 157470422
236 295 716891614
399 435 851104864
456 277 315810392
340 378 494840466
265 402 427980689
398 489 299857993
36 69 332339246
15 163 733612327
284 173 314764424
451 446 33570921
407 169 219757573
464 227 97251881
242 115 946037370
199 44 432973886
477 176 765797085
440 159 795102085
201 442 137887574
9 241 69409264
115 426 482469570
27 178 156221961
14 425 321814615
364 123 52052028
347 491 382660816
476 12 321055642
226 471 900196298
14 138 690190711
497 472 266341359
16 367 645354370
492 366 658993039
336 165 462168757
335 122 231647542
432 396 279205261
332 118 14348189
464 481 762588994
452 444 619291750
265 240 785490050
421 89 723537624
240 351 236933754
308 434 874434151
462 294 631243367
159 344 868599268
250 185 894033113
9 461 9376979
207 234 119992798
313 461 993845490
204 178 538420149
354 457 395684428
321 339 602423741
462 464 186702881
368 374 702198016
89 65 391264955
32 244 392046484
65 97 125772241
218 215 612980699
271 192 541633898
386 366 227053528
361 125 825729337
402 164 562456419
450 249 671435176
345 265 72662650
28 13 628743931
155 240 231895051
416 32 349206106
449 230 250158607
37 380 723980330
143 315 400259346
285 459 775178815
56 387 31469009
288 295 640610945
445 29 616639560
376 55 298411624
121 187 672767710
206 278 63447505
145 16 93740737
162 428 696700606
35 127 288857638
37 412 56038466
444 120 607708202
164 364 861061040
252 308 222331012
330 294 436898317
385 218 567735825
382 19 974422175
308 154 758556150
145 38 157555268
439 293 315141565
328 34 83492570
101 407 151278969
463 24 546554788
47 341 995817116
481 35 994303905
415 88 328835213
480 194 744719465
189 399 168900991
480 248 612036897
465 229 501399686
290 402 675392593
56 320 775742315
273 314 887979638
494 264 885171002
271 291 106057483
182 133 140465453
161 15 235184205
269 140 672029551
36 18 952372481
442 414 108743763
286 5 584436071
121 366 917089774
154 254 930868732
457 370 893890868
2 171 63447648
367 43 769750848
201 260 212991632
447 197 463213395
381 391 567441223
185 114 915109279
129 138 256137654
444 445 235970018
401 241 821687321
196 487 597183601
130 84 918130927
410 399 880131725
409 469 848200417
207 348 775932761
482 147 473413503
180 80 348458108
399 325 290734834
317 143 672113877
81 263 452203969
239 111 159287252
422 104 438324028
312 384 808520412
272 239 686156103
263 455 72879466
272 250 974862748
180 87 270014179
72 224 887645672
288 484 191346179
272 472 631483403
443 134 914014929
74 14 138407882
196 448 666384951
380 94 865507900
79 57 526102432
44 180 975050845
176 258 147569458
123 102 100404672
288 39 15842800
418 239 425111967
55 98 246330034
138 371 459440811
234 319 52440850
290 3 116408827
203 197 376353536
236 11 911527298
477 304 743203526
364 192 470432649
456 304 362670313
416 343 896148951
347 37 790258316
75 41 628376877
248 40 901677913
59 370 521822464
142 199 456620757
264 439 894736017
316 255 223877797
191 100 692223701
362 215 872641091
430 491 63763185
142 193 361669592
352 181 786391488
312 490 60916820
245 257 932620521
491 106 102319609
403 376 642177124
36 491 579997441
153 339 488403228
339 117 559205212
130 223 413664638
228 331 461091692
293 495 56325442
456 344 470078421
58 220 721616874
131 414 494428829
71 421 542532371
345 25 188402743
495 419 608055077
343 69 374076725
73 75 956143376
438 13 478004737
17 115 274090416
245 181 930521592
171 245 412573769
467 83 113817029
225 214 68179897
138 265 312317359
318 91 200137854
404 360 916875093
80 325 162439633
316 229 923059441
362 413 376866531
411 334 937639047
217 143 626167342
348 69 7763752
293 384 807630805
356 36 654736211
160 3 411561238
412 259 263451341
415 84 807564116
255 490 856948854
257 62 243873004
368 224 202635522
166 334 199966403
127 179 311053704
358 242 70222828
58 40 274932377
286 76 33533218
488 448 722951810
24 399 517942832
262 434 726061786
365 41 180523338
293 219 312684375
331 363 618632190
44 85 794405753
177 83 799872166
119 480 181729207
498 360 336265939
3 388 210292267
178 173 804420315
6 80 4425992
263 45 829565628
26 322 843697124
429 264 591736836
98 249 687041526
134 119 185767561
497 24 297311200
237 116 230259429
251 8 837450984
161 14 885559081
125 439 533443599
333 484 772517426
305 496 216854916
268 259 40896422
424 13 378854214
447 331 506618232
413 47 590491958
381 362 179654942
479 58 664864867
400 49 346230085
345 137 609752245
175 408 951961243
150 380 288298794
61 370 111285724
262 159 79255052
389 453 923118743
49 252 225050184
391 307 7013996
400 449 67321572
453 235 217570230
377 485 602916293
121 430 241166159
268 471 184721595
479 248 291512124
270 99 153123737
492 406 50162931
295 401 478553446
370 477 162708181
323 308 668489779
177 305 294192501
112 376 932898381
148 120 601219150
349 385 1951807
442 481 885085136
311 441 54461499
94 467 293806630
28 203 524070344
25 395 915062882
363 183 348087530
160 144 138176107
429 434 88820355
310 42 879745022
78 146 467750809
27 9 718384496
52 283 786583576
2 460 922379416
226 267 640400450
236 428 408010938
129 324 466539180
98 235 220002291
219 255 599810148
258 333 387934530
438 213 545975885
114 68 110075070
400 331 357586847
125 236 560407754
496 10 486586445
20 135 772684145
352 135 813547267
476 362 965773211
146 184 573134251
284 185 542817542
426 337 358810164
33 367 161763231
53 249 202887057
371 31 703612263
137 386 372869327
301 250 695503496
464 427 808628310
142 295 749953793
213 411 562523935
54 424 49904428
242 169 654990587
173 316 443404621
153 183 355939957
60 183 389975082
296 262 684539477
387 111 102989414
400 496 682007913
451 99 128168777
57 475 272334366
327 496 840794974
352 74 805355987
113 320 256883454
159 32 952970718
108 138 460439276
123 152 852372942
285 11 787197881
49 15 621385852
56 179 355974297
312 64 889737393
402 79 115431927
31 461 133340277
110 153 36333035
118 82 823683988
224 437 124543167
482 148 583035186
411 222 791360904
267 68 424461105
231 31 589945561
249 463 360015323
178 150 856972711
192 302 123385086
103 78 231357568
420 410 336179064
132 56 562842156
469 239 226955898
397 394 517602541
481 276 224449570
174 244 845168236
23 333 464260966
479 497 569730883
179 272 241522057
450 361 79318240
78 282 152511501
498 482 315537013
228 39 128226728
130 120 263975423
273 385 127466872
208 385 101713395
178 200 442354557
259 148 308330043
246 296 66264364
163 16 456063513
396 15 163216050
204 342 736500093
45 113 55465282
326 435 570303720
315 229 65594184
208 432 755643475
220 168 908983185
211 247 316244902
157 437 676015230
111 344 740846808
28 3 137567991
203 369 592690370
122 366 485352290
242 303 772464100
100 175 147082434
359 253 58373021
413 158 564322548
233 497 321117131
197 33 426566566
366 392 277689710
435 266 375359597
373 6 565779140
481 150 540129926
233 31 747658044
375 38 961982196
452 436 461130409
488 429 898116997
142 205 135535762
427 464 733255410
194 466 734524485
11 17 263811254
2 488 252798187
79 407 866771621
8 476 109206628
147 315 368794211
138 309 413311823
201 191 846088153
419 144 915292698
377 106 655807002
149 107 641699207
363 277 681133742
414 10 931849415
304 230 427782287
429 104 547516954
376 197 294300703
47 420 793761381
469 176 867526353
296 396 991957887
329 56 976075540
122 349 617016948
68 144 965593907
76 122 142702763
172 248 583920295
478 123 408606592
433 411 90790557
149 158 508943545
344 169 973580506
409 155 436709335
329 358 869854990
205 219 919300705
263 332 70862341
233 280 376258793
391 259 434174673
488 17 604822748
380 423 935300742
204 274 185769080
417 342 731059901
359 463 635341396
311 109 333983781
172 204 957993372
441 270 833619821
309 360 528799999
42 327 508707794
112 114 8553270
417 240 706386499
269 408 390472442
105 86 243892194
151 288 731844204
411 127 190701302
155 460 883412008
341 417 585470335
367 386 458663033
129 241 458176499
101 147 968898674
304 205 373246869
350 404 206571874
104 75 919911399
156 304 625027692
181 186 279892338
165 274 590152456
155 358 288033530
5 111 73071367
59 44 195019570
95 209 341120483
368 426 881634737
372 166 916108238
176 174 818974450
139 282 853533434
62 424 549434341
433 146 867139691
85 372 63150442
430 62 192597742
494 159 436079013
227 103 598287381
421 209 732701077
46 242 459860684
488 355 622567353
51 163 46841915
71 263 106164119
497 225 547178402
21 73 296155436
113 359 125290646
234 39 539992021
209 50 977461903
45 28 805104135
186 183 701095757
491 262 984837029
263 356 197069995
7 237 271451639
154 5 393814806
80 141 199923271
142 197 592845496
495 302 640995302
467 181 660941295
459 499 495599168
412 419 66738567
51 340 719654866
203 459 997054765
306 282 714162807
54 491 246435342
85 387 987210993
82 1 883164957
465 449 363417905
48 217 579577771
415 413 663373485
392 288 310625574
305 141 805946434
443 428 24156945
257 128 761497691
481 204 239704764
341 126 994689221
319 102 75853816
17 20 555075303
404 275 98567521
51 24 219354076
349 113 99580396
354 407 624262211
478 280 719709714
110 48 875297361
42 322 547087559
451 150 412467107
442 358 540362890
339 163 361793338
383 341 929269094
251 60 290075514
172 493 280268961
81 144 735834399
148 278 416641588
489 305 673782038
63 210 458413177
364 351 515855020
22 266 690871151
493 432 133067742
224 276 219081157
268 379 217099290
107 313 106066460
387 286 312556690
119 288 442954321
308 75 317785478
105 481 165533298
469 250 637386066
419 158 428088583
421 21 456297164
423 451 872091012
434 139 242503996
14 60 705966248
18 458 284550459
31 481 792086851
433 493 392219706
134 471 420124756
254 302 71950150
166 244 417285378
205 164 89711772
404 222 708068658
446 291 687806164
344 13 203912887
165 236 268460816
91 315 753216625
410 248 146065123
261 254 470579154
96 460 690989264
305 123 349508840
365 139 305483588
444 483 132548555
95 259 354193786
156 344 139216448
113 120 83586775
197 228 609993201
390 108 874528089
297 132 161305899
250 294 671517816
468 285 507787765
140 368 106874940
301 485 212326009
86 182 247542361
438 475 489387844
242 358 576555259
108 119 425148257
304 391 400649124
40 433 993480994
6 231 920917132
15 387 144631466
129 360 207562760
390 472 588860441
172 367 597417964
13 493 506745179
440 68 628095673
76 284 951133929
202 297 641919796
62 122 573881402
398 287 448850492
85 164 147272937
110 349 112688199
42 339 543795929
383 385 458015307
359 229 992602781
465 3 882079290
25 477 485311186
76 126 842917819
389 161 563881883
113 206 815644435
195 57 503334285
254 487 451708383
469 374 656522525
223 381 49611491
218 83 235412180
152 307 433571476
422 314 1544389
50 422 921626447
9 20 792623172
264 295 547779837
50 173 375578810
312 215 149815950
80 345 835571160
476 181 60589683
144 385 381218097
130 230 779669099
95 362 356962146
428 74 903505946
490 493 854058067
110 148 837539702
223 174 696954143
68 19 327125409
277 364 617529662
424 431 34449414
22 278 648811637
385 381 118853244
184 237 256406367
412 174 333342344
64 137 872200612
48 281 25573694
26 398 358010831
202 372 710129108
123 175 727584478
224 300 206973754
107 3 875107695
428 159 193300479
324 158 918096569
269 273 205475697
441 449 727297412
164 131 226475816
309 365 678465115
341 133 84039090
447 452 227168427
315 346 192531794
498 71 370964256
440 258 196491766
295 269 904465446
138 20 577119093
104 190 688593676
291 452 622370476
320 125 829879451
248 120 469287600
107 270 185999785
118 45 426519252
211 440 700563019
310 450 907824316
459 477 697177558
311 284 575108235
461 336 333943632
44 108 136417300
46 337 49598433
490 340 943771875
297 284 996041424
360 59 369568573
248 238 484592432
360 390 429844434
188 167 387045759
222 245 390080190
37 109 113662312
173 30 731696989
432 72 105079930
359 212 360682710
357 287 269098379
361 55 139875633
191 407 572143578
202 432 887170882
490 55 827307039
332 183 54347977
36 132 114545602
356 89 45477193
217 170 765003444
335 139 520758465
195 160 930038718
376 444 522602513
442 383 285174309
390 246 749584949
430 393 402694150
401 141 265537098
241 413 135643455
354 205 863895535
175 312 358508012
280 491 580788793
91 466 40677636
425 222 653739404
247 129 821605569
357 125 531742684
199 143 214256797
443 55 656845511
412 437 758323424
486 86 445750564
208 406 364484654
391 399 874833305
360 36 98023737
290 168 222077757
48 98 919581835
220 368 306283334
354 35 734693087
209 430 166196910
385 394 544230062
38 356 486462301
341 336 755577056
343 358 658744388
191 488 765820109
208 330 278941996
379 62 366418245
496 273 178044966
112 429 604294075
57 66 147258807
153 33 739832289
153 478 715905087
285 311 113889804
187 222 821438793
495 481 687732744
434 247 431182868
467 9 150355274
371 435 790123969
394 213 389555706
97 401 145320337
379 88 506623886
283 403 426454063
333 173 147438879
22 20 847255285
182 398 797969871
27 32 297632116
151 78 879651802
365 331 587171078
285 451 152538456
112 373 369946291
329 73 611341516
349 300 562797661
177 331 356435514
204 118 969696605
165 379 983265852
301 128 387221202
457 117 270616662
191 50 310183996
420 260 41418741
99 34 5892073
258 293 686808786
10 287 518764639
173 287 489212566
269 348 868462354
213 467 765894770
120 459 994752177
290 243 830361302
366 422 22383263
272 24 769377994
70 487 841218907
139 371 11274455
369 211 563875564
328 378 681742769
3 155 974529104
131 176 315297911
263 362 836455587
130 386 84188297
368 75 701716613
208 427 751939774
461 68 948728992
255 364 963808999
28 278 956204528
25 50 270340707
64 39 863653911
3 292 851934868
126 162 101623342
130 357 927464626
185 7 438141069
140 28 328083646
162 418 871865606
440 215 671108893
141 380 746431134
374 383 379425630
381 450 603627227
30 75 382517900
398 485 99871867
262 31 648599800
5 487 867763280
380 208 351517246
268 223 72555675
393 130 462008048
438 204 912991272
295 3 86874289
416 145 23298781
404 249 653093324
330 375 146914045
76 498 620017377
490 211 995967359
334 96 946205282
102 352 258988151
453 58 20334159
166 279 475764657
230 203 108576405
24 106 48103715
352 97 849167202
438 55 298115070
43 347 7214175
215 396 593496155
55 464 486986244
263 361 753906452
343 367 983399247
453 151 851701834
139 153 579706212
93 319 207625577
175 90 587944154
5 55 283641445
275 277 668999576
469 446 992489870
3 167 306932210
49 319 639771930
100 119 885258883
388 26 849305831
389 429 327794953
497 192 804321172
423 349 558291916
162 157 370156160
473 73 415785914
14 167 339594931
87 243 382681162
339 40 785761374
101 169 276772820
301 168 366488302
158 328 546078045
284 72 19936560
178 323 30297064
190 436 254894599
229 38 942286779
83 91 56001660
254 70 917985000
163 488 372394472
146 376 492856974
169 457 881610591
160 413 620630571
214 205 335530322
127 113 24844260
227 390 624878242
57 493 616191817
180 352 393965619
288 327 520510561
261 235 458855406
252 487 20526211
214 138 357083054
0 457 66499269
231 381 506897192
386 182 371337154
480 333 575524032
251 193 815978377
373 173 817584099
482 1 101312584
229 486 959800006
8 279 224710635
313 426 660159785
458 488 402261358
258 341 204179082
41 426 996897752
116 351 994048627
130 333 349494837
190 482 125062525
124 42 380078162
231 16 19855811
217 58 989058669
198 484 408090312
477 399 177789846
186 70 191168173
130 20 783344490
315 45 161957027
413 134 547380062
180 224 696124638
296 254 842811620
423 178 773664010
376 42 475711856
234 185 999676105
281 187 570242185
451 332 359143402
367 90 144817348
106 95 400946807
73 397 608239354
314 486 382625203
272 150 32410587
241 125 723001479
396 166 1869501
307 128 923186706
21 417 985495305
493 460 237040438
110 482 875892335
214 488 115313918
270 297 141375537
70 385 308251118
357 455 517734106
151 367 562624556
312 28 861354645
42 237 279651905
0 214 896624298
438 163 522457502
153 38 231710629
107 133 906374450
309 438 942834430
430 385 589689238
480 434 997575579
453 186 538260555
315 371 481778926
287 57 12171667
265 137 360237921
406 496 459405206
72 485 265248891
411 207 523222129
384 236 96732507
242 451 605173071
329 236 754532166
427 491 564264086
95 312 922100695
113 346 125604745
71 385 442912503
447 381 155718860
124 200 843993014
330 108 780780624
17 295 460306462
118 359 228785886
391 69 587396609
323 146 949379719
451 488 764295741
410 111 574648100
73 171 804371665
485 146 269353200
6 432 355539732
68 33 330924554
441 484 357136703
237 258 382885736
305 471 884058774
177 82 266623139
151 225 96368962
29 32 473484435
411 105 917707892
473 497 13895437
105 489 50793750
249 108 346150713
124 113 429700477
8 21 540748784
161 372 52614493
48 208 797096386
47 237 800244551
82 222 567624084
264 218 441160042
484 103 382974582
456 282 223098294
48 190 960924951
149 262 949754107
236 215 875605489
249 76 651497326
37 88 382258048
241 65 468059089
269 250 15891116
49 37 384735663
217 331 315025428
294 395 967847692
409 369 573384693
309 177 245782082
356 120 102372739
213 347 574593148
436 445 854272152
147 351 995417285
105 450 734109422
61 479 812557488
422 218 642704427
430 171 174033829
386 463 953748198
238 239 141925501
157 113 536055102
378 105 376163907
154 155 716027038
365 4 388339055
464 65 297460611
86 192 914540028
120 241 311636541
53 373 811207801
221 456 615632483
167 135 736217998
308 83 768041708
2 38 987760003
369 226 351849484
45 51 646863002
43 141 363847168
59 466 508616327
272 107 998680929
442 338 227458283
104 494 955342592
18 136 409906327
148 231 916562425
329 429 601411934
394 466 494427677
407 324 564469281
416 394 342858968
331 446 496589810
18 57 475174188
259 320 547432810
432 274 165542081
472 359 561020468
122 344 332623724
110 210 855792872
268 77 548489179
100 191 576526135
328 166 173728073
109 44 796210741
402 104 867601968
13 176 90846566
170 275 318784870
366 494 520675267
313 30 780645385
412 69 189744923
19 38 227427133
86 186 342848105
482 9 430228751
50 65 312219219
203 380 863005306
336 417 835723284
380 384 347059174
61 161 104701178
121 33 191878387
186 14 876293142
271 111 761874435
497 266 558398489
165 168 294936534
264 113 838823431
47 69 402727229
486 419 979873539
35 177 741561042
89 402 474805002
450 423 147992985
181 422 539114908
419 387 328562769
239 104 904362824
100 150 293158671
168 221 972812419
464 85 423937697
389 129 838554088
196 293 933126323
16 421 497799613
450 459 409617775
337 354 411880660
440 297 956344313
319 359 1101247
165 162 951188256
265 465 47896055
245 446 722415632
391 336 194814642
420 433 323128297
98 163 375372144
213 157 190027407
9 404 612479480
384 371 643747768
373 478 918954327
395 87 913412554
491 375 498967513
357 475 19876590
151 248 581601775
251 148 64456491
429 341 259869670
152 73 117410775
105 407 692349337
295 55 512195693
263 284 508973955
189 67 872255201
305 441 695023934
153 317 919968645
129 377 798720660
78 99 355067902
347 415 293069812
150 349 349651437
454 68 449068709
319 106 695042135
337 118 621402632
466 77 161629850
314 386 106484552
303 258 961150262
256 454 645423816
98 50 865333029
355 28 709013565
69 127 887597850
59 440 921986632
1 108 105870201
312 53 224438546
194 34 72597021
374 116 496133488
216 447 763667254
97 342 680453829
202 361 837967203
78 74 877957620
281 448 600762830
144 418 440146774
179 426 820708027
461 459 176757670
164 163 831158035
229 123 503518906
333 264 736660636
32 142 384799094
115 156 46538959
460 196 78465495
28 130 127127972
316 415 971110131
246 164 60978650
180 84 304939404
393 53 647272406
211 207 388345358
218 483 764891903
33 25 150775060
359 480 327060734
302 96 420318201
332 151 242281952
471 224 209956815
259 484 165222321
109 163 79868596
382 249 431712206
110 258 224972847
419 341 597169269
475 55 432946886
474 90 223957031
436 103 788892362
145 97 92144467
430 425 201983507
200 288 601074111
268 41 937646143
60 406 849268259
146 49 106574438
60 284 292155242
149 7 547635286
13 118 559330144
349 293 282558995
98 384 794015488
5 269 973370844
107 231 304700241
470 231 958131613
108 109 175624284
262 115 627200709
489 115 687867005
457 80 598309237
166 390 412824256
86 391 348285824
302 212 704589672
406 416 318453191
120 268 174884416
279 209 120443100
253 144 624737064
91 44 246104427
497 324 968089740
189 7 79467656
388 480 654631089
47 259 882154359
52 398 968281075
451 453 907577101
157 38 932509137
425 93 321340182
42 95 370186282
405 335 192269420
208 466 181925070
204 83 8794096
38 81 362949985
102 112 639225200
409 436 797033334
366 377 283866961
244 219 443913687
428 155 99413871
33 21 454308487
491 143 222327702
64 256 813556116
155 175 646384921
465 110 623230541
42 233 419935805
257 473 152695433
30 15 540030644
186 138 402627030
397 10 278544011
168 234 475226506
245 250 132316447
366 397 663426471
483 155 900091890
136 103 42713638
149 250 447789236
154 495 664195771
426 260 187916731
288 133 427168410
232 2 921995997
120 95 477733338
288 495 476172994
23 142 720981813
186 489 538203329
105 478 282340940
447 225 323189883
124 60 565738362
264 496 654570174
278 186 513979736
24 63 228328031
412 138 333525122
51 255 655362627
158 397 135566228
1 329 637318943
333 255 367254782
153 257 192281401
360 148 429976720
80 468 777355186
243 385 52151214
38 242 977275369
386 133 1829782
49 338 225135913
492 8 173711298
374 155 941241680
471 240 676952092
11 250 871454991
7 339 75274093
346 116 248229678
449 226 728541341
289 399 272837476
77 116 156849268
143 112 109123681
314 365 644892859
385 77 441636845
7 1 376439556
145 186 773479039
314 213 743111828
82 97 301572496
27 427 739333158
79 124 489148173
184 38 169660648
482 397 384850243
241 265 636288604
263 335 994453567
388 264 542981478
140 253 939002195
115 258 835614692
255 481 908861098
127 270 971823372
241 116 852891054
48 370 340279297
104 350 412858136
134 350 42009016
89 271 326931403
296 305 199856435
331 282 81691098
302 208 846483792
251 243 828705685
148 108 360757061
52 56 322431120
198 366 546041754
117 291 441426446
159 36 546904911
481 435 811378605
55 246 768054849
291 369 613592169
211 117 47392587
397 377 74665040
336 268 249352937
233 110 841912839
30 425 630614758
425 300 432162067
208 471 89121928
349 195 440592904
474 403 187510245
255 331 125673344
119 324 562214970
269 66 982736917
464 153 693320859
194 315 411645493
1 196 248442431
214 243 328518530
433 55 261772720
226 485 827093304
210 58 67724780
137 394 809027232
138 391 423600109
477 216 398678366
227 152 283195747
476 374 844763232
35 289 260736801
48 417 301488257
129 22 717934574
416 26 679339074
317 178 399211097
395 120 567170359
438 87 723005937
322 391 620047514
479 480 464889931
79 138 332562431
381 93 967246556
54 89 818172741
39 372 233367910
71 176 691520779
186 182 35307796
278 5 575818049
418 485 130703708
492 464 356834926
369 199 992533650
17 104 48364282
158 341 744256634
226 228 254001479
80 319 927963686
497 194 20864947
143 63 272963178
324 153 869236019
477 358 328672246
408 12 941752170
485 246 343648152
499 117 105018177
414 220 11315299
472 301 495466676
400 80 202246609
316 225 592970110
359 202 219184237
390 399 834026660
161 156 413540283
297 325 605386766
429 118 82357500
84 232 733216264
454 367 736310528
20 214 438487746
49 213 580776718
164 396 170369719
327 348 486721305
239 201 336865897
241 440 181849997
138 438 810643209
412 248 628177039
3 417 28761274
255 136 144891982
7 57 516960153
228 185 814545738
48 99 343348002
67 34 697210104
32 162 902527799
238 101 447459481
173 53 123198152
496 145 622963991
126 412 304696025
339 375 854212370
443 35 373588916
438 14 378997237
349 171 911227848
88 276 669388269
90 368 636093143
290 78 146089412
429 274 863109601
102 83 718855159
133 388 388051649
351 110 986800857
397 399 205259416
472 188 882829100
309 435 647119800
244 61 161085812
327 176 85084383
434 177 293307166
141 255 550610556
382 105 586972688
353 194 434957663
376 445 585447145
337 248 701307878
329 462 319950939
303 113 108861812
278 420 850193649
114 442 674469922
227 234 49717039
29 77 976096093
152 42 709007390
29 140 809595735
185 31 74881799
234 151 826089039
325 131 621464108
233 8 558384271
498 393 116697658
33 339 508154133
206 19 722705750
387 443 224720900
94 478 119601789
145 264 433967138
326 35 978010788
126 453 506871513
79 457 749605944
387 48 78814840
200 289 903484293
243 431 835431598
119 42 351736564
162 191 958954600
420 40 586740893
10 372 805559176
197 109 777627496
328 408 537397890
325 377 675228848
133 144 327967013
21 465 61673786
479 106 966030199
144 66 116863129
80 463 406817943
329 333 314328170
76 331 351692480
194 151 825098030
27 81 486515093
211 454 531968095
460 264 677595733
79 15 703023078
246 394 43816107
456 338 891812982
23 64 614847608
288 437 158978594
364 255 120080869
179 208 652111297
194 204 52927974
302 217 317723977
310 155 730389684
86 417 95443162
192 158 494522109
86 485 433970927
57 421 416694048
69 429 428722686
171 392 139002561
3 331 514327688
130 254 134999942
498 164 260144723
334 328 759129671
179 155 138064048
114 345 373388044
456 301 662066505
397 258 715067764
299 238 662369806
138 248 486023684
448 271 633841134
190 82 50407768
43 413 379952414
435 2 290029260
479 330 457144200
5 65 292171427
445 14 140006034
135 201 837477406
297 443 771656740
376 56 946702329
89 126 25566458
162 222 49072282
398 393 778749864
178 128 302384488
106 104 433367640
110 252 549706271
357 69 1244362
136 18 819622240
125 166 175126892
342 229 302734525
469 91 62860813
252 273 709818525
161 358 733886344
494 94 264542330
141 305 116317669
60 1 128353244
72 257 220305425
402 311 935094742
64 49 622258155
284 457 978320449
340 397 929977402
254 320 133248997
387 178 540274340
99 372 578324839
367 389 424354774
471 159 49678118
306 106 487131569
66 344 700935865
400 292 218786364
400 404 612170342
431 399 481107440
151 397 10430829
408 315 224344829
317 390 496030758
350 385 976691635
99 208 595535537
115 35 906512034
408 227 644751609
366 188 873242063
470 190 735808150
266 79 579578407
477 191 272128772
423 6 221482690
319 393 607158324
253 45 574774142
332 441 39064253
134 68 982368380
144 166 743572255
149 240 787609864
302 137 805009628
124 90 950258569
54 298 845693878
276 156 800023064
288 291 128670330
359 22 410502244
21 110 945793397
205 189 498991105
50 102 706652751
296 326 313300062
258 56 277362548
471 149 567788825
205 180 443525330
22 318 389313606
171 30 277809294
30 309 50823288
267 292 473049010
254 259 938370584
471 331 956612523
76 409 269871233
102 87 696633091
110 79 842794163
275 368 941295729
142 51 703759252
119 185 701811552
133 405 285794345
38 186 5126024
172 137 538084742
58 4 877003881
89 256 913191794
199 359 447343111
198 256 656111120
492 164 244251658
246 474 533998863
13 437 123639060
195 225 595345744
468 405 656243550
469 180 10884044
41 4 478454339
409 111 760318688
158 286 247379237
78 110 506399508
222 184 245145705
450 197 780637587
246 108 91040566
205 32 894274933
129 464 639430558
163 65 165909299
40 43 429260898
453 241 22164489
403 75 105750032
371 57 180234206
477 67 939604266
463 160 295050431
268 372 858400142
193 191 1126140
140 308 800599656
408 491 284470906
321 211 678289390
308 486 375439125
114 251 517184672
82 483 892201201
68 249 127320234
424 221 330475026
11 239 45575213
337 474 590483518
215 125 505077146
92 386 767863796
413 431 478364002
463 127 895384004
203 294 808379371
147 297 909775045
291 386 917331188
92 379 786253500
285 356 334665465
78 225 858497039
101 77 394631246
201 80 35818969
457 466 644825662
32 206 190792010
82 286 661854651
208 426 629550304
497 294 65483227
411 41 137590121
397 36 767212491
454 306 138628936
369 454 935437317
458 106 397406818
448 303 34350152
326 386 918408886
334 214 15547022
459 379 521484753
338 265 59762665
16 330 970627122
12 211 589126685
299 308 83114457
85 139 288812361
182 439 934483509
202 304 525105352
157 44 543959847
98 248 859484848
440 392 514575290
327 75 649993800
393 433 922750856
128 429 232194300
133 358 826684626
192 117 9396129
365 411 724910581
50 176 234989458
141 108 538657188
113 179 103358054
254 13 250650835
355 316 737513010
433 392 531124199
148 94 75285073
203 493 451288366
18 37 871427993
274 117 283220160
152 143 435738928
223 301 263508855
474 265 721018335
238 116 570408470
106 468 557869964
370 472 477071441
238 215 469761235
261 194 49886007
474 405 66262124
12 343 30608069
281 136 63383286
55 364 194768152
237 47 313144744
368 94 142166465
75 4 438301253
164 97 26879533
120 179 912915236
99 39 312842024
10 221 408094173
79 101 241018480
420 474 450449291
267 180 575050971
146 362 294026065
286 53 525043061
304 1 302124694
337 64 953627591
287 280 436629785
198 324 571742822
271 445 865328061
339 499 637394895
29 120 752479036
297 41 190709167
362 139 274384773
279 142 931756004
151 278 734348527
328 282 983239442
159 127 59110858
148 27 632315188
452 199 812843630
434 127 495450598
356 58 268884668
437 446 517914120
247 140 469912170
5 330 34359644
443 208 627543514
242 207 200395418
480 41 102350899
483 314 392200074
319 238 76407287
364 5 524683578
291 49 199335593
126 179 227719185
407 308 780390245
133 460 1283382
343 209 555329896
324 342 52303697
404 27 374079966
127 101 842301065
109 23 953596338
471 5 343168602
24 125 654772751
362 295 212040430
262 484 131737604
380 218 703080002
482 18 534423985
446 29 178748132
461 355 14647230
61 293 214261739
455 11 740979480
32 246 712711498
237 438 723527286
8 41 649923808
119 273 39548811
406 124 982813439
468 113 739416841
97 369 670154897
45 312 20545539
375 317 567069658
496 36 715323886
246 396 276577023
325 404 530481792
26 121 231412664
443 264 37082943
443 211 459773526
70 20 999949289
493 425 288143655
469 219 530672741
230 459 999830438
494 142 841804708
21 255 753845982
44 430 905129567
14 192 382652450
356 116 292011232
258 23 695927206
349 407 150508896
278 171 671802694
179 91 792525899
141 388 942809303
2 217 206144528
392 379 568975548
327 59 879118471
281 339 463433340
142 374 273568611
429 302 173678218
350 209 33215163
49 377 993927803
201 165 894806471
18 187 34199349
276 372 254361172
466 361 77236060
150 344 883799606
78 484 196202784
195 262 581778312
100 102 463735091
72 487 663104653
140 270 259078161
23 413 960316447
131 134 589958473
235 408 628693053
442 318 637112184
399 0 324804589
103 471 270048737
90 49 430450757
180 435 111833260
477 66 524568856
372 78 187115461
386 131 35993346
253 125 113255485
439 119 365721575
444 52 598013768
124 186 237651197
91 291 348774596
54 293 660968399
229 428 278973898
96 464 505568801
34 50 234860653
273 264 521324196
118 263 361283587
444 30 512208187
419 460 228288122
63 425 858826878
333 153 614091047
333 75 544212788
473 24 283101548
70 387 890223621
344 95 928096756
241 372 60428114
82 162 884144679
146 202 974393895
144 401 63899200
396 277 44455713
193 319 481128167
479 401 113502035
369 412 303021491
408 309 809301273
226 465 815203633
475 13 609801882
409 337 218708182
134 84 107965133
111 225 768021526
362 71 560293403
22 30 362212167
459 382 416140611
280 462 217150986
464 66 964151280
240 184 140291453
436 336 299920461
108 421 884333797
134 216 172276362
143 261 815534397
162 448 788331766
464 276 310458553
339 245 885695833
14 450 762436394
471 275 676890971
235 35 580606433
1 33 892040657
393 297 396210864
495 138 989437888
23 94 518573282
367 190 81820970
450 23 366498613
364 202 247532393
165 393 664968917
57 284 557579721
311 226 107761531
52 184 617530686
13 196 874159010
175 33 901811202
11 422 558273455
343 494 414132788
253 342 599254842
216 353 581206836
207 379 95471949
102 349 762142118
140 234 305060987
16 163 218005127
477 119 583374808
69 342 298117937
52 453 78130330
402 389 650512160
86 28 849029275
195 63 591421388
110 307 951542679
86 420 491213919
2 115 376552560
468 222 776772189
234 108 22238753
26 125 196887382
102 125 46440303
463 41 409115801
299 134 631169222
29 377 458361568
96 166 197083729
449 6 638606809
260 369 62557889
264 429 306035963
233 455 248521886
331 178 543238257
251 311 244787042
193 38 273155010
409 336 433535796
75 403 628273592
364 311 290862664
253 190 49701147
23 275 823920681
413 331 298688801
333 343 120423041
331 109 493472609
396 258 996704549
168 471 655199226
307 448 286603654
56 66 136820372
237 469 917557894
38 436 647035641
461 158 388645245
47 411 984434690
417 424 505444155
249 327 398349258
470 205 728506649
225 485 39317875
34 182 908200992
222 234 674089041
446 409 620415946
90 319 774545805
217 14 260986968
460 27 400322413
288 377 6603909
60 257 230507670
66 236 994546217
436 269 728448360
33 363 539205240
201 181 496167182
486 466 921290769
388 80 960047622
110 306 442082123
297 463 84404149
452 349 92847287
288 36 813908518
193 498 883349079
54 1 975453846
429 323 107738083
109 394 344815193
149 50 60926281
123 437 283593054
370 386 929209981
157 305 92192530
458 80 277389266
252 438 720793680
428 274 41477735
475 330 390629925
195 176 735040564
397 9 651739113
130 96 571227662
181 104 469391072
433 420 527377161
229 84 841941351
184 376 272644369
454 153 744903894
169 478 312915716
346 41 747843132
443 83 990599181
318 196 546841927
473 442 237517256
195 365 914995419
136 445 839511681
323 160 885780340
243 316 689140027
332 42 762574450
331 151 754430486
386 411 640763579
96 346 653913066
336 251 490489687
494 446 342377784
160 199 556030603
17 433 836687951
110 40 651436421
127 67 558771305
108 354 460904573
206 98 320255375
333 192 915072694
72 423 29616586
144 46 626320216
252 489 30471165
447 341 923513384
155 206 727320924
257 133 817853906
104 230 217065440
454 177 866542586
487 370 615727049
366 462 410162119
223 236 854939576
440 464 761420574
487 89 365589986
474 376 30112940
400 303 888198815
46 489 600810378
395 179 291572095
194 342 78355815
1 428 405743853
224 168 826845173
490 460 69626581
280 48 25290701
129 443 36063479
217 304 269523986
458 72 363736257
171 310 206273474
167 295 312797753
110 220 3421401
63 294 114036536
396 103 953168102
337 217 369856576
297 214 810148778
448 251 512139718
142 160 658434706
407 403 420396480
322 291 899429699
463 219 736356617
185 333 554902322
123 405 128532024
62 300 852731203
178 7 743101116
490 117 365761350
287 145 484218291
254 172 247693004
450 20 28185535
249 223 392046113
128 203 729882383
93 301 929441757
166 325 280352703
343 308 585979625
437 224 272704694
234 417 992257819
378 217 602761996
333 88 429546715
294 480 210543929
452 85 524771671
292 332 950507577
212 283 776319614
439 176 791482802
364 98 898004818
100 193 509586521
163 389 412480832
8 324 585805000
58 255 229433433
247 155 310752751
373 14 47065540
478 19 63814171
152 427 733099455
202 141 455033038
238 289 190683927
102 126 763672894
153 413 930733063
31 266 257325801
78 289 399147731
396 343 402111630
322 85 90905576
475 345 800403892
34 37 373131083
450 440 968875429
334 495 397307362
397 476 99770925
53 352 209798879
443 311 836450232
289 327 660150150
489 372 367240025
49 329 567701933
249 402 88601350
151 108 438411529
349 408 275103619
361 268 252639419
333 419 704916766
404 35 166207923
161 5 740335998
483 29 148863765
259 190 982967267
46 342 289370884
333 184 496832355
421 149 992708571
18 474 825139048
76 484 626341221
209 114 383007988
379 217 204239013
139 317 995291758
100 69 150465435
47 208 58027388
172 206 314685154
283 216 136450273
443 187 479848110
458 305 938870590
225 435 732636346
127 247 223173475
289 124 93861662
449 106 567800404
111 199 840372873
191 82 255128125
38 382 647383383
428 39 265887495
4 363 372927924
12 70 746112617
462 399 427320366
377 320 638137691
414 239 521596756
332 60 374439049
164 234 885699168
36 307 519954820
433 4 647287456
172 4 550368566
311 165 350366213
484 422 556123517
346 146 972974051
99 152 170395811
145 268 787132541
241 400 208170743
113 165 137050795
221 470 253463734
289 280 642834621
178 281 702143751
110 150 926534730
213 3 972487225
303 240 343093857
107 39 587792537
143 391 497106355
125 88 574430578
290 414 230196711
5 240 976178146
205 379 359842723
146 224 14394310
180 461 1016987
482 233 879593802
287 357 53076034
209 236 592470865
122 409 681713864
193 104 469601842
313 291 306113477
415 488 421664251
491 308 969286008
401 330 736445296
64 181 153852097
259 253 620395561
91 261 809399451
278 134 676055233
427 249 771275933
279 67 446276764
344 192 371446815
444 213 720100742
201 242 149208768
333 129 547591626
220 354 955444383
402 94 465184354
381 388 325900986
281 236 489496061
371 170 518966146
480 128 462087317
377 409 152904281
380 288 942035961
357 32 47526786
175 107 129795898
206 390 309939009
332 200 820595219
413 374 20746809
195 3 6101826
418 59 916537926
300 101 822431951
25 425 626147691
203 498 78310940
428 485 698180217
78 492 919435985
69 14 535157158
169 151 58542620
426 370 731422661
41 402 803948671
197 375 435820168
150 398 440417253
354 235 638017388
132 432 727923398
471 45 953112172
338 127 935791353
341 476 442218797
235 125 437635550
85 290 133244931
374 11 870037109
51 142 178798013
479 111 890376471
366 38 725741249
287 307 629399439
87 131 677074258
482 99 473778913
313 208 994188988
452 112 986873401
313 170 746655784
122 287 348932959
310 14 922081400
369 110 360139273
496 265 270482294
381 188 128113377
140 262 521072095
133 227 519243969
133 145 677444773
58 317 376267296
362 167 554216817
425 365 485301140
165 51 363386521
5 340 138591279
219 168 801870603
19 257 765069400
473 31 901220935
304 149 313018995
270 113 380544254
473 15 558175069
154 265 899098656
33 232 27051537
40 196 654910086
276 173 107942312
460 483 977007541
191 370 453231310
127 408 468781667
249 461 205944570
272 228 108670926
395 49 109096692
70 24 578152959
239 260 495070681
384 306 752947068
89 15 456542362
374 411 559545997
189 20 144853681
136 495 554106204
181 360 914693827
484 91 34766139
410 123 396141156
466 38 50211407
459 351 574185685
140 72 717112202
202 157 518619481
201 152 461086506
8 28 493704889
52 432 405153250
39 212 198889142
226 484 306553407
280 434 98317336
458 22 364431172
451 390 278918462
215 43 124123533
462 254 885971801
193 345 996783515
283 80 63910620
313 324 281165493
61 404 194704255
12 425 303237433
186 200 659547186
51 289 160406451
156 411 920311863
17 140 195241963
176 73 453283346
299 416 680696887
478 329 280662746
217 250 171323517
222 293 729332894
138 269 444296412
40 66 248521112
277 197 63424536
370 257 76388713
184 392 984787972
129 60 637906476
175 336 684948103
142 437 235951622
58 262 272790055
123 411 505914219
68 486 837541491
204 369 979022645
154 78 928086536
266 404 759189775
398 295 447997039
221 496 236698766
302 188 711347231
157 211 226041742
125 313 483579587
171 399 613175090
191 175 91139481
312 38 88304923
370 145 307184813
401 206 47140657
258 407 200745699
159 399 518085230
43 468 510728164
156 71 172466996
130 193 897324679
493 44 61162672
61 235 355919369
287 455 271557734
343 284 354406812
239 35 168396189
135 39 972053815
375 145 24886903
54 498 570258473
423 313 693994445
37 481 622458896
381 454 605912950
142 187 976142133
143 116 262779841
183 481 139669094
427 344 919314378
139 164 212912666
218 133 324606389
458 397 103707250
409 299 648312843
348 82 38090505
71 210 340047072
173 126 223602930
54 64 24681891
364 146 225056394
422 466 805459356
27 124 723315070
332 242 11405826
407 325 909477146
409 384 372547219
3 498 326186137
173 278 75337398
471 380 900668574
349 66 812950921
113 271 888200043
477 478 300998697
154 310 587010167
174 439 1763843
79 215 834277250
411 300 440046897
172 449 192107689
145 369 311942485
466 131 649790432
310 47 498281103
226 467 80982950
194 182 325934157
435 198 939678510
429 472 359862266
328 223 390296203
441 171 845160694
354 427 548140082
314 91 899152772
92 43 880330902
443 455 689433616
119 487 875450693
138 281 865677892
290 5 756592931
418 301 605915609
300 26 78369964
31 433 690922841
285 296 188368944
167 37 803383119
21 338 806431250
488 34 72155314
370 98 641250291
341 342 540260339
273 258 644606219
285 486 82583841
114 489 207424267
89 25 860024910
310 33 252309000
88 79 752597682
269 293 524568953
297 497 347242350
68 225 952602252
213 310 851862070
491 140 817806219
419 479 920454388
180 69 410853178
49 226 456788984
407 451 770121127
17 106 301769807
98 319 538994427
498 331 329599875
44 148 563207652
40 410 647895639
396 278 325544748
436 15 810888089
188 282 102894870
460 348 935923859
140 481 857605828
184 122 744072541
436 319 59544713
99 278 240746373
35 484 611813555
86 477 82308442
101 33 896028563
496 56 331387563
72 435 507205849
413 53 425300852
375 497 355466628
102 471 465695566
112 70 955493452
264 186 607889012
352 116 362123237
231 383 500224923
454 258 609305081
435 498 890843699
242 86 54578847
102 153 236644497
469 10 204288205
33 328 219285211
356 73 672297930
190 389 40103429
305 233 312223620
211 366 890760520
292 56 600707084
280 73 714532106
40 81 943904879
400 272 660000013
256 286 181393828
378 289 900685698
77 192 473938925
262 288 532816027
72 221 752100634
352 45 622485585
285 93 177617839
15 369 289668377
215 6 54368285
338 456 539936486
319 212 342699405
354 498 776936208
97 399 183504851
171 344 652968400
192 216 495966726
222 70 484754495
293 382 860353718
19 236 570773049
483 245 17379250
322 421 626827516
344 333 375051306
491 412 101077819
498 319 6178338
461 289 470534151
375 259 133077123
199 71 993665637
435 250 47128806
211 411 861226776
219 293 646306039
221 227 410343318
132 462 467137773
176 450 498433769
369 397 493725450
443 431 444470784
376 396 48510480
130 328 411036151
231 347 71923784
183 98 751294804
404 92 656200880
442 280 860322115
334 361 119649010
86 276 154953198
167 489 761631706
208 96 37191080
116 430 830591694
1 71 659077410
69 320 353706801
483 434 524599251
135 209 381892573
123 93 992162224
63 436 336022098
42 24 408486657
326 184 53858742
467 198 630492394
102 390 233286447
290 348 804002352
119 100 443996835
483 39 601450958
48 288 372108979
414 358 412402834
169 244 986763095
94 385 311996078
44 340 888980587
388 268 88465824
221 350 683932051
217 154 346607941
65 309 878998531
184 445 62717393
114 312 986396318
206 179 324848964
253 416 666226741
179 214 214363739
151 297 107308733
5 204 930981285
258 370 178594646
481 430 402179888
366 427 609572944
306 253 608934332
80 464 437875798
152 20 483975622
168 103 673589327
59 140 674153699
159 249 695522076
466 373 921129540
192 489 698973423
161 33 58566189
494 275 251384806
56 167 477637748
0 444 121944299
443 389 387911755
82 165 59622349
422 433 100395394
435 445 802967737
28 481 986631186
367 143 825921178
119 112 715510213
258 241 689829522
95 52 138026181
213 474 497966919
71 291 907004898
230 235 641608659
438 37 705547882
21 196 215576049
170 298 706011204
120 315 119276484
259 114 598590336
482 204 705994123
222 261 33536457
383 94 944423020
389 298 179695821
110 211 291600095
382 408 148778596
340 157 265139929
34 265 600098658
392 138 938943948
295 385 220174489
109 300 886828094
488 467 490897067
264 86 681213987
3 335 205390071
305 66 820821176
34 408 41001802
349 203 996746689
383 109 103002290
85 431 860951140
80 188 250812458
464 18 651193634
127 112 456240473
68 58 469635857
44 364 325695700
130 88 625201015
181 304 33350847
43 314 701530189
353 390 130805560
225 218 84564299
5 176 350047723
224 70 270379524
298 208 896771057
413 215 80630268
201 484 815893116
245 450 321782732
141 154 660850942
317 488 890701923
480 42 769515893
210 234 626418206
167 110 829943618
498 143 858432635
34 16 950479418
196 432 68554354
140 157 901391110
430 270 890271294
328 288 97747631
259 127 998236557
61 107 168727043
399 137 35107705
433 77 857372039
350 85 534649594
18 189 394459436
179 464 724683417
225 486 193546387
24 277 71729005
245 429 745630109
167 259 693688443
450 483 783761487
28 159 71468839
482 277 738038419
139 33 915019413
247 219 836438828
239 280 554541688
271 32 674654202
136 47 298003344
167 194 189801214
10 162 457071803
203 54 455003687
210 323 762178348
210 481 30686727
354 159 108427174
234 309 558980052
351 268 83992701
482 308 455535283
440 30 171446783
148 304 661827814
498 280 536645831
211 480 887548484
487 67 842602990
475 51 707985419
468 351 846525060
97 121 917952444
369 146 754186620
387 466 231754465
73 17 672714744
209 85 587574380
430 101 31845609
423 183 41261208
383 389 787625994
362 445 915598824
451 32 571136639
41 421 653865782
245 139 269758998
141 301 20297973
217 112 637505273
310 261 931739022
471 314 279061923
59 364 411770843
464 243 357445967
472 344 42089680
61 134 170508539
360 493 188624166
104 134 545397929
51 219 958284749
3 149 948647821
148 460 579381851
26 380 375537048
319 418 306432208
363 419 977214121
18 195 917826010
53 309 490119072
188 63 197790939
450 33 772956932
331 433 919875529
223 442 283220713
23 26 48278435
342 279 989431698
490 60 715837746
72 91 833839124
483 2 361026068
6 120 629817951
68 60 7781028
89 239 37350625
2 331 870877904
292 213 729977512
460 148 433631769
241 406 561657945
160 434 935869738
247 186 408946857
459 250 736865808
206 40 64919792
400 10 430446171
246 55 292915809
340 405 903508976
330 28 159018623
299 17 87195017
416 431 578468733
20 428 176951338
228 91 380829253
179 193 201139812
2 420 730454107
37 401 78935614
56 168 985941262
118 132 658974380
496 306 657854215
247 27 511147443
263 340 112460474
340 465 329798302
329 17 289434677
372 35 553812965
171 120 626524665
202 343 230092492
386 378 148051799
427 162 173171815
326 484 417191995
352 326 3398033
254 278 140452626
282 80 76460791
19 230 886885971
339 494 931152062
384 327 592520136
9 318 590731835
81 59 743692304
26 331 349883386
301 85 487410137
326 491 324486990
253 429 192460876
24 105 353276891
153 439 46235244
31 474 529295598
39 50 473613370
416 231 203253246
175 161 51006166
350 75 400408440
72 442 679993608
224 465 815927517
395 463 635195471
0 429 763578175
151 381 898414588
160 418 819878994
321 467 115454082
403 172 321294917
241 486 945257007
411 90 745000186
327 147 499625670
469 84 759611872
380 92 128320677
279 195 702317355
298 246 251591630
409 87 491716174
213 408 107282741
385 214 182764576
250 169 26015273
127 62 311860427
415 483 355382752
142 275 135759764
259 478 213436537
352 475 846551268
214 37 372601087
498 479 503139489
162 101 265456309
479 138 496231915
323 25 245326242
6 24 73444837
436 307 152443555
341 414 112767126
226 105 62423102
189 21 184869505
151 176 531886139
363 139 788318923
100 343 474743250
359 145 759289833
403 449 905347060
196 71 630507811
449 466 848343049
386 194 574495803
445 267 128894408
237 127 761204334
136 9 629165098
204 70 628445892
258 499 769494904
346 135 961375616
64 478 160021085
489 315 295781032
137 84 567842958
16 376 40934127
205 89 408711062
429 225 718839172
142 405 820552751
453 360 553211828
299 172 480338673
15 415 206244312
449 68 90484257
319 471 788328884
110 254 727958374
458 165 792905513
144 174 790096075
396 293 17265902
122 36 981443163
442 363 71848199
224 47 804559140
471 55 792528199
408 478 802361025
13 453 97851673
342 442 852984324
211 459 235153604
14 51 600365726
410 11 5927205
93 156 22619694
282 30 452286010
224 97 413659229
144 181 61662747
449 445 585501428
199 447 388718437
132 275 489763332
205 402 108858580
418 395 93810036
458 350 101039999
186 62 459948678
392 476 159408129
36 363 749775534
294 30 983072641
499 483 333119069
473 130 94827824
139 254 439978064
266 125 223167848
157 296 675869805
323 167 21361406
480 46 417692918
398 271 405682329
125 263 420882939
303 27 431077904
445 416 111152145
189 204 803536382
144 80 140312759
101 68 21233285
228 50 818068314
243 337 711495650
375 6 328834379
435 109 122993549
271 218 201535112
12 434 410111758
85 64 288428823
427 152 399019041
347 57 140709600
25 231 96064323
158 480 630160055
407 276 102449732
15 156 136178205
428 379 735589141
492 106 59287453
99 246 445255413
251 254 711857577
82 401 724687689
318 241 768714576
148 344 437540391
130 134 221070523
385 380 57381384
315 499 927317420
289 482 531580437
368 387 863940295
311 471 131432905
231 473 191503226
496 466 152810745
84 339 5234052
360 140 64028760
279 366 489042525
29 267 885117625
198 36 420218026
309 135 981592978
467 269 877104589
64 412 171609719
211 122 193651295
167 339 986072419
475 358 402664515
369 481 182014021
374 186 958410557
190 152 313681558
169 223 193643236
427 472 710677589
345 277 267478627
5 15 383196128
265 365 893882367
169 345 458130091
372 277 983126727
227 278 442949929
297 213 526771812
498 336 87203404
306 418 644270037
145 209 289970010
173 107 549886835
191 401 52954005
72 316 132436938
224 476 737796765
250 45 357396382
173 5 789683847
8 35 518092706
464 86 249156231
253 388 930342258
452 295 374931183
321 281 255544840
355 80 608246714
281 218 94148170
358 472 372700973
410 206 951007664
431 58 878376550
288 227 291290677
237 166 290211292
307 354 347054734
28 14 279006235
458 110 137961589
459 457 72345640
428 424 823020706
279 420 541608460
61 45 584725596
374 252 734080745
232 158 486368597
139 159 685968522
194 359 51377814
352 30 639200593
264 226 804714774
307 446 264163084
322 383 52775564
424 273 900400896
214 41 73885142
354 344 507584357
316 126 876844483
169 474 4406001
184 475 839813406
450 45 876117541
18 137 280280828
141 71 615022979
405 374 488835067
487 68 157668096
92 110 937036035
7 292 971976729
494 374 560454709
423 456 765201879
421 201 211337177
345 259 99025847
23 304 878612662
396 214 784529883
433 162 738343146
441 159 474193462
228 257 277967690
306 136 175525379
362 108 872142073
439 208 258894420
324 179 292175055
281 124 533869886
234 252 159680798
169 292 801989748
63 283 445889565
29 56 54588130
180 92 127533271
425 309 942597576
481 330 305861164
425 57 582767831
87 382 890960779
385 197 346857434
167 1 853785829
201 497 440394939
433 372 867987821
335 383 874015041
5 300 63232716
353 165 361551181
339 14 815229800
114 214 191632457
385 132 477142790
220 41 317172835
361 288 279742131
221 220 956421557
35 21 364895378
220 448 886115992
371 345 901074634
439 139 704801704
142 342 457210867
18 184 382033770
180 148 292884702
489 142 858257560
398 422 437806651
119 36 663988394
422 272 524162658
262 366 917956175
149 27 998628838
209 408 161968399
427 123 315690400
271 375 123099066
39 44 568426326
98 112 124539430
180 68 154934628
236 275 616221031
306 101 410216795
83 96 826049073
151 386 7730504
91 184 728694177
306 67 24082110
343 247 399283568
24 118 626988689
462 123 134874203
303 31 34903381
306 286 810820050
327 439 310134329
375 422 134673900
337 189 946002318
353 271 315168353
308 132 836815534
78 141 633508287
198 360 500831196
115 113 604784687
50 396 144662963
442 287 266135514
324 436 561322480
298 5 364281406
169 472 998403171
438 215 92823498
367 204 312362278
135 253 594994247
73 219 813188495
34 119 429049799
304 264 154271909
353 369 150425052
351 441 441527533
36 452 876686397
226 498 485818317
226 131 752230910
35 117 111501837
259 273 388505461
62 468 992982974
141 37 78894240
253 152 482727196
392 412 570050855
46 473 263191636
218 78 70107795
293 21 114229835
66 90 638117994
118 401 362701641
266 441 231806315
321 170 803138401
26 106 702937914
130 362 794086287
300 322 53150215
126 455 609385304
134 37 627736434
42 160 355443433
158 200 973493890
289 199 919977881
201 186 693174677
135 433 687583586
404 70 433301768
471 116 918638328
359 26 374770138
10 24 617679053
85 111 133196135
173 498 977850977
393 357 883576313
19 103 908933313
366 56 351202773
178 157 6086835
120 28 332629177
446 461 932488497
184 203 351950742
363 329 364989640
361 425 452948477
130 420 93987489
452 221 950437512
349 443 79820280
274 75 283077836
341 207 272832282
198 301 501112390
159 39 567302490
215 240 384867229
213 156 220564537
183 433 18597287
250 137 141126089
89 356 992017884
431 13 300697331
430 14 713975070
495 11 381630256
260 243 103082796
175 277 557301268
447 489 231226926
222 297 189561369
9 269 656004340
290 106 206047578
101 26 224354099
201 7 81115360
413 426 779185783
154 13 912672299
268 487 631959018
289 352 649617780
307 472 535566958
14 249 181518452
291 411 135455460
403 158 829974337
491 80 167244525
351 176 994158668
174 265 295388306
430 138 230974596
281 427 712612555
48 113 248708713
172 291 216562964
67 206 880035860
62 255 54310586
294 165 899728663
159 226 509189439
390 455 711897516
209 459 583576842
42 408 384397965
60 461 269429889
113 38 146796718
356 60 928388997
247 244 657098140
483 209 832429947
291 262 91955962
486 164 316114738
121 278 555615671
492 426 602103783
410 346 28528293
67 150 187984582
438 445 561360483
494 395 900801458
87 381 839478827
119 154 371483199
285 186 160510684
30 261 996573304
223 304 538555998
317 281 128733643
297 380 875716947
362 121 546748386
440 189 504845771
150 390 612904359
39 205 643857433
376 112 640043259
41 34 815375594
95 145 916041687
472 193 525848861
163 237 314230854
47 141 973368202
142 371 797754178
95 67 775552420
287 142 530910261
458 122 680708463
91 42 483034785
460 457 488098179
157 130 375355912
64 315 711968815
398 366 712017595
92 372 509397057
62 17 333778622
335 135 838851995
188 327 108872767
206 20 979825038
267 360 486598356
130 4 196678405
123 98 180261685
450 382 972915765
100 181 664331028
377 104 818400439
193 142 530196394
11 183 460981682
300 97 289093946
415 459 392224460
244 376 133639728
441 417 327592078
68 137 992187510
146 468 1125074
15 409 845752160
306 175 776452561
145 175 687054491
481 156 231623865
51 34 533637174
459 212 573578463
94 86 750500785
242 411 903532291
26 60 1053879
465 306 948441016
389 299 962848963
219 391 880075954
482 273 75654392
157 190 94429796
408 66 456387908
144 242 676402334
317 297 729397149
258 157 821589896
448 130 154056790
494 65 936998851
143 176 621745257
213 39 953970321
85 225 662593527
406 81 894612530
413 306 305335517
179 285 703237099
452 307 974131787
428 349 490030581
89 278 293919386
156 16 371726602
265 249 931260315
316 315 838191230
54 71 535660200
76 212 435944635
355 471 368491448
456 305 901694905
247 230 240253721
207 83 328261257
478 130 343180162
68 336 917998754
83 315 220321249
225 197 862644286
22 7 219385960
212 325 356070937
323 189 469547349
2 338 948657440
366 451 408725377
287 97 474282028
148 433 486278777
103 79 587769951
5 420 880013814
345 189 397256274
219 38 364994570
492 286 398688454
59 379 925144080
157 238 803928440
228 148 814607614
397 254 931120365
22 37 205295996
379 167 364463995
275 475 62176028
360 395 640939856
102 149 418413065
221 95 69285397
209 111 166467556
353 267 189674670
48 257 777503495
208 361 326350176
34 306 649744297
77 198 405959428
365 389 397357300
443 64 354325145
45 222 193970730
478 249 989148330
11 184 310728015
94 257 372105866
277 278 608220576
151 298 278251832
47 195 593195664
315 495 561771189
227 216 407182603
134 175 60580980
67 38 95619856
46 281 523951624
169 489 786506353
182 155 69033656
2 291 6630906
197 179 937706615
376 37 59429080
89 497 742448332
474 116 716321634
110 429 99982015
59 414 420928720
258 450 748724415
165 174 513719022
371 47 374065421
97 315 860372063
182 132 733874535
446 390 191884180
154 428 801733897
492 448 694371742
105 322 827517610
99 68 152093827
198 426 106353560
107 87 73236012
281 489 543956042
376 412 845418437
452 395 911671386
160 310 587542191
239 435 569386470
57 103 818373393
293 22 494308099
320 406 125443330
471 310 219011783
114 495 594717773
263 487 428802370
322 136 574670382
104 174 888665148
408 446 650791355
236 467 582372035
322 308 96536074
272 388 21598547
71 353 755322751
407 335 208156318
458 19 886381396
321 65 697384530
387 376 710433459
496 262 148836893
91 35 943486992
282 54 460038197
163 236 337592767
350 15 47429406
23 375 29373816
239 120 642680541
170 77 690627538
403 212 531438806
384 51 762066786
183 486 201113844
306 16 123030192
420 125 909160373
365 86 458567976
137 300 597865207
414 82 317852242
157 53 613098014
255 231 408383834
14 323 968833429
141 201 236498500
197 100 722222561
141 331 626218754
374 204 673396062
39 97 35599927
105 34 12880846
399 498 977945471
219 259 146542488
240 365 185155627
30 110 189370353
139 216 268794668
490 205 651047302
80 104 149790901
356 164 104645790
314 248 507602556
90 56 348596020
350 396 585624903
78 47 964192220
108 226 325733288
131 476 340776251
288 479 536602437
322 236 593032925
196 338 960414691
290 308 340862579
294 238 402464958
227 25 910377304
303 35 939597024
448 341 436538128
472 334 971952174
268 390 875098048
458 91 323801239
421 132 242834992
199 338 106994555
166 115 908897484
176 27 171115425
220 469 989467864
430 143 9776646
385 373 333306728
462 175 74081416
119 242 210957402
224 450 717880135
71 170 596516005
142 361 274437950
456 287 799521218
35 108 299861182
75 322 524967632
397 491 636617922
33 97 247172693
234 280 631919385
168 48 325198296
388 355 588965492
297 442 310760522
142 149 436860862
137 301 784438436
234 163 436693434
287 453 291767355
492 207 990622213
209 229 280234777
85 269 145834091
204 427 486858724
464 24 523767216
66 364 705532457
301 449 405481146
300 134 491194770
413 259 642145119
426 205 639111201
200 78 402723328
386 370 752769387
418 21 269375862
437 128 781993423
126 491 586525488
147 145 474359470
425 242 538368711
207 128 310605627
31 57 762621587
412 136 876449423
74 283 195465588
283 88 733260552
30 409 393178328
304 32 56785487
414 314 997058330
397 344 584061206
329 472 492860478
204 401 33796341
211 208 173487014
368 155 678577665
232 463 12383671
444 121 766576509
43 478 91866184
318 209 156707484
455 160 401333515
12 296 830385173
229 485 500119041
432 136 227689845
306 38 268378061
288 96 791744195
321 49 722551880
401 400 128199333
137 71 809630093
247 271 83599644
187 58 58585578
215 165 41369224
361 447 486166621
39 426 568922817
304 421 367567099
468 155 318937720
170 323 755247988
477 17 218542041
393 74 229685733
336 456 683980289
10 261 657646630
209 168 901803087
16 179 955366598
258 268 180148025
182 294 433727463
130 54 677847640
112 115 447052393
145 487 302819104
308 210 480480180
180 189 433332117
32 419 490641898
451 42 545524558
294 430 453030029
494 478 563750680
457 251 593211447
49 423 296994432
390 255 526941798
271 206 232132981
348 453 924114241
57 1 803270870
339 488 152853232
357 271 201876541
471 94 437886170
106 470 372137199
15 492 148302426
451 47 713555397
286 67 981614432
331 290 402094773
12 124 124582175
19 128 440714743
435 32 186395064
456 145 793549502
499 32 735281389
487 369 694575471
411 59 166068585
360 448 955150645
58 233 530909430
98 331 307176276
189 428 989920169
310 431 660740073
20 92 430242417
357 405 991078744
100 493 260836552
298 143 227422081
148 7 557719946
26 385 17979595
125 311 628244843
224 85 805897108
452 312 943573099
64 40 411494056
228 487 98184686
465 136 229062661
362 376 673238350
379 186 257388185
397 187 344266920
145 179 351710542
133 93 314839944
155 498 879102760
289 491 651409382
445 194 625095344
237 376 428143894
152 323 462314256
243 131 136978839
179 40 617661750
168 21 388006234
177 300 931813731
149 246 582472508
160 39 604889021
52 241 328758602
98 408 626149141
409 331 426040193
439 50 779589287
345 414 414609708
286 321 259763526
379 212 669053879
87 441 745087740
498 257 527231132
464 421 709349047
170 162 855387968
151 64 663255047
473 264 655271444
34 322 184385551
198 64 729184405
161 423 112266692
404 193 7275378
472 434 271325634
268 133 386892146
158 260 106860620
237 11 237479200
117 354 254783032
194 492 791003363
51 172 282063929
335 424 663327946
105 402 612832422
367 479 376418450
96 142 582881657
432 88 567803524
130 89 746430332
479 180 80924976
369 233 198161899
488 220 270636370
251 237 859774347
117 19 219555736
176 162 763623466
425 320 709131203
480 120 906869958
424 155 823804360
261 94 326560604
473 34 846715284
161 247 465604763
5 342 249770132
333 446 475693979
489 303 894487951
359 159 975839485
227 337 286302133
47 322 691852382
44 290 745870615
463 403 229256989
101 154 362294355
143 278 222783193
448 30 804483779
459 183 554813072
385 142 844562003
370 332 70440035
363 380 303507842
386 469 665830195
244 41 625346068
198 494 445509207
195 121 355638578
493 30 574204697
425 219 646098421
79 245 812727885
118 249 714326244
466 339 852946247
405 77 992217686
82 452 38218292
139 348 10140517
359 287 215267130
88 180 720514619
177 157 420288319
85 116 297728785
79 225 504939051
454 170 779715898
378 297 401298209
220 157 389910624
475 204 831463229
251 77 662686651
396 68 487606273
406 259 983551653
134 65 885805604
309 485 527068770
347 397 618398978
33 287 552314371
470 397 797750235
283 486 992812602
180 356 146914452
217 53 399284482
471 395 216895978
303 393 519470455
385 279 738443639
474 251 850864753
10 263 167821420
184 56 213042889
162 306 485381889
319 119 234717181
194 223 480307777
448 491 897862367
255 474 372991540
35 83 53616094
209 235 377195397
110 186 54542531
51 363 630753780
408 250 66074348
116 472 495585818
102 88 368082633
392 444 269163683
148 210 235173372
15 458 511956905
474 417 354036578
228 389 818570485
275 430 195503689
367 210 198715725
68 460 845115122
11 130 436629382
471 260 189296054
220 208 41863810
192 386 294860924
328 349 199061282
103 435 888836249
166 246 874126640
176 209 717381045
168 113 495075962
497 301 895919012
440 87 701226546
2 334 74861412
492 285 821358015
228 64 913626861
60 310 774876315
199 197 273569534
20 369 508651539
80 224 400945519
330 306 952660428
471 197 417505666
107 2 528041819
95 405 135507084
256 499 577526966
38 26 567940077
31 282 461865564
416 344 470704768
243 457 69257584
164 61 161478053
31 189 196931142
210 393 712932301
190 258 31840322
171 197 287532460
55 231 87021659
297 350 678224352
76 27 206366513
123 24 316796140
465 192 957933898
242 360 444424484
424 356 918915396
173 18 369243116
309 185 439390431
98 206 672904972
399 96 260056260
34 319 492339640
138 174 760278875
9 236 53922822
459 403 168638855
282 415 103826941
432 453 402432911
359 19 265175643
148 442 933356759
484 495 942866103
104 330 46653222
256 339 705684827
219 403 999943303
427 279 880468648
211 76 869798901
231 158 520082189
137 40 851706646
217 479 444057153
400 462 415288435
497 256 749220278
434 405 575780425
126 344 232579534
407 288 996427474
271 108 395093483
346 234 931010972
307 127 101121894
376 226 91837651
498 261 889455371
449 291 243364709
135 183 779899614
414 58 35935342
336 430 797650343
159 7 280469410
209 154 350050758
187 135 908545437
194 448 306972909
265 495 519440960
217 336 102826920
436 139 726815739
265 197 582459703
83 136 799565538
74 484 463985701
150 426 24644943
256 63 895447158
208 60 562466786
115 46 460479341
203 74 625365983
373 499 556071852
26 324 681285805
277 93 495302433
50 431 191893218
256 175 682613100
422 456 672575861
196 145 728800915
363 24 427521770
386 422 243331366
405 141 458589871
453 3 53502445
45 336 551969450
127 399 703445877
286 45 797535035
306 222 87698840
488 171 229346774
96 57 517698036
243 303 614680205
90 204 800074244
492 407 68952202
462 442 407719006
332 353 524031945
410 53 935992502
160 276 966335947
150 81 629239542
28 49 43234080
161 435 299996373
245 369 942145256
2 436 443235115
443 4 390630991
347 231 629146715
359 185 815357195
164 373 293487250
432 1 78835861
253 46 701189943
159 397 825860020
438 347 338823910
105 45 188742479
450 127 675613447
41 340 384664470
385 417 376951689
149 81 115298414
48 250 76682438
341 384 198670518
182 381 770716228
132 219 62123479
481 105 589151556
240 464 657043788
247 104 360423790
391 106 372655665
289 283 631884709
67 318 739622395
325 249 188300656
180 492 305073257
238 481 75407929
293 462 799459486
439 149 188999608
355 333 602616810
143 237 922864327
442 47 64306800
408 121 612428340
255 395 355994276
469 90 9120710
170 175 227920596
477 411 158464422
28 214 569036513
37 204 497768449
440 229 194807891
107 411 126947966
248 156 313789839
489 46 159304565
115 291 317539205
371 325 375080330
78 288 453582527
445 460 519790199
372 483 889745189
365 277 526576210
25 481 143726583
190 213 438351712
303 495 758890664
20 154 850712465
337 398 572040693
185 307 308956159
472 270 265105841
175 203 463902508
449 358 762240759
425 346 337191021
477 464 409741765
180 337 703527705
163 101 180314609
153 219 788768999
318 92 299338135
8 438 786407342
238 352 781748960
205 124 419687771
459 445 195163205
183 137 143361646
438 284 152310309
173 10 760656452
269 168 769253382
496 389 821236669
450 41 337001105
384 428 795227642
149 47 145562268
170 280 190732499
492 489 616452286
311 359 743192276
140 162 861779694
247 33 929914422
212 51 988824952
285 395 230422576
13 203 415193865
455 229 355215071
62 283 67667012
490 234 486178418
341 334 149762869
6 474 241435385
60 64 428444810
360 142 344892480
28 425 118139676
34 381 354886890
497 143 434294776
216 116 738437048
52 19 645919591
348 369 766809582
338 104 857572089
449 363 640032295
449 123 429991699
301 463 336820741
291 379 534854904
468 458 578629844
180 166 310337420
481 441 116875595
212 301 241208307
391 24 355695199
307 73 616640780
168 431 108715480
141 246 616778079
90 95 601489503
497 164 163873319
64 196 162588875
367 413 570252283
17 444 36125482
61 7 607734724
375 191 192395052
203 308 976565696
24 17 784950582
97 324 27447067
245 116 218506230
147 472 630962844
37 94 48737189
454 169 36136299
88 262 963007195
93 350 845878906
223 281 178778462
283 3 621363565
282 352 271429448
421 262 523495256
236 13 452056869
186 139 908651072
305 36 190699974
16 337 266098948
25 229 2894479
307 173 317279724
276 94 64183179
184 320 847992598
8 284 575325262
456 32 13526152
431 421 540976691
189 141 116710851
240 145 204582710
472 317 351600081
134 48 350152623
109 160 470430094
467 341 101316724
74 192 645195251
229 128 830471495
140 38 397812411
69 7 316908345
170 5 480492720
411 78 128651695
404 449 501286992
86 71 283337553
41 268 727452037
241 177 494146851
334 69 3742315
390 484 126090306
238 61 807467192
187 301 551260435
119 265 744985534
268 331 900589518
303 12 334150780
348 343 526994332
286 91 133266942
24 262 438493919
297 387 928173965
103 332 916913368
30 156 676817004
220 57 749219461
68 309 442443293
8 158 638889646
82 273 573882496
256 484 872039277
35 237 421564350
345 463 388345321
208 393 299741424
88 106 838416081
255 121 598947909
97 77 266672332
20 327 820675283
313 433 570187497
407 266 74042268
466 143 247953272
14 101 195326644
188 434 779030967
347 256 363137629
200 331 829531962
43 101 364290123
285 408 997776174
71 222 272329636
98 188 721256773
23 80 381434629
366 421 203014682
129 412 885200456
131 384 465026479
3 152 144402101
110 390 679153700
343 62 15840607
130 248 636989889
326 379 804894901
477 135 866762354
202 102 331697099
435 245 123023970
458 200 382248022
490 441 384878156
70 214 735715245
383 298 798107252
330 31 50727769
122 483 678318614
465 63 218984087
328 496 549897608
442 272 324747224
463 152 316473564
399 385 927949655
329 339 233152861
65 138 157878797
264 464 813162002
35 184 281960324
272 299 947567345
451 412 324544201
95 373 143703721
385 136 435931408
23 5 829671867
87 11 198117362
278 268 221990407
281 343 377393527
31 81 997528537
62 382 397974570
141 267 402901903
42 179 289831856
229 18 556398079
129 493 704701970
247 410 248527037
239 331 787738345
382 269 821494398
405 451 523958814
8 165 214753824
368 43 726091255
383 303 310246417
489 434 397028753
105 157 647216132
496 222 781886197
365 437 472829771
175 492 885251038
15 469 997907563
167 298 78899724
183 194 869729885
9 329 935062102
145 299 467334394
434 268 466907814
42 70 25812252
29 86 410704915
204 247 89286661
70 470 220836963
450 294 634025214
144 26 540753719
496 378 814677665
339 72 719529577
428 64 549850405
142 129 697281383
246 458 602911053
353 319 561583944
354 351 844916869
373 244 485196543
475 293 439995370
486 119 855550232
338 143 402712794
425 110 3315373
16 285 358323494
19 290 429389403
193 156 234299302
191 311 878270843
81 486 972514120
393 172 457917888
17 417 29044472
270 104 426612433
210 371 261127810
138 190 401951591
50 296 55640667
143 181 846959284
64 148 748057662
293 447 761341553
272 344 918091335
338 396 436256599
496 166 528075003
104 398 137427213
363 463 564838094
104 375 80717845
38 315 52347728
369 213 499128884
348 242 324780746
457 443 517471801
195 376 595410360
141 269 847083547
272 22 721487015
335 458 245298354
452 272 881094415
3 41 498628039
280 51 554636892
15 354 731391883
385 449 727734974
410 89 897203634
414 400 870806699
160 121 709581261
216 303 902159687
2 365 581335104
104 205 530795196
281 244 419201775
410 76 968384323
319 382 143469798
212 142 385743997
414 80 542485371
240 433 922571007
302 246 59680795
27 70 604619329
395 490 591498764
406 328 90954275
476 429 309328999
129 70 822712965
233 329 181374991
411 307 94885269
42 5 357543848
343 388 196122333
97 248 313915567
249 348 55351711
332 320 278466658
363 124 666537066
338 412 225973609
224 447 902551604
20 81 664468000
326 393 508671128
430 487 14816166
242 175 957655692
466 335 790574517
15 185 569526784
65 387 459174328
494 67 744932554
244 42 26448319
3 210 647881787
384 27 743869400
281 252 201325156
173 396 740651113
232 157 944617607
236 389 879451917
22 403 130774554
487 20 679828781
85 124 757854063
280 363 763999712
331 318 738601523
469 335 777732552
101 250 861368937
453 436 24597970
26 354 375114751
492 413 945765984
205 348 626982273
36 2 34028344
108 251 951701914
224 385 36550771
410 247 987371034
314 34 71684155
172 73 581493067
361 266 847594550
489 82 415767536
22 443 877910071
41 140 985264934
151 356 526855385
364 16 759409757
440 278 520562848
377 246 759488325
257 185 381286676
143 398 152002728
169 417 68839922
187 257 64816383
341 404 793961770
370 106 903296446
1 143 19750891
450 103 417720488
266 110 988014385
302 42 7248135
351 298 311549611
15 38 129993736
387 343 425529177
325 96 500696124
265 349 83826609
42 122 988676726
29 84 924719001
205 25 705206360
172 141 941634432
67 89 668687925
241 221 295362968
499 231 133879671
91 413 687678062
490 51 653970521
9 353 546193221
478 207 85559583
238 223 304205985
445 494 819236155
229 367 223279031
415 182 967668652
237 176 246769765
327 464 578797224
2 15 170473327
272 69 855383802
222 179 695905753
213 95 530346366
468 289 754558869
298 182 222278319
221 231 716194487
459 256 155232245
361 178 746525693
186 336 715220131
472 383 189503291
28 399 800806349
295 208 201093424
2 207 111461840
280 97 10185105
433 215 994487975
358 297 288123412
236 303 36584677
485 73 73545234
208 127 118433536
306 337 517864191
147 399 207492680
395 310 310181048
143 71 664367568
284 422 457121621
234 133 218709423
413 96 289978725
303 264 122572167
243 116 993471466
464 46 228910256
312 471 91813555
201 277 374861474
17 300 840785972
270 167 331673490
474 69 50847294
25 161 186654448
421 115 743858542
308 155 524321294
57 16 905644392
236 56 949406861
296 322 925630419
457 107 649798764
43 227 631668501
275 181 586189629
22 33 953174108
52 116 203858591
161 330 411360566
487 427 4174360
350 304 653834693
159 171 714273245
411 156 438247726
240 275 589162029
21 166 589801588
219 195 910273505
338 491 64484712
358 139 556466540
63 52 53229194
469 218 850581597
428 102 315124745
444 19 59511002
93 76 484770947
65 127 548128829
398 333 627355165
325 6 753855315
216 88 314635032
122 107 547877636
177 123 813364030
275 219 10938033
280 218 870966724
241 111 702109119
435 339 784133110
425 141 470566058
32 75 636985555
252 50 796305172
171 318 215507038
222 367 495738129
191 356 919864075
141 153 285118880
3 61 746048657
78 263 799533912
437 370 308994289
91 125 621731663
474 276 578306180
64 85 236064298
262 442 600604485
65 133 223129918
321 229 499625881
80 296 588452164
125 428 562694942
323 259 130786758
53 313 21070114
131 400 45189661
86 151 772085267
459 483 890043919
161 285 800060264
453 161 703682154
42 106 746088143
205 439 509367390
129 38 774612524
283 10 745666924
169 225 871716834
77 332 326630740
352 198 971591771
246 22 325637280
230 51 715799393
72 88 636747830
477 107 710352362
16 33 20481441
317 218 234887427
19 419 997304172
484 204 681133639
54 472 240084338
303 156 706704162
448 60 202302260
388 311 800120529
110 171 263253739
440 141 506792691
492 447 652772466
467 271 878804302
376 76 409828234
39 274 672755190
424 238 807913009
461 323 179718116
57 108 891947940
166 254 263794857
165 336 695589400
134 480 890996902
140 423 708343913
466 481 57253364
55 211 160809334
101 9 220420085
276 443 440401927
107 305 363494064
140 339 454319281
20 243 73427793
416 56 293315987
328 98 353444133
400 275 383382627
499 18 60553417
174 233 622508128
434 422 197471125
162 312 663787351
113 260 888650196
94 294 581259253
458 44 8817659
7 72 912472536
296 232 439382128
1 21 501299747
78 134 346060400
421 279 846534978
146 228 975609201
498 309 330144615
494 483 250493592
250 121 477288393
168 499 410131694
470 70 773160324
256 93 198743544
185 267 947032259
11 448 424846954
305 188 42405977
253 108 217614213
408 80 728572465
444 459 289507537
355 156 558179646
79 30 633487368
260 273 347656925
108 76 950035177
3 137 496138753
187 56 660906563
455 225 162071756
182 289 797913553
344 111 412271196
142 417 663979864
231 221 389809494
492 357 835786587
151 449 143397959
61 276 113472197
158 230 653029991
245 458 26836305
169 100 14547395
475 150 586397859
181 266 848964185
471 273 194128682
397 16 888425594
473 283 641895255
4 325 494749468
22 69 689479612
12 228 435355082
311 443 701587960
289 464 972717189
45 402 839117815
180 462 52776261
167 104 654962824
411 148 663610559
161 68 733466726
377 167 839533939
492 310 348815389
328 225 273277692
195 78 829680309
66 54 836917710
103 378 91900019
135 450 552737299
177 211 734254038
369 247 979285308
125 12 174257701
194 42 257157719
393 365 587172671
203 0 613053234
65 398 938200366
253 413 372886257
277 153 163758380
296 394 831277722
301 411 481712415
228 318 894706340
214 423 986982556
308 86 960107696
55 410 491508990
440 362 877415305
257 140 776018585
34 405 198044405
104 470 120267764
121 249 601935076
327 471 96374469
236 216 595898864
270 478 917589121
400 426 832808107
215 162 860884899
346 319 66942219
102 304 479608672
465 217 882007969
249 201 641659221
145 58 600568836
451 185 645840241
411 103 906575906
6 239 277087503
478 42 848078468
327 479 583585277
196 393 438247457
243 360 861460779
286 200 281955565
224 179 266771301
361 229 23884429
90 145 557962725
80 52 167154728
85 247 962076453
374 288 898874592
35 65 931063287
300 395 792781970
146 153 801227398
320 73 509780236
228 20 766931515
394 238 107134902
403 38 672850227
80 192 91268788
61 438 904019680
257 493 5262642
100 426 81383811
7 108 398439242
190 179 848940358
317 219 371937053
395 421 802993990
302 391 640133975
226 444 164350336
215 275 961487117
334 15 995203725
468 438 982658618
312 144 19686234
376 85 287769999
309 368 210675214
204 41 130899878
371 380 992388514
166 193 20177884
214 64 888553116
183 171 322328166
331 94 934984148
361 243 359617338
224 191 2935588
372 34 690840392
286 379 246395138
141 322 387189891
359 250 899612775
237 231 876616747
40 18 155052407
418 425 294589196
416 481 853917532
247 344 238524789
218 160 461848282
67 466 662561930
454 159 437353744
85 391 957899291
11 55 110042837
312 54 300819146
150 93 135647792
393 174 650683770
20 132 884365741
447 164 988764979
130 351 310303689
313 336 304355649
324 491 197331403
261 102 857218678
296 303 82351129
497 462 477181361
60 379 540537904
199 219 772643938
235 105 545505952
309 150 396034095
148 419 200516535
87 234 232663998
226 367 231349023
111 354 339320911
111 314 61048240
189 148 11398598
56 463 593898280
148 107 854089918
69 145 50342034
367 369 353144188
316 233 331480863
371 76 841556264
466 42 899739327
163 121 822895810
410 386 753066481
70 87 36758118
148 488 126944570
361 44 949658978
160 448 233717773
313 96 129797637
85 204 985318267
237 409 450924297
294 139 169707465
273 234 74082835
99 50 801751638
394 267 655053881
169 306 137266609
20 338 286083525
494 498 566698102
145 228 803624106
161 163 558258192
460 109 603962424
33 235 29304141
82 255 947803482
144 433 714901648
338 378 7683951
121 107 921593867
268 386 498698204
440 10 101497822
30 431 165463727
50 285 929441833
63 21 842755739
410 93 647761812
485 210 148807183
280 59 132832649
218 67 333052060
113 285 65740976
114 39 469498214
480 393 840390994
360 204 527222807
22 72 470073436
472 267 447851940
344 191 561488490
343 74 202671313
149 138 173819226
205 211 602098078
286 461 196824691
223 128 565640691
29 30 956696654
150 425 561275770
295 437 491441378
404 115 176061827
358 422 903428618
368 335 244705524
9 40 814870829
308 257 629411255
194 433 221586616
138 414 499703753
143 59 757549746
188 451 574831716
404 231 176950496
403 409 90423487
426 319 326849263
160 178 388980853
263 355 708112608
173 208 646811911
258 346 794150009
476 38 868728468
44 487 835652192
283 86 196998255
371 436 674431429
362 419 647612835
448 412 344960553
30 421 474871776
141 65 825772404
434 353 98164767
24 54 384977584
123 130 278135996
376 98 864003677
357 247 944371641
30 128 627240235
449 383 162654467
74 214 464054484
354 404 202410360
343 252 135954599
229 112 863753285
492 373 976501826
185 118 557287233
414 136 808250929
227 440 47255088
23 417 684007199
47 306 432973248
96 356 491141150
164 194 236063664
359 317 118430775
403 7 165874683
313 401 618836166
365 464 391766806
105 120 622610978
462 458 314280812
336 80 352811415
454 283 473778529
5 233 235628857
68 198 48303211
461 275 988081105
245 270 854239783
261 50 631324476
193 126 772294616
357 99 712921729
208 133 883567962
148 276 37770970
14 372 375145729
227 179 983117070
464 295 326687943
417 8 130702153
81 222 206706867
226 171 108870054
488 342 131416383
88 67 610757652
170 308 91502691
286 106 842227673
300 258 239096360
439 473 565349809
326 130 379516952
386 55 70263127
36 55 69397876
210 394 596348079
14 299 875837839
15 266 636916613
58 218 864946216
172 423 920854224
335 9 143143592
414 410 667924787
381 446 412160549
45 182 661998085
289 488 697008882
80 244 19636442
57 94 261470953
150 128 372198003
232 31 312365502
223 478 921387483
335 193 709525535
3 283 252701285
419 55 136821878
423 106 469695808
426 184 310008955
176 248 724769681
322 279 414411289
91 237 292942469
35 456 769477194
92 349 340596199
254 439 68050733
290 376 419968384
343 8 994439798
221 22 640592002
126 497 762010669
105 443 610246304
373 109 723074296
218 400 164161514
493 232 591850491
190 334 78456510
483 394 922070997
420 129 395761100
167 209 276082142
210 185 101266940
190 40 990275322
92 68 462657061
75 12 728434089
272 323 162543824
114 357 25265358
306 43 524114266
178 436 815735732
452 144 9842603
321 485 628385311
59 99 952482820
454 158 662888478
33 302 497734099
75 116 362936728
454 339 106338868
215 158 868291349
434 194 491784890
209 202 731917316
498 357 861146972
98 209 789626841
266 246 969348166
99 200 879891034
130 132 695357227
108 165 937050689
111 100 481785363
196 19 416066951
224 19 290322207
43 203 970285024
399 350 525247297
489 367 360387583
45 206 630469324
58 436 450862291
128 386 975884199
379 226 294431623
399 99 952287105
183 442 896187529
260 470 539982338
100 310 605991754
221 389 251622117
309 8 381615446
102 431 252398595
233 482 817677329
462 246 77414187
35 287 286426820
485 245 919955932
304 345 340350982
302 443 146685068
408 274 959732775
79 126 425640169
355 45 669836279
49 51 4805489
104 389 884135051
375 405 840241691
453 40 698769488
271 162 307329345
441 157 811499193
371 480 184835881
214 207 606959445
49 477 886658985
235 132 529734086
404 7 431616786
242 479 419355762
172 178 913263029
277 318 921543987
30 377 790430528
67 257 31013927
401 234 681192707
43 269 75643432
490 111 596211556
340 431 458338947
427 264 530345806
209 99 664108593
121 198 129372383
467 200 52668632
386 77 773606567
443 334 765737103
118 307 385935942
427 313 808054358
438 289 86491955
41 209 481657080
40 83 661113137
174 147 199404364
129 174 878025563
371 211 75736053
153 216 389946723
423 467 241198764
293 394 564977288
80 82 92609069
223 100 763875965
213 166 542874000
150 340 144691668
385 478 734678526
412 235 240549211
342 369 764650622
499 36 996075997
398 48 562538485
277 136 436776892
84 327 154803239
3 362 276828590
30 359 904735104
487 106 903313681
252 338 345451978
409 142 134338754
496 424 935041997
62 483 960526948
493 80 875274765
116 138 337473159
324 438 983404278
77 377 291298176
388 415 864823233
348 425 312781934
28 15 175332418
231 291 897048117
213 435 66820434
479 37 405499786
205 105 110579551
437 107 668042215
215 149 756855731
396 19 983932979
278 231 430649406
493 261 20198562
320 229 763518850
103 221 66980338
131 311 10873971
451 481 994554376
481 19 13818954
409 406 692150149
425 96 509562505
496 393 803790657
134 11 440685661
275 130 224247733
255 42 104768998
334 387 521213639
393 206 404108642
233 306 259619032
69 85 719605102
0 485 920800226
250 371 720640453
392 201 941543403
113 398 210552124
416 159 413926576
256 253 130395573
333 117 490822537
332 63 241031368
291 52 702519987
442 165 539909790
210 479 234811827
458 480 659995525
72 4 927413271
368 187 178219616
336 46 767096464
30 497 536065631
412 278 80332162
357 219 934075931
442 110 657700735
122 283 939312760
18 376 999738110
237 148 212036296
79 445 553095520
353 469 700181184
126 332 793390802
330 194 469253117
307 113 706979533
355 153 613312671
134 271 525594622
156 385 153993156
450 491 932052654
176 430 63575809
390 155 90333140
486 424 877823216
398 425 818877309
142 253 178205016
42 275 192738543
143 384 319125968
1 53 729585527
39 298 755169669
205 223 957772013
372 264 479807954
363 265 264082308
46 456 715965687
348 182 324466534
180 291 901144559
228 195 129107660
244 84 960054209
13 265 164109226
308 54 713003056
327 267 899449903
306 200 477061203
388 91 233225026
153 125 174031820
182 290 524775535
177 330 427238789
471 357 340713650
289 72 379896559
47 136 424365013
400 317 362494573
446 436 645425533
66 109 297223073
311 150 555689652
450 302 706968855
359 302 365958532
436 465 895537747
104 342 879404316
345 33 559569455
32 255 352388690
454 335 97983061
276 217 470974640
408 367 657680470
197 85 763033352
457 437 624103060
183 79 940067365
312 487 387876200
3 406 766189593
484 238 450218345
38 204 358176986
401 53 385112871
145 360 944481557
23 181 368126375
86 150 398881257
478 104 178366578
151 215 122841732
402 89 991282580
31 192 425672905
144 271 939465133
303 296 903014302
181 319 97221032
441 405 835789591
20 473 389614596
440 432 836350045
68 471 535149836
103 180 94953308
190 278 256299970
347 349 984130004
129 217 717496021
325 359 586749428
19 237 605664455
93 256 678591243
464 257 701987710
489 59 644522362
427 8 777102630
313 129 940680279
348 466 819752541
393 48 680153711
274 150 677481957
182 468 295682706
244 453 194296804
161 100 964657256
101 149 210259955
460 79 9422716
48 126 802593491
439 228 710255040
264 153 570502195
75 456 65799937
447 422 512616918
60 387 22076698
436 91 231919480
39 439 596291056
244 368 439486152
197 468 831874330
68 6 44260407
431 378 548296003
483 90 365090066
59 297 707131501
155 380 724719837
319 461 705918821
423 437 648893672
481 290 345663965
230 387 219169082
38 359 438245255
269 385 663801224
409 215 684633748
441 52 902093647
182 114 102292955
350 59 298352252
416 132 582707820
221 265 278571896
400 482 173075291
312 370 630189058
448 33 354569945
494 484 215340234
338 229 418746680
209 43 257773725
276 69 365484336
203 366 844355869
20 54 915171541
6 51 504218821
0 101 190397871
329 482 570899378
37 400 482138215
140 68 447849165
346 217 232443420
221 144 312460893
383 7 987651320
126 202 781332105
293 303 789242077
329 176 717021072
2 494 906001252
141 274 843183441
469 287 896037611
38 422 888464233
238 316 773101032
495 459 477480785
211 74 727981586
412 72 289524494
99 212 108496201
421 257 256678459
182 210 999491447
437 308 202140202
105 342 547307614
345 4 21450233
312 13 113659622
493 179 946867482
443 249 431469094
74 122 561442657
442 319 316577052
162 451 694121561
34 344 381693770
41 445 465538067
348 292 234813131
437 403 808110560
475 282 525186746
52 395 465525135
15 288 204200431
401 123 280298574
410 330 377945647
46 462 525758389
6 162 377823200
250 452 648222655
105 365 389297903
195 74 544948492
128 6 426646086
488 386 439215447
128 374 484208539
393 99 579898072
404 387 525022127
356 90 497850252
418 52 685521002
427 97 399332980
175 16 216974822
276 375 881134480
162 230 438068630
445 214 978399618
292 39 104119598
324 460 382538816
342 349 38304846
458 142 951266598
332 214 674661148
483 464 804084010
110 393 667370329
126 296 67356034
324 345 763127943
369 123 352005732
298 100 226662189
39 487 606874397
129 77 106431980
48 181 946271673
459 211 22878711
344 342 473008856
460 399 494645924
394 16 892000171
492 268 231661224
133 481 477464028
232 168 226658995
244 268 757855579
383 74 150698485
227 122 792093183
174 391 443383546
50 53 551147591
258 223 48176736
481 284 802193932
485 323 588629320
26 373 73118057
235 145 781056264
440 9 294233281
137 476 2023470
436 461 193535407
254 479 684167798
366 31 579823169
121 80 634525885
386 495 88738529
305 56 20369335
195 40 331668066
53 416 124814078
331 481 547974861
329 188 747211985
72 191 646253983
90 109 264997396
9 212 640571615
256 300 851228148
344 219 824188087
489 365 846226610
81 66 183372061
69 78 835718845
330 305 510856495
117 23 760978767
107 425 577090142
38 270 906129528
382 84 36268963
377 410 10505844
367 65 897815731
459 205 31517567
209 90 163057051
38 276 183018116
421 27 564637146
133 140 664879160
164 147 373438029
22 391 129268040
293 3 162149612
335 480 67320458
220 328 408980148
51 270 356515195
298 205 45864522
83 141 691079394
96 138 651394677
299 39 681376267
182 265 629393052
36 181 299594493
227 50 381251114
67 255 439913737
462 120 658848046
186 58 161898494
407 300 856330420
137 228 687224366
222 350 83303365
246 339 656091495
207 454 857851309
2 299 247642026
438 472 652093450
340 471 644756568
425 481 850177219
93 152 252230653
482 224 783668298
338 304 598770559
292 419 211745261
62 290 104747804
243 14 942986751
446 226 127884698
465 335 273145396
85 403 881265236
486 141 639086500
423 300 979455051
326 255 866642035
319 279 211507103
450 102 276334818
347 44 736341289
462 84 28080892
448 233 522799614
124 45 628762272
234 134 110909348
142 251 582736794
112 386 225092324
15 169 635765959
453 78 367580308
84 186 46022608
89 369 313085710
38 235 68781429
164 475 649293883
220 361 973861898
302 124 784078594
411 255 661331859
225 242 37037237
352 203 527233338
488 341 461555826
46 265 904266741
240 265 902758365
435 196 318473154
351 246 16256693
489 465 901877953
485 35 708343013
172 458 741292508
275 210 60260086
378 452 800493232
249 393 311924334
335 498 195140936
60 70 518635089
108 172 46790179
28 313 32411818
466 314 925591224
123 88 313980037
55 454 760001316
362 246 745498607
323 32 392451209
131 475 510878946
108 427 2978529
393 427 881188232
71 269 587724634
302 60 52454897
345 343 645343248
431 96 951544365
223 481 482052519
271 34 504833233
71 257 214847186
326 45 444133173
203 233 872151196
113 77 847250438
101 61 694156792
283 52 362926063
70 282 138803155
113 247 653570660
274 429 67119873
76 302 93275461
279 385 832303985
321 336 594776462
118 388 677920453
433 404 671048433
320 28 487846963
359 82 623401714
159 25 187659799
185 372 496284937
108 250 62691823
159 256 448177768
497 456 491172096
479 383 904636667
421 197 394146146
100 51 476687238
8 120 2916947
487 107 639500716
473 470 375497162
308 354 356874842
272 315 80129331
312 173 423983715
89 298 251953588
211 367 968062718
354 59 268027420
324 204 562563219
23 402 967515813
330 403 202025738
399 455 636220228
146 426 567036792
392 291 130084337
441 10 875009568
17 1 741065643
292 237 699123777
298 162 678779954
382 41 386008052
383 193 954377041
11 308 298309124
127 225 747815858
279 380 362415962
141 422 503345528
84 296 52891357
182 363 26049165
410 362 422700762
183 299 480540028
371 104 648926997
309 91 149721166
273 392 670813619
416 168 134167886
415 395 609003080
368 274 983567062
488 400 949733257
456 121 402455043
50 420 638585712
423 120 859689304
146 25 870152482
259 364 30255202
346 56 470635235
375 153 647001576
193 359 796194833
316 219 83361798
256 150 394809092
38 201 222798896
260 75 640495465
69 327 663298862
234 365 811240080
48 36 221838055
457 193 890146701
408 254 714558968
116 475 123564412
274 74 584522352
225 31 476509944
4 74 409382212
490 326 902685284
318 326 917661971
62 457 548025615
112 180 724034033
482 117 169590803
479 372 881288535
37 24 609276008
159 255 75780729
69 105 106933418
160 398 234152384
390 195 629352670
345 391 618154465
208 77 697583202
312 273 787861977
156 341 151786341
273 14 111873743
254 26 243057617
14 408 277807463
470 392 686543544
304 475 369959626
249 134 813857762
371 489 509768944
44 299 51470019
334 98 900726703
485 306 971712973
394 30 577939606
321 295 848840792
7 358 791207998
430 48 937204244
203 417 250925374
196 363 206627441
50 98 902144015
344 458 779712766
142 386 504446034
242 312 288936394
498 108 531639408
46 6 340273573
191 302 231136315
306 494 927680882
252 191 260922236
476 121 68241555
169 251 456374100
360 143 375873874
152 36 547300286
498 75 692885746
395 43 708348570
292 426 5034012
373 38 45481074
6 267 261491789
430 93 231572643
288 199 909877172
239 55 132876292
143 263 70790497
192 92 122769999
423 320 587450472
286 376 427399836
465 243 88023074
494 144 509233215
105 248 960095503
450 9 787568173
70 392 487218422
58 384 62365887
184 393 641958765
335 208 618411592
113 181 290684162
417 445 180653303
415 235 778813982
204 167 970185526
39 264 351106017
495 114 741764381
253 147 516687907
231 432 751416371
393 197 642787565
298 468 306535085
205 252 81315394
454 173 22215765
103 446 801269697
59 240 603073875
319 369 772657632
293 189 509337236
476 171 674643916
55 84 656310664
470 336 749998245
198 132 659363006
208 495 81809141
486 74 925318304
256 181 630847862
366 183 610361858
270 123 309118760
144 267 266691538
371 411 273135064
149 212 635351433
63 286 344362954
235 377 26717336
265 270 639858908
391 325 890773572
488 382 315996005
350 235 498265202
71 42 397428445
434 42 22003391
302 150 921160078
231 144 217037094
448 53 32296718
417 49 6980747
239 338 590841204
325 230 950339644
28 242 600433406
141 158 949953028
96 474 676398028
301 443 583361733
462 311 31453481
292 130 598695149
119 452 341574952
342 188 879902722
299 250 365414291
490 11 35112435
0 79 965879600
135 247 894579081
489 441 760384858
283 136 176824965
341 373 232684667
84 447 419184205
143 441 196194560
282 333 913677390
310 118 625689360
113 416 631073148
51 480 189854417
97 180 120129098
119 424 781100317
346 307 129047812
246 445 97208395
88 287 446573047
240 284 77280482
64 421 502663612
469 377 631576870
425 312 842941142
285 423 836486704
455 159 743300249
47 74 169908146
85 493 343622621
481 21 78604999
91 487 546233471
367 2 209613673
57 454 312460474
286 70 567506393
358 464 910060488
360 161 4473615
470 239 784467541
321 335 34765343
343 198 55920826
12 466 38784492
139 233 25017116
444 218 134787822
209 324 205360922
204 292 483236311
409 357 287796761
3 97 933648273
473 464 372915422
210 461 909875383
57 257 599234351
416 398 264636363
349 216 440590610
250 6 945472929
487 497 861185452
411 38 746721806
209 384 822733162
425 72 719326044
140 384 259216713
463 494 294526035
111 48 778636851
395 107 622043472
397 244 740467178
44 358 105903763
101 408 417012760
300 495 28424461
492 136 150819067
399 494 818144801
253 165 654913690
232 242 348771389
105 73 739366285
94 247 122181371
72 1 641692437
478 480 20148706
117 41 197340765
150 496 402007602
469 337 248686854
271 495 468837396
53 26 636211900
357 203 572462374
199 324 454355202
425 324 477603916
194 206 564009443
14 330 1572664
153 198 617573241
329 140 910624256
32 492 581089607
358 496 320312541
150 1 775139421
125 5 534179843
178 107 565154599
79 301 462969040
177 310 169630724
104 109 441231078
24 497 725966825
93 238 582784579
129 147 281500921
97 113 743457887
388 413 578847329
426 152 159288168
186 304 903605481
154 379 285037645
41 83 661668504
431 300 152434895
479 147 456995579
292 103 688556757
302 210 15321535
69 337 206648344
366 107 772256427
248 288 273426296
456 403 219384280
499 58 681126679
498 318 914222222
177 457 205161321
221 403 869714054
301 436 398067598
109 36 585778735
97 152 575807738
265 200 695592922
279 115 487834471
32 14 557253984
110 151 171693962
218 310 931010777
149 41 278966731
103 279 321298409
169 58 146828312
183 67 287227051
179 413 688250409
279 249 405457709
361 242 459280092
336 77 238334823
396 123 684573009
359 133 71856417
3 2 868352472
266 365 39895198
240 251 10806826
366 346 233439730
348 54 980999067
40 95 543808138
74 323 562470389
175 153 596869503
243 158 637854177
408 75 373267615
293 271 859364434
489 479 449584882
382 401 456021334
493 387 877390755
102 425 441410698
283 22 495801770
261 427 195256010
257 61 553941817
374 72 252221726
81 48 408425302
460 476 934362154
441 190 755901772
3 324 558806542
373 131 417371086
25 153 396577952
213 240 83975333
44 86 808594352
460 135 253904265
208 46 33728873
195 23 859228375
458 94 725600475
499 351 916910238
492 169 506383164
188 80 267470023
193 143 841575699
189 314 567109960
99 493 524544082
485 105 135797959
482 483 11760673
198 88 473424686
422 382 422738148
322 305 603943559
246 207 508447991
314 33 268066428
279 298 348767253
226 390 714167569
277 73 956696720
72 182 60417472
103 301 778211845
480 186 707285863
330 287 23948474
397 160 713214563
310 156 595229487
67 85 545426496
390 111 848974085
240 40 54250562
438 31 883711806
256 66 402821041
247 436 971504705
311 452 85913753
405 13 324065393
192 484 103853565
98 261 500636063
281 394 178162567
478 258 745254797
350 290 83234398
63 216 967224257
74 320 446161874
237 426 34897999
191 16 543778921
141 210 672139738
45 303 469163311
186 409 727301208
159 207 59030689
310 413 259156190
20 171 975770794
40 483 663281152
337 103 912796464
311 336 532534211
347 451 703958180
142 259 832870609
341 79 712252509
204 389 494937116
435 400 235622361
61 387 24210528
50 313 995394859
382 397 909051238
444 198 435631146
140 173 674712584
304 495 484920969
239 399 699672648
241 375 95658783
341 52 349036800
278 418 575935622
39 245 915252342
463 314 442094845
8 73 225244629
373 430 506978086
251 460 407596962
460 337 498420524
418 10 673749404
455 444 806993843
267 361 615408459
322 265 645216770
84 9 632262539
480 458 323737032
351 324 337780797
110 457 964434231
260 405 815658408
25 56 545729072
263 254 936874492
350 483 488332813
93 236 151038755
45 7 143924469
412 124 800416952
45 175 518036676
31 196 578351752
452 353 305987253
470 191 853051666
322 93 693576819
262 441 959275452
385 101 109693823
174 462 204440722
387 363 340456294
327 114 986870081
374 169 426665760
282 122 624456012
54 484 749243954
388 220 300802939
398 360 449097623
182 476 297420908
399 47 987558237
291 128 872404683
477 290 182469734
423 1 93232044
249 494 283307315
353 213 154485626
480 379 250169374
260 328 398246056
332 248 116083150
27 295 662508704
95 157 866680567
22 374 141401857
283 467 81702439
460 491 985966025
114 369 535564818
278 435 767681191
55 270 809439779
440 379 721647574
489 135 236882231
169 440 948785405
11 160 809937876
407 197 105110734
288 10 476128308
309 462 379546825
20 64 274413
179 250 547457812
80 174 629434240
240 32 201753210
191 394 155437490
404 131 704489947
455 77 51361563
166 84 640708311
25 387 957985462
144 259 627856259
386 421 866582883
362 93 659991680
57 92 51485146
126 28 691076060
387 408 718792920
6 309 466627126
166 145 327265611
309 188 608760064
490 233 726085078
212 49 543203045
490 334 418296928
358 219 317250131
490 140 901543002
187 324 737058599
202 121 907508825
294 234 550224123
123 119 797268103
498 346 405423090
302 486 820691636
485 161 3371811
439 212 132962616
21 436 931240848
496 329 991110230
69 443 42419911
445 411 876510686
214 456 771931396
347 274 69626304
197 86 871617836
235 95 181850072
278 163 322594922
183 122 931845275
23 148 594092824
20 244 750832619
264 357 601100857
84 202 678325505
145 41 905231297
417 1 797155154
355 408 574096692
373 381 451221710
441 474 81581826
176 58 171874638
4 199 874629961
163 27 792026467
56 391 569645882
478 428 173372736
129 472 451585309
424 425 640865733
260 340 764886874
357 304 79177775
467 248 288069053
395 475 706866316
231 130 701956010
77 394 451054079
347 218 775921405
84 418 960232795
332 347 517515981
412 130 189316049
24 494 284505513
303 386 547451298
231 392 372676116
150 266 205976338
40 125 707350728
149 245 554126451
199 177 624519489
13 228 237730935
299 339 716528530
95 119 152245332
462 492 333809281
130 482 644431620
466 394 413611367
239 429 202117497
196 56 457589588
465 268 923488816
142 297 125164967
278 374 88492320
214 263 751088824
190 92 113815603
272 17 808091462
118 273 207857861
328 319 7810910
117 146 868181244
89 488 128395628
382 102 881123947
497 51 946950036
387 370 40933437
124 314 625396619
55 318 175150779
62 314 771582796
433 163 993083628
130 239 683602126
368 4 368678347
259 175 110929501
244 285 630719318
130 395 413723897
339 4 251287988
307 404 141959944
194 454 937751197
214 101 435847942
226 342 554863632
165 60 832631207
308 336 878015740
8 161 392104543
1 84 81431265
108 306 597387683
65 461 801898264
433 305 343229241
363 111 738673600
236 32 500265379
362 354 364200352
119 52 490970027
432 189 259588719
273 345 191668681
305 96 694032397
40 269 866228467
183 210 848258278
347 419 17770148
6 351 405760021
348 87 264359637
55 111 555737969
347 116 16203193
350 76 519526208
134 53 611372479
197 345 457948063
327 318 813644612
104 473 62431922
433 353 782392630
240 164 50300368
478 36 921779243
450 32 967541608
39 237 25160141
33 412 33653776
203 333 405893020
434 80 751938185
23 264 95871882
476 65 822909286
154 486 871297399
305 293 548033260
85 291 271691424
115 117 776775194
360 145 78833721
84 289 446882866
462 388 515701765
33 314 289529696
409 157 120399072
6 173 686751693
90 113 94669467
424 449 953424096
16 42 604276142
199 328 990014257
286 153 938652337
229 423 549833176
158 67 93576615
484 146 787849157
31 100 674149230
7 141 321176723
65 433 156512003
165 412 689360780
190 78 20848423
380 44 765298003
139 229 196407172
189 102 17048311
202 263 194041489
410 94 664703158
196 182 936259177
140 94 976514903
428 216 415710577
489 374 728546425
396 27 694547625
134 225 744763704
497 358 887465029
316 357 469438709
427 378 492139800
141 450 707038529
220 96 996820391
4 96 737838730
94 407 911524219
75 212 181371314
406 453 35401168
448 74 809810224
16 347 407344624
35 225 402247987
222 80 274554810
391 288 916311851
22 255 520171348
313 41 516033322
281 59 908023790
260 471 997374856
36 310 895753029
36 371 37074609
222 191 358209044
118 116 23322780
26 361 551442415
270 222 49410351
32 403 184982358
120 256 459219590
448 217 464482779
84 82 695945328
30 491 515449264
156 414 762129176
359 161 372286537
141 192 445235261
141 391 705404103
19 331 672967476
5 418 396685843
394 400 599609841
336 166 317465636
268 162 64276452
100 47 604543622
410 338 297961530
382 255 505362391
357 68 469226220
360 477 312591612
218 177 622937290
454 391 645155606
96 20 302148115
169 14 364966620
200 242 211090561
420 364 603269588
415 111 788544492
466 238 877768906
197 307 479834259
363 469 568064336
362 166 527481403
318 435 224777413
448 352 211027922
389 67 406943695
387 337 533184509
294 129 240431915
223 354 345223849
428 48 16804607
67 31 863962553
458 170 509713596
155 337 17014403
269 116 941683208
244 278 60014379
429 435 97295198
284 392 701841707
86 67 348765388
102 497 698313541
320 303 379053359
102 127 95954217
60 97 861180245
448 170 821760582
400 359 450342757
340 63 775305636
209 263 224183805
332 364 680497233
123 253 251664388
461 200 704453810
383 18 639060669
484 409 692542937
110 249 356172646
83 305 747187398
150 210 500086263
171 163 172479113
241 2 566291652
470 76 308927917
397 159 297451752
480 228 803957820
124 424 488079463
79 347 828524789
267 404 759980260
256 384 351173411
352 61 236629750
323 13 563709082
68 67 675090843
266 300 452354939
341 2 925064008
195 211 68750877
98 382 185231525
358 178 779765611
458 83 541700928
355 271 746896862
222 469 330897981
277 185 195271161
310 181 609784570
40 253 381120229
242 353 13423859
249 300 846859321
156 389 575157822
60 428 643690249
360 404 114752869
147 418 524228617
385 252 89297017
391 303 715342446
1 291 272781143
66 201 997894453
340 326 511803155
76 400 615179203
70 174 569107688
143 3 319647431
378 280 57927351
93 25 597289122
196 221 690425192
293 348 436180973
195 317 112847900
450 16 803802216
174 220 652154295
416 51 496017203
95 98 397323138
62 95 361482426
478 278 836745794
382 446 645969286
191 323 63726411
469 406 511750915
269 196 380330177
401 308 718471517
187 98 925399218
67 451 256053753
352 473 490672521
384 77 988993210
255 142 560350032
123 477 28992923
351 122 401012161
198 251 997134897
430 275 207043168
122 217 264125214
306 247 872260579
394 231 845724805
48 291 67109694
266 489 109105450
55 342 455348899
389 394 702118146
5 263 444463414
437 338 40233852
359 252 714479337
429 492 631540581
219 468 478212419
286 133 135043509
309 181 98861671
318 145 719810596
430 465 254509223
133 335 902576507
177 432 319753560
214 164 971340756
312 356 847752030
34 391 741416210
429 98 755385781
425 172 242951044
59 412 633992726
25 228 634335593
327 398 924960838
473 401 180722570
311 485 426981205
430 292 671658370
117 269 626291935
428 185 726554616
384 117 163061730
265 192 72936295
84 252 645977784
320 38 124337332
164 478 591634117
467 258 980329448
409 239 992809505
121 441 200814756
321 68 544956211
177 142 900011446
178 260 382728162
365 477 940319460
479 212 165492529
356 65 421995378
247 105 586128775
316 89 789381944
185 67 311087486
92 408 648286751
368 493 587911036
287 14 816011027
497 402 949536235
421 213 615346536
281 416 764054056
150 112 397413124
113 300 280344692
219 30 195980600
184 467 908389420
331 294 789930728
191 363 796083411
208 419 12690044
417 453 792051800
362 66 252432947
51 434 464212060
467 58 16661898
297 363 26041724
211 481 612183403
390 205 121347302
322 407 116746111
107 437 47149680
368 397 577001009
118 221 176606814
132 480 986308572
481 143 688245433
128 467 872018046
111 400 906504643
387 275 847399478
374 407 433338318
186 157 868795285
157 132 179819991
32 436 200773504
232 164 958318522
85 141 796439652
128 425 273290462
104 45 435707079
406 109 213924971
340 248 281242794
353 295 786267859
280 488 276902150
233 226 696682689
485 308 240177821
15 16 297620668
254 179 637047001
52 127 529929330
287 446 676668023
39 98 824820363
424 241 602473882
104 85 770898491
182 255 580691561
125 355 128991701
312 8 5662104
469 2 846506707
397 337 906649539
183 48 123410606
101 136 304825272
147 342 900940767
431 320 271542325
120 462 702909416
97 317 324771499
304 254 296423629
134 298 773343513
317 236 629212908
402 292 204553196
12 445 245461522
112 308 830314130
284 387 489409741
429 266 824768739
484 479 812153530
68 99 949311552
303 24 524563181
335 452 851879155
137 254 80519321
466 274 432343507
220 467 964223219
247 320 607915249
459 80 297337116
407 420 497663756
289 77 216825402
84 285 387673486
297 452 59655833
225 50 417407728
190 196 406877035
419 31 362884896
469 321 553783966
248 488 279563060
281 429 808865636
282 184 741744535
237 12 700531940
440 124 485980421
94 48 698040245
195 278 425099463
283 9 795805960
386 308 803537463
78 112 583390963
144 110 221952560
211 475 885208880
454 469 109519738
232 47 376584531
240 166 924168526
473 125 768701686
85 217 77298363
89 167 677193869
200 406 289843549
281 20 801037228
47 414 651457549
0 391 549317069
179 129 150146956
280 459 223089375
312 463 690992972
322 384 833779500
8 137 402219571
255 350 217758452
46 271 841500021
238 448 352715630
474 421 258796697
20 179 472564494
319 5 482526930
24 217 88146024
161 155 40693455
11 325 114598770
185 361 939750151
164 140 17863497
388 396 687889807
285 127 593861220
140 212 672665790
56 308 606724904
239 381 215695302
85 473 611888788
10 46 238139214
120 434 912776102
15 94 272022595
321 320 509138384
214 93 353301098
445 346 337202864
118 227 572158834
413 93 926264297
142 340 984694889
79 269 324830424
248 65 778127537
13 201 40827852
441 337 843577552
228 0 97760186
470 376 68768944
273 157 430836223
56 253 355757396
470 423 170191208
384 445 389260895
133 488 157574916
72 326 142388468
65 44 544658390
407 406 14940905
442 378 149257925
14 173 442718558
423 354 336776867
454 433 19831879
254 176 28462757
320 310 533049067
350 112 207490467
248 346 109033583
12 197 542544526
222 355 129899316
415 61 93323859
128 134 866019612
158 26 409422841
210 450 124505485
156 8 429303350
434 186 78623887
367 180 810281137
86 441 833692873
264 241 752826817
348 331 631870770
128 305 601804989
325 146 659425717
319 346 107317431
378 98 152249297
222 343 273469994
183 159 119861516
389 400 983898385
489 178 397790227
454 25 249836240
69 232 983292298
356 191 448227229
158 181 922925313
320 232 86891649
184 473 355269157
6 112 100469439
192 166 668424255
75 170 665968040
299 395 845433291
408 14 118097053
400 421 555240037
224 11 471802080
300 429 572090292
63 179 835627519
92 91 241451430
35 276 964593530
222 140 373348730
22 272 177010918
37 421 587373156
325 139 976202231
337 100 410235592
30 278 983533635
462 2 963701315
297 74 292486368
339 276 280081910
233 315 436264527
380 142 805050722
489 40 846641275
94 459 408058533
163 338 557187887
309 59 771208819
326 150 231611371
187 234 540474872
476 385 143078592
311 454 381685181
354 375 906767348
279 499 449191214
367 78 253990706
345 298 28409332
76 335 639790533
93 485 67396543
261 391 181454577
462 132 718056147
385 86 51403180
277 453 42784356
97 84 587093676
461 41 218959763
416 48 707782950
104 439 582910417
97 334 975792781
49 52 106327963
34 475 601000221
356 416 103227489
206 117 691654769
117 179 656210900
100 188 549661130
110 452 840011492
305 449 236048051
496 469 269053631
322 88 813420682
76 54 693490619
206 373 328573226
140 120 680807534
163 258 160391174
405 375 182050700
57 181 532195805
112 51 379898166
233 101 301534378
263 50 418153201
159 302 329522946
162 38 680996070
240 400 595754282
329 374 625761582
173 16 324238311
318 287 800213559
339 183 618370457
199 151 971619430
199 255 472137649
136 271 740977342
474 201 47227635
469 455 388297126
392 225 199473609
223 416 243577216
4 137 583186343
125 322 375421129
196 70 565636552
161 189 413449630
256 48 500809780
224 310 225996973
265 498 916823958
19 69 437711477
451 335 754933100
409 93 226344323
376 240 751683248
122 181 393619391
51 495 779554954
217 132 426504730
291 12 13641142
139 310 763848551
252 80 904813466
127 273 377207833
208 13 856533660
436 491 698688460
446 212 590865981
79 155 488591248
34 98 403684160
363 69 505565336
281 27 952983096
182 264 536664488
421 283 556870913
307 250 176033763
205 451 450117970
356 438 731478916
262 277 693894009
473 191 399372650
451 149 218892701
398 438 414411604
270 314 29199783
356 75 50004773
270 338 206594768
307 484 58512640
325 476 755544367
55 160 540151651
160 378 992581568
340 494 219289996
261 2 95086284
377 21 160664804
232 462 98235816
99 11 885397375
235 370 833561926
11 121 886843327
257 409 832551181
53 120 345727434
15 472 324596103
442 147 848014393
121 182 408254868
443 403 769344914
2 86 735124894
417 225 376446803
408 392 443907274
247 227 154079428
216 35 493129219
417 470 305502152
460 244 478724325
192 249 163810911
110 114 638438270
429 233 33365747
402 52 599746107
217 406 684114399
324 374 130709869
43 284 572086240
299 303 524842983
105 22 987342288
428 459 531624245
162 357 321933871
411 120 257887234
290 480 459605905
193 209 87955718
257 315 336583294
155 0 168641196
439 217 721194311
321 13 520207397
385 468 160007361
308 122 513340690
276 72 902448428
138 124 217157659
344 124 812637450
335 306 43037738
170 388 695112850
125 117 69887598
101 10 180993640
444 352 158930153
9 185 719899527
146 75 950903992
488 412 206910236
444 259 846226937
35 123 65834842
231 466 931290601
92 56 88881452
371 351 719162582
287 328 327070958
132 123 152744334
69 243 428404821
361 280 263220718
462 153 987676933
90 252 355041443
9 129 650234513
99 330 125111422
170 100 247275044
410 404 211027815
149 152 851596346
173 170 13462313
106 25 740814624
51 41 292078245
23 366 542804620
104 404 672478500
41 56 962092701
391 181 326453841
496 17 214229438
74 499 370196150
407 428 697892274
338 67 404144838
139 195 42126643
150 318 131483500
113 23 482079706
237 372 832845770
356 323 412789649
86 80 183149800
24 309 452244980
16 150 808477925
430 271 591352516
488 403 687609337
304 340 757787829
485 376 141991291
118 334 660903382
491 414 364015526
496 152 61774537
42 298 145548974
24 187 273716046
214 353 669710391
38 342 201051460
102 309 35007418
446 321 146859646
454 489 299668358
157 294 924780816
492 54 319125197
371 282 666662898
12 185 628578119
310 246 23553006
144 437 91734804
483 251 907007192
448 452 307408277
15 291 112562067
160 184 108978808
159 285 636577286
497 451 655557810
325 53 875295699
1 302 745076390
62 417 920472547
454 151 614322672
243 236 907812294
54 193 480713772
333 463 534051115
435 51 771924330
189 492 718836072
259 66 253261194
301 195 91043374
286 476 799274963
285 431 823947777
41 397 827726740
149 420 623856200
430 73 952776657
430 499 135437512
85 345 157383896
108 282 717167631
67 132 332195822
249 487 224243692
439 308 815657283
399 250 783610457
330 419 997101203
183 252 547145500
223 468 681144631
330 376 786572910
187 481 625427178
275 143 343722412
278 159 199799586
248 112 853745854
121 44 388986559
209 478 719725111
204 472 908409784
451 465 132930100
117 138 207053388
345 490 529394266
203 465 951604435
131 472 538977776
110 147 968437464
290 454 92592837
496 345 686040293
494 412 861606635
132 303 33248608
99 282 10573679
348 178 216593374
481 80 752592426
489 229 998978802
77 234 780854595
270 7 294992471
410 259 233763813
489 396 141883864
89 480 716694303
460 18 766012037
322 307 264969142
354 96 195804134
265 37 226394259
159 8 88771945
433 120 736558379
87 213 281089166
347 75 454177361
274 103 66598248
336 208 809646699
37 96 596831088
444 414 562673333
486 117 890375355
24 179 481920355
306 414 35391432
154 46 697032626
494 240 745459612
359 235 592784655
241 397 148217708
147 201 518674594
121 119 800281553
380 352 408458515
262 280 680466644
221 261 461340764
302 75 541512873
51 14 4082932
29 317 12257064
265 47 949830229
314 461 525288411
324 34 454378075
250 481 996300497
62 448 600395997
225 326 592500260
141 112 345481569
286 119 622629125
168 439 604470596
336 394 826764668
490 253 406301931
369 194 939778222
40 384 186821502
20 393 558220600
282 433 343213335
280 281 680957498
459 170 105061940
192 462 41140315
328 54 61458175
56 73 767147597
195 330 498182148
235 290 999479098
16 61 452779816
373 484 757019424
72 68 884093906
137 331 56340827
182 342 745069796
300 343 474084321
254 401 594657281
397 182 873689230
283 469 271126609
198 95 490571808
273 457 970102070
244 402 586773890
226 268 123983393
453 125 826739761
486 373 980988843
219 304 269930137
471 106 18050757
387 446 475604303
387 221 578893925
164 214 856911145
267 147 974984167
474 366 261540329
139 469 16273832
6 273 76800374
77 119 180849603
132 417 686180491
408 407 667998592
446 85 828462496
459 66 858515676
32 231 977492173
422 224 896502949
357 270 807181398
353 407 215201826
209 189 742360198
151 296 923691759
433 265 493554100
449 187 200154819
400 343 141632438
96 213 431257441
298 258 90597773
471 129 701473260
101 460 142543191
81 173 598289857
157 306 338895658
462 82 86020707
498 166 781905243
428 173 374147889
497 44 6434340
5 81 15241746
118 377 227868847
439 399 373361745
197 445 811503747
352 292 601580657
266 95 567002094
24 318 292125896
129 63 228584819
471 480 37652607
459 419 503826148
497 357 989378169
413 310 886352749
26 495 595046705
452 280 955531160
330 467 360224379
28 116 429076842
6 380 712113533
129 103 655348067
117 243 644582869
430 367 364986104
335 213 983160981
267 259 383627848
459 190 654023351
197 312 312022621
146 319 458961484
285 139 888762962
337 150 591295369
403 243 826357907
390 456 867636257
229 192 134348941
262 77 730975331
254 198 182782646
101 288 778746014
294 151 132294463
154 126 196234518
102 410 32042650
246 78 767811530
269 20 274376615
50 34 453421836
471 136 777686616
69 200 13552798
173 29 12610708
299 74 448885490
166 176 755395485
424 124 613463679
450 425 493692282
481 142 416059076
402 133 127752510
63 315 743728082
137 492 268156180
109 124 909826744
464 430 210596873
328 474 298072045
162 391 158979494
480 225 766364991
181 418 178664480
339 373 578290707
484 112 823514943
167 308 882771240
209 299 848427118
174 77 365460521
78 107 824935355
137 267 373682005
3 445 729117796
215 124 78390592
40 328 804582643
30 20 161798768
76 172 560282828
134 191 537967122
213 80 116159838
2 225 192221473
94 301 449610254
50 300 589762517
484 410 929460251
220 182 393885359
396 326 255476049
235 103 430941069
261 139 923103562
384 282 526441738
77 148 302137634
367 350 361276794
48 426 988706794
398 461 538347672
137 360 692302746
108 353 841051417
350 303 605299829
429 280 765213417
258 327 491408612
27 428 613404653
183 61 917199414
495 38 527813422
194 387 957021514
175 420 148403889
368 372 861759659
77 182 627502620
316 53 344925090
314 43 846512797
356 325 585033927
250 221 852700634
58 441 813751045
43 106 760594879
468 317 877641579
355 484 745801980
56 309 306622338
362 341 530260818
411 476 47235502
41 382 559479632
397 365 88730919
462 251 358719452
156 11 104380911
185 458 241104838
165 287 481216028
423 229 253809585
354 479 71326981
11 164 137621963
85 168 458951144
140 347 756159462
136 416 20292218
40 345 805157704
144 243 16508664
197 110 113627396
198 17 806319602
457 352 273727544
315 110 733296743
340 173 161130480
160 435 306673784
28 268 664938106
481 267 705920129
177 335 844354883
281 392 276460719
244 372 970987682
308 349 176507614
220 288 27550689
251 137 625061227
445 291 938068892
22 74 106138681
292 82 296651819
233 468 510392441
5 235 125247306
217 314 369771306
333 466 451957911
135 149 335712397
85 377 713666371
9 210 118374035
304 462 238899840
236 226 33167893
379 95 997075610
292 347 251506238
190 487 241183961
68 456 609821597
22 66 711465177
187 78 318794491
119 156 603097707
166 149 846249368
133 200 150059529
457 254 988123950
461 162 831080059
381 472 214712140
111 36 247414875
226 39 263283781
129 419 363385900
39 381 27011031
252 286 28237540
38 331 685440113
278 3 267503044
267 315 922429299
47 162 690789731
455 252 609679507
468 198 249233125
249 8 373793594
331 322 170558429
86 14 939231930
497 150 409801128
256 136 846235257
160 113 356205362
372 152 389040969
272 151 61915925
128 98 938908170
148 255 223960486
21 384 869532476
120 478 615409872
393 195 999228449
439 356 921383988
491 264 878440090
242 426 324300050
21 106 337759436
388 433 506806344
109 129 82783022
419 152 391542569
221 380 861353522
400 244 5347691
465 331 426675360
82 279 173103331
15 27 608919370
198 237 969719657
382 390 946431526
203 245 851022729
494 222 706278395
384 483 905925175
486 470 397991265
435 405 187798212
276 353 780066880
134 0 370881964
332 490 243348626
477 353 136374164
110 386 591306219
498 58 188384914
11 334 298325280
465 334 584490648
254 220 82252161
194 346 437540585
263 79 725167149
4 311 329779339
74 53 407632665
414 94 918310799
466 92 119382126
458 356 608634679
372 333 48572866
269 430 824793414
495 240 760020004
293 183 672606440
182 424 392803923
492 431 535155416
281 32 559022993
96 177 101342169
421 255 99588140
450 147 920689964
159 33 375745058
88 94 438548832
458 178 5112783
94 340 653716019
124 38 935675981
259 95 866582925
75 471 457501005
70 274 60710494
426 309 716284416
228 419 626686008
218 350 660217850
409 108 92589366
475 435 358618440
493 375 808218272
319 109 862918754
224 125 458896869
377 31 972022915
332 177 265152532
109 366 560430558
456 228 136685275
101 450 12630552
443 492 321034935
212 475 295079133
376 419 39182013
87 257 911020969
364 205 945041392
325 261 488207297
383 440 440556649
94 300 450125765
443 153 205343366
428 336 503094250
202 213 77155307
215 448 735450689
497 337 386608938
462 217 76147026
360 446 697148598
444 447 865030555
186 99 323708953
147 317 999968471
189 402 491651957
199 83 740075141
238 55 651114855
87 153 285294490
333 189 908310321
328 187 586545041
425 379 554751337
47 170 569417499
57 210 844408339
9 180 931288786
357 89 745989110
152 257 764454342
67 56 822971980
451 1 572073574
56 287 741898857
164 135 517855791
177 468 831305594
183 439 991722532
189 415 331114873
172 125 513509637
46 144 621599441
173 1 917966966
385 175 67900397
381 100 95692489
349 102 766277748
402 497 442713559
57 121 937276972
243 325 448524834
496 432 646646376
260 287 656873286
267 206 111608136
261 23 178175734
95 281 983130866
125 235 276410065
33 19 693333430
159 208 202976612
85 62 143253443
161 485 228825352
463 10 15712025
37 46 742438918
39 78 793361011
403 317 398301326
109 285 64233777
249 482 592286306
173 20 620006513
3 367 556545047
73 324 95030565
311 488 604316145
9 223 651162948
383 431 518159766
387 154 359919305
224 130 795246846
283 31 171624233
0 230 500396828
474 301 177419978
232 367 992343919
278 248 660366401
70 477 615491181
448 235 6605613
219 459 520881758
315 175 186013343
225 76 562108201
77 154 484022957
150 116 691074767
161 491 254600901
276 180 908730300
115 272 101287595
300 347 774259892
445 230 913951169
382 447 296336596
163 102 248987304
352 77 795785306
226 454 424224866
499 301 991106702
33 163 579581569
262 182 365710610
407 475 568625085
63 281 361401445
25 39 126257525
137 464 228413391
169 214 530199976
457 462 771128196
288 45 655620160
172 453 825696417
36 472 128842851
76 83 881262238
465 286 347812526
399 311 979094163
58 438 675432526
25 51 189672379
0 484 656015553
232 37 211633999
293 426 995334122
90 471 888181296
32 300 776218239
281 123 522393446
320 404 619044730
492 309 634449147
89 168 593217159
471 119 514660217
310 371 127016745
78 257 702823904
464 137 811596351
462 167 85849739
42 395 26009375
4 86 225225524
365 457 240883012
318 486 794249716
332 58 410005717
185 21 997713115
426 181 136113342
418 452 833156452
127 164 17400774
446 379 459168839
161 333 570455440
280 117 875429456
22 234 485890944
482 465 290958666
405 479 74836260
180 419 260205666
103 186 390739292
325 491 476248834
30 218 387482632
266 138 989956021
30 383 760431148
387 349 695012403
1 487 158383459
15 1 568032346
409 173 710694126
383 14 386645649
374 410 155620710
487 206 241924118
282 455 684721607
331 157 420039327
410 211 539619398
289 294 473218227
245 68 695689927
164 213 954431560
66 436 821386166
146 195 651630454
48 17 207299761
215 484 606364429
259 113 249915727
162 8 214587993
357 112 564682705
223 23 192522257
476 75 689327401
388 30 108232362
137 466 909259643
391 376 484477473
341 324 583772526
45 104 389185361
129 201 41827841
368 366 761012989
282 469 473085785
422 317 651291001
87 145 442662958
202 91 548002725
291 280 924597336
204 181 591424561
227 232 19740586
75 105 534578066
282 121 944223923
1 272 847552525
312 326 483563348
191 262 970713924
295 92 248186628
41 491 805221232
232 148 972942845
297 130 624383007
370 459 491227604
383 221 883446043
416 7 681684005
9 370 52331115
311 129 738179834
224 221 853418774
226 361 444986416
392 442 577597150
256 250 273224373
17 395 302411130
261 322 766816724
15 236 361664893
188 481 872938083
69 482 620802793
145 74 353499637
159 68 268461793
36 451 919326870
236 159 334312658
279 6 985574175
37 360 814523631
332 389 629625683
75 296 582144705
359 288 949817110
44 242 600223455
172 434 391931634
386 73 344017052
229 282 894131943
457 396 573040369
389 258 453008883
394 182 231650412
470 78 338032349
220 396 312834672
227 334 391991928
493 359 758839497
190 138 65126006
309 44 610134643
237 226 863499843
352 92 829951354
151 448 241852316
259 78 600457082
307 218 187250745
323 386 431489547
99 249 3194847
300 176 437020359
319 277 556797755
276 251 584313337
103 214 949239865
324 94 939037199
301 252 294731386
307 375 533133969
7 159 921107300
174 313 922687417
103 407 6358100
79 102 789460919
315 137 407893539
470 181 903947730
396 309 784208855
324 231 165546411
261 323 297546902
43 397 554871386
36 149 344333940
246 328 537474212
427 144 215533971
282 373 881337481
426 248 4500292
15 371 424175550
119 195 179431931
442 489 354890540
383 56 13461385
240 56 34538686
330 327 513499317
17 100 45287809
251 408 870674894
70 89 659664119
432 129 38141825
106 440 481514687
436 348 825057623
360 221 995326786
302 40 499272609
81 395 590206884
145 427 152076312
354 93 82483490
462 182 338271821
311 219 661026326
199 189 311698503
109 470 127944201
118 433 876298612
404 338 260818092
12 82 958904906
26 429 193970719
26 276 41540340
97 372 541572211
22 104 685054364
76 406 422782975
76 193 588282440
381 316 29199145
32 345 62889021
321 302 529616689
103 190 625142668
81 424 917653013
33 195 470608922
437 472 99665779
220 384 523845987
326 292 800342643
245 129 724468804
462 176 859536351
277 106 929635777
379 402 504838971
385 315 743245304
444 435 569240800
226 129 914020157
200 80 287522234
312 447 175957694
99 130 10063522
17 418 750316679
158 281 768824996
136 433 830438703
110 15 565548431
490 245 28947791
49 398 222323585
453 82 819944947
102 354 242389616
493 129 424689254
241 110 465900297
359 81 832501501
297 11 935907481
476 277 455836234
345 495 986128636
60 170 563307718
369 218 298322974
127 315 454213551
0 296 300595248
474 245 686244015
346 21 392535099
243 326 369290470
352 121 125337706
146 223 755179781
37 235 153716678
11 166 554170335
323 423 908290786
291 134 392759417
70 302 623676036
432 138 649901228
355 330 830673780
144 283 240440567
173 267 650049194
324 181 124824102
143 157 716625811
264 354 314883540
227 473 110412653
480 182 871460742
335 43 966198785
108 471 734920608
165 461 587893759
435 94 669226564
337 22 46485460
412 468 340753953
144 85 115439734
3 244 274463690
488 45 465241935
90 77 734963043
44 344 400837187
358 66 542482249
103 454 602019842
145 50 125641127
166 120 195068833
427 403 499087669
292 72 211578694
360 67 228706271
263 394 85042053
264 280 556366921
75 328 331523873
156 383 306384061
426 137 859618157
57 291 621265054
84 286 940539479
21 402 75422946
489 420 342785506
191 280 653767310
407 116 571956920
172 130 77135337
114 229 337033075
258 460 643109749
49 463 946051994
37 9 456627878
348 464 238799237
138 251 816954361
416 413 44525787
371 149 400720925
473 79 176021621
130 469 797859268
206 213 439628419
27 60 7773709
492 130 759292192
310 251 32497044
124 321 584316567
212 454 734000418
110 288 569038634
425 268 972695618
245 110 682464103
186 20 961199380
394 377 819695998
292 81 755686282
261 436 480446194
378 238 840483859
27 429 558329041
308 27 531600364
292 129 809031197
449 319 434422533
379 370 35055892
481 16 262851536
403 256 22788634
92 209 295890337
390 250 258825649
209 455 528683173
78 455 889870569
246 222 991420827
40 170 733648492
326 312 813680341
89 264 455916068
411 71 454646184
60 84 132686152
98 445 640063380
319 231 753584917
442 15 931673670
490 128 522368467
43 122 574990663
146 27 346106405
426 63 453940935
290 268 494937829
463 243 880478356
386 142 70814609
107 59 448010046
272 247 422782475
347 123 960127227
60 262 972525191
138 480 367741416
226 423 304946874
219 244 390125030
78 413 425436739
169 33 271212970
149 87 628020264
94 361 814073235
10 99 965027304
159 441 563508146
6 100 241208935
295 395 719603964
491 425 399136756
28 306 355242289
282 370 944150154
114 395 967369224
273 276 719660875
43 59 742645280
444 255 271439547
365 304 340200197
253 304 682967842
391 179 899031500
378 131 539325599
479 64 253747193
339 457 52814316
323 406 969857891
424 35 856010233
479 417 468970170
302 145 417181138
350 294 136350034
380 464 208384366
469 169 728205286
124 254 583776438
173 339 780221236
386 50 915739115
378 444 668621705
97 350 728972411
86 453 531531190
54 12 845791521
91 177 27983770
255 306 498963879
41 175 869587751
293 172 802028525
136 272 791132212
452 336 484793587
351 391 468932486
20 489 198734268
421 431 154784802
475 145 227588325
419 141 587103531
192 213 423788686
392 172 649842953
248 262 418371536
67 433 817094325
392 229 796339873
413 77 597026457
465 96 810440387
325 309 64697955
138 82 856479677
14 247 733975283
367 77 621404274
195 65 104291222
348 71 772544004
478 1 652298514
137 18 997939428
379 478 2411399
27 317 592938306
428 196 516858162
146 436 7779127
24 177 712992789
460 495 959993875
475 203 555410963
25 86 939539803
125 186 368789501
482 178 257125929
281 58 952176196
408 460 674332805
13 115 856733553
286 499 663801421
205 183 383266806
372 380 116532498
233 314 863147304
157 242 171281943
225 123 349189160
191 348 74013499
215 312 425031422
328 463 359585479
40 261 732928427
214 118 914608766
162 34 651658715
253 38 152552535
457 225 906719679
366 103 376731390
66 185 5062543
126 271 821460173
367 349 981555476
334 186 232506432
482 274 719755375
207 314 478043368
269 172 132641881
418 127 524589669
62 252 825821031
52 411 405829271
461 457 898437700
499 232 32264422
495 304 498155553
336 364 114144876
28 45 149175958
174 350 368493608
415 125 521153416
303 226 599125728
70 235 223901634
52 138 320409740
374 424 604236946
305 208 563461090
301 297 796527484
351 448 720189146
168 352 308624571
155 52 552530121
493 68 971672620
88 239 261010133
79 226 416099356
299 425 624717409
433 334 511404259
184 16 713549635
434 330 880044240
180 3 238569590
322 168 657970365
285 4 296442198
51 144 963341224
251 169 451694004
76 480 849664074
103 260 67474478
251 304 643914387
305 428 497845763
498 378 803670145
68 432 557562744
185 44 206189425
314 267 951553790
488 178 170552278
475 430 426132491
77 464 708347256
292 456 431258244
72 426 890054329
413 270 126902713
477 223 357824457
28 167 872006865
177 301 390675327
374 312 776132869
229 87 877623198
497 276 75439051
98 134 130489446
497 347 596342398
358 440 385676659
398 87 772335618
15 462 35547516
318 463 139145479
105 451 452469184
22 348 564134721
342 383 631147802
227 408 867280928
165 148 635731650
177 394 889646814
310 415 342880759
442 68 392909541
5 173 645811295
247 478 52774294
444 179 176245910
320 68 480283746
439 82 726731204
458 88 295648974
50 251 395886832
452 348 226566442
3 380 253103533
14 354 108542241
458 357 482236932
129 214 110396817
213 450 459328865
157 300 104489062
48 163 626095941
288 470 91913402
467 328 301904630
284 253 33413200
255 354 420509022
269 362 495377416
141 485 645483375
305 152 367600582
124 323 563068962
388 31 321694028
187 294 854970014
41 346 892448305
383 85 353814250
457 252 616821095
422 329 670496629
184 312 602387639
225 357 201843813
108 125 693262100
455 111 141191207
164 37 263920836
276 269 272711109
499 428 820190653
3 468 582258541
165 97 772099474
130 201 313249700
250 453 49897244
85 406 721378719
459 241 381955772
233 282 428363325
395 247 257429514
376 287 697829499
494 401 422519295
315 15 235013829
481 317 443233505
379 190 526862014
440 451 843326200
83 380 163671428
161 134 604886969
62 401 963068849
12 64 455237560
214 66 188041127
333 57 612532629
97 405 280583536
489 245 402100365
284 115 804034810
66 134 344518091
46 243 236267113
486 320 16281282
185 56 842629490
466 267 555654092
208 404 692937379
100 468 329382516
81 36 664450832
472 478 964650868
358 217 311445095
54 25 9566520
298 219 275707182
331 118 520421587
464 353 177078408
408 421 986489702
303 402 108270550
185 310 813834149
38 54 271108718
49 140 90517791
33 35 167252524
430 431 103742885
478 231 835581446
498 339 348196240
460 186 702843953
22 417 132653047
147 241 513999518
139 470 639495512
389 467 92974761
490 278 357354052
250 30 642962952
86 211 819971374
17 453 11230357
120 388 941326226
138 349 811720884
81 414 375419936
189 221 331417764
148 370 798179080
278 318 902827747
331 129 332581354
111 264 77570109
205 111 958545854
166 456 74464380
186 343 39940095
443 486 669890111
32 421 367306221
114 147 483012301
321 393 869739682
172 312 926823700
99 234 441686736
4 40 501443448
343 6 2800050
449 101 257602574
77 389 142373832
475 188 320658628
421 483 123135056
494 136 672555169
358 468 237495599
498 2 835609743
199 117 65436918
9 200 34917960
2 456 146730726
180 118 585090813
304 98 127528529
0 190 354084359
327 163 752073512
465 277 295247391
306 158 118335091
365 166 289239908
235 427 878105824
11 39 664229175
223 58 552500831
300 406 381035824
258 87 956101950
71 62 10516636
99 226 791155980
164 150 537914151
451 362 477093122
212 326 865334767
23 176 305135204
72 385 405467246
359 124 733239977
449 275 232947341
171 475 102168947
57 443 749219963
147 52 589175264
53 131 654455274
31 254 498731471
331 347 491161265
99 371 303103172
453 34 297893197
291 481 591822764
7 301 363188724
438 300 457709401
463 399 181180062
148 314 224596047
19 217 411967765
499 435 103306023
136 16 168576146
3 6 79365434
34 112 368240295
103 138 127212528
153 278 295730002
17 29 639906780
309 434 612481190
418 195 524839587
403 61 579472532
168 108 55056496
298 349 822487966
350 131 936310135
421 185 426371085
334 345 866611412
194 341 943809037
23 468 704664533
119 314 509774219
204 102 302783965
246 320 573558575
199 397 705557457
440 490 48057001
499 134 238689100
146 232 171474656
170 422 386598367
2 179 253565775
467 381 791362570
173 482 913904251
223 308 428059370
298 428 745982217
493 172 206410598
301 127 190326602
326 364 156476322
133 128 454681514
337 406 990622430
215 299 916135121
309 71 501998553
298 47 812525985
134 22 539383851
169 212 674524844
157 141 723435568
223 325 962904286
20 194 240318823
231 378 562552155
333 87 703174295
48 174 890173627
192 495 393605743
86 332 217933405
233 378 375635725
477 49 295203539
319 452 634561108
299 93 62953264
208 235 595968191
247 431 253973539
15 277 825079814
124 189 612394391
312 289 993661972
425 99 231824035
411 14 175536209
31 140 980591304
422 393 5209709
270 219 934643078
213 475 288404139
21 180 336758195
244 426 675423305
480 261 363866454
404 265 956883786
85 380 858476852
55 289 505562435
368 85 439730943
2 416 320878394
235 63 814150668
159 311 603859775
91 370 78721535
306 135 802098354
238 100 701143517
127 459 166108135
223 292 319853268
162 440 409714162
125 147 875883486
245 419 789859608
250 212 668743410
187 415 44819444
407 292 56889476
268 356 797139513
400 196 992638930
265 104 530495017
14 13 633673137
442 482 169826485
363 172 534119601
366 332 955877964
77 346 1883541
241 315 97133375
69 490 140956980
201 329 703222886
337 260 81797806
202 226 198676130
200 415 253937999
326 132 400412513
292 375 527346966
450 499 611288249
494 16 292936877
432 199 172331730
396 404 302437455
495 271 177419735
392 56 543137027
373 23 533027765
95 261 164743612
394 112 503611248
286 334 896705968
409 26 238863184
371 445 265135886
161 164 618612895
291 160 821509945
478 143 394551
362 115 287202411
372 209 124000644
121 460 908557271
105 398 625095194
432 367 290875459
367 453 490786135
362 216 676750021
409 240 496599294
306 147 234221381
141 40 759972401
448 456 647570576
89 498 423179662
115 142 752603409
291 199 720304702
393 446 504499344
476 425 104585854
113 163 443823678
436 293 448806227
85 365 851723008
424 298 348920845
251 400 771759252
85 212 381593898
106 217 433244627
134 246 604878402
43 342 402943109
377 383 208059099
354 324 64649970
451 4 263141781
400 242 596532042
86 291 871989493
84 162 360461396
290 405 456663003
384 39 451281382
303 410 624055455
122 496 868041826
478 299 166981022
321 32 962019753
269 473 642399556
266 317 456189769
156 458 924692138
320 19 174038543
323 143 44970165
391 19 412870161
239 282 604189
49 448 744592169
194 16 265076677
70 101 652817033
331 317 235501787
471 123 135852176
296 432 953887990
425 271 31229863
50 327 829614690
245 336 595854215
153 75 85940652
207 169 262590328
46 50 359857491
165 4 162477896
18 192 330056387
88 259 989045782
429 151 803201151
227 63 691446378
167 9 948858657
347 43 884460264
252 110 454843003
410 100 488723295
242 485 926611299
297 457 130397477
270 124 521208051
22 71 340036889
168 305 729529480
366 168 245992067
29 265 927724553
106 319 314081420
491 382 435184199
424 12 21854819
3 389 86420864
468 336 340924349
99 491 189989643
124 277 646040456
22 343 281048121
279 113 640666948
405 87 404726921
298 133 789393262
42 113 148245113
58 299 73060868
334 487 638148661
161 153 18622739
376 392 760141718
416 353 32917168
60 367 642741858
463 285 141661813
207 101 770607888
446 204 184523829
407 259 379384953
55 420 353963270
70 493 331045412
406 147 381433922
406 228 891012462
103 202 539934234
409 140 929719806
422 180 553476228
389 461 537388742
459 272 1767739
185 451 970644734
246 450 412450247
294 353 555700027
14 467 159880483
494 208 706092955
357 96 268974788
51 269 192883743
115 419 4159895
201 276 447645705
107 329 891230410
316 403 290561865
407 278 702122610
39 374 49176531
12 311 27125273
274 347 323775011
489 71 391616117
102 142 223545314
390 366 496390361
468 283 798763206
222 496 27231716
8 253 808834483
244 483 763076935
466 195 537599958
22 435 332455503
95 53 184364330
307 291 409311789
452 148 934515649
63 167 258845316
311 18 563970185
137 210 852710810
49 150 473473257
278 329 812732817
116 399 735590258
460 265 901485695
439 454 889146882
462 387 317459171
77 486 944078797
476 380 63328709
85 421 343045398
335 472 64189535
106 368 391636009
212 424 486884314
132 262 944807390
47 28 481328310
493 407 23036093
62 76 873248442
416 124 707152676
89 183 177944027
190 295 741609323
365 367 298769098
486 199 991809094
227 83 229476462
143 60 132402182
142 395 577806038
287 399 715588836
13 48 295206440
101 210 208644045
251 339 357277492
41 22 920742461
55 299 678235345
382 491 822940407
178 307 945036659
242 149 774429417
16 72 351075425
233 318 534955743
383 317 323638043
296 494 89425743
240 79 101202468
359 331 885098973
373 345 754896645
83 0 149406085
325 434 984220731
129 83 218844777
253 471 679831785
179 29 413368569
119 306 91969577
48 348 830323460
162 269 838496191
381 374 166596644
335 165 81025954
486 184 995510956
99 75 577095020
79 220 168379503
396 356 916474805
383 348 575198421
255 230 994749183
273 236 887544504
55 42 482890913
352 87 438746138
86 468 427090335
492 196 917527998
62 480 730459115
1 23 804559994
88 140 980663975
77 70 725408839
189 217 2420690
5 144 978549930
36 66 271471
423 368 232839039
223 383 898191506
70 272 656543071
151 193 940558805
152 66 361132033
436 177 334551531
61 226 425098519
438 497 335596344
458 395 288251250
64 336 865767302
362 333 840801220
102 195 275911008
70 348 44872513
177 27 102768315
433 385 822376044
453 107 370137094
389 483 527525064
243 58 89785661
197 87 2190702
421 134 671147960
49 396 435963550
218 471 737465463
445 26 459315490
404 144 227679145
153 106 205424177
87 124 425447495
131 387 556305187
275 479 772709629
127 124 896054550
396 438 512468330
96 285 840587176
153 279 297312128
364 370 232521746
256 319 855168065
336 440 279451306
260 93 496398122
291 66 355290623
72 150 126294418
390 170 777711831
25 320 177316883
404 199 103631105
447 388 317761392
263 454 873505400
482 492 869340577
458 114 934125814
201 169 676685258
332 88 36624349
415 327 361746386
491 337 452552322
444 479 361979420
143 248 488414064
31 262 819363187
71 441 319829896
9 347 18410247
236 266 903710120
491 435 861175958
376 331 766612142
145 332 196321257
36 492 831884651
469 317 935560843
406 332 162375010
231 405 83804950
288 381 304018227
14 71 66608171
256 399 988924647
273 408 549713603
413 131 707420312
44 390 940954426
68 497 525945274
176 361 185490088
162 383 20440406
57 199 665523462
225 219 86299818
336 259 459486684
409 242 66864576
290 13 883023772
148 10 936032308
372 308 560029583
457 143 246777460
251 1 724071798
146 427 949268944
234 209 328570324
190 379 712533790
326 195 986416128
26 338 787530262
471 121 745602207
294 64 690654536
315 483 623461109
228 145 573685174
179 310 339677372
187 457 411321670
197 434 999662535
107 395 161263376
446 102 227024527
433 360 46355023
419 415 638827990
328 184 250133603
347 443 17468220
162 450 867235798
173 406 97619142
143 218 535284229
134 429 860266099
414 361 727166878
454 256 512183602
273 263 553176960
418 493 896619220
129 285 39415252
483 451 161052110
352 252 585035924
426 179 929095665
306 181 7795163
340 10 618955062
307 186 761680537
368 63 930866793
86 339 891619486
489 111 989402388
401 7 289755264
44 197 616704294
41 303 789718362
429 461 104346464
219 427 572146925
377 45 204567581
246 361 258017315
196 13 758097695
353 384 159649923
441 238 844805891
408 445 100124541
385 169 466174245
165 122 929776178
6 234 23345808
477 293 520439901
175 249 165246471
237 286 457880599
287 284 125496736
319 23 982839684
224 466 549082653
412 492 759268170
153 204 954702195
276 196 150922847
124 457 937623551
238 414 284722848
212 479 878549161
79 421 240093112
291 388 723461783
319 170 954803029
126 282 420421779
472 19 170527145
75 13 530233066
464 122 142335019
359 293 375241438
39 424 410319397
332 260 731060170
203 244 896173140
346 339 400590131
305 377 334938816
330 159 561835855
413 240 788436609
344 30 478400178
158 111 468792276
339 194 543825276
367 74 216452027
118 174 531901539
218 76 666426727
93 121 89299042
180 421 196316961
234 420 354558866
312 88 912644806
239 396 213212310
183 453 590902674
316 305 179363936
194 35 809547477
422 360 930779952
468 377 79501323
127 453 471680541
125 40 712872405
359 498 625718183
406 269 31907280
90 467 229593635
140 386 840972454
36 494 532564322
418 478 487386842
383 345 536554969
293 421 99841650
219 289 165076174
370 276 724337695
338 210 898723344
238 483 528196847
428 495 514742805
130 220 338675591
284 57 505599774
33 413 63667454
419 243 419633276
86 252 69767942
481 164 234554670
497 434 50523579
318 382 277251845
328 375 713604493
134 183 590513003
407 235 105233430
44 462 697061616
392 155 442349130
208 358 105597646
247 231 306394527
34 17 991949123
162 487 152526661
312 156 858036010
100 434 857849891
392 309 416730663
382 11 944757970
203 153 587761377
420 323 934963532
158 23 298358356
491 349 749815597
496 239 179928697
151 180 321955488
355 339 283921419
312 432 340305383
66 77 894145646
59 497 670951939
313 237 695659236
20 341 521257521
0 113 626913229
410 226 801143907
428 453 53843494
451 208 914036603
318 270 771333567
438 257 7772155
327 167 220353325
181 338 260781904
267 327 705881031
370 292 647923955
215 365 251530907
117 121 748836908
53 146 372178604
431 412 250595699
335 494 104100685
245 177 925512864
36 48 854692879
220 280 996243430
492 33 242562994
385 58 990497761
116 353 836090940
292 453 267141145
275 320 380986852
416 98 36419665
156 449 835876250
463 278 151605014
151 480 463422804
32 397 207177864
470 369 19412629
303 104 165549435
474 64 458290899
496 439 727948396
407 421 442565969
91 429 489069217
39 411 491047875
401 446 128190475
145 449 344387594
443 448 11649577
133 26 406699221
158 0 580887120
32 278 892064661
416 336 730118622
64 209 108921049
88 437 803205558
95 442 17262938
469 457 462418464
493 35 369026105
153 208 531879615
469 81 607790439
104 329 509300243
184 383 341427247
347 39 514558138
185 85 156175246
132 456 771033262
368 197 709203057
193 384 32483772
74 245 24915957
377 458 836635364
79 386 742213794
176 350 356366566
431 259 936484036
430 124 832375679
165 147 126648055
155 179 444109682
232 235 164155717
297 308 296799449
164 399 658974251
417 463 375242463
17 141 645312272
409 149 400688447
49 308 98312940
411 420 580963070
462 384 790311331
331 407 911376921
193 342 772738102
491 122 195041903
315 132 755393268
380 26 151857972
19 408 246022409
467 97 552428184
313 304 442572636
102 237 613355775
275 45 137112783
58 401 360290764
257 240 673968250
34 395 421818258
205 433 655878718
296 457 744602405
25 166 960237721
42 473 242168310
32 438 274983037
341 260 864857865
96 78 46067856
96 130 900876808
110 51 845454101
11 452 581046406
156 454 782376523
81 450 927596962
213 13 484607525
300 370 386135174
243 27 175934354
168 309 974830846
128 420 100432990
71 286 286264864
86 335 899028571
19 154 958485339
435 111 914951263
118 269 114697050
109 157 44342716
5 72 949480119
61 19 86031208
280 497 770515973
470 387 833353664
125 400 48936346
36 8 580160456
142 260 654866383
182 139 154507697
61 36 685528072
388 470 512815443
12 130 758622339
35 58 188100473
139 208 863294551
380 336 861253881
246 456 334832520
73 394 554675751
467 107 633149399
171 282 724885291
487 222 754499870
237 104 524448671
157 338 259788381
342 317 734359988
49 103 945714519
204 318 435239392
437 441 950295280
71 209 966463506
109 312 858458855
136 468 558238056
488 305 258149408
492 63 845356169
490 142 243866300
338 322 547444513
487 447 311994794
450 341 394120453
455 36 837984593
196 74 611560714
282 49 741170713
47 384 719508231
73 321 947136104
400 454 93149662
351 45 350495271
231 237 507341675
484 343 198594441
261 269 374042633
407 409 237522552
313 166 591780274
324 262 151494130
75 95 806524440
24 200 863149009
153 105 353070022
298 26 507623333
469 51 499139592
288 155 317894324
332 479 566514828
145 407 990542824
410 148 537397980
412 164 807663973
25 359 611555902
200 423 895412376
10 36 900760988
342 402 635141464
171 444 117978820
72 411 396508044
287 254 30702946
38 353 475015333
184 241 207545127
427 307 79027530
355 350 398837843
375 48 104912247
389 381 212310431
24 416 406725981
119 180 251599999
280 333 254924332
134 361 340299585
86 352 404128356
305 223 292098212
459 81 142933611
80 385 127476921
167 112 45735161
430 250 540929200
51 38 64426322
45 230 205905213
126 93 779779403
310 337 396988445
459 136 185256031
272 295 613245814
158 452 468375885
64 310 657629715
79 336 666177042
393 319 350233141
92 496 697054865
389 182 252288978
231 15 136487773
301 479 568880171
389 81 331789480
180 370 8638016
70 271 844962774
30 337 133281734
196 428 710109546
139 75 720195135
373 79 114222134
34 59 82108459
291 225 266628923
211 489 314916818
408 453 740276971
261 158 820409206
229 218 850629162
398 117 382794793
19 114 559934192
106 157 682462195
482 455 625245779
221 483 738196629
202 257 693557840
335 168 288770126
11 135 593004193
80 234 608863349
17 264 123969258
105 454 198437636
260 314 730337654
103 69 423417467
408 71 448091036
312 489 326600668
3 40 693203180
189 233 919009115
17 385 733246986
204 391 129220389
51 181 872007986
343 145 642743175
279 270 917514915
238 144 462706765
489 421 633509518
26 94 665840419
147 128 287294146
11 118 314877820
252 380 118128841
433 114 92759413
10 92 955961890
1 378 624428813
259 304 458342943
80 180 82229604
382 361 507790921
109 434 779344368
127 94 413657856
494 382 835514205
339 257 935519005
162 356 402214355
351 197 805701849
71 115 280020751
486 411 892312218
290 327 751372146
92 87 877802705
459 400 167022636
258 435 506588082
452 256 34503895
353 6 699573717
314 124 560128469
151 83 550958524
