500 19446 0 499
0 25 902563872
0 26 643027262
0 27 950806837
0 28 871499613
0 29 993286670
0 30 779121697
0 31 844531770
0 32 761356563
0 33 710886347
0 34 548761540
0 35 829928247
0 36 924422219
0 37 590065757
0 38 849335819
0 39 759588528
0 40 867395584
0 41 878776509
0 42 574204940
0 43 554173267
0 44 505798135
0 45 504607646
0 46 757260486
0 47 514960473
0 48 745996992
0 49 510914812
1 25 803014538
1 26 552627174
1 27 708969413
1 28 599602495
1 29 872576243
1 30 554114975
1 31 890199003
1 32 704476583
1 33 923243389
1 34 599835839
1 35 831236997
1 36 664856286
1 37 867923422
1 38 710758094
1 39 965629124
1 40 654137360
1 41 986277458
1 42 817650571
1 43 609209783
1 44 586992778
1 45 954669871
1 46 994690844
1 47 575138381
1 48 839664665
1 49 675520514
2 25 504913442
2 26 732724962
2 27 715863992
2 28 800766373
2 29 900249228
2 30 824419555
2 31 690667188
2 32 848499818
2 33 902444846
2 34 731140374
2 35 648102087
2 36 526863723
2 37 510853574
2 38 742485699
2 39 587034481
2 40 943703967
2 41 886412855
2 42 709733873
2 43 659450440
2 44 652141370
2 45 891348992
2 46 531071470
2 47 836525743
2 48 757672648
2 49 960215509
3 25 513263459
3 26 845867518
3 27 813193179
3 28 934229539
3 29 964324345
3 30 590428925
3 31 598087211
3 32 582230539
3 33 512831768
3 34 967337102
3 35 558989118
3 36 745610739
3 37 803552227
3 38 602946463
3 39 842410144
3 40 551249698
3 41 881923822
3 42 687234813
3 43 887176651
3 44 774953058
3 45 698880401
3 46 721962938
3 47 831007036
3 48 847707854
3 49 888357522
4 25 781588292
4 26 908743525
4 27 597504546
4 28 542922891
4 29 732697296
4 30 744229346
4 31 716030655
4 32 783323502
4 33 904566650
4 34 927767284
4 35 851688244
4 36 941841487
4 37 929306654
4 38 858439163
4 39 888765954
4 40 748932557
4 41 733202469
4 42 859085455
4 43 642155527
4 44 720538852
4 45 975317322
4 46 949538623
4 47 562033471
4 48 619412486
4 49 973832519
5 25 881803389
5 26 696073964
5 27 703080704
5 28 859243186
5 29 952301196
5 30 549049225
5 31 732038258
5 32 834230438
5 33 640742782
5 34 897494899
5 35 656397142
5 36 575514254
5 37 744991007
5 38 937944865
5 39 992003629
5 40 723425408
5 41 963207931
5 42 911206349
5 43 850944827
5 44 893790422
5 45 512045046
5 46 956789941
5 47 704539006
5 48 558506969
5 49 850468308
6 25 503443758
6 26 612151625
6 27 951055164
6 28 812241902
6 29 953988039
6 30 990226365
6 31 907776673
6 32 762557926
6 33 910511471
6 34 886919770
6 35 653542649
6 36 613827785
6 37 858328474
6 38 898361622
6 39 781859878
6 40 617588108
6 41 888392942
6 42 622362178
6 43 730137287
6 44 697832594
6 45 926272676
6 46 701064724
6 47 751445054
6 48 752046291
6 49 726888051
7 25 603703646
7 26 701524395
7 27 971789213
7 28 559171035
7 29 892409738
7 30 851917981
7 31 632459238
7 32 641360064
7 33 845883994
7 34 822689523
7 35 683052860
7 36 766697342
7 37 999919172
7 38 968993820
7 39 830014895
7 40 745987790
7 41 769412421
7 42 680216393
7 43 692877830
7 44 762224186
7 45 730654881
7 46 853264915
7 47 614508135
7 48 901601373
7 49 550568744
8 25 618960146
8 26 766408039
8 27 742918246
8 28 952468600
8 29 573663746
8 30 530828343
8 31 667408326
8 32 833542694
8 33 647352076
8 34 708843822
8 35 661066185
8 36 702561120
8 37 648291262
8 38 916283905
8 39 554287401
8 40 697076443
8 41 941745860
8 42 578481402
8 43 775243751
8 44 732175466
8 45 522056728
8 46 996554000
8 47 506808298
8 48 886609480
8 49 682349715
9 25 667784518
9 26 589604194
9 27 774705967
9 28 720178425
9 29 788638455
9 30 584150693
9 31 624822363
9 32 930256769
9 33 830166957
9 34 729646920
9 35 772045764
9 36 652238393
9 37 688808966
9 38 970470748
9 39 522481640
9 40 534827576
9 41 834810971
9 42 582403802
9 43 586752628
9 44 969985796
9 45 755671699
9 46 865935756
9 47 793685016
9 48 501993280
9 49 622219668
10 25 716565247
10 26 944408758
10 27 543697362
10 28 795648863
10 29 637008012
10 30 775935477
10 31 666693136
10 32 678472116
10 33 574737086
10 34 787281278
10 35 794177908
10 36 728791518
10 37 811042603
10 38 769800921
10 39 895928139
10 40 915474018
10 41 541513252
10 42 762453547
10 43 798192080
10 44 656510348
10 45 501928067
10 46 916049028
10 47 749973978
10 48 853087634
10 49 788177229
11 25 830201753
11 26 717811367
11 27 510788160
11 28 995743516
11 29 932548240
11 30 952846101
11 31 528521917
11 32 559516165
11 33 659401611
11 34 782514126
11 35 938040392
11 36 851034478
11 37 846498284
11 38 559104701
11 39 861064203
11 40 584060311
11 41 829211490
11 42 527791178
11 43 942010679
11 44 517419410
11 45 902035922
11 46 673518307
11 47 836654519
11 48 908999302
11 49 890565238
12 25 970957691
12 26 845391091
12 27 810720344
12 28 815452097
12 29 773043588
12 30 622832454
12 31 814713595
12 32 736010084
12 33 505876266
12 34 634596110
12 35 812197832
12 36 562489670
12 37 580395644
12 38 509437327
12 39 938477134
12 40 762582892
12 41 688944785
12 42 763933112
12 43 804493122
12 44 561180944
12 45 801310982
12 46 865236161
12 47 588647696
12 48 939819640
12 49 932762534
13 25 713742458
13 26 757509734
13 27 562157239
13 28 930723523
13 29 765214553
13 30 589930228
13 31 893819673
13 32 537905740
13 33 620940615
13 34 528411174
13 35 933614952
13 36 962623048
13 37 859207655
13 38 857638886
13 39 854868155
13 40 814480566
13 41 890686920
13 42 692753190
13 43 871997500
13 44 692236712
13 45 696372655
13 46 583801523
13 47 926724637
13 48 661168263
13 49 809831586
14 25 526420118
14 26 799476944
14 27 939093158
14 28 577349968
14 29 684084511
14 30 979596784
14 31 549210657
14 32 804611389
14 33 873157137
14 34 556043186
14 35 795040518
14 36 608514270
14 37 724367679
14 38 621337732
14 39 963427516
14 40 591622428
14 41 626358782
14 42 811532348
14 43 528608284
14 44 833101595
14 45 506720763
14 46 853260166
14 47 709003608
14 48 789705322
14 49 526300489
15 25 738177879
15 26 807426877
15 27 698138369
15 28 564064306
15 29 647507629
15 30 639143650
15 31 909936960
15 32 637619996
15 33 825393477
15 34 790859145
15 35 958983533
15 36 757986527
15 37 634307626
15 38 626112340
15 39 875655627
15 40 592099604
15 41 971983838
15 42 947021780
15 43 795274915
15 44 579910963
15 45 936841655
15 46 789084799
15 47 644214642
15 48 974854970
15 49 764529248
16 25 988129765
16 26 545343617
16 27 888170746
16 28 916967312
16 29 687938367
16 30 681141372
16 31 885827021
16 32 502066638
16 33 943453997
16 34 919016556
16 35 959343266
16 36 814430892
16 37 581178032
16 38 571576040
16 39 927881905
16 40 619600693
16 41 651882209
16 42 723685152
16 43 583255949
16 44 695389542
16 45 702283628
16 46 597599227
16 47 863719980
16 48 676082737
16 49 638694693
17 25 839955044
17 26 778356732
17 27 532670345
17 28 983165632
17 29 818711354
17 30 808683817
17 31 879536265
17 32 982221324
17 33 967190218
17 34 898293878
17 35 871889787
17 36 638413995
17 37 875843225
17 38 820530980
17 39 580983634
17 40 946066607
17 41 839479714
17 42 880376766
17 43 635175155
17 44 605571696
17 45 683895205
17 46 675926818
17 47 811905961
17 48 991264150
17 49 878091941
18 25 548391480
18 26 592804867
18 27 812114514
18 28 535669003
18 29 806994033
18 30 616496067
18 31 507786283
18 32 774249376
18 33 993125554
18 34 721878325
18 35 662254104
18 36 632737592
18 37 737131621
18 38 830084324
18 39 657651124
18 40 606538058
18 41 674106558
18 42 707484630
18 43 837213056
18 44 936388525
18 45 675436576
18 46 584324470
18 47 711035525
18 48 715441625
18 49 628338944
19 25 569039930
19 26 784199632
19 27 843211855
19 28 919038064
19 29 884491033
19 30 683142568
19 31 785927847
19 32 818468537
19 33 971191293
19 34 676328739
19 35 716216031
19 36 996567595
19 37 560771179
19 38 995637488
19 39 935703245
19 40 821555555
19 41 912490219
19 42 768003108
19 43 665706666
19 44 995951981
19 45 958910091
19 46 868973790
19 47 746401499
19 48 501278825
19 49 512121357
20 25 851613748
20 26 941711705
20 27 898477714
20 28 625484449
20 29 752748741
20 30 645869101
20 31 676020103
20 32 526451562
20 33 766016551
20 34 954879582
20 35 911141404
20 36 838561073
20 37 631872069
20 38 539418868
20 39 738621095
20 40 772596347
20 41 547666457
20 42 522282990
20 43 822690819
20 44 513212707
20 45 923767857
20 46 996308993
20 47 855202640
20 48 750576964
20 49 930938411
21 25 507638486
21 26 963560973
21 27 638738418
21 28 785387807
21 29 550950553
21 30 705979563
21 31 789148891
21 32 687471143
21 33 956288717
21 34 899708782
21 35 929738310
21 36 561613908
21 37 972310432
21 38 662001249
21 39 999337884
21 40 588100567
21 41 616584426
21 42 671248519
21 43 946301470
21 44 546854324
21 45 881999098
21 46 798759310
21 47 838443090
21 48 616534589
21 49 723705498
22 25 998046655
22 26 541634198
22 27 918636434
22 28 557945328
22 29 964764186
22 30 598015270
22 31 997598974
22 32 760436151
22 33 844902523
22 34 541228916
22 35 956777721
22 36 519334619
22 37 986863266
22 38 736890235
22 39 892071620
22 40 769810122
22 41 819442151
22 42 639294162
22 43 559419302
22 44 806048303
22 45 989442906
22 46 731591285
22 47 735258985
22 48 894603456
22 49 637465616
23 25 852606642
23 26 996010536
23 27 651077761
23 28 569426388
23 29 687836416
23 30 773834874
23 31 906575690
23 32 863106301
23 33 614913989
23 34 844464871
23 35 577939505
23 36 525990767
23 37 971208100
23 38 775894521
23 39 775981279
23 40 761486442
23 41 578080847
23 42 554820839
23 43 659371291
23 44 740292011
23 45 982636553
23 46 748067167
23 47 923238346
23 48 557119921
23 49 555148876
24 25 961707882
24 26 794277493
24 27 944582256
24 28 955092883
24 29 873657451
24 30 936105860
24 31 890014542
24 32 813737597
24 33 719222456
24 34 936894423
24 35 892635456
24 36 743201093
24 37 549893125
24 38 728913425
24 39 824976618
24 40 553985207
24 41 726041268
24 42 658875384
24 43 608163029
24 44 977378316
24 45 500081426
24 46 557978943
24 47 859809677
24 48 600719471
24 49 804354473
25 50 958323469
25 51 569999542
25 52 512240649
25 53 530461292
25 54 516858458
25 55 790915261
25 56 644476771
25 57 969048802
25 58 905760770
25 59 676593773
25 60 816441535
25 61 966046592
25 62 977233757
25 63 663283243
25 64 761043269
25 65 505456526
25 66 576754072
25 67 882395141
25 68 983074202
25 69 869631450
25 70 550990571
25 71 527493607
25 72 662239868
25 73 631418401
25 74 864295305
26 50 773201872
26 51 894269806
26 52 618478515
26 53 770843267
26 54 969850229
26 55 826809822
26 56 758639754
26 57 695843823
26 58 918890315
26 59 878553818
26 60 576635500
26 61 639133329
26 62 557532356
26 63 761556721
26 64 599920433
26 65 781415379
26 66 926735632
26 67 964402998
26 68 745590568
26 69 600974358
26 70 604209965
26 71 761466513
26 72 681012666
26 73 935426860
26 74 714825722
27 50 897342971
27 51 555323066
27 52 867881490
27 53 866142550
27 54 837659664
27 55 805776884
27 56 668881422
27 57 536674478
27 58 737544979
27 59 623536862
27 60 929136369
27 61 600016732
27 62 747451113
27 63 973027617
27 64 677695293
27 65 688379580
27 66 888187636
27 67 839196574
27 68 592747022
27 69 931706784
27 70 598349644
27 71 852425473
27 72 861306511
27 73 767961948
27 74 935701437
28 50 545780243
28 51 540457120
28 52 985550943
28 53 705447719
28 54 992484227
28 55 913637283
28 56 643050567
28 57 902004184
28 58 562916715
28 59 813905329
28 60 655405400
28 61 732527922
28 62 837315669
28 63 673565994
28 64 587803875
28 65 855516759
28 66 558356756
28 67 668652727
28 68 915121987
28 69 737877440
28 70 751426709
28 71 711230217
28 72 780040421
28 73 969111448
28 74 506080087
29 50 570702690
29 51 954379042
29 52 610429907
29 53 735801570
29 54 941042034
29 55 985266030
29 56 526028423
29 57 913349690
29 58 730067927
29 59 734893224
29 60 711699665
29 61 722666900
29 62 514941517
29 63 585449060
29 64 512020564
29 65 895256885
29 66 525337830
29 67 727021850
29 68 820445419
29 69 745746170
29 70 898643838
29 71 597398287
29 72 957772620
29 73 570287405
29 74 801581552
30 50 583923977
30 51 667610027
30 52 552250477
30 53 963866495
30 54 835570806
30 55 964423231
30 56 647275760
30 57 649938067
30 58 879038051
30 59 591139081
30 60 683290275
30 61 811807883
30 62 860666252
30 63 727475138
30 64 531044430
30 65 773501479
30 66 665746605
30 67 519447391
30 68 813676106
30 69 791331766
30 70 581431026
30 71 686958589
30 72 737598158
30 73 711574405
30 74 598872111
31 50 753941297
31 51 868144545
31 52 991278589
31 53 851217502
31 54 835584637
31 55 613106174
31 56 854032578
31 57 926026763
31 58 812291971
31 59 951814269
31 60 621068376
31 61 972991108
31 62 974744188
31 63 524382073
31 64 885178025
31 65 873763780
31 66 737558351
31 67 705321320
31 68 978228288
31 69 637910942
31 70 731886593
31 71 685524141
31 72 588930025
31 73 628837922
31 74 567726399
32 50 879551915
32 51 732912906
32 52 684290992
32 53 894754440
32 54 558459224
32 55 726547061
32 56 998374073
32 57 526105638
32 58 858370074
32 59 779915147
32 60 929720304
32 61 704579686
32 62 928008958
32 63 550631084
32 64 596190415
32 65 727687533
32 66 512138759
32 67 846654907
32 68 664166700
32 69 678886472
32 70 769563592
32 71 657251053
32 72 999056557
32 73 929008528
32 74 856049277
33 50 825129255
33 51 641039092
33 52 686651344
33 53 595127699
33 54 933732228
33 55 887254035
33 56 726205112
33 57 717014275
33 58 940842240
33 59 638845789
33 60 781563671
33 61 844847041
33 62 511429562
33 63 754416230
33 64 743552311
33 65 856767501
33 66 971875173
33 67 818724870
33 68 777737278
33 69 768777105
33 70 766995471
33 71 552474370
33 72 605624752
33 73 925029644
33 74 908530490
34 50 550705991
34 51 679978259
34 52 871580162
34 53 896276631
34 54 836464543
34 55 627844766
34 56 912966956
34 57 933712840
34 58 730257436
34 59 676326918
34 60 728751789
34 61 814903223
34 62 733515677
34 63 504007955
34 64 637836260
34 65 743739564
34 66 774530749
34 67 736921634
34 68 891705453
34 69 942167717
34 70 888599566
34 71 877544892
34 72 643042429
34 73 670070485
34 74 711710201
35 50 597704470
35 51 953822625
35 52 585741292
35 53 881456346
35 54 778817342
35 55 529581336
35 56 653536529
35 57 910829478
35 58 635513101
35 59 817563708
35 60 977006937
35 61 919801258
35 62 983332454
35 63 893889953
35 64 774645980
35 65 792180627
35 66 802367219
35 67 785407565
35 68 667123301
35 69 761192784
35 70 604410558
35 71 526648602
35 72 909451733
35 73 923189826
35 74 537202411
36 50 758855669
36 51 819434383
36 52 911519192
36 53 959146655
36 54 560639559
36 55 528312729
36 56 848880097
36 57 976325842
36 58 660832149
36 59 764989534
36 60 704066924
36 61 600714892
36 62 881398028
36 63 576179233
36 64 954509720
36 65 653325146
36 66 656477261
36 67 828835937
36 68 869014501
36 69 814868344
36 70 617566836
36 71 850684062
36 72 512305503
36 73 534672807
36 74 696150707
37 50 732480035
37 51 848103738
37 52 839662658
37 53 937415805
37 54 751957047
37 55 804416771
37 56 973241404
37 57 855958106
37 58 619939809
37 59 695532541
37 60 512083411
37 61 815822749
37 62 893900446
37 63 778604497
37 64 590492720
37 65 516405568
37 66 925256451
37 67 523854698
37 68 802496322
37 69 982695572
37 70 944908775
37 71 904305862
37 72 674271636
37 73 539042473
37 74 781060765
38 50 583962554
38 51 670918574
38 52 778910712
38 53 779873353
38 54 956754816
38 55 566431505
38 56 688192144
38 57 807673755
38 58 611507034
38 59 539101964
38 60 562221730
38 61 758436885
38 62 580489463
38 63 897605006
38 64 886665533
38 65 571344257
38 66 715726891
38 67 914327522
38 68 507423728
38 69 686876896
38 70 554009001
38 71 963073169
38 72 757354363
38 73 926084444
38 74 616714679
39 50 711646372
39 51 798671894
39 52 972884980
39 53 531187889
39 54 683379336
39 55 584655393
39 56 500011502
39 57 675034268
39 58 540363558
39 59 807713366
39 60 651605814
39 61 734779817
39 62 513685089
39 63 612554983
39 64 970329508
39 65 734820201
39 66 986062888
39 67 542371083
39 68 527746368
39 69 552920766
39 70 689657627
39 71 886782677
39 72 869058241
39 73 927557060
39 74 702268228
40 50 729553985
40 51 931977325
40 52 547893483
40 53 541901425
40 54 810852177
40 55 738500831
40 56 521160757
40 57 979173052
40 58 694895964
40 59 953506959
40 60 747992282
40 61 869454516
40 62 965427744
40 63 553229920
40 64 954109107
40 65 924828888
40 66 771448249
40 67 656703759
40 68 533576779
40 69 655504834
40 70 768430676
40 71 558926083
40 72 988335190
40 73 955365062
40 74 705921575
41 50 922967362
41 51 867772163
41 52 870726482
41 53 889931630
41 54 721091149
41 55 857224203
41 56 537005584
41 57 992334240
41 58 867328007
41 59 803252111
41 60 762029727
41 61 518291348
41 62 768176286
41 63 860553599
41 64 544561337
41 65 958514710
41 66 952560496
41 67 756475696
41 68 988364457
41 69 839650110
41 70 797642570
41 71 911612767
41 72 907096615
41 73 783990634
41 74 879320680
42 50 759542531
42 51 738476308
42 52 692028527
42 53 564856491
42 54 846837566
42 55 588717139
42 56 964174529
42 57 509533584
42 58 803976127
42 59 739206501
42 60 761403265
42 61 745397710
42 62 622735434
42 63 977505542
42 64 590509093
42 65 891802563
42 66 915302690
42 67 692937237
42 68 779067849
42 69 768546642
42 70 710688864
42 71 902552894
42 72 596220947
42 73 966603730
42 74 555103213
43 50 920391098
43 51 614650323
43 52 753273853
43 53 954654671
43 54 688115932
43 55 661037706
43 56 845080391
43 57 866387521
43 58 843031350
43 59 681587599
43 60 576226014
43 61 759532388
43 62 759605328
43 63 918592018
43 64 572001536
43 65 581066990
43 66 674937189
43 67 856187204
43 68 927034792
43 69 722219212
43 70 805280325
43 71 729225276
43 72 995734844
43 73 535608371
43 74 821820270
44 50 501151446
44 51 666231559
44 52 964692691
44 53 516204078
44 54 840019343
44 55 777635955
44 56 942338146
44 57 971325648
44 58 926515081
44 59 700977942
44 60 598966715
44 61 924942350
44 62 629845909
44 63 681902980
44 64 525599520
44 65 829338219
44 66 982305084
44 67 790161193
44 68 705663252
44 69 879197191
44 70 944681029
44 71 981404767
44 72 525222495
44 73 914488195
44 74 618819400
45 50 672215985
45 51 871262704
45 52 682827210
45 53 620579946
45 54 527107277
45 55 712740811
45 56 926587306
45 57 788229891
45 58 608577239
45 59 850546331
45 60 743346693
45 61 799411189
45 62 644460590
45 63 942684071
45 64 604967126
45 65 839999295
45 66 663781879
45 67 972733358
45 68 583958899
45 69 945957370
45 70 724349740
45 71 504918554
45 72 712513301
45 73 760350133
45 74 671655003
46 50 570706164
46 51 620700991
46 52 671952294
46 53 663617454
46 54 823754384
46 55 564756523
46 56 856364198
46 57 600111005
46 58 745418197
46 59 779606534
46 60 828838571
46 61 653628204
46 62 659663194
46 63 942562511
46 64 673163512
46 65 604705212
46 66 528136933
46 67 696013191
46 68 733039438
46 69 995413890
46 70 877622033
46 71 608474893
46 72 634133679
46 73 659529103
46 74 790288910
47 50 669893354
47 51 924407529
47 52 949363723
47 53 885092208
47 54 586167673
47 55 627529031
47 56 644696805
47 57 709866007
47 58 781740884
47 59 660152681
47 60 612336946
47 61 655673415
47 62 804678380
47 63 856905181
47 64 562451686
47 65 858752858
47 66 865571513
47 67 923348792
47 68 991821522
47 69 518706144
47 70 753765619
47 71 504392487
47 72 898894224
47 73 711837587
47 74 691168673
48 50 799448838
48 51 842437274
48 52 514763545
48 53 859017921
48 54 856034703
48 55 582354471
48 56 671771593
48 57 597432763
48 58 662493852
48 59 677633093
48 60 581602528
48 61 894625709
48 62 581243334
48 63 872818518
48 64 771030358
48 65 698811700
48 66 845656622
48 67 925770256
48 68 655230417
48 69 625847321
48 70 548188672
48 71 882483239
48 72 664505530
48 73 955157881
48 74 912938157
49 50 882673030
49 51 929106056
49 52 957501415
49 53 887743064
49 54 831024912
49 55 764340505
49 56 966966628
49 57 773533149
49 58 710455088
49 59 607311140
49 60 858461523
49 61 883492142
49 62 701108479
49 63 883793457
49 64 780339288
49 65 930535075
49 66 917736234
49 67 893753871
49 68 852417274
49 69 987415295
49 70 859569198
49 71 729839293
49 72 988793569
49 73 791027543
49 74 628646216
50 75 514291833
50 76 830001557
50 77 760529856
50 78 549414031
50 79 875416534
50 80 879084084
50 81 753711134
50 82 884566644
50 83 902906470
50 84 887504281
50 85 637497616
50 86 888408068
50 87 521862411
50 88 586001557
50 89 522735746
50 90 671872518
50 91 780510754
50 92 789587519
50 93 615164189
50 94 674910067
50 95 755946840
50 96 992901831
50 97 965632113
50 98 928600280
50 99 869502248
51 75 734406003
51 76 557164856
51 77 764948736
51 78 612111835
51 79 806905083
51 80 795631917
51 81 702632821
51 82 529428754
51 83 586175411
51 84 514451660
51 85 603808761
51 86 806801157
51 87 808090506
51 88 743609947
51 89 668709104
51 90 642003578
51 91 853981206
51 92 578644818
51 93 708182991
51 94 756217367
51 95 644814898
51 96 858576286
51 97 704091693
51 98 598958609
51 99 751138590
52 75 905366511
52 76 758881292
52 77 748893878
52 78 920861457
52 79 735509241
52 80 763172270
52 81 712547529
52 82 586449986
52 83 510296960
52 84 894473191
52 85 623427675
52 86 957653982
52 87 585776429
52 88 729874445
52 89 780249136
52 90 673701118
52 91 823435221
52 92 693771477
52 93 899595591
52 94 961481060
52 95 947295219
52 96 622057821
52 97 776347295
52 98 641995817
52 99 547162948
53 75 866380540
53 76 761309262
53 77 749131430
53 78 684386211
53 79 681235362
53 80 641076986
53 81 641176470
53 82 619238564
53 83 705556406
53 84 704769090
53 85 548694567
53 86 982585940
53 87 505075304
53 88 941908213
53 89 874693800
53 90 617001009
53 91 882213666
53 92 878036186
53 93 653959107
53 94 733399612
53 95 675617154
53 96 929856031
53 97 967695630
53 98 738847720
53 99 724797836
54 75 773744192
54 76 633739046
54 77 822334705
54 78 565473704
54 79 613109735
54 80 585720394
54 81 610162773
54 82 642826447
54 83 697962073
54 84 689072778
54 85 994554329
54 86 681073446
54 87 588065452
54 88 853283485
54 89 727350735
54 90 867776858
54 91 851461224
54 92 744533093
54 93 544768287
54 94 822772150
54 95 761887839
54 96 689256586
54 97 757503380
54 98 527766300
54 99 772713765
55 75 947653882
55 76 900762824
55 77 885788790
55 78 771267461
55 79 543749832
55 80 763369228
55 81 750154397
55 82 766775183
55 83 692653960
55 84 514330630
55 85 671753629
55 86 864800385
55 87 885578444
55 88 580938740
55 89 706437683
55 90 604477413
55 91 916781360
55 92 666725815
55 93 506192208
55 94 503588254
55 95 845023008
55 96 729931232
55 97 981340562
55 98 840870948
55 99 753240196
56 75 580852524
56 76 991916726
56 77 853065290
56 78 647481629
56 79 997612429
56 80 871600831
56 81 842328514
56 82 725788372
56 83 986984240
56 84 502037562
56 85 540003722
56 86 527517962
56 87 664237645
56 88 915922624
56 89 539945581
56 90 797202734
56 91 920794610
56 92 874103417
56 93 969453271
56 94 967785659
56 95 985906629
56 96 558014372
56 97 615749035
56 98 682070566
56 99 571965786
57 75 839763470
57 76 508531245
57 77 990352803
57 78 688527814
57 79 996582747
57 80 676952108
57 81 888254907
57 82 662717360
57 83 950195535
57 84 874652970
57 85 964980424
57 86 902623894
57 87 792285526
57 88 738084451
57 89 825553635
57 90 716516643
57 91 950483288
57 92 971558891
57 93 862113667
57 94 533133512
57 95 764559843
57 96 993510572
57 97 927232573
57 98 857959446
57 99 951472377
58 75 525375165
58 76 595051178
58 77 791596129
58 78 790950987
58 79 959072259
58 80 673054119
58 81 706899081
58 82 882804389
58 83 952966390
58 84 553982226
58 85 874579730
58 86 802406172
58 87 895204495
58 88 880731051
58 89 788953119
58 90 945190439
58 91 860146394
58 92 540054211
58 93 895605687
58 94 952587471
58 95 957773782
58 96 516015071
58 97 871959574
58 98 919032113
58 99 857090887
59 75 943813218
59 76 832817297
59 77 577080922
59 78 948237737
59 79 650060994
59 80 805366403
59 81 617646670
59 82 717420870
59 83 661535164
59 84 623010091
59 85 592221149
59 86 703594331
59 87 794145268
59 88 942130402
59 89 676935748
59 90 753557442
59 91 934144786
59 92 973653887
59 93 942209423
59 94 690754189
59 95 880909564
59 96 708449471
59 97 713712664
59 98 738423255
59 99 797478959
60 75 537077444
60 76 812639614
60 77 900049808
60 78 748492670
60 79 592402964
60 80 878620807
60 81 938208359
60 82 889933883
60 83 856640598
60 84 690183253
60 85 758692217
60 86 559896005
60 87 712431599
60 88 606795089
60 89 817953778
60 90 506579138
60 91 886456650
60 92 509643332
60 93 966509212
60 94 602335982
60 95 519143286
60 96 847165109
60 97 717743757
60 98 853715058
60 99 716943623
61 75 811500820
61 76 850295092
61 77 705775702
61 78 967948638
61 79 724301617
61 80 637957477
61 81 737299158
61 82 788519829
61 83 734658207
61 84 884893179
61 85 548341135
61 86 795240857
61 87 686453137
61 88 911398742
61 89 646177739
61 90 527157805
61 91 869037480
61 92 733857573
61 93 535829768
61 94 864445667
61 95 512017359
61 96 629410073
61 97 968552271
61 98 548080637
61 99 849870778
62 75 791405777
62 76 594585504
62 77 750371496
62 78 676510569
62 79 635683059
62 80 717463588
62 81 849021491
62 82 577433979
62 83 538114982
62 84 616263912
62 85 782925267
62 86 683467522
62 87 959707111
62 88 986557404
62 89 954381710
62 90 726565987
62 91 508794324
62 92 771260229
62 93 565382886
62 94 914840883
62 95 813793174
62 96 872228515
62 97 985669400
62 98 623361519
62 99 739393361
63 75 806722849
63 76 871679389
63 77 872087663
63 78 793154607
63 79 543471936
63 80 698257822
63 81 997637399
63 82 926654023
63 83 817447206
63 84 802602902
63 85 688949217
63 86 504651662
63 87 942104644
63 88 822197866
63 89 728932625
63 90 622059485
63 91 709461495
63 92 898133107
63 93 907219567
63 94 543268639
63 95 657847218
63 96 819219456
63 97 751788341
63 98 533667682
63 99 631205351
64 75 740512372
64 76 790056041
64 77 898939458
64 78 506571782
64 79 677716322
64 80 744455938
64 81 877945008
64 82 903651174
64 83 656113702
64 84 606106273
64 85 988085264
64 86 948034856
64 87 974421624
64 88 894012484
64 89 935328728
64 90 508981342
64 91 824472270
64 92 685631301
64 93 666269608
64 94 520589739
64 95 628461116
64 96 910553236
64 97 894317227
64 98 991443905
64 99 557437939
65 75 733789784
65 76 728960484
65 77 823729297
65 78 664852438
65 79 601499565
65 80 922652197
65 81 734026271
65 82 959451976
65 83 952836011
65 84 681703593
65 85 678535921
65 86 613916236
65 87 999805814
65 88 556876550
65 89 687818407
65 90 981990047
65 91 518970012
65 92 834274746
65 93 861329250
65 94 607793774
65 95 780967262
65 96 760472267
65 97 822066299
65 98 658822972
65 99 908405810
66 75 792581822
66 76 735749224
66 77 563512834
66 78 507483908
66 79 536977670
66 80 952320090
66 81 770723679
66 82 875988075
66 83 570126394
66 84 769563440
66 85 562840889
66 86 548233341
66 87 915564968
66 88 983946914
66 89 580932668
66 90 960299729
66 91 652165679
66 92 638959283
66 93 971023340
66 94 952593774
66 95 991995907
66 96 917094826
66 97 977821423
66 98 805152271
66 99 617031354
67 75 773018008
67 76 747567195
67 77 860793218
67 78 676176501
67 79 541267304
67 80 585830174
67 81 934434986
67 82 935077084
67 83 880269779
67 84 868871787
67 85 545414125
67 86 637183539
67 87 645665630
67 88 604906321
67 89 863208386
67 90 907102797
67 91 585287100
67 92 997679213
67 93 862901018
67 94 750224897
67 95 692964617
67 96 995576918
67 97 992250625
67 98 982356530
67 99 775733209
68 75 713111371
68 76 551683975
68 77 805750192
68 78 549863655
68 79 656191494
68 80 848963443
68 81 929810884
68 82 795497493
68 83 789081887
68 84 746454720
68 85 585475485
68 86 913152142
68 87 917067824
68 88 832947188
68 89 897398200
68 90 667463110
68 91 591931561
68 92 528179053
68 93 798872676
68 94 867831937
68 95 639986558
68 96 581740858
68 97 700707759
68 98 614259307
68 99 766896126
69 75 775454782
69 76 997588935
69 77 702558951
69 78 620424799
69 79 596395616
69 80 847934700
69 81 993912343
69 82 916609992
69 83 872907064
69 84 890717151
69 85 967396930
69 86 638538772
69 87 634558441
69 88 901674984
69 89 685389918
69 90 935988149
69 91 527904843
69 92 912657313
69 93 793296770
69 94 567408434
69 95 748698255
69 96 798177754
69 97 802633811
69 98 759049820
69 99 990473292
70 75 824857100
70 76 641989638
70 77 562450976
70 78 762511263
70 79 962398134
70 80 680663905
70 81 650633399
70 82 836947994
70 83 873416124
70 84 818942869
70 85 936852677
70 86 818113501
70 87 857187748
70 88 810846411
70 89 502146093
70 90 662897750
70 91 817209639
70 92 899704587
70 93 908058630
70 94 934700117
70 95 929597124
70 96 513414632
70 97 993482564
70 98 563512197
70 99 649902286
71 75 622376210
71 76 663058610
71 77 588512756
71 78 650254199
71 79 986785587
71 80 506952619
71 81 630342228
71 82 541298892
71 83 714605286
71 84 949311616
71 85 715005177
71 86 542226822
71 87 764992112
71 88 831980259
71 89 989257645
71 90 992746631
71 91 999214064
71 92 739413348
71 93 763344057
71 94 629317178
71 95 882693880
71 96 631932289
71 97 813784653
71 98 723798346
71 99 902792138
72 75 782098148
72 76 636144554
72 77 586897805
72 78 868515435
72 79 563059930
72 80 865907001
72 81 615557787
72 82 578538848
72 83 810531663
72 84 577020832
72 85 514364428
72 86 948140430
72 87 504976833
72 88 717579007
72 89 832416410
72 90 659690312
72 91 814969974
72 92 903393824
72 93 587646046
72 94 766596085
72 95 737139974
72 96 802339312
72 97 535365543
72 98 874722023
72 99 728288721
73 75 708231239
73 76 731006116
73 77 909061373
73 78 600220136
73 79 964570133
73 80 593961063
73 81 906853804
73 82 722797571
73 83 921013539
73 84 717237456
73 85 889882563
73 86 588651071
73 87 504577963
73 88 640246920
73 89 830880951
73 90 523631448
73 91 679729915
73 92 783371524
73 93 827494371
73 94 613049696
73 95 537874808
73 96 640600269
73 97 789017479
73 98 751110447
73 99 752966503
74 75 659449888
74 76 678539215
74 77 806810618
74 78 845928216
74 79 953430774
74 80 710448087
74 81 503643056
74 82 540559180
74 83 782222200
74 84 701779453
74 85 893611414
74 86 913817208
74 87 645220084
74 88 854520306
74 89 686490404
74 90 704687945
74 91 570696492
74 92 624779532
74 93 762677764
74 94 987353540
74 95 881363994
74 96 711441057
74 97 547510455
74 98 634650921
74 99 610241005
75 100 769001217
75 101 668126877
75 102 947431173
75 103 713939584
75 104 935137085
75 105 537522831
75 106 650318428
75 107 668769049
75 108 906067988
75 109 918472881
75 110 983544470
75 111 874173940
75 112 992640202
75 113 881812193
75 114 502727057
75 115 852436511
75 116 946690939
75 117 945967670
75 118 704605486
75 119 736273686
75 120 831737975
75 121 556126748
75 122 762127067
75 123 670588117
75 124 627432852
76 100 751885255
76 101 615468140
76 102 712088157
76 103 842422554
76 104 788425198
76 105 828347106
76 106 940913182
76 107 774230089
76 108 982983661
76 109 917576890
76 110 794402061
76 111 642019564
76 112 743846711
76 113 744280577
76 114 916926267
76 115 797456068
76 116 516844775
76 117 500073289
76 118 553448590
76 119 746257859
76 120 547324253
76 121 809419242
76 122 570428580
76 123 871809011
76 124 788416261
77 100 806493640
77 101 660333675
77 102 995900090
77 103 927889172
77 104 703277661
77 105 755170205
77 106 783016675
77 107 780497388
77 108 758829288
77 109 877302388
77 110 920325187
77 111 639326987
77 112 606226148
77 113 554530773
77 114 633919447
77 115 507499834
77 116 831985665
77 117 696131510
77 118 931344501
77 119 931020352
77 120 500140362
77 121 534237810
77 122 973401999
77 123 781800122
77 124 713844297
78 100 701702871
78 101 751429430
78 102 930394974
78 103 583891356
78 104 598205290
78 105 992941513
78 106 836825764
78 107 595397433
78 108 886487016
78 109 952084275
78 110 777697023
78 111 899312249
78 112 883346300
78 113 573906659
78 114 539305508
78 115 734252229
78 116 921794834
78 117 763921642
78 118 523150936
78 119 757305290
78 120 855738186
78 121 962909050
78 122 904691942
78 123 656943181
78 124 817271602
79 100 991512236
79 101 934989725
79 102 856436164
79 103 908247131
79 104 568486203
79 105 594072999
79 106 917081226
79 107 859099735
79 108 506912758
79 109 918303069
79 110 934324813
79 111 815047695
79 112 774413664
79 113 704508438
79 114 940013236
79 115 975906095
79 116 563212734
79 117 773680473
79 118 515653202
79 119 969526361
79 120 995215021
79 121 822079107
79 122 631627500
79 123 825801569
79 124 951871000
80 100 796983189
80 101 942567170
80 102 868369440
80 103 571620631
80 104 656362819
80 105 987232438
80 106 559327336
80 107 527348533
80 108 826873484
80 109 534212726
80 110 663657954
80 111 576599309
80 112 924638173
80 113 506559467
80 114 831653106
80 115 536390713
80 116 860049383
80 117 601270480
80 118 572121187
80 119 829236397
80 120 899471514
80 121 902680377
80 122 688045965
80 123 589532220
80 124 989943577
81 100 947281220
81 101 843031894
81 102 686754097
81 103 695120944
81 104 655160798
81 105 809037175
81 106 504099156
81 107 613110567
81 108 946576072
81 109 677054760
81 110 764866931
81 111 686664518
81 112 520348596
81 113 782651197
81 114 596169405
81 115 677257496
81 116 898122816
81 117 968540650
81 118 991741698
81 119 764856275
81 120 533234157
81 121 814085529
81 122 971097135
81 123 877891368
81 124 507180115
82 100 610023429
82 101 969448074
82 102 720280698
82 103 686011890
82 104 703404272
82 105 868548030
82 106 763849644
82 107 528634136
82 108 990924475
82 109 984572567
82 110 768955692
82 111 581012216
82 112 554422331
82 113 654963263
82 114 848847968
82 115 985019584
82 116 774559389
82 117 811541985
82 118 716233270
82 119 670284717
82 120 747984704
82 121 507056880
82 122 546111380
82 123 895974686
82 124 563565889
83 100 822431077
83 101 729291985
83 102 812563471
83 103 672856951
83 104 500720651
83 105 581421414
83 106 791241377
83 107 898055664
83 108 798372120
83 109 861859193
83 110 649286448
83 111 837447781
83 112 849211964
83 113 664516236
83 114 954040973
83 115 655208858
83 116 727014352
83 117 877781175
83 118 840776889
83 119 501373849
83 120 754738934
83 121 512473879
83 122 873274245
83 123 861913665
83 124 908110935
84 100 968422778
84 101 759946077
84 102 991135492
84 103 866355082
84 104 726716553
84 105 970147495
84 106 715460117
84 107 652143994
84 108 527322726
84 109 596810447
84 110 562714594
84 111 984923566
84 112 987685874
84 113 611782132
84 114 956513789
84 115 798825723
84 116 695139260
84 117 975418771
84 118 834933174
84 119 547612217
84 120 937621059
84 121 867522993
84 122 738277867
84 123 607992017
84 124 685741594
85 100 732392559
85 101 620260551
85 102 678732598
85 103 729457205
85 104 705245888
85 105 550188709
85 106 626547737
85 107 691237040
85 108 774531840
85 109 920778653
85 110 818095610
85 111 944464777
85 112 682066438
85 113 799182777
85 114 795418697
85 115 587212796
85 116 568712605
85 117 636343173
85 118 961742419
85 119 889882497
85 120 762202207
85 121 563166456
85 122 983205593
85 123 742377929
85 124 586517330
86 100 844269871
86 101 582293265
86 102 878520306
86 103 770950365
86 104 727180793
86 105 851374349
86 106 652202571
86 107 980596125
86 108 677595725
86 109 989691762
86 110 626979518
86 111 537586149
86 112 675922984
86 113 594829809
86 114 542895396
86 115 805951008
86 116 953494662
86 117 727838859
86 118 850862435
86 119 871780155
86 120 767934654
86 121 777921147
86 122 820435610
86 123 828930429
86 124 836174376
87 100 935260239
87 101 809355357
87 102 606100104
87 103 535953061
87 104 826403966
87 105 770760018
87 106 695960478
87 107 984726907
87 108 708443350
87 109 946373735
87 110 727129454
87 111 567391235
87 112 883283555
87 113 941693479
87 114 654589072
87 115 681442962
87 116 573636162
87 117 646939088
87 118 920314096
87 119 635287617
87 120 546531148
87 121 898834310
87 122 791714707
87 123 844411206
87 124 946666160
88 100 677897671
88 101 925369339
88 102 638411114
88 103 948471462
88 104 718871977
88 105 835540079
88 106 691257589
88 107 708794417
88 108 929142809
88 109 953418359
88 110 575221536
88 111 759193469
88 112 911903614
88 113 602683003
88 114 986246050
88 115 668941919
88 116 791303662
88 117 650980023
88 118 778988886
88 119 851618445
88 120 951253029
88 121 585270789
88 122 960173369
88 123 870658984
88 124 753870453
89 100 920297390
89 101 757326139
89 102 759248512
89 103 593008118
89 104 730305874
89 105 771289282
89 106 501986432
89 107 582249706
89 108 572745698
89 109 736738626
89 110 987844079
89 111 844039593
89 112 606563832
89 113 852476500
89 114 611062570
89 115 760147153
89 116 847894794
89 117 624447486
89 118 621603507
89 119 927327287
89 120 880273304
89 121 856787154
89 122 515267107
89 123 748989221
89 124 838076750
90 100 520652804
90 101 614203917
90 102 698430430
90 103 617838866
90 104 537574657
90 105 587251127
90 106 542853041
90 107 978052656
90 108 782248055
90 109 821140544
90 110 658890553
90 111 792192106
90 112 951316686
90 113 700343126
90 114 799100771
90 115 918710630
90 116 866761250
90 117 782882585
90 118 522657320
90 119 926907272
90 120 551249269
90 121 665824672
90 122 783548634
90 123 919191144
90 124 589576375
91 100 602664646
91 101 727555721
91 102 986345190
91 103 808038813
91 104 629745661
91 105 708165308
91 106 591027231
91 107 716259552
91 108 912430499
91 109 888166390
91 110 914812203
91 111 706538943
91 112 970202445
91 113 867326501
91 114 947801825
91 115 646790098
91 116 786661173
91 117 699821355
91 118 712161066
91 119 707293385
91 120 500310355
91 121 594745701
91 122 759808882
91 123 724502477
91 124 933445505
92 100 702712853
92 101 936182930
92 102 524465593
92 103 596368977
92 104 560771647
92 105 879042075
92 106 909748271
92 107 842544302
92 108 584653177
92 109 847334683
92 110 681386263
92 111 890230855
92 112 527464205
92 113 666763673
92 114 671612819
92 115 854120337
92 116 984596919
92 117 969425320
92 118 985528497
92 119 913368997
92 120 718915568
92 121 548413348
92 122 508791871
92 123 737015764
92 124 988698675
93 100 833016899
93 101 788278368
93 102 567705229
93 103 952316047
93 104 601274385
93 105 957570386
93 106 521666838
93 107 593118281
93 108 765906315
93 109 743352626
93 110 585985886
93 111 938290448
93 112 777790174
93 113 926374514
93 114 613366085
93 115 568723367
93 116 631549234
93 117 964271989
93 118 544517516
93 119 766424032
93 120 572311498
93 121 511947726
93 122 539235424
93 123 998800977
93 124 614243697
94 100 912330592
94 101 894953665
94 102 801775199
94 103 740869055
94 104 917096245
94 105 628162664
94 106 665564909
94 107 761133016
94 108 841167447
94 109 617619241
94 110 555369879
94 111 967641260
94 112 856055323
94 113 843711934
94 114 649479970
94 115 694343924
94 116 794060808
94 117 705498639
94 118 581890081
94 119 831135737
94 120 710005146
94 121 766929105
94 122 841608085
94 123 574016451
94 124 898704001
95 100 933491541
95 101 599892517
95 102 891029786
95 103 692537411
95 104 937654245
95 105 701795285
95 106 647666620
95 107 875835902
95 108 726202085
95 109 930132123
95 110 697188484
95 111 868351191
95 112 680147547
95 113 903669479
95 114 620574417
95 115 718072023
95 116 542681756
95 117 844086845
95 118 771614311
95 119 937023603
95 120 749874149
95 121 790541846
95 122 645200132
95 123 655185455
95 124 714642073
96 100 539803186
96 101 826577969
96 102 615766304
96 103 702000902
96 104 998185680
96 105 944830436
96 106 572776860
96 107 952987850
96 108 755517139
96 109 879311078
96 110 880296212
96 111 981375426
96 112 930222257
96 113 663830081
96 114 776698764
96 115 972371062
96 116 703597948
96 117 768402353
96 118 578492778
96 119 937590034
96 120 629703354
96 121 777489851
96 122 727972837
96 123 907540023
96 124 791162550
97 100 696773282
97 101 755091117
97 102 803023748
97 103 866084205
97 104 538906535
97 105 858754112
97 106 913357897
97 107 621440578
97 108 545994010
97 109 596320627
97 110 898980588
97 111 526846169
97 112 743929669
97 113 735062334
97 114 744447312
97 115 687783045
97 116 825168432
97 117 612157610
97 118 663382895
97 119 889851086
97 120 808248600
97 121 972680384
97 122 545331770
97 123 727946495
97 124 989412628
98 100 793756753
98 101 623057360
98 102 866246781
98 103 801475900
98 104 878703063
98 105 921911699
98 106 664056456
98 107 601222966
98 108 539702389
98 109 747450790
98 110 779556328
98 111 876837012
98 112 853829041
98 113 688198795
98 114 818877327
98 115 959288998
98 116 627464356
98 117 573233178
98 118 787659260
98 119 714202273
98 120 909580632
98 121 616641466
98 122 571554491
98 123 993129069
98 124 908968026
99 100 917119749
99 101 892618429
99 102 581360365
99 103 802484463
99 104 705561568
99 105 885691154
99 106 949393214
99 107 935991356
99 108 904987088
99 109 922825541
99 110 755603453
99 111 893796981
99 112 578949032
99 113 577519459
99 114 830319756
99 115 890562408
99 116 859672937
99 117 846521311
99 118 932077382
99 119 534252888
99 120 963725801
99 121 581443543
99 122 636988368
99 123 829766134
99 124 549342492
100 125 894150766
100 126 640834451
100 127 633315767
100 128 612386136
100 129 574014800
100 130 646637320
100 131 801960664
100 132 930808825
100 133 535550990
100 134 748917001
100 135 643680137
100 136 510249380
100 137 650483975
100 138 647316170
100 139 903914031
100 140 635631217
100 141 592590065
100 142 545259837
100 143 500389846
100 144 511453229
100 145 963083613
100 146 926381508
100 147 968221749
100 148 969788281
100 149 656366979
101 125 984492533
101 126 788051661
101 127 543966997
101 128 796075819
101 129 970106595
101 130 662620286
101 131 783604856
101 132 933382449
101 133 518670776
101 134 549625828
101 135 638827200
101 136 596139589
101 137 869984267
101 138 994964563
101 139 547704602
101 140 968828064
101 141 882905768
101 142 522527871
101 143 855958001
101 144 752721230
101 145 962061318
101 146 788347474
101 147 943693014
101 148 758447981
101 149 717420132
102 125 841770798
102 126 774114697
102 127 529891958
102 128 856967927
102 129 820185446
102 130 960338685
102 131 679754132
102 132 791458780
102 133 631079792
102 134 552810536
102 135 527062564
102 136 748937347
102 137 695052089
102 138 958652633
102 139 718984121
102 140 817130463
102 141 624896572
102 142 826192254
102 143 736029762
102 144 918051877
102 145 884023034
102 146 557713693
102 147 879915809
102 148 944801759
102 149 921975184
103 125 924220428
103 126 542165700
103 127 590626162
103 128 977012989
103 129 527119012
103 130 628838265
103 131 994917022
103 132 730105141
103 133 700081714
103 134 662136250
103 135 820231145
103 136 609555018
103 137 732167328
103 138 857252999
103 139 541361101
103 140 796482271
103 141 756688353
103 142 672305894
103 143 951799383
103 144 763939926
103 145 689609231
103 146 573345135
103 147 579088947
103 148 941139178
103 149 892313034
104 125 613489212
104 126 844580949
104 127 512111342
104 128 745008897
104 129 538511754
104 130 773674666
104 131 819108780
104 132 791155343
104 133 688118224
104 134 740872061
104 135 629674026
104 136 778205486
104 137 853808353
104 138 678464597
104 139 841458547
104 140 843126701
104 141 716479617
104 142 878659301
104 143 794091072
104 144 987671058
104 145 686417830
104 146 896786026
104 147 500976171
104 148 794023793
104 149 855111460
105 125 690308030
105 126 581921883
105 127 900512313
105 128 909407482
105 129 635096875
105 130 686909086
105 131 969689507
105 132 883268775
105 133 653751941
105 134 942127064
105 135 951145415
105 136 905957518
105 137 621433513
105 138 776238179
105 139 533950916
105 140 597401788
105 141 556856208
105 142 954857568
105 143 962532760
105 144 827370816
105 145 955419052
105 146 734289020
105 147 951479126
105 148 621204302
105 149 791692999
106 125 849396618
106 126 509063486
106 127 951443112
106 128 587438313
106 129 901150790
106 130 708995008
106 131 591892658
106 132 680499001
106 133 981217114
106 134 501569725
106 135 729238112
106 136 656336562
106 137 851918895
106 138 556514823
106 139 914806265
106 140 855159278
106 141 971449648
106 142 961593695
106 143 534357256
106 144 990424924
106 145 941267627
106 146 925510727
106 147 731851020
106 148 828740589
106 149 534348756
107 125 968874151
107 126 924847108
107 127 567133381
107 128 957001005
107 129 824711164
107 130 690366692
107 131 608472188
107 132 522537849
107 133 811256822
107 134 651643573
107 135 946810943
107 136 942630066
107 137 836900249
107 138 564194136
107 139 689897100
107 140 571865515
107 141 889153279
107 142 564684719
107 143 748728645
107 144 809784877
107 145 777314051
107 146 642035936
107 147 881807742
107 148 899721227
107 149 796047442
108 125 692405895
108 126 979365574
108 127 967295005
108 128 954518053
108 129 662139971
108 130 598968217
108 131 691777140
108 132 875625636
108 133 889865638
108 134 822987627
108 135 766388114
108 136 671738315
108 137 788319799
108 138 931135148
108 139 852584636
108 140 762423345
108 141 870093100
108 142 868747640
108 143 531725992
108 144 876297592
108 145 713276737
108 146 550166439
108 147 654843766
108 148 606517865
108 149 751474587
109 125 866282363
109 126 968029511
109 127 635787757
109 128 889286493
109 129 933547472
109 130 912513366
109 131 651518088
109 132 755230632
109 133 515966787
109 134 755379803
109 135 876102379
109 136 946284615
109 137 897812927
109 138 884081662
109 139 647579542
109 140 774208645
109 141 874235382
109 142 549507493
109 143 664480910
109 144 597172405
109 145 691587624
109 146 740616871
109 147 554725579
109 148 654177955
109 149 998854907
110 125 562832426
110 126 889436614
110 127 526433766
110 128 667859581
110 129 522244821
110 130 674019604
110 131 711942599
110 132 672623214
110 133 829957302
110 134 504104925
110 135 996543607
110 136 539512896
110 137 695186774
110 138 896798841
110 139 696906834
110 140 704500845
110 141 649455093
110 142 533330207
110 143 594072811
110 144 696332320
110 145 756582449
110 146 789898312
110 147 577714649
110 148 704612998
110 149 831587613
111 125 718929044
111 126 797809486
111 127 652593949
111 128 850082694
111 129 568360321
111 130 758117498
111 131 890484392
111 132 593899904
111 133 521609119
111 134 974712335
111 135 522082838
111 136 628653441
111 137 563886070
111 138 700975979
111 139 947743042
111 140 794782553
111 141 613027777
111 142 766638058
111 143 769374025
111 144 907470278
111 145 632015208
111 146 621407677
111 147 794008929
111 148 555991429
111 149 761542930
112 125 521494814
112 126 738472346
112 127 502440673
112 128 593280686
112 129 741906630
112 130 805092338
112 131 569976082
112 132 504132533
112 133 624012879
112 134 912589912
112 135 577020196
112 136 807734644
112 137 694467394
112 138 885141038
112 139 695168269
112 140 576485199
112 141 761867758
112 142 582803754
112 143 655987624
112 144 765753146
112 145 977925048
112 146 630345698
112 147 972354329
112 148 974557159
112 149 873746851
113 125 827560109
113 126 664115121
113 127 942654929
113 128 837686440
113 129 807846344
113 130 517455570
113 131 610666868
113 132 859581928
113 133 735530193
113 134 625531391
113 135 793209362
113 136 608343984
113 137 763811719
113 138 741117606
113 139 688785325
113 140 869254767
113 141 588417405
113 142 776440805
113 143 786484335
113 144 866815739
113 145 534288917
113 146 523372109
113 147 620286170
113 148 869607993
113 149 526003159
114 125 933254562
114 126 527814073
114 127 535435197
114 128 963753053
114 129 586123324
114 130 629023074
114 131 705837790
114 132 556412767
114 133 916917970
114 134 778193271
114 135 972676834
114 136 696706876
114 137 550871926
114 138 704527760
114 139 989839824
114 140 691271749
114 141 936480967
114 142 960161219
114 143 765568460
114 144 956329973
114 145 703530553
114 146 698359921
114 147 781205592
114 148 893776208
114 149 635406245
115 125 963714310
115 126 536494537
115 127 996955550
115 128 953756897
115 129 923342221
115 130 575568808
115 131 550151721
115 132 927342186
115 133 503914876
115 134 766466315
115 135 621837070
115 136 791504726
115 137 643131528
115 138 569318395
115 139 557062003
115 140 811091272
115 141 774406919
115 142 671512548
115 143 971739362
115 144 782374198
115 145 570781967
115 146 714623221
115 147 730701983
115 148 567591182
115 149 999138373
116 125 562261697
116 126 819037214
116 127 748534620
116 128 826079869
116 129 912092461
116 130 719448754
116 131 644083121
116 132 630588172
116 133 708729544
116 134 666592491
116 135 879692855
116 136 645390091
116 137 799762825
116 138 566042515
116 139 816770398
116 140 966356149
116 141 789563685
116 142 713708754
116 143 769215375
116 144 615498699
116 145 731335663
116 146 568559812
116 147 690065939
116 148 858316312
116 149 572617583
117 125 950661317
117 126 875413332
117 127 643874624
117 128 696925615
117 129 654605920
117 130 830649179
117 131 822564971
117 132 798637519
117 133 836316197
117 134 919184657
117 135 736070872
117 136 803199471
117 137 925598727
117 138 892521549
117 139 588459042
117 140 611253352
117 141 584911119
117 142 639115131
117 143 847527070
117 144 665874248
117 145 909938767
117 146 649711299
117 147 657027578
117 148 817752161
117 149 780877174
118 125 817013555
118 126 519285149
118 127 529744274
118 128 670003696
118 129 519601393
118 130 585198539
118 131 733859519
118 132 969964536
118 133 666459914
118 134 711329050
118 135 617517446
118 136 506106654
118 137 585115602
118 138 667722197
118 139 693381076
118 140 506414026
118 141 751819717
118 142 741774088
118 143 552859918
118 144 720042875
118 145 798314717
118 146 534890640
118 147 913764978
118 148 669469282
118 149 820626139
119 125 539791804
119 126 503990039
119 127 711219367
119 128 633516261
119 129 987609178
119 130 859834809
119 131 897447137
119 132 808853382
119 133 704753479
119 134 764873268
119 135 873376026
119 136 827222173
119 137 615111809
119 138 636766499
119 139 965738992
119 140 584359205
119 141 658665333
119 142 811776243
119 143 910919902
119 144 990061411
119 145 628134944
119 146 921962812
119 147 940069365
119 148 597713250
119 149 767058513
120 125 650570207
120 126 734376610
120 127 912139227
120 128 606493916
120 129 586755807
120 130 861107744
120 131 557371704
120 132 674814634
120 133 502030594
120 134 899335020
120 135 933281719
120 136 821851356
120 137 848924945
120 138 767524422
120 139 617170534
120 140 551447153
120 141 541874520
120 142 880369701
120 143 737107087
120 144 666081893
120 145 720059742
120 146 755630777
120 147 724414096
120 148 966834975
120 149 763246295
121 125 953647532
121 126 883356033
121 127 841665305
121 128 776131884
121 129 715531516
121 130 676736470
121 131 858234921
121 132 635800758
121 133 735057803
121 134 959929770
121 135 501156114
121 136 837937095
121 137 757637997
121 138 566286130
121 139 770409350
121 140 698114655
121 141 513166737
121 142 606740384
121 143 580744159
121 144 985020709
121 145 616056163
121 146 865578594
121 147 746388308
121 148 772050757
121 149 943805832
122 125 777847511
122 126 526211513
122 127 917263696
122 128 639641410
122 129 625403358
122 130 583569418
122 131 783853683
122 132 860932415
122 133 828387183
122 134 951442127
122 135 547235558
122 136 915541917
122 137 923158357
122 138 816336268
122 139 875952345
122 140 737605677
122 141 710235345
122 142 676063845
122 143 517780648
122 144 940119871
122 145 776245662
122 146 693262648
122 147 910063292
122 148 697496693
122 149 861997649
123 125 797520784
123 126 821813051
123 127 922739015
123 128 674163350
123 129 772304632
123 130 709204916
123 131 977188102
123 132 583749518
123 133 995032752
123 134 791761504
123 135 926770899
123 136 780862151
123 137 593693837
123 138 678501864
123 139 839172773
123 140 530052339
123 141 846247915
123 142 663979862
123 143 637909662
123 144 521942924
123 145 689306557
123 146 921163304
123 147 810544736
123 148 983794151
123 149 830753965
124 125 640583537
124 126 750741302
124 127 604169863
124 128 540124736
124 129 536884619
124 130 822107191
124 131 586902583
124 132 856092781
124 133 975105006
124 134 959441138
124 135 892554716
124 136 732444032
124 137 622611831
124 138 593865624
124 139 850560765
124 140 622984397
124 141 746239374
124 142 899443248
124 143 641170700
124 144 608176137
124 145 801071637
124 146 632441676
124 147 996942333
124 148 815520231
124 149 850168303
125 150 575556313
125 151 628026411
125 152 832066409
125 153 767981272
125 154 711222661
125 155 976531765
125 156 799589165
125 157 648101876
125 158 681095302
125 159 632296382
125 160 684784935
125 161 805134911
125 162 823929400
125 163 732032679
125 164 595858636
125 165 579598688
125 166 697788117
125 167 718893048
125 168 760185597
125 169 805291737
125 170 608803862
125 171 599896921
125 172 976790655
125 173 688355802
125 174 647543070
126 150 939184445
126 151 671805097
126 152 902710145
126 153 941497496
126 154 627134810
126 155 893605991
126 156 616489579
126 157 555384364
126 158 594488872
126 159 851046659
126 160 541336994
126 161 839204205
126 162 603337690
126 163 823232840
126 164 854890481
126 165 960955709
126 166 853009231
126 167 804897559
126 168 738536206
126 169 971495235
126 170 673241913
126 171 575959409
126 172 567939380
126 173 528609543
126 174 617780962
127 150 665854865
127 151 592436913
127 152 551863557
127 153 679465522
127 154 759634778
127 155 559067468
127 156 936491898
127 157 650882466
127 158 914170999
127 159 783475504
127 160 952754448
127 161 573386545
127 162 787118949
127 163 525931290
127 164 765453272
127 165 917038721
127 166 766644332
127 167 567674874
127 168 769301082
127 169 790988733
127 170 592733660
127 171 876843644
127 172 598078235
127 173 982445726
127 174 772639192
128 150 614541592
128 151 532991197
128 152 812600579
128 153 858439219
128 154 792652084
128 155 680953571
128 156 926943150
128 157 655110298
128 158 895054957
128 159 920047168
128 160 946921318
128 161 797677462
128 162 852302519
128 163 500800370
128 164 983988110
128 165 717588304
128 166 869356193
128 167 541304007
128 168 544348988
128 169 615558634
128 170 645158188
128 171 605198918
128 172 929708819
128 173 939138790
128 174 704062437
129 150 629922423
129 151 976094227
129 152 555559283
129 153 771310066
129 154 962666698
129 155 947154366
129 156 685488252
129 157 594101187
129 158 759697896
129 159 736911504
129 160 694900799
129 161 520410837
129 162 597746083
129 163 504849432
129 164 724239913
129 165 550180387
129 166 690572368
129 167 794250921
129 168 935105923
129 169 925122867
129 170 896862892
129 171 672417661
129 172 506270714
129 173 757800940
129 174 747557850
130 150 589339784
130 151 867011654
130 152 558080802
130 153 765930205
130 154 865899151
130 155 864460299
130 156 726104643
130 157 830021216
130 158 619379010
130 159 714584931
130 160 595612076
130 161 512940880
130 162 859564147
130 163 507600081
130 164 741661059
130 165 599505303
130 166 969084467
130 167 809611143
130 168 994185207
130 169 877550667
130 170 892147902
130 171 789729615
130 172 855380744
130 173 508155093
130 174 770953400
131 150 962678988
131 151 650279455
131 152 533308874
131 153 706229647
131 154 748964800
131 155 798519060
131 156 864608935
131 157 822235169
131 158 836539099
131 159 551797003
131 160 783540708
131 161 539631258
131 162 622894822
131 163 650102991
131 164 657146984
131 165 578978586
131 166 511102894
131 167 587715622
131 168 747157043
131 169 661896574
131 170 836499453
131 171 575311772
131 172 564301421
131 173 799616074
131 174 918634480
132 150 762083226
132 151 840661162
132 152 582137612
132 153 814892520
132 154 782161583
132 155 526939061
132 156 803927474
132 157 656250655
132 158 556947929
132 159 831664987
132 160 781780641
132 161 601476876
132 162 597273361
132 163 542635078
132 164 630364824
132 165 930144048
132 166 701975489
132 167 958694904
132 168 542503495
132 169 681553889
132 170 551743401
132 171 823369365
132 172 807465402
132 173 651956280
132 174 887748643
133 150 902421700
133 151 782324045
133 152 726455648
133 153 644839574
133 154 580865639
133 155 989368847
133 156 887068466
133 157 517627746
133 158 752343126
133 159 704894494
133 160 747230896
133 161 741420841
133 162 958234768
133 163 842569046
133 164 609412681
133 165 657254281
133 166 755364970
133 167 626686898
133 168 690393431
133 169 897714692
133 170 743877495
133 171 887078416
133 172 888685858
133 173 723107351
133 174 775991158
134 150 516864691
134 151 932650575
134 152 885736833
134 153 805215126
134 154 727975675
134 155 623722814
134 156 601089526
134 157 873272689
134 158 839839400
134 159 917942982
134 160 751621425
134 161 984233444
134 162 777580393
134 163 905828798
134 164 517289774
134 165 711396644
134 166 588899963
134 167 689425041
134 168 553657014
134 169 613034531
134 170 907937695
134 171 583336933
134 172 713815642
134 173 786213241
134 174 962529624
135 150 602958069
135 151 937078932
135 152 618527085
135 153 934153262
135 154 916207213
135 155 539696196
135 156 568047488
135 157 596536446
135 158 508260064
135 159 519534785
135 160 838263421
135 161 948502377
135 162 811446926
135 163 755304242
135 164 617189760
135 165 570047473
135 166 967457361
135 167 998315611
135 168 707294667
135 169 727041793
135 170 869236424
135 171 885224486
135 172 997739621
135 173 555617478
135 174 726926716
136 150 704059088
136 151 552995283
136 152 653836393
136 153 853923127
136 154 648325755
136 155 815070708
136 156 872920668
136 157 618656564
136 158 710868209
136 159 533813928
136 160 679968538
136 161 914157790
136 162 938265206
136 163 529721806
136 164 539563725
136 165 734490125
136 166 511071576
136 167 578015587
136 168 895388897
136 169 549195276
136 170 806307960
136 171 567696804
136 172 866993640
136 173 730039641
136 174 802034515
137 150 954691810
137 151 798295206
137 152 855898008
137 153 628199376
137 154 902357573
137 155 544594062
137 156 509522181
137 157 778043481
137 158 882613907
137 159 752966637
137 160 543631321
137 161 909748421
137 162 824067949
137 163 717629705
137 164 628142384
137 165 708104528
137 166 967764283
137 167 878611427
137 168 817891409
137 169 525539880
137 170 549419278
137 171 824347359
137 172 947944332
137 173 505418371
137 174 589243344
138 150 976366175
138 151 993568950
138 152 998881572
138 153 955204718
138 154 962358513
138 155 887355428
138 156 855177075
138 157 571730777
138 158 895460564
138 159 658801262
138 160 686145659
138 161 574720147
138 162 903447391
138 163 519059334
138 164 620938109
138 165 777063407
138 166 607896821
138 167 758464556
138 168 746304759
138 169 816665270
138 170 750380326
138 171 613526258
138 172 666296535
138 173 910568219
138 174 538403989
139 150 961778959
139 151 809525829
139 152 702552290
139 153 917485064
139 154 552179533
139 155 529356516
139 156 575494144
139 157 982439837
139 158 995010540
139 159 988906958
139 160 509974777
139 161 596046452
139 162 538690936
139 163 749635295
139 164 963301441
139 165 758263160
139 166 688957083
139 167 867562380
139 168 691815530
139 169 961581035
139 170 639320159
139 171 806016750
139 172 853886935
139 173 800854869
139 174 562179501
140 150 670457961
140 151 879352708
140 152 605235607
140 153 553807211
140 154 753172019
140 155 871244205
140 156 809930875
140 157 891201845
140 158 995256126
140 159 833379058
140 160 506169746
140 161 528109445
140 162 783244368
140 163 917294043
140 164 849284675
140 165 873786504
140 166 599776950
140 167 796631357
140 168 826708121
140 169 808300653
140 170 544188264
140 171 784547429
140 172 807070462
140 173 991965019
140 174 819897553
141 150 654772239
141 151 927296624
141 152 823418087
141 153 548932050
141 154 701026290
141 155 633398363
141 156 845883451
141 157 553646348
141 158 587347198
141 159 533748078
141 160 502204518
141 161 988542634
141 162 724354831
141 163 990161666
141 164 765295974
141 165 806282106
141 166 585390751
141 167 504418153
141 168 541591305
141 169 547388076
141 170 571445615
141 171 757513149
141 172 681788988
141 173 954664727
141 174 917348207
142 150 653761881
142 151 937884257
142 152 763023121
142 153 839404734
142 154 529125495
142 155 629634886
142 156 858381856
142 157 889958756
142 158 749854923
142 159 693790550
142 160 569657062
142 161 823052659
142 162 757481864
142 163 960576012
142 164 613052947
142 165 970816671
142 166 939294350
142 167 669407368
142 168 748481405
142 169 728557390
142 170 890435155
142 171 786736809
142 172 551262961
142 173 852648627
142 174 776117652
143 150 609113762
143 151 672409326
143 152 844698547
143 153 641803866
143 154 881022414
143 155 580470641
143 156 821794237
143 157 765471403
143 158 505398422
143 159 636346116
143 160 848548070
143 161 918812203
143 162 644374210
143 163 964243135
143 164 936262112
143 165 713459048
143 166 541257931
143 167 624447199
143 168 720323047
143 169 543296292
143 170 971737938
143 171 624388596
143 172 865829670
143 173 782148829
143 174 841474363
144 150 914288017
144 151 894576432
144 152 700868968
144 153 643943777
144 154 522479579
144 155 725889122
144 156 885419164
144 157 665100862
144 158 579507934
144 159 664737009
144 160 831055192
144 161 914908574
144 162 521101191
144 163 511726044
144 164 696642940
144 165 776214661
144 166 784472342
144 167 862058929
144 168 680109962
144 169 796974805
144 170 566301621
144 171 589464063
144 172 611519718
144 173 523621369
144 174 617965703
145 150 792637957
145 151 956856994
145 152 709805777
145 153 540572197
145 154 705383814
145 155 882679506
145 156 718996717
145 157 652436234
145 158 767739723
145 159 634411586
145 160 584456625
145 161 899711281
145 162 504394756
145 163 750368390
145 164 563849527
145 165 845715289
145 166 633747235
145 167 898553275
145 168 930128844
145 169 726783161
145 170 596972284
145 171 974244247
145 172 711696642
145 173 717197442
145 174 780056873
146 150 601291388
146 151 977306640
146 152 763416719
146 153 763352660
146 154 878909043
146 155 870953825
146 156 543899744
146 157 857787088
146 158 545759358
146 159 964077285
146 160 783856362
146 161 563138410
146 162 700085482
146 163 917493846
146 164 759989977
146 165 796124262
146 166 785930098
146 167 708017954
146 168 832918939
146 169 888198044
146 170 795877041
146 171 776263162
146 172 872877820
146 173 548918974
146 174 883680702
147 150 531948655
147 151 653216362
147 152 996714438
147 153 526368032
147 154 567084999
147 155 777431174
147 156 546140720
147 157 553647531
147 158 505820243
147 159 912704079
147 160 579959722
147 161 639725296
147 162 771752257
147 163 620333736
147 164 966138536
147 165 739611700
147 166 623075792
147 167 699591651
147 168 715084590
147 169 876364545
147 170 766899876
147 171 747562410
147 172 626276117
147 173 625674768
147 174 503965939
148 150 893809252
148 151 521575631
148 152 831492050
148 153 975251182
148 154 647331682
148 155 561045978
148 156 725350948
148 157 910323115
148 158 992791594
148 159 821984388
148 160 993096992
148 161 506503218
148 162 939863382
148 163 846272754
148 164 665395274
148 165 876525721
148 166 597506592
148 167 853939566
148 168 797874660
148 169 863926821
148 170 717517079
148 171 833767395
148 172 674070419
148 173 700276186
148 174 613841963
149 150 879027429
149 151 944807917
149 152 686758650
149 153 671539227
149 154 801324632
149 155 812585275
149 156 674643237
149 157 624260265
149 158 967060221
149 159 629501232
149 160 510964808
149 161 609807772
149 162 545420682
149 163 827862451
149 164 711228901
149 165 825882031
149 166 547384628
149 167 940050285
149 168 985083661
149 169 890282816
149 170 975547724
149 171 889489276
149 172 962471487
149 173 603674194
149 174 647859529
150 175 873687713
150 176 896588081
150 177 662353264
150 178 988682015
150 179 517776705
150 180 761050880
150 181 545741498
150 182 706280429
150 183 849764332
150 184 662064485
150 185 974320046
150 186 504440892
150 187 512336507
150 188 906311831
150 189 742349343
150 190 669791099
150 191 775807016
150 192 999800559
150 193 644898537
150 194 624671494
150 195 675033201
150 196 604193254
150 197 926889875
150 198 671921017
150 199 992101146
151 175 795760235
151 176 963630738
151 177 891841083
151 178 903497191
151 179 681478017
151 180 925935072
151 181 991985613
151 182 625603956
151 183 827028651
151 184 753801622
151 185 676072344
151 186 926125948
151 187 594716319
151 188 504863386
151 189 684522296
151 190 956081190
151 191 590041419
151 192 928581027
151 193 708690673
151 194 975184710
151 195 624287738
151 196 965129142
151 197 992815708
151 198 717883443
151 199 784828683
152 175 862123273
152 176 862640731
152 177 806217151
152 178 814904274
152 179 504678148
152 180 594171278
152 181 693391845
152 182 984993834
152 183 986175071
152 184 528867628
152 185 964204231
152 186 658429714
152 187 878182950
152 188 782511164
152 189 637506957
152 190 509573954
152 191 927313648
152 192 788702932
152 193 692261647
152 194 974889728
152 195 854553234
152 196 857491282
152 197 940372571
152 198 767386584
152 199 717044237
153 175 747797152
153 176 745519682
153 177 976714958
153 178 911948723
153 179 942379012
153 180 926894313
153 181 629058437
153 182 733959185
153 183 697451454
153 184 809954258
153 185 866176968
153 186 895369268
153 187 545619641
153 188 666520094
153 189 852987987
153 190 586427287
153 191 755621049
153 192 560071654
153 193 652250319
153 194 901501587
153 195 734617874
153 196 682510435
153 197 594373475
153 198 578775295
153 199 507562426
154 175 999031512
154 176 653890041
154 177 581056289
154 178 517183419
154 179 854105132
154 180 834791669
154 181 842485457
154 182 761698494
154 183 968632937
154 184 508731374
154 185 597927613
154 186 872129319
154 187 845273529
154 188 850384285
154 189 815338563
154 190 834025063
154 191 809867552
154 192 695567751
154 193 798930312
154 194 836450623
154 195 784510129
154 196 912108434
154 197 543317659
154 198 720376160
154 199 680953436
155 175 702910939
155 176 931193452
155 177 710889386
155 178 719286168
155 179 908699678
155 180 955223626
155 181 968375948
155 182 797896084
155 183 650274559
155 184 753609048
155 185 556143600
155 186 570123961
155 187 667929576
155 188 924218071
155 189 851281232
155 190 529119974
155 191 603711980
155 192 641694697
155 193 765959541
155 194 679715739
155 195 681131291
155 196 556815932
155 197 891503537
155 198 535185728
155 199 988177667
156 175 994013321
156 176 693515281
156 177 689853500
156 178 610228342
156 179 975021037
156 180 576342937
156 181 659864632
156 182 979514666
156 183 950387053
156 184 569814879
156 185 973805974
156 186 880471531
156 187 534500023
156 188 713084329
156 189 666770954
156 190 621665992
156 191 774819439
156 192 766322840
156 193 553990815
156 194 746210884
156 195 689722944
156 196 558652859
156 197 792803107
156 198 530640610
156 199 580173596
157 175 519186498
157 176 767603606
157 177 982665718
157 178 900761062
157 179 619680734
157 180 916601043
157 181 888460062
157 182 527700836
157 183 746432812
157 184 735720202
157 185 922618042
157 186 642162328
157 187 608767951
157 188 529376157
157 189 931774278
157 190 870390661
157 191 503487537
157 192 565301508
157 193 917245757
157 194 543459614
157 195 870048978
157 196 784170078
157 197 777296350
157 198 574938448
157 199 770458832
158 175 686562610
158 176 552121721
158 177 852727721
158 178 983194782
158 179 808257525
158 180 956994168
158 181 744493098
158 182 549354469
158 183 938960157
158 184 975811098
158 185 712656602
158 186 595569850
158 187 769558897
158 188 779504468
158 189 905234647
158 190 954340095
158 191 508058415
158 192 965596847
158 193 678520732
158 194 837022641
158 195 749777093
158 196 718219205
158 197 759398042
158 198 571516502
158 199 537544743
159 175 957388577
159 176 823342224
159 177 611475661
159 178 973334006
159 179 960246290
159 180 815166363
159 181 937831144
159 182 729858674
159 183 908688481
159 184 676829512
159 185 506533584
159 186 756882514
159 187 630593807
159 188 606292534
159 189 692070608
159 190 745109590
159 191 731807372
159 192 869843194
159 193 524701763
159 194 681496660
159 195 561964935
159 196 540489310
159 197 847078151
159 198 951192510
159 199 944903404
160 175 691316112
160 176 923855900
160 177 504566647
160 178 510920052
160 179 938387900
160 180 613529844
160 181 648928850
160 182 855302149
160 183 713535613
160 184 901992568
160 185 903301174
160 186 533291388
160 187 961615338
160 188 653651447
160 189 932668829
160 190 615050745
160 191 614434512
160 192 730303969
160 193 704660236
160 194 596298596
160 195 863873985
160 196 569883960
160 197 725679519
160 198 883251510
160 199 678541188
161 175 718497803
161 176 554924133
161 177 968336990
161 178 810004852
161 179 826185091
161 180 694152752
161 181 938410770
161 182 541495509
161 183 967333712
161 184 957930288
161 185 731832545
161 186 800055878
161 187 881847263
161 188 974921027
161 189 938795866
161 190 898784336
161 191 660642921
161 192 727471806
161 193 717876026
161 194 534618522
161 195 775498638
161 196 726074116
161 197 725245067
161 198 978108597
161 199 838118027
162 175 549587090
162 176 944851537
162 177 516057310
162 178 963775736
162 179 888902987
162 180 657783742
162 181 641264028
162 182 825579068
162 183 812674057
162 184 971839266
162 185 964625472
162 186 741139182
162 187 644486718
162 188 767652518
162 189 700327439
162 190 941506693
162 191 649727030
162 192 975363392
162 193 994467745
162 194 746305742
162 195 795466108
162 196 687543804
162 197 715886254
162 198 592754903
162 199 577259119
163 175 909403657
163 176 821923106
163 177 758672661
163 178 526959714
163 179 590382666
163 180 669219703
163 181 953942769
163 182 554872427
163 183 664299235
163 184 905462857
163 185 682585955
163 186 637690588
163 187 556423671
163 188 637943355
163 189 504290591
163 190 543363779
163 191 618778731
163 192 670366098
163 193 943709408
163 194 887100881
163 195 663765427
163 196 517205842
163 197 770236801
163 198 747278987
163 199 951039056
164 175 667610787
164 176 802280289
164 177 534531821
164 178 981467986
164 179 520648182
164 180 624947386
164 181 949865359
164 182 546574983
164 183 942612161
164 184 501421260
164 185 809834801
164 186 928942866
164 187 965108378
164 188 960256338
164 189 785936036
164 190 961620693
164 191 982200471
164 192 808412475
164 193 536489300
164 194 901223133
164 195 939752713
164 196 607352534
164 197 864486501
164 198 644622062
164 199 700786828
165 175 874792421
165 176 666966406
165 177 833271880
165 178 984732890
165 179 550948331
165 180 853098296
165 181 713718460
165 182 838457505
165 183 973062409
165 184 657459443
165 185 904313002
165 186 941443509
165 187 695355281
165 188 753890854
165 189 741511165
165 190 545153546
165 191 652320109
165 192 705759576
165 193 982654302
165 194 931250290
165 195 603901101
165 196 888304338
165 197 902868086
165 198 726832675
165 199 909248437
166 175 841653493
166 176 878681327
166 177 700996143
166 178 577994696
166 179 984124332
166 180 530538320
166 181 800434562
166 182 599053182
166 183 686350893
166 184 975672674
166 185 606258002
166 186 649247155
166 187 982892097
166 188 734324327
166 189 560835430
166 190 657428713
166 191 762086187
166 192 865829225
166 193 636618989
166 194 755276808
166 195 786340292
166 196 968769219
166 197 957894918
166 198 634605010
166 199 797007313
167 175 542436278
167 176 892810589
167 177 503400463
167 178 503445020
167 179 940693529
167 180 659693310
167 181 584519973
167 182 812087658
167 183 847083130
167 184 914452506
167 185 825300892
167 186 607413588
167 187 526563058
167 188 500744631
167 189 778491025
167 190 820511198
167 191 788952532
167 192 819119511
167 193 739842238
167 194 612590171
167 195 746835206
167 196 878144407
167 197 953997991
167 198 549895468
167 199 746184476
168 175 674005084
168 176 608541158
168 177 522914201
168 178 886978985
168 179 567942320
168 180 628984570
168 181 856538912
168 182 911549247
168 183 938575444
168 184 501991549
168 185 624336593
168 186 874682056
168 187 754589633
168 188 611969068
168 189 767624148
168 190 894036693
168 191 637768817
168 192 837070184
168 193 935057093
168 194 835468339
168 195 905219159
168 196 543206054
168 197 826684431
168 198 963609641
168 199 587731878
169 175 865234180
169 176 859009301
169 177 998772138
169 178 831743081
169 179 994401190
169 180 946453298
169 181 736352148
169 182 956580715
169 183 533771386
169 184 769631573
169 185 763004551
169 186 920482955
169 187 600687793
169 188 887925139
169 189 920341754
169 190 632331342
169 191 850474449
169 192 790820537
169 193 652476669
169 194 680114003
169 195 897476348
169 196 669613864
169 197 647438795
169 198 626104106
169 199 668225950
170 175 601881612
170 176 544762245
170 177 836075642
170 178 708963594
170 179 855378107
170 180 727966015
170 181 920735856
170 182 935255277
170 183 792367389
170 184 626093934
170 185 701661188
170 186 922939364
170 187 635481354
170 188 891246867
170 189 932658254
170 190 675783155
170 191 517037022
170 192 916387972
170 193 509200960
170 194 806364310
170 195 728742258
170 196 791404563
170 197 614258376
170 198 858163837
170 199 672077135
171 175 864858166
171 176 722185614
171 177 704345382
171 178 686039598
171 179 813755815
171 180 881426285
171 181 515545308
171 182 676575682
171 183 753971668
171 184 520439253
171 185 836754119
171 186 644410507
171 187 674520885
171 188 950724195
171 189 793779000
171 190 525311138
171 191 578632371
171 192 887190519
171 193 778199532
171 194 691801080
171 195 607969359
171 196 647193527
171 197 545050686
171 198 535488134
171 199 718102168
172 175 930971105
172 176 521064623
172 177 837671602
172 178 635938315
172 179 853439115
172 180 742723757
172 181 796347344
172 182 555860029
172 183 852131282
172 184 736624666
172 185 746875652
172 186 925915036
172 187 532014154
172 188 849574314
172 189 593270003
172 190 756235314
172 191 657046226
172 192 515245401
172 193 690787301
172 194 895612216
172 195 710817488
172 196 609739471
172 197 638755119
172 198 808231421
172 199 884023053
173 175 700739863
173 176 917963677
173 177 840390345
173 178 912741779
173 179 543571937
173 180 792803069
173 181 915086322
173 182 605212214
173 183 779144648
173 184 540176429
173 185 853598570
173 186 942797152
173 187 946509971
173 188 556235104
173 189 591281596
173 190 744177782
173 191 558635707
173 192 672392864
173 193 893180392
173 194 765207212
173 195 842280971
173 196 941612581
173 197 618904996
173 198 727297757
173 199 829145055
174 175 529980599
174 176 554414828
174 177 572398925
174 178 730104055
174 179 901423481
174 180 761034486
174 181 937449346
174 182 694501290
174 183 770233738
174 184 599993366
174 185 755833518
174 186 566574139
174 187 564013063
174 188 639779298
174 189 889635650
174 190 969756405
174 191 512301402
174 192 996258597
174 193 923907979
174 194 926994976
174 195 828393282
174 196 955691148
174 197 504578567
174 198 507306406
174 199 782231490
175 200 934016666
175 201 824941259
175 202 649824359
175 203 596844316
175 204 730667791
175 205 862687164
175 206 782792490
175 207 810180614
175 208 704165905
175 209 735129860
175 210 672054532
175 211 553560583
175 212 898459265
175 213 894057119
175 214 661081347
175 215 564680023
175 216 701576001
175 217 803487738
175 218 747059426
175 219 523393495
175 220 697392452
175 221 845345299
175 222 553339433
175 223 889971320
175 224 520792963
176 200 658032765
176 201 922532880
176 202 538176813
176 203 962008578
176 204 802645531
176 205 773045020
176 206 822120089
176 207 740177884
176 208 824624538
176 209 505526402
176 210 615577132
176 211 940896898
176 212 932250346
176 213 880354067
176 214 605145524
176 215 644404755
176 216 632729623
176 217 918719943
176 218 951407843
176 219 962656797
176 220 945099719
176 221 509840650
176 222 858291450
176 223 901354810
176 224 765347650
177 200 729381963
177 201 518336928
177 202 621904139
177 203 722353401
177 204 515447575
177 205 650675813
177 206 675172972
177 207 672298898
177 208 977174940
177 209 876408763
177 210 928712090
177 211 904085255
177 212 990661549
177 213 701352568
177 214 906134478
177 215 801237067
177 216 939957917
177 217 815791878
177 218 542035885
177 219 639088374
177 220 913910614
177 221 753753747
177 222 955481017
177 223 507938857
177 224 937820133
178 200 903173867
178 201 841084572
178 202 953341291
178 203 768012602
178 204 625902002
178 205 522096298
178 206 560816485
178 207 618278389
178 208 579403573
178 209 834093936
178 210 823327399
178 211 523608699
178 212 625597059
178 213 679213649
178 214 577063502
178 215 624264770
178 216 863912321
178 217 945304842
178 218 501221342
178 219 728882672
178 220 961454820
178 221 718694114
178 222 501192979
178 223 677979020
178 224 531441001
179 200 816387500
179 201 874116725
179 202 953721873
179 203 530135682
179 204 987908079
179 205 626571050
179 206 829117024
179 207 960866729
179 208 613085129
179 209 851511200
179 210 717104421
179 211 853967512
179 212 595420942
179 213 917434058
179 214 864865174
179 215 804080056
179 216 597459835
179 217 575078022
179 218 977096810
179 219 827327548
179 220 670584890
179 221 894240045
179 222 814809433
179 223 867306028
179 224 760767153
180 200 657589840
180 201 884679226
180 202 876491114
180 203 854295948
180 204 946489340
180 205 682065152
180 206 916685932
180 207 937057091
180 208 768517921
180 209 605436789
180 210 695830993
180 211 580685988
180 212 575385734
180 213 915369207
180 214 736054273
180 215 594626128
180 216 657859071
180 217 869066772
180 218 616626922
180 219 675955360
180 220 686976419
180 221 746929059
180 222 541973725
180 223 938026925
180 224 871861212
181 200 704118133
181 201 996884028
181 202 802741145
181 203 844405900
181 204 748524687
181 205 673192238
181 206 815758040
181 207 810749777
181 208 879932410
181 209 891850712
181 210 531232121
181 211 793869418
181 212 578439420
181 213 673063521
181 214 552294898
181 215 937968695
181 216 508305702
181 217 724063743
181 218 791322018
181 219 733597776
181 220 620634784
181 221 626865918
181 222 547454262
181 223 610347303
181 224 681672481
182 200 537883871
182 201 947844160
182 202 651224634
182 203 900753320
182 204 861036840
182 205 816749821
182 206 569470159
182 207 812455410
182 208 727881287
182 209 550952865
182 210 929453184
182 211 660008675
182 212 594863342
182 213 898123230
182 214 795103601
182 215 682987988
182 216 582507227
182 217 678267681
182 218 662888257
182 219 895004242
182 220 816239822
182 221 662842204
182 222 881090600
182 223 792464186
182 224 617261112
183 200 523966172
183 201 770468487
183 202 862313467
183 203 578648046
183 204 535442814
183 205 664443831
183 206 564661262
183 207 713918581
183 208 709833689
183 209 766685164
183 210 793862678
183 211 701181397
183 212 850140405
183 213 889282206
183 214 536342036
183 215 720890734
183 216 750803274
183 217 981366512
183 218 689563159
183 219 565332011
183 220 521752652
183 221 674185019
183 222 830685674
183 223 930031520
183 224 633793118
184 200 818978111
184 201 989631090
184 202 974618097
184 203 986210470
184 204 706566617
184 205 552883082
184 206 878896062
184 207 611173314
184 208 544395429
184 209 749714026
184 210 970121631
184 211 810392480
184 212 730879026
184 213 780957235
184 214 567049211
184 215 608112127
184 216 898409708
184 217 723764960
184 218 518596889
184 219 792087213
184 220 636453047
184 221 642567216
184 222 800353481
184 223 792688346
184 224 519256570
185 200 735655837
185 201 808875311
185 202 834519703
185 203 662059452
185 204 753732614
185 205 778552179
185 206 634348347
185 207 753048701
185 208 884098470
185 209 866608060
185 210 558560962
185 211 948687644
185 212 800586425
185 213 861852531
185 214 837697498
185 215 547993921
185 216 672587467
185 217 517029683
185 218 634555053
185 219 599369992
185 220 737337005
185 221 650010078
185 222 911636513
185 223 813283862
185 224 884601529
186 200 827082527
186 201 627222582
186 202 839058624
186 203 502496010
186 204 779752812
186 205 762431352
186 206 670122376
186 207 949405979
186 208 993442332
186 209 612871512
186 210 834302402
186 211 523865378
186 212 916987170
186 213 969612928
186 214 900114327
186 215 847083171
186 216 637444264
186 217 622962942
186 218 779816656
186 219 714260560
186 220 520149794
186 221 950721588
186 222 654805560
186 223 581362152
186 224 722854130
187 200 876827556
187 201 927893878
187 202 551744320
187 203 746921764
187 204 590028128
187 205 985089280
187 206 613073533
187 207 822736826
187 208 947125038
187 209 809031684
187 210 928803482
187 211 530471713
187 212 626532649
187 213 724783449
187 214 557277455
187 215 818960713
187 216 709668637
187 217 927812815
187 218 872379177
187 219 877653540
187 220 618860612
187 221 975919598
187 222 988899137
187 223 775063835
187 224 776614376
188 200 616144871
188 201 887265140
188 202 714061645
188 203 719614548
188 204 523488615
188 205 934188442
188 206 906764233
188 207 943635443
188 208 746937059
188 209 504846390
188 210 701309709
188 211 699702444
188 212 559306902
188 213 746420708
188 214 977019074
188 215 608299440
188 216 596690254
188 217 639546822
188 218 822717732
188 219 715904276
188 220 638572471
188 221 902062666
188 222 783808345
188 223 750804773
188 224 605500548
189 200 954444978
189 201 753774549
189 202 656371082
189 203 914130991
189 204 820062559
189 205 951985218
189 206 918011607
189 207 770398569
189 208 650384303
189 209 770966308
189 210 592170175
189 211 846988405
189 212 669286572
189 213 591195830
189 214 772471378
189 215 658024749
189 216 891397627
189 217 777939894
189 218 847116255
189 219 910349293
189 220 581115446
189 221 984104460
189 222 829991784
189 223 968005142
189 224 761070216
190 200 843291278
190 201 524465666
190 202 712160009
190 203 837909382
190 204 896340888
190 205 539640760
190 206 701987044
190 207 535436078
190 208 702198488
190 209 754691877
190 210 671483796
190 211 835827016
190 212 560762840
190 213 718068332
190 214 619401308
190 215 685373191
190 216 631350330
190 217 565853241
190 218 917036045
190 219 721316144
190 220 815354417
190 221 543852370
190 222 597659544
190 223 684078706
190 224 568402559
191 200 698368395
191 201 872825937
191 202 518297228
191 203 804000639
191 204 828651533
191 205 759633364
191 206 705005988
191 207 802492139
191 208 523051493
191 209 844793451
191 210 717092766
191 211 660409128
191 212 763678575
191 213 551219593
191 214 796657618
191 215 629708619
191 216 748310191
191 217 722653572
191 218 785651335
191 219 971696521
191 220 982624379
191 221 544670083
191 222 811390351
191 223 600968108
191 224 526945124
192 200 620147632
192 201 998922269
192 202 831029161
192 203 559943628
192 204 530382659
192 205 621710904
192 206 815980865
192 207 905925812
192 208 862022144
192 209 994509080
192 210 956243983
192 211 599323109
192 212 732473187
192 213 700256680
192 214 552453604
192 215 631144667
192 216 899099462
192 217 946752924
192 218 809399407
192 219 912841654
192 220 817317066
192 221 881528655
192 222 759203977
192 223 597935732
192 224 727819099
193 200 672324911
193 201 672298242
193 202 853471667
193 203 859036122
193 204 723986540
193 205 682439558
193 206 901948630
193 207 976886156
193 208 689376792
193 209 770700779
193 210 812030142
193 211 521295876
193 212 691158246
193 213 833480667
193 214 787326813
193 215 503598838
193 216 984783315
193 217 518722766
193 218 817947212
193 219 715370151
193 220 527186388
193 221 887466955
193 222 725699112
193 223 745233762
193 224 866600458
194 200 622557125
194 201 811439747
194 202 806538072
194 203 637651930
194 204 961141074
194 205 865038628
194 206 511749485
194 207 918889331
194 208 708255269
194 209 520898231
194 210 741524875
194 211 617313691
194 212 967083472
194 213 653985261
194 214 625356090
194 215 766873262
194 216 984734324
194 217 672422644
194 218 876730421
194 219 522397941
194 220 686346603
194 221 820993578
194 222 960088074
194 223 697326407
194 224 886144824
195 200 626188169
195 201 773809482
195 202 681971970
195 203 969401637
195 204 647724364
195 205 571440701
195 206 559974423
195 207 875896557
195 208 769412807
195 209 855640990
195 210 980583108
195 211 633164144
195 212 775969559
195 213 954067588
195 214 516026836
195 215 701593469
195 216 915712301
195 217 789140789
195 218 886094521
195 219 518970342
195 220 654426102
195 221 592513263
195 222 746346141
195 223 943660164
195 224 869730439
196 200 606639506
196 201 880965054
196 202 875867517
196 203 780530253
196 204 936377955
196 205 575525772
196 206 928588914
196 207 735939094
196 208 728916750
196 209 910965398
196 210 702940632
196 211 819121629
196 212 943833741
196 213 920400767
196 214 705880400
196 215 744820700
196 216 576392064
196 217 968260856
196 218 987040240
196 219 510374098
196 220 731070778
196 221 789018142
196 222 775672044
196 223 728554383
196 224 887745151
197 200 858121544
197 201 674566174
197 202 555057731
197 203 796626341
197 204 709805930
197 205 656194899
197 206 825609575
197 207 810792178
197 208 653005909
197 209 931134299
197 210 819612710
197 211 994337880
197 212 860591865
197 213 592800689
197 214 561045398
197 215 984506213
197 216 797283184
197 217 693682964
197 218 635682033
197 219 601364603
197 220 821273440
197 221 639321445
197 222 758931364
197 223 503669524
197 224 602854561
198 200 811122020
198 201 528245117
198 202 612757769
198 203 806186543
198 204 693361861
198 205 665557508
198 206 998329155
198 207 588762744
198 208 780541817
198 209 591784574
198 210 779656608
198 211 567367537
198 212 786696364
198 213 550084386
198 214 835409185
198 215 942064790
198 216 993345992
198 217 677764100
198 218 548220058
198 219 854084532
198 220 581492797
198 221 665859420
198 222 963458499
198 223 689758543
198 224 724456372
199 200 675255629
199 201 930353892
199 202 796183841
199 203 782124386
199 204 787377371
199 205 576897807
199 206 544769978
199 207 601473933
199 208 792331283
199 209 648573412
199 210 632770555
199 211 997165142
199 212 688515459
199 213 743583853
199 214 746890086
199 215 671301735
199 216 694422601
199 217 520704867
199 218 704384789
199 219 887328385
199 220 792029469
199 221 722815055
199 222 542742918
199 223 616372394
199 224 961698357
200 225 781871626
200 226 916379529
200 227 914190425
200 228 706330937
200 229 828921759
200 230 896059205
200 231 895147567
200 232 875803406
200 233 539102674
200 234 654640890
200 235 907891474
200 236 574915567
200 237 771724013
200 238 606104781
200 239 792064260
200 240 775595624
200 241 836596342
200 242 859654639
200 243 786279821
200 244 536373911
200 245 631442215
200 246 756085325
200 247 868097695
200 248 596801412
200 249 620063277
201 225 982625851
201 226 733299127
201 227 749165572
201 228 918879417
201 229 603220544
201 230 999750348
201 231 926798588
201 232 870383610
201 233 575631302
201 234 610487550
201 235 552276274
201 236 784958452
201 237 665208120
201 238 711461940
201 239 603180277
201 240 629036060
201 241 909589501
201 242 767428417
201 243 676735911
201 244 830417135
201 245 609294749
201 246 711440537
201 247 547810138
201 248 523786867
201 249 871756671
202 225 521810369
202 226 997451915
202 227 794572779
202 228 664040669
202 229 879246152
202 230 927844373
202 231 513249159
202 232 831097675
202 233 664169066
202 234 518018876
202 235 970799525
202 236 828922643
202 237 504762090
202 238 842760516
202 239 847213086
202 240 861422604
202 241 635208866
202 242 912039908
202 243 696700517
202 244 695051814
202 245 847693887
202 246 706914033
202 247 765716468
202 248 800560727
202 249 653917439
203 225 665365828
203 226 515343323
203 227 555664665
203 228 711847790
203 229 870878968
203 230 865135942
203 231 869430460
203 232 633377002
203 233 959699327
203 234 905676278
203 235 981245650
203 236 722939509
203 237 922029703
203 238 699262760
203 239 591462851
203 240 539663127
203 241 893968511
203 242 642760980
203 243 593003041
203 244 542761413
203 245 761855281
203 246 807210074
203 247 864195121
203 248 667997387
203 249 911725306
204 225 699038106
204 226 756542451
204 227 646992518
204 228 507859443
204 229 583927464
204 230 629591018
204 231 823829458
204 232 505832021
204 233 934542197
204 234 512178313
204 235 745575167
204 236 697472489
204 237 551730407
204 238 526099825
204 239 878428773
204 240 826296005
204 241 861859302
204 242 783722026
204 243 595766959
204 244 749433061
204 245 937123935
204 246 649314769
204 247 850860680
204 248 766224239
204 249 662621546
205 225 665892704
205 226 841762303
205 227 891802402
205 228 914683112
205 229 877900799
205 230 993701631
205 231 691816661
205 232 987198912
205 233 981874175
205 234 909543858
205 235 731787804
205 236 657241174
205 237 776389819
205 238 899434113
205 239 700517287
205 240 821447797
205 241 674653209
205 242 621340826
205 243 822904283
205 244 552249175
205 245 729717456
205 246 619448732
205 247 801911123
205 248 620446120
205 249 564174458
206 225 839213542
206 226 974788142
206 227 940191340
206 228 693373302
206 229 845006758
206 230 608739378
206 231 786294856
206 232 646612459
206 233 749867655
206 234 985316265
206 235 802687121
206 236 541222114
206 237 736904904
206 238 613594736
206 239 878754080
206 240 866759298
206 241 584446785
206 242 869838335
206 243 763549418
206 244 644756212
206 245 971471784
206 246 826636761
206 247 683039051
206 248 851210629
206 249 749535330
207 225 625572896
207 226 957327698
207 227 618652983
207 228 722041649
207 229 501407005
207 230 903823046
207 231 625905107
207 232 878116513
207 233 593128217
207 234 506581959
207 235 898442351
207 236 816880732
207 237 686422130
207 238 816198376
207 239 926122777
207 240 550236863
207 241 976799922
207 242 910552083
207 243 525325392
207 244 755904931
207 245 909539597
207 246 783145575
207 247 671282474
207 248 699936494
207 249 545502601
208 225 777422192
208 226 861985812
208 227 985502147
208 228 950357226
208 229 974404618
208 230 674824262
208 231 865685418
208 232 567360400
208 233 958530698
208 234 892792392
208 235 589063235
208 236 907016333
208 237 749547151
208 238 589210605
208 239 616387097
208 240 969215676
208 241 503444231
208 242 581450417
208 243 649467457
208 244 765230931
208 245 832805669
208 246 727090645
208 247 521070476
208 248 651142036
208 249 914165884
209 225 693854347
209 226 662033772
209 227 513525751
209 228 620670058
209 229 742091259
209 230 861606103
209 231 749267909
209 232 601922116
209 233 639304689
209 234 741986522
209 235 684970732
209 236 803656914
209 237 739897120
209 238 576992240
209 239 839775822
209 240 891690104
209 241 995197591
209 242 591107785
209 243 695429706
209 244 874770853
209 245 702644249
209 246 781162030
209 247 653855776
209 248 786157763
209 249 858887218
210 225 663553424
210 226 802247835
210 227 982237177
210 228 717505291
210 229 630399751
210 230 917196855
210 231 736138869
210 232 772119977
210 233 621891955
210 234 772978227
210 235 785139568
210 236 810667063
210 237 505561752
210 238 665741545
210 239 671886993
210 240 850122481
210 241 939071322
210 242 746872799
210 243 989131810
210 244 578938964
210 245 906798582
210 246 926713495
210 247 556984695
210 248 868677011
210 249 855111609
211 225 662664568
211 226 998059664
211 227 530265782
211 228 637349680
211 229 769214682
211 230 904584617
211 231 655181708
211 232 632796939
211 233 546421092
211 234 897147098
211 235 944253027
211 236 989273592
211 237 526132388
211 238 980058464
211 239 845727998
211 240 540447380
211 241 905917826
211 242 818238235
211 243 955911551
211 244 508172448
211 245 708759603
211 246 595976775
211 247 578632994
211 248 797455919
211 249 882867270
212 225 808650502
212 226 789115965
212 227 763455429
212 228 587129135
212 229 819220854
212 230 820470798
212 231 699127068
212 232 741733287
212 233 515699633
212 234 532209308
212 235 762003613
212 236 954741168
212 237 681992567
212 238 846190091
212 239 540272510
212 240 674868365
212 241 742663299
212 242 976004162
212 243 559424767
212 244 713612877
212 245 896334521
212 246 909408675
212 247 624860555
212 248 634249479
212 249 772546323
213 225 946282114
213 226 690050909
213 227 979157812
213 228 934854947
213 229 642588935
213 230 919540667
213 231 613051208
213 232 937347761
213 233 546674468
213 234 602669782
213 235 537230204
213 236 613045744
213 237 725208704
213 238 748279693
213 239 654062625
213 240 826110243
213 241 952242276
213 242 718647837
213 243 916875631
213 244 538582241
213 245 946127913
213 246 904228750
213 247 941467321
213 248 802836627
213 249 511445632
214 225 601474196
214 226 977726745
214 227 553118283
214 228 802799779
214 229 782697711
214 230 546043212
214 231 663375422
214 232 701408643
214 233 526161264
214 234 827910744
214 235 510488974
214 236 804046348
214 237 872264083
214 238 946974352
214 239 510721591
214 240 542319244
214 241 709212378
214 242 896342662
214 243 528018562
214 244 741543949
214 245 532159213
214 246 675719395
214 247 774440936
214 248 582024468
214 249 657795377
215 225 537364230
215 226 800505651
215 227 840448052
215 228 937084872
215 229 976321181
215 230 804181940
215 231 668314983
215 232 958399316
215 233 793141380
215 234 587154413
215 235 596177933
215 236 747847831
215 237 954064256
215 238 528120769
215 239 923077331
215 240 550067203
215 241 941875660
215 242 789587233
215 243 661504010
215 244 556524602
215 245 736856138
215 246 528180015
215 247 616940704
215 248 654971643
215 249 723233042
216 225 656343181
216 226 948121125
216 227 882038340
216 228 912077844
216 229 906828926
216 230 636443053
216 231 807061595
216 232 668434139
216 233 802556615
216 234 910629723
216 235 935162302
216 236 565486232
216 237 704930727
216 238 635601535
216 239 765847241
216 240 997827642
216 241 726725356
216 242 919604704
216 243 604572587
216 244 823342774
216 245 583964871
216 246 718600631
216 247 882961680
216 248 879448743
216 249 632632773
217 225 883489285
217 226 789566203
217 227 730446652
217 228 618639433
217 229 535229072
217 230 971881960
217 231 743259275
217 232 609994819
217 233 958573060
217 234 927926210
217 235 654186514
217 236 897200307
217 237 533027788
217 238 580412243
217 239 706547982
217 240 506067983
217 241 699513101
217 242 937283834
217 243 883754972
217 244 571513388
217 245 976014022
217 246 820003411
217 247 805083507
217 248 723666627
217 249 943285108
218 225 949045475
218 226 818458959
218 227 606344800
218 228 709643471
218 229 527848348
218 230 824207065
218 231 667691728
218 232 511866073
218 233 708563367
218 234 927256480
218 235 594821146
218 236 909807478
218 237 930907739
218 238 662109968
218 239 574867159
218 240 785141365
218 241 676247214
218 242 708360331
218 243 688589783
218 244 902284266
218 245 617439041
218 246 945431327
218 247 989208977
218 248 757595001
218 249 986233526
219 225 777407779
219 226 884002901
219 227 737215541
219 228 509547247
219 229 893898659
219 230 807157090
219 231 781998429
219 232 930430479
219 233 864324452
219 234 726845563
219 235 873732024
219 236 973396297
219 237 791287121
219 238 984109833
219 239 936121895
219 240 987517665
219 241 806678312
219 242 812252290
219 243 872497390
219 244 623047013
219 245 629114269
219 246 749799129
219 247 958502014
219 248 681916726
219 249 772330203
220 225 852751413
220 226 746205926
220 227 693009337
220 228 602860881
220 229 666431360
220 230 527814191
220 231 903776218
220 232 539811357
220 233 967555101
220 234 582690811
220 235 519336712
220 236 679494224
220 237 795753290
220 238 670171970
220 239 845161537
220 240 617779093
220 241 686150074
220 242 522672782
220 243 741892061
220 244 825269510
220 245 911930111
220 246 700164380
220 247 636676103
220 248 566756652
220 249 816241980
221 225 906166327
221 226 957972869
221 227 585619165
221 228 845518039
221 229 917305751
221 230 542298141
221 231 797665659
221 232 948469317
221 233 735361431
221 234 831352855
221 235 618137731
221 236 742595548
221 237 730139090
221 238 887585932
221 239 868030609
221 240 619650757
221 241 712304786
221 242 838537164
221 243 731577173
221 244 756814837
221 245 940557361
221 246 594659856
221 247 583721191
221 248 690178443
221 249 578872303
222 225 652535427
222 226 959431877
222 227 795695177
222 228 939105665
222 229 739772167
222 230 958019967
222 231 913337034
222 232 710863766
222 233 591829914
222 234 623977033
222 235 507508095
222 236 825733337
222 237 585980292
222 238 625441592
222 239 964430573
222 240 523463515
222 241 877407385
222 242 637359872
222 243 949441857
222 244 738517294
222 245 775577564
222 246 729608090
222 247 675277659
222 248 613126972
222 249 568713922
223 225 969959811
223 226 962607116
223 227 527911515
223 228 719235805
223 229 619691207
223 230 814375668
223 231 649758789
223 232 822205458
223 233 828602171
223 234 513536662
223 235 554139168
223 236 971145248
223 237 955892859
223 238 531607630
223 239 826438078
223 240 749399277
223 241 803092993
223 242 923365234
223 243 550148590
223 244 741939534
223 245 768745605
223 246 515622470
223 247 552259988
223 248 694864960
223 249 534786980
224 225 542892586
224 226 863492176
224 227 792471092
224 228 660481515
224 229 542718376
224 230 578477897
224 231 622456311
224 232 619308280
224 233 555853591
224 234 617496904
224 235 557713437
224 236 894902715
224 237 681181782
224 238 602745573
224 239 634853819
224 240 769337937
224 241 925036912
224 242 515426029
224 243 508415663
224 244 631694729
224 245 981221691
224 246 597034371
224 247 953444135
224 248 817466329
224 249 912856682
225 250 965343894
225 251 818143860
225 252 659681997
225 253 974266046
225 254 936352145
225 255 592207576
225 256 647915961
225 257 639216661
225 258 788900755
225 259 571777937
225 260 780205488
225 261 659187865
225 262 782703911
225 263 704113424
225 264 907022998
225 265 856527952
225 266 763345006
225 267 716931508
225 268 946336442
225 269 512128299
225 270 618596901
225 271 756924425
225 272 865210256
225 273 870873922
225 274 544076454
226 250 975104288
226 251 618546503
226 252 522195179
226 253 543183367
226 254 979913956
226 255 919968877
226 256 915520993
226 257 564689335
226 258 672373295
226 259 838563067
226 260 698793602
226 261 997806337
226 262 596850816
226 263 521437480
226 264 855917273
226 265 915727839
226 266 541765400
226 267 613290643
226 268 617677760
226 269 853220220
226 270 570038450
226 271 721603129
226 272 514999088
226 273 725184786
226 274 993448370
227 250 834427125
227 251 656203209
227 252 816398141
227 253 937114444
227 254 918450317
227 255 804920397
227 256 506958045
227 257 803084484
227 258 657868166
227 259 604423011
227 260 688763991
227 261 753528518
227 262 547523905
227 263 727763735
227 264 648078703
227 265 943934829
227 266 540641351
227 267 935393639
227 268 717940265
227 269 945273733
227 270 674647402
227 271 863635498
227 272 944104774
227 273 554274125
227 274 657842141
228 250 566816622
228 251 994612271
228 252 584634790
228 253 874239925
228 254 923969988
228 255 953299118
228 256 974413072
228 257 590346380
228 258 841367044
228 259 785550852
228 260 842179028
228 261 595811436
228 262 694938535
228 263 564217983
228 264 890502475
228 265 985292380
228 266 769462010
228 267 870827558
228 268 521609291
228 269 817279283
228 270 817467812
228 271 747285259
228 272 558343583
228 273 800616009
228 274 919867148
229 250 805818267
229 251 591766619
229 252 811192608
229 253 653203528
229 254 783022424
229 255 817254813
229 256 743591127
229 257 516094622
229 258 787020918
229 259 934055631
229 260 679376072
229 261 794613962
229 262 517795087
229 263 838026167
229 264 877191134
229 265 544988859
229 266 688674357
229 267 895453237
229 268 876008678
229 269 837354582
229 270 541208341
229 271 615445482
229 272 722907304
229 273 923954192
229 274 888549392
230 250 568243181
230 251 557033050
230 252 855101232
230 253 928346993
230 254 550246216
230 255 882001829
230 256 816377918
230 257 512436810
230 258 819773147
230 259 839990205
230 260 690454116
230 261 924919112
230 262 770509200
230 263 746109115
230 264 936211926
230 265 677928220
230 266 564398180
230 267 711123877
230 268 957256917
230 269 832886298
230 270 869710497
230 271 782399281
230 272 773779236
230 273 921142926
230 274 546999042
231 250 837888098
231 251 601004606
231 252 630945324
231 253 867626279
231 254 595535364
231 255 730104596
231 256 760745972
231 257 968715183
231 258 587280702
231 259 549789679
231 260 714602744
231 261 620364959
231 262 559459328
231 263 817201018
231 264 625142381
231 265 705437559
231 266 579869473
231 267 580819889
231 268 882632183
231 269 676234554
231 270 835176566
231 271 794852197
231 272 910281307
231 273 610367633
231 274 788375328
232 250 629124603
232 251 656198286
232 252 867616849
232 253 798876185
232 254 765875503
232 255 617105471
232 256 847101633
232 257 767920284
232 258 577863783
232 259 741481048
232 260 635645179
232 261 957442656
232 262 711832867
232 263 786753503
232 264 546049321
232 265 823373098
232 266 766474434
232 267 710821779
232 268 625281288
232 269 606209535
232 270 980168393
232 271 592713309
232 272 922854439
232 273 920231712
232 274 739178737
233 250 807388450
233 251 999046498
233 252 766809575
233 253 541747775
233 254 937635613
233 255 875340695
233 256 938725863
233 257 854841517
233 258 721609810
233 259 539195836
233 260 998488503
233 261 891706974
233 262 669506247
233 263 826102694
233 264 674932211
233 265 517056395
233 266 577454721
233 267 776295779
233 268 672301810
233 269 688986784
233 270 661766237
233 271 789211721
233 272 591722737
233 273 587687799
233 274 737792803
234 250 602117996
234 251 642649407
234 252 659286724
234 253 837109930
234 254 899843224
234 255 838847101
234 256 788306766
234 257 840448859
234 258 727426095
234 259 823210580
234 260 758444266
234 261 649402541
234 262 930164333
234 263 926402582
234 264 706101118
234 265 882468801
234 266 898050803
234 267 786035469
234 268 880932774
234 269 720888942
234 270 745675971
234 271 595576539
234 272 708783456
234 273 717759302
234 274 636313311
235 250 901925126
235 251 888223741
235 252 780297456
235 253 925569389
235 254 858087197
235 255 955346536
235 256 948905233
235 257 566397888
235 258 877454868
235 259 936557203
235 260 751816041
235 261 541029607
235 262 544442346
235 263 846691796
235 264 761963074
235 265 683260778
235 266 894845129
235 267 759127180
235 268 660395900
235 269 642804875
235 270 644117128
235 271 950181142
235 272 608643022
235 273 818803025
235 274 736793046
236 250 535020156
236 251 818260879
236 252 722300258
236 253 743371101
236 254 743737252
236 255 764644125
236 256 588128875
236 257 500639571
236 258 944035122
236 259 821040452
236 260 570112845
236 261 668323379
236 262 840912919
236 263 870647475
236 264 922175965
236 265 740756486
236 266 585410768
236 267 838638434
236 268 625190617
236 269 691132356
236 270 763237625
236 271 682231022
236 272 858757963
236 273 938023320
236 274 611858846
237 250 844200287
237 251 846482685
237 252 938204025
237 253 639686325
237 254 649806035
237 255 551470959
237 256 926544835
237 257 793247304
237 258 665059103
237 259 863495561
237 260 748353206
237 261 879059515
237 262 718683071
237 263 952482928
237 264 563552057
237 265 930949690
237 266 581950831
237 267 611303260
237 268 616381087
237 269 765153540
237 270 999175057
237 271 889117373
237 272 586303333
237 273 787515284
237 274 924305791
238 250 852125973
238 251 634697310
238 252 536165477
238 253 554820336
238 254 552567679
238 255 815871093
238 256 641563389
238 257 681135119
238 258 830542281
238 259 555752444
238 260 530626253
238 261 725021728
238 262 744106510
238 263 855746681
238 264 965775269
238 265 513853428
238 266 708966345
238 267 955145104
238 268 871791087
238 269 826630359
238 270 554343066
238 271 693197008
238 272 936858258
238 273 685360971
238 274 564347283
239 250 849605846
239 251 637240484
239 252 887712579
239 253 858710318
239 254 783810478
239 255 999190672
239 256 567289934
239 257 814630534
239 258 536093789
239 259 525220035
239 260 733310441
239 261 697536275
239 262 984171981
239 263 982421328
239 264 799312894
239 265 590049468
239 266 782262681
239 267 908061434
239 268 976867884
239 269 913500439
239 270 867178849
239 271 707495166
239 272 978300836
239 273 843898688
239 274 535794081
240 250 854488556
240 251 510576247
240 252 615393475
240 253 879107344
240 254 899716918
240 255 543910186
240 256 815356807
240 257 996435335
240 258 537688291
240 259 688612372
240 260 715450752
240 261 879089700
240 262 757413365
240 263 728018095
240 264 591915643
240 265 968949135
240 266 709875284
240 267 841104805
240 268 869173921
240 269 599702860
240 270 798785663
240 271 603428465
240 272 691103414
240 273 661177167
240 274 786201755
241 250 762421248
241 251 765516258
241 252 851751334
241 253 995105194
241 254 700457209
241 255 732153257
241 256 716484881
241 257 735564477
241 258 807572485
241 259 640647720
241 260 683341796
241 261 766723499
241 262 634562363
241 263 769370012
241 264 681250704
241 265 655490658
241 266 507941480
241 267 816098674
241 268 582854026
241 269 872519899
241 270 915422987
241 271 938018318
241 272 792054882
241 273 708932126
241 274 947565712
242 250 540188447
242 251 952933303
242 252 780844108
242 253 596366824
242 254 649394268
242 255 877370575
242 256 570704359
242 257 992635871
242 258 785791794
242 259 953227127
242 260 857854869
242 261 898867684
242 262 553683860
242 263 509683355
242 264 848256379
242 265 986046486
242 266 625047373
242 267 890873435
242 268 657070150
242 269 939938347
242 270 590021881
242 271 517771480
242 272 562144048
242 273 861308784
242 274 851182396
243 250 700270837
243 251 690066910
243 252 553577319
243 253 673916589
243 254 687665380
243 255 647740156
243 256 741213736
243 257 764414688
243 258 580213972
243 259 533838280
243 260 787874549
243 261 568360853
243 262 803953945
243 263 747523855
243 264 694018844
243 265 799346934
243 266 647319628
243 267 699855711
243 268 728757555
243 269 625229993
243 270 809962654
243 271 850964722
243 272 839658996
243 273 722838920
243 274 719501534
244 250 525513768
244 251 890485758
244 252 576340556
244 253 558244606
244 254 885287904
244 255 922269627
244 256 772569551
244 257 530372900
244 258 848490976
244 259 791901579
244 260 743716134
244 261 542472439
244 262 673780272
244 263 741107112
244 264 762191313
244 265 861619680
244 266 723955856
244 267 831413974
244 268 953758881
244 269 961262026
244 270 613898186
244 271 736600721
244 272 698325732
244 273 952726743
244 274 913515064
245 250 609195944
245 251 809254340
245 252 997351897
245 253 672360936
245 254 940716580
245 255 958601540
245 256 637824689
245 257 508354633
245 258 584477008
245 259 624285250
245 260 685355382
245 261 659095128
245 262 878885853
245 263 970726839
245 264 695568641
245 265 654171852
245 266 556879415
245 267 660963416
245 268 764053038
245 269 505403518
245 270 731482815
245 271 891196830
245 272 828065239
245 273 754834400
245 274 642752593
246 250 701336479
246 251 875841435
246 252 731352969
246 253 661522410
246 254 764973829
246 255 821896326
246 256 891813761
246 257 822385006
246 258 914730087
246 259 824568913
246 260 653100734
246 261 812487274
246 262 928756687
246 263 863590204
246 264 975165444
246 265 726796635
246 266 646351706
246 267 828563567
246 268 923553920
246 269 585848811
246 270 989050225
246 271 997662377
246 272 780720084
246 273 621411600
246 274 887094510
247 250 706545363
247 251 686270751
247 252 506128210
247 253 547334185
247 254 552614689
247 255 807945597
247 256 867936045
247 257 747703402
247 258 538175048
247 259 526058009
247 260 987492027
247 261 539923976
247 262 849482230
247 263 816749815
247 264 608816111
247 265 945397600
247 266 889484955
247 267 712918330
247 268 937045951
247 269 839852237
247 270 549670799
247 271 952292349
247 272 630525914
247 273 581787897
247 274 845693072
248 250 624233098
248 251 841751278
248 252 954019115
248 253 512894770
248 254 641942444
248 255 923711609
248 256 646119112
248 257 687781638
248 258 832689034
248 259 527852160
248 260 583498083
248 261 853110048
248 262 821173673
248 263 888312835
248 264 676525613
248 265 880174597
248 266 769711564
248 267 903498235
248 268 741550557
248 269 580270882
248 270 578493487
248 271 996156070
248 272 597637567
248 273 940904285
248 274 526547727
249 250 896777642
249 251 970725620
249 252 949276896
249 253 553022579
249 254 571694717
249 255 558448236
249 256 562718941
249 257 953684608
249 258 660964770
249 259 774352190
249 260 866915792
249 261 817282072
249 262 797238241
249 263 987723932
249 264 582122632
249 265 626257494
249 266 747657736
249 267 537091367
249 268 739302846
249 269 978195721
249 270 500028895
249 271 597809097
249 272 869387854
249 273 528609956
249 274 532012292
250 275 567664002
250 276 609336800
250 277 834080152
250 278 853958675
250 279 830915882
250 280 868854142
250 281 576545490
250 282 664327026
250 283 749954089
250 284 776498171
250 285 901383900
250 286 819683695
250 287 901251690
250 288 784510663
250 289 503931532
250 290 548438179
250 291 726071615
250 292 961993771
250 293 825438658
250 294 753257697
250 295 666628392
250 296 985703795
250 297 563885960
250 298 705214042
250 299 632742450
251 275 925277962
251 276 835180043
251 277 887090404
251 278 718785930
251 279 808422730
251 280 883052187
251 281 643735509
251 282 866546661
251 283 654733537
251 284 903005367
251 285 506436723
251 286 640257416
251 287 886467128
251 288 529817513
251 289 708748079
251 290 901174783
251 291 979006750
251 292 949844272
251 293 997657355
251 294 542613684
251 295 957101185
251 296 705064109
251 297 805103411
251 298 549276565
251 299 970883311
252 275 671839558
252 276 638359526
252 277 637565045
252 278 618538224
252 279 843516394
252 280 522949794
252 281 978678505
252 282 734835293
252 283 858786867
252 284 829230364
252 285 904825468
252 286 594233719
252 287 871906012
252 288 694596160
252 289 907954926
252 290 696019280
252 291 920482590
252 292 837581681
252 293 706535853
252 294 756303910
252 295 981869344
252 296 953879666
252 297 500360917
252 298 752660727
252 299 853113265
253 275 666599579
253 276 947813740
253 277 529183439
253 278 865412863
253 279 733505584
253 280 758541790
253 281 801965981
253 282 728253476
253 283 808139008
253 284 880910861
253 285 611927385
253 286 567526506
253 287 689027330
253 288 763106326
253 289 731282862
253 290 645946523
253 291 841598432
253 292 926371360
253 293 610138674
253 294 759872709
253 295 562582231
253 296 851370280
253 297 854990723
253 298 776485736
253 299 659073683
254 275 765414139
254 276 523426378
254 277 915634812
254 278 886294198
254 279 800108332
254 280 942995075
254 281 963752932
254 282 891932572
254 283 501795299
254 284 575542926
254 285 910633192
254 286 802310572
254 287 977417391
254 288 641500459
254 289 982395424
254 290 618980463
254 291 852943977
254 292 978803460
254 293 932921222
254 294 525156151
254 295 717965224
254 296 859989465
254 297 724283091
254 298 944693078
254 299 984850578
255 275 671021449
255 276 518261231
255 277 514471807
255 278 629045792
255 279 599282537
255 280 668891174
255 281 609910311
255 282 760053792
255 283 918777903
255 284 746623392
255 285 533798358
255 286 624081799
255 287 867727304
255 288 523621928
255 289 875811576
255 290 589669135
255 291 689541530
255 292 900068466
255 293 792219098
255 294 529389855
255 295 697641864
255 296 563002484
255 297 750000317
255 298 959887926
255 299 862391938
256 275 557503249
256 276 532051174
256 277 963832178
256 278 559176148
256 279 516383854
256 280 745689396
256 281 663511761
256 282 840153527
256 283 876342951
256 284 602038049
256 285 578870002
256 286 564381228
256 287 751811108
256 288 738763052
256 289 701922120
256 290 643582226
256 291 544234440
256 292 728358080
256 293 921993849
256 294 604837661
256 295 525367535
256 296 520564978
256 297 816069445
256 298 604134503
256 299 808271844
257 275 734447092
257 276 691697300
257 277 774522995
257 278 975569790
257 279 974160773
257 280 777063432
257 281 675279286
257 282 713022193
257 283 638769233
257 284 877184811
257 285 662256342
257 286 514000892
257 287 961123628
257 288 555879102
257 289 649632173
257 290 514824218
257 291 826034969
257 292 743357181
257 293 536000844
257 294 674633707
257 295 602828785
257 296 559569494
257 297 669257944
257 298 522342051
257 299 827402480
258 275 907275955
258 276 746228880
258 277 876697295
258 278 735431796
258 279 832387964
258 280 713938892
258 281 863736738
258 282 998579718
258 283 725373240
258 284 636606362
258 285 864387838
258 286 734568977
258 287 779670521
258 288 653123012
258 289 990787253
258 290 934347383
258 291 611475079
258 292 982092724
258 293 516464753
258 294 741521200
258 295 896317670
258 296 768724373
258 297 843868635
258 298 696616702
258 299 876291871
259 275 851727111
259 276 551890926
259 277 596465061
259 278 578219749
259 279 826417715
259 280 795151671
259 281 998533055
259 282 909594997
259 283 959446970
259 284 832551231
259 285 809148695
259 286 990215639
259 287 639147252
259 288 813611188
259 289 914355069
259 290 825556077
259 291 509396163
259 292 999672525
259 293 826608255
259 294 787117376
259 295 605763053
259 296 921035608
259 297 798921453
259 298 681765454
259 299 806971523
260 275 753835851
260 276 791373571
260 277 518604479
260 278 692759527
260 279 653939104
260 280 554019702
260 281 800172769
260 282 880501141
260 283 909503318
260 284 632392501
260 285 513423643
260 286 554350733
260 287 581702393
260 288 557091057
260 289 704520001
260 290 693037686
260 291 831638302
260 292 809997908
260 293 539611812
260 294 775380036
260 295 938681689
260 296 552682978
260 297 918452961
260 298 517844969
260 299 693128567
261 275 872929661
261 276 662527672
261 277 629655369
261 278 843018459
261 279 621345076
261 280 931636187
261 281 799112239
261 282 906311160
261 283 799345058
261 284 533807000
261 285 877976782
261 286 604013243
261 287 961838718
261 288 553706151
261 289 936630308
261 290 952154873
261 291 574532106
261 292 776521903
261 293 811994519
261 294 532864930
261 295 542924476
261 296 933146996
261 297 883113322
261 298 831699709
261 299 519377946
262 275 704673505
262 276 600117259
262 277 733550761
262 278 664680682
262 279 634188265
262 280 548653466
262 281 825232517
262 282 894093401
262 283 679692910
262 284 710855823
262 285 729126037
262 286 566557726
262 287 512599244
262 288 564878416
262 289 642399947
262 290 586664606
262 291 782978983
262 292 848304550
262 293 805029458
262 294 585283158
262 295 702804232
262 296 957463719
262 297 709314491
262 298 565661321
262 299 938148160
263 275 743439694
263 276 654672618
263 277 939783537
263 278 509010852
263 279 963400848
263 280 948047465
263 281 567749145
263 282 800825611
263 283 824543274
263 284 818948709
263 285 587181704
263 286 986680989
263 287 856912395
263 288 567809080
263 289 550609296
263 290 518879884
263 291 950164399
263 292 838914971
263 293 615857512
263 294 508210399
263 295 902726394
263 296 911707130
263 297 863170608
263 298 522238072
263 299 734006017
264 275 728288595
264 276 645598636
264 277 785545992
264 278 692742702
264 279 794399489
264 280 689300154
264 281 633842150
264 282 545959334
264 283 732794759
264 284 782191062
264 285 679066121
264 286 601290094
264 287 588570656
264 288 899323618
264 289 532088732
264 290 872339389
264 291 585489538
264 292 664251836
264 293 765465712
264 294 613308094
264 295 821201259
264 296 905712323
264 297 753563456
264 298 687964015
264 299 590116874
265 275 906756020
265 276 746516587
265 277 551704324
265 278 683867250
265 279 598122239
265 280 566624699
265 281 897820919
265 282 553700739
265 283 994690446
265 284 976087453
265 285 954812373
265 286 530026721
265 287 530456984
265 288 885736569
265 289 665217363
265 290 874935016
265 291 896324451
265 292 864927970
265 293 866353784
265 294 535006412
265 295 999758602
265 296 645955787
265 297 838240499
265 298 554736103
265 299 505713659
266 275 864416343
266 276 921759035
266 277 786429792
266 278 968157356
266 279 742945694
266 280 968524698
266 281 582366163
266 282 832432825
266 283 977632426
266 284 514633515
266 285 927764455
266 286 686073380
266 287 827571989
266 288 843539105
266 289 824366324
266 290 989983332
266 291 892000111
266 292 827105527
266 293 878769799
266 294 659685071
266 295 556673658
266 296 612046192
266 297 800618367
266 298 815639393
266 299 664453419
267 275 834474139
267 276 765562645
267 277 594670071
267 278 800497062
267 279 890463900
267 280 828705009
267 281 965926964
267 282 738574456
267 283 941565045
267 284 689013023
267 285 822537288
267 286 846390137
267 287 957940541
267 288 921485504
267 289 617214075
267 290 975756603
267 291 947141034
267 292 715924351
267 293 875603268
267 294 862718089
267 295 781540835
267 296 556493687
267 297 762680550
267 298 517430823
267 299 656366200
268 275 789371677
268 276 933888963
268 277 705006011
268 278 847697303
268 279 788224611
268 280 844847057
268 281 889484026
268 282 883832244
268 283 764274358
268 284 654212639
268 285 535171410
268 286 566645659
268 287 680714810
268 288 611927511
268 289 941585270
268 290 953235399
268 291 574038531
268 292 717774419
268 293 594969927
268 294 548315914
268 295 696556091
268 296 550974518
268 297 925431575
268 298 801207558
268 299 692619502
269 275 928910420
269 276 705051343
269 277 754979212
269 278 883802995
269 279 788242264
269 280 570328421
269 281 743194917
269 282 904029358
269 283 577694974
269 284 879834069
269 285 765847911
269 286 702371196
269 287 883885225
269 288 955269303
269 289 853568263
269 290 620033963
269 291 794531716
269 292 703659931
269 293 746054877
269 294 511745119
269 295 680689612
269 296 904746723
269 297 962293175
269 298 865329757
269 299 908660988
270 275 736246601
270 276 819878227
270 277 925128617
270 278 877693140
270 279 883033246
270 280 528621619
270 281 623988479
270 282 800069039
270 283 517396598
270 284 530047799
270 285 730975144
270 286 598433451
270 287 994097190
270 288 526793991
270 289 778014566
270 290 820421688
270 291 812484223
270 292 729303972
270 293 809585049
270 294 689635225
270 295 560945086
270 296 926485902
270 297 672943307
270 298 955228921
270 299 519701252
271 275 533040099
271 276 582307240
271 277 838873664
271 278 916831974
271 279 882285571
271 280 816073151
271 281 949229228
271 282 645123911
271 283 721675702
271 284 805051861
271 285 752259041
271 286 887573349
271 287 915436030
271 288 831459158
271 289 827737029
271 290 803428687
271 291 878334965
271 292 812534964
271 293 925724585
271 294 667875946
271 295 609031770
271 296 936256065
271 297 620264935
271 298 926868815
271 299 879037870
272 275 702673722
272 276 743283445
272 277 984861620
272 278 724149676
272 279 862712383
272 280 863291336
272 281 840495646
272 282 801422648
272 283 549673447
272 284 995411052
272 285 756840486
272 286 668249035
272 287 511909793
272 288 544125169
272 289 799517075
272 290 698249991
272 291 537170494
272 292 751904357
272 293 989611448
272 294 873826601
272 295 913121196
272 296 974326657
272 297 760679736
272 298 911775717
272 299 929151551
273 275 661837404
273 276 514094000
273 277 744732801
273 278 638896179
273 279 846729938
273 280 766991515
273 281 775174305
273 282 926210766
273 283 719458698
273 284 740430057
273 285 722081408
273 286 963970652
273 287 639910692
273 288 652455411
273 289 680391722
273 290 555954541
273 291 561002765
273 292 745733192
273 293 703788013
273 294 609147429
273 295 875949959
273 296 568540953
273 297 584739306
273 298 680090758
273 299 989666802
274 275 604189127
274 276 952042325
274 277 624078832
274 278 806776234
274 279 775695058
274 280 970103978
274 281 951034789
274 282 976424532
274 283 743187188
274 284 601567901
274 285 783371857
274 286 994684142
274 287 959595150
274 288 718298977
274 289 911389602
274 290 826486009
274 291 782899591
274 292 501526076
274 293 910039161
274 294 682355450
274 295 764976276
274 296 949577382
274 297 645438873
274 298 873374728
274 299 931276040
275 300 705003984
275 301 976803592
275 302 759612671
275 303 955780607
275 304 786187164
275 305 775853380
275 306 805825369
275 307 673315299
275 308 905301713
275 309 810044803
275 310 739263289
275 311 770129651
275 312 662501948
275 313 581869839
275 314 654911211
275 315 736863341
275 316 771423536
275 317 927002862
275 318 680002916
275 319 526549421
275 320 573464768
275 321 789226082
275 322 937461320
275 323 904829491
275 324 613804498
276 300 500161502
276 301 812898624
276 302 912342483
276 303 753471983
276 304 944707223
276 305 861219582
276 306 800884508
276 307 528875701
276 308 738625593
276 309 850274486
276 310 745382417
276 311 641878649
276 312 751777706
276 313 905443541
276 314 767794883
276 315 957147656
276 316 965410305
276 317 743933765
276 318 582057985
276 319 709202365
276 320 790049602
276 321 882725626
276 322 911879947
276 323 946879711
276 324 780551496
277 300 536578981
277 301 677785950
277 302 632936545
277 303 912445984
277 304 744241362
277 305 765982552
277 306 985736398
277 307 928271458
277 308 795007256
277 309 788840162
277 310 594758565
277 311 936931428
277 312 745375171
277 313 852606518
277 314 704764236
277 315 916511190
277 316 554731587
277 317 786517123
277 318 858888172
277 319 922891421
277 320 650504418
277 321 804025436
277 322 949889018
277 323 961938021
277 324 518076240
278 300 948726829
278 301 801470321
278 302 641362590
278 303 775768426
278 304 747106077
278 305 724432923
278 306 801265683
278 307 565427074
278 308 896072958
278 309 536803875
278 310 594108988
278 311 628521506
278 312 893869959
278 313 577131698
278 314 924873472
278 315 536273732
278 316 646308613
278 317 661878141
278 318 984569206
278 319 571859400
278 320 752507417
278 321 593963929
278 322 909336288
278 323 956256584
278 324 806197784
279 300 779903999
279 301 944789572
279 302 854540036
279 303 550527150
279 304 566459243
279 305 888517847
279 306 819059317
279 307 632660634
279 308 750727114
279 309 716925058
279 310 754040606
279 311 700453003
279 312 671515637
279 313 849877624
279 314 977328105
279 315 989530993
279 316 570677790
279 317 807013766
279 318 760557736
279 319 865750062
279 320 634510424
279 321 830653502
279 322 883800316
279 323 765801381
279 324 943243479
280 300 766384639
280 301 949996057
280 302 713111888
280 303 757249820
280 304 747675811
280 305 898209515
280 306 991975938
280 307 921520843
280 308 854755146
280 309 689703410
280 310 656844108
280 311 698575005
280 312 528883361
280 313 793503018
280 314 711920722
280 315 561611797
280 316 616121625
280 317 715554653
280 318 665768738
280 319 973312089
280 320 729698958
280 321 554011690
280 322 768998584
280 323 872253312
280 324 967611319
281 300 780383247
281 301 845584472
281 302 781405883
281 303 543193450
281 304 946276821
281 305 517573311
281 306 919673816
281 307 901632228
281 308 710062907
281 309 907725628
281 310 859275297
281 311 888425019
281 312 916696771
281 313 902693222
281 314 839991111
281 315 853447177
281 316 828272693
281 317 969564903
281 318 852390062
281 319 823719311
281 320 913690718
281 321 910806796
281 322 785680226
281 323 911572185
281 324 856133473
282 300 718736644
282 301 639568812
282 302 626923680
282 303 859831535
282 304 950450184
282 305 887183362
282 306 639652602
282 307 967516410
282 308 672012079
282 309 923644003
282 310 856077807
282 311 656333746
282 312 627814686
282 313 814249416
282 314 618600472
282 315 503416890
282 316 745358106
282 317 506484048
282 318 716788904
282 319 638255952
282 320 954272065
282 321 816175773
282 322 576898377
282 323 771487562
282 324 916898924
283 300 951344969
283 301 849056089
283 302 781954847
283 303 945213574
283 304 689532287
283 305 780777717
283 306 630529905
283 307 921410701
283 308 600633849
283 309 837404155
283 310 622889082
283 311 835094881
283 312 533232625
283 313 861523445
283 314 515276696
283 315 996782277
283 316 736203190
283 317 963158296
283 318 826115557
283 319 891048322
283 320 846704329
283 321 563614056
283 322 759442945
283 323 855176055
283 324 734660627
284 300 862872098
284 301 891562912
284 302 954782634
284 303 990741787
284 304 639574961
284 305 624251003
284 306 699454743
284 307 816877024
284 308 759018588
284 309 984702043
284 310 509286858
284 311 533981430
284 312 736245158
284 313 911931321
284 314 638183184
284 315 558114737
284 316 722141193
284 317 933692756
284 318 644282834
284 319 901591290
284 320 644840396
284 321 535881818
284 322 922671216
284 323 659170272
284 324 596811453
285 300 979834289
285 301 848697751
285 302 581914117
285 303 941829835
285 304 587674970
285 305 858145152
285 306 928516969
285 307 987859310
285 308 674326817
285 309 709126366
285 310 928501185
285 311 914982374
285 312 959105130
285 313 879665093
285 314 526533543
285 315 542701163
285 316 832488371
285 317 718199745
285 318 756957501
285 319 909014770
285 320 889351126
285 321 931258059
285 322 931588458
285 323 960574943
285 324 655482712
286 300 513796619
286 301 670619943
286 302 553736246
286 303 814936043
286 304 575476095
286 305 799375457
286 306 644453288
286 307 764100118
286 308 694484656
286 309 823532978
286 310 529415893
286 311 935578528
286 312 908136052
286 313 630191145
286 314 982000680
286 315 696897446
286 316 675591758
286 317 830107082
286 318 592125250
286 319 663616927
286 320 751447586
286 321 645198002
286 322 532087380
286 323 578364952
286 324 884318856
287 300 559395239
287 301 597316453
287 302 811703978
287 303 794262169
287 304 949072832
287 305 945793916
287 306 812145988
287 307 928825362
287 308 558079921
287 309 838658875
287 310 519136717
287 311 633377451
287 312 747665945
287 313 963715709
287 314 652450698
287 315 852373159
287 316 673876727
287 317 836199990
287 318 717962357
287 319 704250751
287 320 665298822
287 321 904439600
287 322 804220969
287 323 889348581
287 324 965839305
288 300 955188503
288 301 800928982
288 302 963394150
288 303 752744579
288 304 628912102
288 305 542700457
288 306 595270576
288 307 968564603
288 308 976440631
288 309 909763141
288 310 502191033
288 311 689188952
288 312 642918249
288 313 907412320
288 314 710605470
288 315 711339956
288 316 961640996
288 317 844783411
288 318 855061336
288 319 573648935
288 320 934420164
288 321 833312924
288 322 949914201
288 323 809819331
288 324 727532712
289 300 540548941
289 301 740067816
289 302 893337626
289 303 909763501
289 304 829326979
289 305 858034321
289 306 711127327
289 307 752575467
289 308 654581729
289 309 963798607
289 310 749979299
289 311 624180074
289 312 515954762
289 313 517505990
289 314 734727636
289 315 756975913
289 316 913326053
289 317 843589677
289 318 590607723
289 319 640494758
289 320 766363649
289 321 859452238
289 322 857357157
289 323 904497321
289 324 736257194
290 300 905961812
290 301 671551920
290 302 694400119
290 303 537692165
290 304 600980317
290 305 971207259
290 306 616670767
290 307 619866340
290 308 642563374
290 309 605721885
290 310 809246841
290 311 798641283
290 312 928499444
290 313 691829621
290 314 683422058
290 315 874763684
290 316 505972642
290 317 556225705
290 318 507619701
290 319 857088517
290 320 794975293
290 321 662196602
290 322 618436490
290 323 813879735
290 324 843291465
291 300 701527235
291 301 607500241
291 302 933700484
291 303 846637810
291 304 684244234
291 305 553764375
291 306 995978921
291 307 741673052
291 308 658717810
291 309 629519585
291 310 660115435
291 311 811387426
291 312 670556147
291 313 748810810
291 314 939156596
291 315 858038363
291 316 865352683
291 317 588887038
291 318 594231630
291 319 517967005
291 320 603912659
291 321 533627482
291 322 506467269
291 323 700014664
291 324 713632572
292 300 853426094
292 301 561726455
292 302 759912800
292 303 854510023
292 304 523719482
292 305 936894669
292 306 703307800
292 307 557935286
292 308 996489696
292 309 712369913
292 310 823796537
292 311 601901645
292 312 916122850
292 313 999196765
292 314 977672286
292 315 555613212
292 316 625175659
292 317 750076583
292 318 709865361
292 319 622516580
292 320 810053424
292 321 971161046
292 322 774855454
292 323 891789857
292 324 846967010
293 300 518319991
293 301 756771271
293 302 999262514
293 303 974226586
293 304 743547211
293 305 756350254
293 306 659515185
293 307 852342450
293 308 652849345
293 309 519005433
293 310 717480934
293 311 836774855
293 312 884607564
293 313 692976980
293 314 667576707
293 315 747596399
293 316 519904845
293 317 657693511
293 318 504254537
293 319 553958941
293 320 857126839
293 321 883947578
293 322 956467776
293 323 832673944
293 324 504194574
294 300 655715284
294 301 810197878
294 302 836802512
294 303 671998263
294 304 714729709
294 305 753384972
294 306 829284600
294 307 616078759
294 308 742272771
294 309 618301111
294 310 753255776
294 311 976049311
294 312 927013422
294 313 759486741
294 314 909842330
294 315 603553792
294 316 668000368
294 317 916638560
294 318 635824908
294 319 717301754
294 320 515044863
294 321 921136026
294 322 684649424
294 323 999183748
294 324 601340165
295 300 578298073
295 301 763674390
295 302 578514648
295 303 747654478
295 304 558296669
295 305 934432748
295 306 887613853
295 307 607231790
295 308 544079719
295 309 812200220
295 310 985233388
295 311 601205374
295 312 686281991
295 313 987636271
295 314 520216898
295 315 739079633
295 316 847781861
295 317 690388393
295 318 518322085
295 319 916457762
295 320 826554692
295 321 763926957
295 322 648638078
295 323 859166051
295 324 541460002
296 300 721114951
296 301 731875021
296 302 984967813
296 303 796988936
296 304 690351569
296 305 770303248
296 306 702708143
296 307 966401900
296 308 840425947
296 309 811544016
296 310 590988049
296 311 704993696
296 312 927904764
296 313 958733229
296 314 559734520
296 315 978548175
296 316 574209597
296 317 592876766
296 318 594534112
296 319 973093492
296 320 635511765
296 321 762259079
296 322 837557624
296 323 616185418
296 324 534237642
297 300 884406341
297 301 510140665
297 302 680950571
297 303 519943077
297 304 794009684
297 305 826411392
297 306 958056473
297 307 890506964
297 308 935063966
297 309 522387943
297 310 841264155
297 311 801338744
297 312 550158586
297 313 974207217
297 314 996730020
297 315 620063710
297 316 955733783
297 317 766814132
297 318 763612777
297 319 807246265
297 320 707717009
297 321 574982801
297 322 749629685
297 323 914440829
297 324 699583902
298 300 677221417
298 301 692817915
298 302 597561900
298 303 715613942
298 304 924008257
298 305 886391001
298 306 834659361
298 307 834583144
298 308 521247064
298 309 698828323
298 310 604088651
298 311 669083238
298 312 798923801
298 313 539159855
298 314 965422823
298 315 611028926
298 316 516170817
298 317 918523634
298 318 878535463
298 319 986100961
298 320 895116627
298 321 768843623
298 322 883563482
298 323 901189938
298 324 910210601
299 300 710124766
299 301 606945377
299 302 991424247
299 303 725136550
299 304 849721193
299 305 721719142
299 306 718402107
299 307 660130542
299 308 610651420
299 309 628590408
299 310 754361824
299 311 761795495
299 312 512813432
299 313 642354119
299 314 884963757
299 315 906071130
299 316 721472965
299 317 739093444
299 318 988376132
299 319 944306086
299 320 889694579
299 321 714571891
299 322 897055358
299 323 535085691
299 324 968663983
300 325 931449848
300 326 956318494
300 327 946733362
300 328 802706264
300 329 618802985
300 330 643472418
300 331 759974151
300 332 609413271
300 333 527070769
300 334 703058315
300 335 526991171
300 336 818329092
300 337 622414594
300 338 719696267
300 339 549675908
300 340 685535515
300 341 998402209
300 342 656202342
300 343 582113411
300 344 780071071
300 345 687335573
300 346 790795833
300 347 642137752
300 348 648659017
300 349 833187940
301 325 545452517
301 326 588065042
301 327 766138790
301 328 740448222
301 329 612726772
301 330 657326804
301 331 854658031
301 332 535770789
301 333 851602417
301 334 552918391
301 335 562489772
301 336 727961920
301 337 971231966
301 338 636444997
301 339 577366772
301 340 734955791
301 341 664573120
301 342 957687820
301 343 685935549
301 344 542862984
301 345 692155822
301 346 712183818
301 347 617817051
301 348 866417507
301 349 636437324
302 325 756289447
302 326 884080178
302 327 876451746
302 328 674471290
302 329 725538276
302 330 815766516
302 331 507808183
302 332 740224763
302 333 709314594
302 334 898322627
302 335 553793925
302 336 857694850
302 337 852980430
302 338 972681351
302 339 702640325
302 340 789114343
302 341 545951563
302 342 543210873
302 343 722757401
302 344 873679031
302 345 849138106
302 346 779878647
302 347 919789956
302 348 883265556
302 349 944706664
303 325 976592579
303 326 519822017
303 327 907582933
303 328 642983516
303 329 868823524
303 330 852548999
303 331 694023400
303 332 848374321
303 333 819041942
303 334 619324847
303 335 988059170
303 336 659785994
303 337 703974650
303 338 749332339
303 339 721010926
303 340 586251695
303 341 645669409
303 342 522341979
303 343 683616312
303 344 821598881
303 345 562176456
303 346 865877468
303 347 533978078
303 348 701143515
303 349 725916512
304 325 751978023
304 326 860702831
304 327 886499097
304 328 943378733
304 329 685555893
304 330 863517548
304 331 559733427
304 332 882280760
304 333 671917633
304 334 776752716
304 335 775518535
304 336 640240690
304 337 665197740
304 338 657295877
304 339 574823481
304 340 956485461
304 341 682488947
304 342 858656546
304 343 986838390
304 344 782269557
304 345 614945571
304 346 748007667
304 347 745459795
304 348 967560932
304 349 859667311
305 325 877481450
305 326 871677236
305 327 658332794
305 328 582594973
305 329 559839315
305 330 624021797
305 331 727241751
305 332 923565362
305 333 880283054
305 334 711797428
305 335 510044225
305 336 977346430
305 337 682112046
305 338 555413851
305 339 876345073
305 340 505390949
305 341 546013107
305 342 503329010
305 343 730428670
305 344 810993013
305 345 857651743
305 346 786401626
305 347 821128345
305 348 863072541
305 349 695947665
306 325 671647562
306 326 525044004
306 327 528472151
306 328 738762136
306 329 657385103
306 330 645266650
306 331 893928030
306 332 531934075
306 333 658929466
306 334 873538503
306 335 912407651
306 336 569037894
306 337 703515724
306 338 796982474
306 339 814379137
306 340 676515959
306 341 650542283
306 342 965059927
306 343 646000323
306 344 757600143
306 345 575418769
306 346 729016733
306 347 677035751
306 348 669983419
306 349 737568461
307 325 516980876
307 326 821857101
307 327 545846096
307 328 675416054
307 329 991906758
307 330 838986280
307 331 686873831
307 332 535137775
307 333 999763885
307 334 978105307
307 335 716240164
307 336 629088716
307 337 745915993
307 338 650621818
307 339 765947817
307 340 580591066
307 341 555665836
307 342 801900736
307 343 574424697
307 344 702137437
307 345 852664130
307 346 993936427
307 347 897799950
307 348 698000916
307 349 883356491
308 325 957476688
308 326 702048690
308 327 589234694
308 328 700751634
308 329 677140012
308 330 547641050
308 331 858161054
308 332 738417145
308 333 795109413
308 334 740699763
308 335 938624172
308 336 654684367
308 337 589272019
308 338 624336169
308 339 517481124
308 340 678065641
308 341 725348883
308 342 949450982
308 343 893513152
308 344 953190440
308 345 913348459
308 346 899423131
308 347 794713390
308 348 650705000
308 349 789703334
309 325 592751502
309 326 927283569
309 327 560787986
309 328 764087923
309 329 546481397
309 330 510109146
309 331 509422182
309 332 893667587
309 333 919353682
309 334 920761047
309 335 844949556
309 336 578651080
309 337 915883335
309 338 594559379
309 339 703080693
309 340 554515180
309 341 884530752
309 342 999039487
309 343 501443934
309 344 819631961
309 345 782964314
309 346 989173215
309 347 500529658
309 348 566048178
309 349 768554556
310 325 911393872
310 326 640029574
310 327 858270229
310 328 897159870
310 329 693348878
310 330 765840758
310 331 685885445
310 332 614678832
310 333 730492324
310 334 536866470
310 335 740031429
310 336 706045609
310 337 680010043
310 338 506728773
310 339 812171287
310 340 754082438
310 341 594443978
310 342 946809329
310 343 829371927
310 344 609015481
310 345 624364481
310 346 581732256
310 347 738254071
310 348 680161409
310 349 601322381
311 325 547311307
311 326 600048261
311 327 861717898
311 328 577212728
311 329 944818439
311 330 717509922
311 331 553418521
311 332 930550035
311 333 755084097
311 334 809498806
311 335 546347614
311 336 516950831
311 337 643471486
311 338 735354525
311 339 679008465
311 340 660030904
311 341 675660534
311 342 971379079
311 343 874303397
311 344 868326868
311 345 715557037
311 346 955110256
311 347 728905313
311 348 978568290
311 349 703694494
312 325 985246934
312 326 865718480
312 327 632570918
312 328 733729192
312 329 951779320
312 330 578705226
312 331 572498248
312 332 687428121
312 333 610067206
312 334 659222709
312 335 911717810
312 336 538638867
312 337 937290903
312 338 965008347
312 339 866902970
312 340 639792597
312 341 999070629
312 342 709970421
312 343 711788380
312 344 938537309
312 345 948110315
312 346 621823817
312 347 700829000
312 348 730441755
312 349 713202409
313 325 970307637
313 326 541874223
313 327 816387637
313 328 522798952
313 329 700817595
313 330 605734555
313 331 640048948
313 332 913138344
313 333 574872830
313 334 558459843
313 335 587461549
313 336 636541871
313 337 997399565
313 338 793556410
313 339 755123460
313 340 836897954
313 341 664149656
313 342 919223119
313 343 844459314
313 344 582139820
313 345 575133738
313 346 868802480
313 347 513697976
313 348 686373217
313 349 971790732
314 325 721072004
314 326 858002582
314 327 507959529
314 328 546084330
314 329 628840017
314 330 980573483
314 331 634245012
314 332 547260782
314 333 866320079
314 334 878135167
314 335 850423997
314 336 537479824
314 337 877413239
314 338 819093642
314 339 797742580
314 340 952671105
314 341 888398202
314 342 785554266
314 343 929260192
314 344 973993713
314 345 721848148
314 346 776414288
314 347 964894713
314 348 614362637
314 349 636304422
315 325 822402938
315 326 659544338
315 327 801288827
315 328 960625440
315 329 601607808
315 330 570338389
315 331 962125849
315 332 638540602
315 333 942970990
315 334 545782807
315 335 860468804
315 336 807080915
315 337 585672557
315 338 702900665
315 339 913962668
315 340 929403460
315 341 902732862
315 342 878154519
315 343 804283834
315 344 777084933
315 345 691104382
315 346 959565390
315 347 651428009
315 348 779983343
315 349 839120172
316 325 781837223
316 326 580181532
316 327 690663137
316 328 822370115
316 329 568693422
316 330 924372870
316 331 852513287
316 332 992654971
316 333 553538360
316 334 742948862
316 335 692217451
316 336 629704317
316 337 826310196
316 338 766878500
316 339 747515439
316 340 890500322
316 341 588984691
316 342 945735310
316 343 800358910
316 344 847835692
316 345 632414100
316 346 724963627
316 347 785451913
316 348 516545399
316 349 777487954
317 325 852516079
317 326 668518464
317 327 539557951
317 328 948773447
317 329 600848516
317 330 567060983
317 331 637546957
317 332 895247287
317 333 666875112
317 334 857081925
317 335 857641956
317 336 635662442
317 337 525539209
317 338 824722957
317 339 956040564
317 340 992143206
317 341 973292149
317 342 563650133
317 343 770285751
317 344 953021624
317 345 851616207
317 346 954281007
317 347 728752456
317 348 547163687
317 349 768765395
318 325 843266608
318 326 933683010
318 327 537280225
318 328 754469276
318 329 799682179
318 330 764874254
318 331 996707378
318 332 697132044
318 333 997884396
318 334 667434555
318 335 829756347
318 336 690956939
318 337 962582669
318 338 870258701
318 339 969781340
318 340 807389608
318 341 533696514
318 342 643437502
318 343 834468598
318 344 948772285
318 345 719986660
318 346 614891192
318 347 548514829
318 348 541314583
318 349 555168308
319 325 732769433
319 326 799976515
319 327 696650578
319 328 879692468
319 329 847817716
319 330 951214243
319 331 670679710
319 332 859548403
319 333 800180039
319 334 612719347
319 335 975413911
319 336 837891669
319 337 628350110
319 338 739462345
319 339 712651920
319 340 601569946
319 341 862785931
319 342 848688745
319 343 984545698
319 344 951767279
319 345 978786901
319 346 947394890
319 347 832618013
319 348 993339669
319 349 944704830
320 325 876842456
320 326 936950325
320 327 753189209
320 328 901496619
320 329 817910522
320 330 831619497
320 331 552380815
320 332 874426295
320 333 791628774
320 334 961283938
320 335 623250920
320 336 527497380
320 337 760543651
320 338 645089749
320 339 571048486
320 340 648558639
320 341 972857983
320 342 531238745
320 343 589604313
320 344 748193060
320 345 848803672
320 346 670043523
320 347 674637639
320 348 795419798
320 349 757263665
321 325 656921110
321 326 503823174
321 327 522130537
321 328 737218987
321 329 784915722
321 330 828507059
321 331 938787247
321 332 551002846
321 333 820511330
321 334 827575986
321 335 749217345
321 336 941575908
321 337 970414162
321 338 827024795
321 339 638684065
321 340 615297644
321 341 534186194
321 342 649674230
321 343 860748213
321 344 776717308
321 345 606179254
321 346 878800169
321 347 835222239
321 348 806873030
321 349 515755122
322 325 674363234
322 326 922891101
322 327 965949971
322 328 658933132
322 329 558773951
322 330 546438786
322 331 729545040
322 332 923395705
322 333 567898159
322 334 640581037
322 335 871537061
322 336 657737339
322 337 632200594
322 338 762457919
322 339 577821710
322 340 665962277
322 341 979731626
322 342 800506632
322 343 856214833
322 344 677156076
322 345 544068431
322 346 692113186
322 347 642740703
322 348 617262621
322 349 643773896
323 325 533887400
323 326 701381184
323 327 972626382
323 328 678911262
323 329 939724250
323 330 583935568
323 331 669612959
323 332 511554134
323 333 874396618
323 334 658094589
323 335 783426290
323 336 608868363
323 337 837057581
323 338 817424363
323 339 675941062
323 340 810264143
323 341 870669222
323 342 619314706
323 343 809120763
323 344 914954930
323 345 752567481
323 346 516571971
323 347 762863983
323 348 862899905
323 349 734474887
324 325 864695413
324 326 783747858
324 327 590881380
324 328 654986672
324 329 678173047
324 330 568348341
324 331 648960519
324 332 877687769
324 333 815782676
324 334 617655801
324 335 516716272
324 336 795447861
324 337 859271897
324 338 789117069
324 339 511405032
324 340 550091643
324 341 731207092
324 342 628741305
324 343 559075384
324 344 540407094
324 345 546135109
324 346 822158146
324 347 702543261
324 348 989394987
324 349 529083018
325 350 631972735
325 351 552305244
325 352 562989060
325 353 551216054
325 354 969422496
325 355 842851890
325 356 637595538
325 357 898335655
325 358 975276955
325 359 955557371
325 360 841595461
325 361 836419082
325 362 520624925
325 363 751367457
325 364 705298154
325 365 942433547
325 366 532322741
325 367 517330122
325 368 820775897
325 369 599691418
325 370 599011116
325 371 898373784
325 372 718027510
325 373 689544412
325 374 590595600
326 350 982856331
326 351 934652915
326 352 967398654
326 353 699238082
326 354 540461494
326 355 672614787
326 356 967468627
326 357 684955989
326 358 914258542
326 359 690753235
326 360 771094948
326 361 517676885
326 362 566713073
326 363 876512092
326 364 865610583
326 365 612214463
326 366 503078552
326 367 678644095
326 368 723053636
326 369 735208152
326 370 814847002
326 371 954077488
326 372 884872656
326 373 554548059
326 374 946128452
327 350 837399667
327 351 863133452
327 352 822406829
327 353 772990140
327 354 674285689
327 355 880166374
327 356 511765149
327 357 564741756
327 358 625276104
327 359 505540246
327 360 694977176
327 361 751167595
327 362 719317027
327 363 601179761
327 364 842085335
327 365 503437641
327 366 888855755
327 367 768211339
327 368 689594417
327 369 758464551
327 370 555594809
327 371 934430735
327 372 679594282
327 373 651028504
327 374 949761781
328 350 611423825
328 351 968898633
328 352 906305489
328 353 527079237
328 354 866076769
328 355 668736988
328 356 975403598
328 357 981472513
328 358 598412975
328 359 531842331
328 360 527033986
328 361 510616794
328 362 646464732
328 363 976468117
328 364 619394426
328 365 972360276
328 366 985935328
328 367 607658793
328 368 611604403
328 369 745286221
328 370 560407423
328 371 896449122
328 372 960051596
328 373 687544600
328 374 835286569
329 350 758772539
329 351 623404685
329 352 595376941
329 353 763601672
329 354 669222280
329 355 661283886
329 356 943552701
329 357 527300833
329 358 673127229
329 359 603094160
329 360 950965210
329 361 901302632
329 362 738990423
329 363 684714577
329 364 805179466
329 365 561680575
329 366 507612740
329 367 632819425
329 368 701262808
329 369 561573572
329 370 915642829
329 371 996287741
329 372 684908718
329 373 609336786
329 374 804359216
330 350 958846560
330 351 748372499
330 352 503221324
330 353 593846743
330 354 862543285
330 355 809714925
330 356 535445133
330 357 662804162
330 358 736075467
330 359 849317087
330 360 580661911
330 361 907848317
330 362 658980481
330 363 749518595
330 364 773362423
330 365 807749166
330 366 648013616
330 367 782908452
330 368 621679761
330 369 872300363
330 370 867078341
330 371 516771275
330 372 813816103
330 373 884189773
330 374 947099362
331 350 997721817
331 351 619904968
331 352 690086047
331 353 914223929
331 354 626889574
331 355 741359825
331 356 914252256
331 357 513616711
331 358 594116002
331 359 832332849
331 360 651011090
331 361 838966088
331 362 776804790
331 363 775666269
331 364 951874555
331 365 546088073
331 366 592853677
331 367 975322497
331 368 963886570
331 369 600235364
331 370 902329905
331 371 923183153
331 372 924231636
331 373 989734318
331 374 823405147
332 350 737683317
332 351 600426788
332 352 961265295
332 353 834986209
332 354 500084043
332 355 704840289
332 356 809027130
332 357 720461661
332 358 756478665
332 359 749638973
332 360 516942811
332 361 943606603
332 362 509920259
332 363 702902429
332 364 638135126
332 365 562067749
332 366 842383289
332 367 839481189
332 368 822704623
332 369 902316651
332 370 847326793
332 371 709948997
332 372 781871227
332 373 916995526
332 374 934632290
333 350 962638185
333 351 864159565
333 352 867837956
333 353 908286128
333 354 585673803
333 355 665903466
333 356 614590658
333 357 586425009
333 358 798329156
333 359 983871006
333 360 626793091
333 361 686590135
333 362 654100018
333 363 973312575
333 364 913615040
333 365 746226628
333 366 883641025
333 367 604982538
333 368 552847463
333 369 817884587
333 370 831558264
333 371 649387780
333 372 502228182
333 373 897444922
333 374 750636920
334 350 504764943
334 351 690047015
334 352 552375299
334 353 532299401
334 354 772924045
334 355 885085716
334 356 960534394
334 357 674168896
334 358 733682498
334 359 774738004
334 360 667140562
334 361 922238748
334 362 801616920
334 363 716192593
334 364 872371283
334 365 822515739
334 366 726894727
334 367 733721883
334 368 634074928
334 369 852127098
334 370 958229522
334 371 841556897
334 372 915348789
334 373 987220271
334 374 626798937
335 350 833920307
335 351 996499919
335 352 945602484
335 353 864570674
335 354 539690108
335 355 943908758
335 356 617555086
335 357 530013701
335 358 949604578
335 359 556048839
335 360 807889905
335 361 649071922
335 362 507424701
335 363 960442958
335 364 584494010
335 365 555200505
335 366 970535522
335 367 655830577
335 368 638262490
335 369 883203201
335 370 842924097
335 371 849192531
335 372 579569761
335 373 898517185
335 374 652726950
336 350 808104291
336 351 763121343
336 352 937653149
336 353 611181057
336 354 983908584
336 355 747834627
336 356 604066478
336 357 962859053
336 358 826427188
336 359 761994379
336 360 965069977
336 361 576352479
336 362 539548705
336 363 998735047
336 364 678392788
336 365 617698523
336 366 949413150
336 367 529681815
336 368 660170017
336 369 692476469
336 370 593873977
336 371 537719067
336 372 801262978
336 373 732342582
336 374 930124826
337 350 571466465
337 351 749387781
337 352 507376556
337 353 605379785
337 354 674318751
337 355 760989792
337 356 599594657
337 357 824599724
337 358 795164271
337 359 622880492
337 360 566841368
337 361 561707979
337 362 956282051
337 363 945012087
337 364 986637874
337 365 777406422
337 366 826920045
337 367 799747089
337 368 510906770
337 369 703583275
337 370 522294685
337 371 562211397
337 372 784702025
337 373 854844253
337 374 685040391
338 350 897077278
338 351 584482345
338 352 777466165
338 353 760906219
338 354 538414253
338 355 874597088
338 356 924046374
338 357 625258341
338 358 883028463
338 359 947298104
338 360 653271096
338 361 651912100
338 362 622985990
338 363 890749880
338 364 672362434
338 365 648965582
338 366 959184588
338 367 752256603
338 368 593353170
338 369 855022400
338 370 880951697
338 371 954978855
338 372 845737185
338 373 881033212
338 374 819961728
339 350 914946571
339 351 615219061
339 352 870067998
339 353 853122747
339 354 674820947
339 355 936246900
339 356 882470086
339 357 555271519
339 358 892062973
339 359 588197842
339 360 876053225
339 361 648865235
339 362 830004322
339 363 533341355
339 364 745398786
339 365 713821828
339 366 871167454
339 367 803129144
339 368 559718671
339 369 966494581
339 370 938729235
339 371 834933421
339 372 953981570
339 373 878840761
339 374 652721772
340 350 706626148
340 351 571003772
340 352 782018503
340 353 994698367
340 354 658336032
340 355 804325339
340 356 899026107
340 357 804845306
340 358 947134798
340 359 950851193
340 360 826929058
340 361 798998335
340 362 941134308
340 363 560548868
340 364 991053221
340 365 825473186
340 366 687973041
340 367 839772259
340 368 637364400
340 369 904804322
340 370 789973469
340 371 689266220
340 372 615579076
340 373 758458249
340 374 989402334
341 350 955391833
341 351 603281730
341 352 872259598
341 353 726489149
341 354 673123635
341 355 737784373
341 356 868326101
341 357 614067354
341 358 566457538
341 359 552603582
341 360 965677427
341 361 884021696
341 362 987577998
341 363 939983807
341 364 598684329
341 365 984634273
341 366 994676302
341 367 881422369
341 368 749879757
341 369 910528486
341 370 719026965
341 371 665970281
341 372 642754454
341 373 760885469
341 374 547868771
342 350 715315178
342 351 620536089
342 352 694336710
342 353 809318450
342 354 925255408
342 355 668190013
342 356 833846531
342 357 898649952
342 358 574608107
342 359 837500930
342 360 780987949
342 361 996670105
342 362 766622145
342 363 742490540
342 364 956731793
342 365 535035569
342 366 775960501
342 367 866979093
342 368 825931089
342 369 859186139
342 370 608274150
342 371 791547188
342 372 780887886
342 373 596278893
342 374 585607708
343 350 810195915
343 351 551843682
343 352 663516809
343 353 797673579
343 354 980452168
343 355 963317547
343 356 844985168
343 357 703963583
343 358 787114479
343 359 689266960
343 360 877145877
343 361 940602089
343 362 950353425
343 363 627635827
343 364 751307409
343 365 731296276
343 366 689050723
343 367 884428647
343 368 819007418
343 369 584996922
343 370 846971365
343 371 621691378
343 372 615994754
343 373 891717705
343 374 730046020
344 350 569552354
344 351 892974230
344 352 704801633
344 353 663213990
344 354 716721568
344 355 572214806
344 356 749235758
344 357 531158094
344 358 964644884
344 359 877219436
344 360 841226769
344 361 781022490
344 362 822799303
344 363 832056331
344 364 844324611
344 365 906545061
344 366 677268152
344 367 879214888
344 368 611034483
344 369 506300117
344 370 693900789
344 371 794123311
344 372 894143225
344 373 928206583
344 374 500009372
345 350 772030833
345 351 973121822
345 352 824495042
345 353 966877161
345 354 723539669
345 355 690547862
345 356 852777176
345 357 870767089
345 358 587764390
345 359 986356712
345 360 796997739
345 361 822595967
345 362 644283439
345 363 507350175
345 364 770732297
345 365 956786811
345 366 962729280
345 367 683630352
345 368 692075676
345 369 798275787
345 370 938046669
345 371 926504407
345 372 670511182
345 373 607235443
345 374 555190576
346 350 777974605
346 351 579563761
346 352 927466608
346 353 602873187
346 354 874599500
346 355 984371300
346 356 978094966
346 357 631085402
346 358 767662060
346 359 881596590
346 360 605580795
346 361 736691785
346 362 588589940
346 363 926929632
346 364 526276840
346 365 785719525
346 366 844885049
346 367 984507001
346 368 618134059
346 369 961658214
346 370 854031756
346 371 541274735
346 372 802147197
346 373 857648554
346 374 678621900
347 350 750202256
347 351 920568394
347 352 543791016
347 353 901590977
347 354 844546137
347 355 739000673
347 356 752147839
347 357 844398352
347 358 609655933
347 359 504339839
347 360 670013155
347 361 530736697
347 362 958032442
347 363 599299787
347 364 573389674
347 365 830451851
347 366 646470200
347 367 584487626
347 368 672986354
347 369 884185911
347 370 797736801
347 371 684804368
347 372 500764851
347 373 635185925
347 374 803084762
348 350 945008556
348 351 763536573
348 352 894074609
348 353 997084251
348 354 599697856
348 355 537428735
348 356 842873216
348 357 836759226
348 358 956210758
348 359 924247459
348 360 550088410
348 361 515916206
348 362 584173213
348 363 701696914
348 364 889198924
348 365 933858482
348 366 884923605
348 367 893004424
348 368 666192143
348 369 989393870
348 370 898811873
348 371 754301386
348 372 651708177
348 373 997215529
348 374 707365178
349 350 562469376
349 351 720109692
349 352 954726711
349 353 538782195
349 354 860634281
349 355 680096661
349 356 817789157
349 357 557681373
349 358 608179246
349 359 534841934
349 360 889320332
349 361 842823664
349 362 630885154
349 363 628229321
349 364 990915776
349 365 667598176
349 366 663515287
349 367 746867121
349 368 758706408
349 369 646755814
349 370 863104708
349 371 908851942
349 372 684091724
349 373 868536117
349 374 913869045
350 375 559267552
350 376 881561853
350 377 552771944
350 378 595172020
350 379 694049585
350 380 746041926
350 381 799000874
350 382 529415709
350 383 624773801
350 384 633388011
350 385 877059427
350 386 500395961
350 387 837923927
350 388 523424613
350 389 805834618
350 390 713586401
350 391 554421040
350 392 518664266
350 393 961842323
350 394 646618426
350 395 994873648
350 396 767550199
350 397 813881237
350 398 522484122
350 399 583866100
351 375 615693639
351 376 578465105
351 377 700390514
351 378 533481766
351 379 534751137
351 380 614379207
351 381 828329600
351 382 982212413
351 383 597411029
351 384 893567883
351 385 698332025
351 386 766670784
351 387 639545333
351 388 562947210
351 389 715938503
351 390 648933127
351 391 746407864
351 392 960932395
351 393 834404024
351 394 808438091
351 395 611681782
351 396 557915218
351 397 789196399
351 398 668064414
351 399 858522511
352 375 536336605
352 376 937022512
352 377 986814107
352 378 724455127
352 379 880631574
352 380 764355645
352 381 984500074
352 382 708379688
352 383 838073670
352 384 986940174
352 385 737876272
352 386 598511864
352 387 839242638
352 388 991177392
352 389 747534309
352 390 636533967
352 391 868276528
352 392 557946073
352 393 694816255
352 394 890738356
352 395 968594327
352 396 572886308
352 397 971943109
352 398 652300657
352 399 789474768
353 375 783056936
353 376 599004034
353 377 844375013
353 378 970472238
353 379 555028980
353 380 610640081
353 381 932818774
353 382 596712012
353 383 647664020
353 384 773786642
353 385 635714265
353 386 952781609
353 387 515419444
353 388 764285893
353 389 610685277
353 390 653036200
353 391 699769590
353 392 685286852
353 393 801097275
353 394 911598148
353 395 826269562
353 396 662849500
353 397 908613079
353 398 693502006
353 399 887932145
354 375 842376285
354 376 611210861
354 377 691212072
354 378 541854584
354 379 939693316
354 380 894335826
354 381 717790760
354 382 737844477
354 383 667429625
354 384 740759727
354 385 762190100
354 386 971922192
354 387 561245106
354 388 610711554
354 389 675402249
354 390 993191594
354 391 668181269
354 392 539104877
354 393 510865555
354 394 615186152
354 395 796966911
354 396 990647497
354 397 618281390
354 398 609715875
354 399 718934428
355 375 746088009
355 376 501396276
355 377 580475103
355 378 717030069
355 379 665785783
355 380 513432398
355 381 633814537
355 382 920788269
355 383 643475725
355 384 738362682
355 385 933726474
355 386 764639628
355 387 832262602
355 388 821959140
355 389 992662345
355 390 943576997
355 391 814862577
355 392 937078162
355 393 841559081
355 394 960476851
355 395 740144177
355 396 890135438
355 397 506578728
355 398 584458281
355 399 803621496
356 375 766900037
356 376 805323386
356 377 821363548
356 378 677246671
356 379 903857454
356 380 803755968
356 381 648904699
356 382 977945357
356 383 880468346
356 384 914955478
356 385 561317647
356 386 542159412
356 387 739607286
356 388 545397591
356 389 651255051
356 390 592228127
356 391 600219924
356 392 511258158
356 393 914329683
356 394 909347535
356 395 799859121
356 396 610565722
356 397 821998583
356 398 900443888
356 399 994851681
357 375 705061850
357 376 941268556
357 377 569823264
357 378 766482151
357 379 544160139
357 380 639221714
357 381 506798488
357 382 659459991
357 383 863513535
357 384 696981168
357 385 791199739
357 386 805237425
357 387 613044567
357 388 938257287
357 389 536354359
357 390 877713626
357 391 778062838
357 392 619716586
357 393 515521559
357 394 798317517
357 395 608938434
357 396 683680111
357 397 733446353
357 398 995709840
357 399 952165960
358 375 574706434
358 376 980826620
358 377 596246428
358 378 957491758
358 379 706730000
358 380 848491551
358 381 614527122
358 382 738077381
358 383 581470818
358 384 903568826
358 385 985476673
358 386 592573816
358 387 553063684
358 388 910259650
358 389 920222162
358 390 902938394
358 391 887806166
358 392 571903199
358 393 916753518
358 394 770504005
358 395 648716791
358 396 569012865
358 397 768510906
358 398 837266315
358 399 630170202
359 375 511926352
359 376 873567485
359 377 603065970
359 378 646435627
359 379 799816183
359 380 592803836
359 381 836347799
359 382 623648502
359 383 539248736
359 384 916970861
359 385 792291436
359 386 975239482
359 387 542792683
359 388 515605157
359 389 725574826
359 390 903555856
359 391 705818224
359 392 747317058
359 393 501612885
359 394 525256037
359 395 931597781
359 396 884782071
359 397 698063613
359 398 567131434
359 399 993183909
360 375 978721614
360 376 550735965
360 377 699168316
360 378 560333622
360 379 619969333
360 380 508507912
360 381 645858906
360 382 792011028
360 383 990024976
360 384 717018305
360 385 891426879
360 386 600610920
360 387 884333679
360 388 523479453
360 389 918070920
360 390 994103116
360 391 768720673
360 392 785499728
360 393 565956246
360 394 551193371
360 395 574918020
360 396 723128572
360 397 995645786
360 398 868273116
360 399 678725966
361 375 670506142
361 376 757815633
361 377 984862815
361 378 520082246
361 379 843672857
361 380 713266665
361 381 798994339
361 382 768813022
361 383 890846439
361 384 633841401
361 385 844792359
361 386 500967344
361 387 673396099
361 388 633202075
361 389 713487532
361 390 597864381
361 391 792843583
361 392 851675636
361 393 654161655
361 394 738224176
361 395 629991252
361 396 719074081
361 397 749492068
361 398 612844616
361 399 715914159
362 375 990700816
362 376 615527247
362 377 751479341
362 378 526087423
362 379 840094193
362 380 537003871
362 381 674293404
362 382 653715068
362 383 633336939
362 384 755349169
362 385 914041872
362 386 614265924
362 387 583207171
362 388 705118149
362 389 500507808
362 390 961162035
362 391 653372660
362 392 848703923
362 393 657173073
362 394 731133158
362 395 633405167
362 396 692815953
362 397 741994318
362 398 920193023
362 399 784879920
363 375 710111119
363 376 990531203
363 377 554328373
363 378 929303937
363 379 822636945
363 380 738877346
363 381 822167467
363 382 765988845
363 383 982063042
363 384 688108351
363 385 599859330
363 386 851465848
363 387 539211011
363 388 533946709
363 389 903992144
363 390 886808191
363 391 771553777
363 392 792910375
363 393 935407295
363 394 641194373
363 395 695496613
363 396 539184173
363 397 684589770
363 398 623269561
363 399 831819400
364 375 698267246
364 376 838221391
364 377 809896903
364 378 900953440
364 379 858158948
364 380 530399253
364 381 758583088
364 382 888951118
364 383 839484346
364 384 767265095
364 385 685707759
364 386 525439888
364 387 522800389
364 388 621421931
364 389 592221649
364 390 954830823
364 391 732398180
364 392 764663665
364 393 763642302
364 394 883893978
364 395 979016649
364 396 868119892
364 397 722557636
364 398 778986433
364 399 874489636
365 375 825316394
365 376 605495831
365 377 686452785
365 378 720944520
365 379 744234633
365 380 652924478
365 381 641822009
365 382 784596412
365 383 738222381
365 384 625897495
365 385 821658380
365 386 591428494
365 387 866199604
365 388 860318366
365 389 703907368
365 390 720905993
365 391 785565529
365 392 749493861
365 393 883646157
365 394 812915424
365 395 665528278
365 396 856658346
365 397 889830846
365 398 690681269
365 399 641717738
366 375 667845043
366 376 689082633
366 377 716901388
366 378 916827718
366 379 577352562
366 380 935303616
366 381 663491191
366 382 735935538
366 383 828724575
366 384 953495688
366 385 768958793
366 386 802266023
366 387 663987231
366 388 816845162
366 389 909977672
366 390 784586273
366 391 952874918
366 392 685637758
366 393 886901132
366 394 883087769
366 395 508162761
366 396 835491724
366 397 754489518
366 398 887397614
366 399 530067695
367 375 685955554
367 376 651240415
367 377 764038824
367 378 555473687
367 379 578090489
367 380 786874533
367 381 630176367
367 382 816698113
367 383 806807192
367 384 587180854
367 385 575005808
367 386 629286941
367 387 608218205
367 388 625395537
367 389 726999482
367 390 895554264
367 391 754521834
367 392 703934418
367 393 581775612
367 394 737117183
367 395 650980596
367 396 694786494
367 397 985034290
367 398 891979940
367 399 714163235
368 375 782092203
368 376 981027050
368 377 692079682
368 378 967835435
368 379 861985571
368 380 641750470
368 381 833705179
368 382 590636283
368 383 987239278
368 384 810008802
368 385 695536396
368 386 633772364
368 387 554808574
368 388 930189864
368 389 797215529
368 390 788193977
368 391 606599276
368 392 728925365
368 393 951044933
368 394 582686511
368 395 686078481
368 396 836043854
368 397 879660272
368 398 702032080
368 399 987257192
369 375 786273535
369 376 845134698
369 377 889616879
369 378 861946788
369 379 710160491
369 380 866876622
369 381 663764020
369 382 918064602
369 383 856710714
369 384 826765537
369 385 777692316
369 386 613214724
369 387 561059488
369 388 875414076
369 389 549537352
369 390 903515725
369 391 728388363
369 392 595405554
369 393 729609930
369 394 935559070
369 395 596556163
369 396 523501142
369 397 887251317
369 398 577291923
369 399 975483966
370 375 928678368
370 376 800718159
370 377 812535147
370 378 973986963
370 379 717072757
370 380 534337448
370 381 831433567
370 382 828615966
370 383 976198701
370 384 918390260
370 385 725647593
370 386 981122900
370 387 965904290
370 388 776932922
370 389 621750412
370 390 861152820
370 391 764543359
370 392 871477189
370 393 650596910
370 394 693187695
370 395 711064011
370 396 995393614
370 397 597321470
370 398 823212165
370 399 901935770
371 375 639512861
371 376 943503152
371 377 988019124
371 378 662399720
371 379 542861676
371 380 983765844
371 381 811424635
371 382 981553706
371 383 830816383
371 384 645279769
371 385 553505471
371 386 973123418
371 387 720832469
371 388 897401282
371 389 609105518
371 390 961063510
371 391 954835316
371 392 712887964
371 393 783738536
371 394 546445885
371 395 581866788
371 396 756992964
371 397 515090447
371 398 694279126
371 399 873613985
372 375 661626360
372 376 764317928
372 377 749116508
372 378 786123433
372 379 958512260
372 380 831898318
372 381 882732524
372 382 949548123
372 383 869797984
372 384 883053105
372 385 963832313
372 386 808740404
372 387 713215805
372 388 910308098
372 389 975207909
372 390 982595908
372 391 827440191
372 392 891742135
372 393 792890230
372 394 505309686
372 395 941581424
372 396 635259263
372 397 587334622
372 398 751267097
372 399 988183919
373 375 742596851
373 376 885965279
373 377 905761188
373 378 675835649
373 379 999463490
373 380 562481052
373 381 765234727
373 382 735316940
373 383 551010968
373 384 594806518
373 385 620171181
373 386 930739809
373 387 839626634
373 388 778959192
373 389 766683954
373 390 620483087
373 391 746209421
373 392 699322987
373 393 838329115
373 394 803956904
373 395 591017678
373 396 940913918
373 397 996665450
373 398 845179621
373 399 535475545
374 375 729339717
374 376 618351822
374 377 695408470
374 378 598214405
374 379 774382080
374 380 679126666
374 381 955828387
374 382 931107898
374 383 814201306
374 384 885655154
374 385 781862329
374 386 819208130
374 387 859520346
374 388 726626259
374 389 591460026
374 390 616659881
374 391 866246732
374 392 923951723
374 393 575775508
374 394 945503387
374 395 828849319
374 396 705763920
374 397 540308756
374 398 801004560
374 399 597103442
375 400 631492610
375 401 838442112
375 402 884563692
375 403 920641897
375 404 615844084
375 405 902113661
375 406 648415145
375 407 937229439
375 408 913522558
375 409 627969247
375 410 702381301
375 411 657440809
375 412 977704287
375 413 748545048
375 414 554306299
375 415 501872922
375 416 934004911
375 417 606885119
375 418 523975925
375 419 834195393
375 420 807242742
375 421 696993730
375 422 814377156
375 423 850083817
375 424 949025868
376 400 896589905
376 401 500637634
376 402 974789210
376 403 801346372
376 404 552203962
376 405 860922101
376 406 912467716
376 407 706253868
376 408 842135648
376 409 704228114
376 410 540309946
376 411 769416923
376 412 571959538
376 413 865173029
376 414 630437661
376 415 567265797
376 416 553225817
376 417 534245643
376 418 578162822
376 419 909592607
376 420 791416778
376 421 934596329
376 422 850312401
376 423 967686770
376 424 942238158
377 400 732011396
377 401 580238298
377 402 699141739
377 403 587554871
377 404 686064630
377 405 569763439
377 406 661765494
377 407 543075368
377 408 949850318
377 409 689710693
377 410 858213583
377 411 868346127
377 412 725032073
377 413 684065589
377 414 751867537
377 415 710404627
377 416 918787905
377 417 944087691
377 418 735502970
377 419 747492064
377 420 889251575
377 421 820577143
377 422 573178627
377 423 847207034
377 424 615972001
378 400 983067176
378 401 596958028
378 402 784714306
378 403 758981793
378 404 776140118
378 405 891334885
378 406 954826190
378 407 572815463
378 408 836233506
378 409 670070060
378 410 876826551
378 411 699272110
378 412 681630549
378 413 601170279
378 414 748117006
378 415 757026249
378 416 924670618
378 417 703406183
378 418 887898542
378 419 872804927
378 420 882062762
378 421 779225379
378 422 806767165
378 423 654239839
378 424 596110191
379 400 569152471
379 401 621866492
379 402 579002801
379 403 906188559
379 404 864113531
379 405 880140003
379 406 835888899
379 407 543391697
379 408 837179512
379 409 714715862
379 410 517341395
379 411 859043412
379 412 922020246
379 413 810465645
379 414 577880436
379 415 760917280
379 416 759174290
379 417 908678055
379 418 767259179
379 419 962786395
379 420 834614535
379 421 929293976
379 422 548790327
379 423 619651687
379 424 968712507
380 400 502289198
380 401 842486550
380 402 854009521
380 403 552331717
380 404 590136509
380 405 843535012
380 406 771864299
380 407 635491285
380 408 853064855
380 409 979201041
380 410 781571182
380 411 865203769
380 412 926123663
380 413 597627100
380 414 530549898
380 415 855852784
380 416 920042313
380 417 806461004
380 418 749769819
380 419 861565450
380 420 550409264
380 421 713010022
380 422 903603438
380 423 708602883
380 424 957891257
381 400 695563436
381 401 818323740
381 402 860162648
381 403 921164316
381 404 895960855
381 405 527735783
381 406 974307670
381 407 871510581
381 408 690029264
381 409 790452725
381 410 898040961
381 411 836042406
381 412 875009349
381 413 944894909
381 414 682596437
381 415 848512527
381 416 578009845
381 417 647276905
381 418 675473846
381 419 773871719
381 420 619446250
381 421 790939514
381 422 857855828
381 423 584591159
381 424 653111735
382 400 667536461
382 401 860724254
382 402 959474571
382 403 993414810
382 404 960089872
382 405 928293912
382 406 580976864
382 407 526243712
382 408 999267382
382 409 531545494
382 410 503318971
382 411 691825111
382 412 791802065
382 413 652768973
382 414 811057011
382 415 682351205
382 416 566903427
382 417 525760254
382 418 902250768
382 419 754689171
382 420 824927949
382 421 543829619
382 422 680423838
382 423 765419581
382 424 866654161
383 400 734946790
383 401 878396041
383 402 777918158
383 403 786240368
383 404 835910146
383 405 875208698
383 406 614452329
383 407 945654010
383 408 780948665
383 409 619574804
383 410 530444563
383 411 862324524
383 412 514561190
383 413 559773964
383 414 986542150
383 415 635417482
383 416 772777010
383 417 944020721
383 418 939543131
383 419 513402387
383 420 805989478
383 421 959268749
383 422 800812564
383 423 956973832
383 424 960574299
384 400 870968824
384 401 509029843
384 402 766893192
384 403 741485913
384 404 998402509
384 405 705407411
384 406 882712086
384 407 646068637
384 408 575087961
384 409 588750299
384 410 903182457
384 411 521467251
384 412 690621213
384 413 515521609
384 414 809502403
384 415 906122169
384 416 999158018
384 417 627958426
384 418 801453630
384 419 750004351
384 420 671224785
384 421 784969268
384 422 710855316
384 423 594207570
384 424 915165975
385 400 772072825
385 401 932599048
385 402 857737174
385 403 520643326
385 404 525317798
385 405 903113383
385 406 612017604
385 407 598870419
385 408 944209750
385 409 772144466
385 410 846513396
385 411 608202306
385 412 722605212
385 413 766365842
385 414 739875767
385 415 690772240
385 416 564400453
385 417 872820451
385 418 847178390
385 419 516241171
385 420 936989622
385 421 909463098
385 422 893436948
385 423 913869815
385 424 922040450
386 400 920393482
386 401 514880119
386 402 826869145
386 403 536818036
386 404 570187272
386 405 586327606
386 406 828431757
386 407 940026046
386 408 804731472
386 409 748251459
386 410 890962054
386 411 634553540
386 412 539836892
386 413 761343439
386 414 911657253
386 415 924685669
386 416 877702345
386 417 641245570
386 418 796881123
386 419 564448765
386 420 810923954
386 421 882238665
386 422 971026277
386 423 580036201
386 424 873210036
387 400 629904441
387 401 863448613
387 402 624168247
387 403 816352574
387 404 883836140
387 405 523499366
387 406 916370223
387 407 951893819
387 408 698302803
387 409 996759187
387 410 541873601
387 411 935866356
387 412 976651683
387 413 560889819
387 414 661352397
387 415 707314903
387 416 845445029
387 417 584203929
387 418 890011853
387 419 583886738
387 420 900480494
387 421 978545623
387 422 976801419
387 423 865019605
387 424 752214949
388 400 868568481
388 401 586935139
388 402 723747918
388 403 992331941
388 404 689237992
388 405 657759607
388 406 519093997
388 407 869891831
388 408 799558876
388 409 866549525
388 410 823219159
388 411 744496008
388 412 735335644
388 413 898891155
388 414 911837783
388 415 528444765
388 416 982113085
388 417 671449382
388 418 915236654
388 419 648060798
388 420 844833873
388 421 843063574
388 422 940787239
388 423 883930079
388 424 588672551
389 400 634084079
389 401 804760357
389 402 652082114
389 403 793547779
389 404 889241711
389 405 642734621
389 406 733540675
389 407 559881205
389 408 572506062
389 409 698404003
389 410 529034577
389 411 735614594
389 412 535730118
389 413 964746990
389 414 869130012
389 415 602840600
389 416 975301669
389 417 586271808
389 418 706118220
389 419 958671405
389 420 938470099
389 421 515316859
389 422 698690251
389 423 933961664
389 424 963726811
390 400 983884215
390 401 544618279
390 402 966270763
390 403 572154666
390 404 725346613
390 405 949663696
390 406 967080992
390 407 741143184
390 408 820496311
390 409 942851220
390 410 971822503
390 411 787700569
390 412 799425953
390 413 935064463
390 414 748613455
390 415 854323286
390 416 775383610
390 417 614738745
390 418 501834263
390 419 956280163
390 420 776137124
390 421 668198910
390 422 825751820
390 423 834776036
390 424 703504948
391 400 819864968
391 401 692333576
391 402 608801581
391 403 942844575
391 404 533963587
391 405 667829165
391 406 695235083
391 407 755368089
391 408 557621838
391 409 658485355
391 410 746101765
391 411 565207944
391 412 757738514
391 413 636912472
391 414 943408469
391 415 557487980
391 416 728821629
391 417 875688046
391 418 871166885
391 419 525916333
391 420 909722987
391 421 703442796
391 422 860559413
391 423 718584557
391 424 530648205
392 400 992893971
392 401 916037616
392 402 825739583
392 403 633209285
392 404 538566787
392 405 577217005
392 406 898180241
392 407 515069637
392 408 620033289
392 409 631632875
392 410 918187273
392 411 921122514
392 412 796092808
392 413 845647271
392 414 756821673
392 415 558450087
392 416 880152402
392 417 624413435
392 418 558176577
392 419 858372694
392 420 880974509
392 421 570051882
392 422 675194219
392 423 630822825
392 424 762092165
393 400 525628695
393 401 745844806
393 402 625383699
393 403 867928271
393 404 945270517
393 405 668769700
393 406 831646467
393 407 680979982
393 408 658442467
393 409 808596935
393 410 846777449
393 411 820463094
393 412 559594479
393 413 893744250
393 414 715285295
393 415 584097660
393 416 828808625
393 417 889894936
393 418 658678371
393 419 648135065
393 420 913490587
393 421 634496911
393 422 658659047
393 423 727484250
393 424 903953442
394 400 531710944
394 401 647001834
394 402 933174193
394 403 886496696
394 404 763730228
394 405 722704020
394 406 989597605
394 407 555208368
394 408 605814055
394 409 718603552
394 410 590844078
394 411 842004598
394 412 914487123
394 413 529385760
394 414 749516555
394 415 714389034
394 416 746554377
394 417 549065308
394 418 973746035
394 419 685671133
394 420 847718645
394 421 657587712
394 422 598680612
394 423 645473989
394 424 829894282
395 400 946687639
395 401 986225437
395 402 941270811
395 403 647087559
395 404 954341719
395 405 710920083
395 406 941038346
395 407 999118937
395 408 687393653
395 409 625839041
395 410 889895055
395 411 625015182
395 412 936138537
395 413 533597025
395 414 513547132
395 415 504048509
395 416 997866274
395 417 956228241
395 418 501996953
395 419 571234211
395 420 967379528
395 421 756467215
395 422 967380849
395 423 864415647
395 424 994551654
396 400 504753680
396 401 749845633
396 402 628015840
396 403 964109646
396 404 780779014
396 405 886433595
396 406 686985075
396 407 752409456
396 408 570125418
396 409 643590626
396 410 863842737
396 411 940046222
396 412 728688435
396 413 802092789
396 414 519326754
396 415 591404327
396 416 661030986
396 417 850882497
396 418 508721594
396 419 937353106
396 420 796734365
396 421 895654114
396 422 965447493
396 423 765629461
396 424 960141159
397 400 718685873
397 401 724598628
397 402 527245727
397 403 565503186
397 404 975475582
397 405 750558530
397 406 709157053
397 407 562515879
397 408 930946106
397 409 516279571
397 410 630740142
397 411 983868265
397 412 538884547
397 413 808426419
397 414 991945951
397 415 748538450
397 416 955104509
397 417 532971051
397 418 675009981
397 419 922256264
397 420 626230291
397 421 664230499
397 422 580829948
397 423 657998633
397 424 745207593
398 400 543380852
398 401 563061200
398 402 951668620
398 403 601308677
398 404 624480938
398 405 602092230
398 406 735556654
398 407 678967780
398 408 618552580
398 409 776575084
398 410 734925417
398 411 644381272
398 412 845387426
398 413 647038097
398 414 547921333
398 415 864799640
398 416 623321847
398 417 620276501
398 418 779061002
398 419 861748062
398 420 900194652
398 421 673732473
398 422 768937098
398 423 667892697
398 424 817777413
399 400 932236260
399 401 916771537
399 402 955575390
399 403 563958278
399 404 646768660
399 405 833183388
399 406 865680959
399 407 576510854
399 408 690416406
399 409 556851671
399 410 633873155
399 411 775961450
399 412 995408505
399 413 688878193
399 414 566992594
399 415 661724328
399 416 960970495
399 417 906752602
399 418 938952122
399 419 818117169
399 420 810135181
399 421 924151554
399 422 993210555
399 423 678244173
399 424 907384449
400 425 990302104
400 426 619128734
400 427 855180174
400 428 919225884
400 429 793007859
400 430 660387666
400 431 915053872
400 432 899594597
400 433 643301328
400 434 767735338
400 435 850214436
400 436 721025879
400 437 722530805
400 438 828389433
400 439 610609837
400 440 527574791
400 441 680986690
400 442 648907857
400 443 649812914
400 444 516077542
400 445 868122025
400 446 933156445
400 447 914870992
400 448 993420485
400 449 738490448
401 425 687041280
401 426 854470723
401 427 771146678
401 428 855032397
401 429 914079299
401 430 718371332
401 431 671653728
401 432 549327782
401 433 616004054
401 434 912931502
401 435 718052596
401 436 903905030
401 437 593911166
401 438 962509900
401 439 542595760
401 440 610044590
401 441 971008777
401 442 972491590
401 443 752302148
401 444 810999801
401 445 763257909
401 446 951293662
401 447 533995817
401 448 801816576
401 449 770967371
402 425 840171573
402 426 778593312
402 427 970706781
402 428 631179681
402 429 665408104
402 430 958391766
402 431 833073721
402 432 931346279
402 433 804157588
402 434 680205363
402 435 984580020
402 436 963373650
402 437 973612948
402 438 599166553
402 439 980374805
402 440 746015754
402 441 838375759
402 442 904523311
402 443 917048242
402 444 966487298
402 445 958056651
402 446 919781517
402 447 988068551
402 448 968610405
402 449 932790307
403 425 662351072
403 426 603753309
403 427 780762673
403 428 590991310
403 429 981897435
403 430 927564072
403 431 683321004
403 432 954092546
403 433 802106490
403 434 578332908
403 435 510814106
403 436 940856372
403 437 602392041
403 438 762053522
403 439 906048914
403 440 843504295
403 441 641087661
403 442 517850283
403 443 991417269
403 444 644614285
403 445 883591388
403 446 545239095
403 447 516560255
403 448 840349476
403 449 811949883
404 425 655860846
404 426 586088983
404 427 672426066
404 428 714406708
404 429 637073168
404 430 635464965
404 431 652546249
404 432 736968056
404 433 943446992
404 434 978959102
404 435 886320169
404 436 649211064
404 437 950215228
404 438 982856371
404 439 531501829
404 440 609117035
404 441 725885366
404 442 795416419
404 443 562886305
404 444 688653925
404 445 940911605
404 446 806495441
404 447 716057856
404 448 701718707
404 449 559187745
405 425 786293730
405 426 634034703
405 427 579582264
405 428 591058207
405 429 885003310
405 430 789967405
405 431 817126954
405 432 678833913
405 433 963458455
405 434 791563132
405 435 855303339
405 436 998791638
405 437 724532101
405 438 671975430
405 439 789930552
405 440 617811212
405 441 921186648
405 442 676849182
405 443 898754816
405 444 656340264
405 445 883744969
405 446 933886992
405 447 814650324
405 448 951091313
405 449 768124188
406 425 513542554
406 426 701258094
406 427 939923942
406 428 829654091
406 429 526104039
406 430 596582848
406 431 756856363
406 432 544002321
406 433 852165438
406 434 554439093
406 435 575660299
406 436 504004735
406 437 503839966
406 438 685903209
406 439 589053273
406 440 774174230
406 441 720447805
406 442 951539038
406 443 905951103
406 444 774573207
406 445 828712795
406 446 960953476
406 447 867930772
406 448 870344475
406 449 710512948
407 425 972207401
407 426 803587137
407 427 648304728
407 428 860276077
407 429 657561599
407 430 520032147
407 431 868442341
407 432 665039994
407 433 842881298
407 434 755705969
407 435 953478152
407 436 540223804
407 437 757583887
407 438 556530074
407 439 916708345
407 440 717910322
407 441 980276188
407 442 701352843
407 443 773466586
407 444 908858389
407 445 594031030
407 446 813089078
407 447 706894479
407 448 765041321
407 449 580242435
408 425 813552003
408 426 519571597
408 427 656971708
408 428 798958678
408 429 798645518
408 430 963976972
408 431 746974454
408 432 536279929
408 433 575126989
408 434 538234443
408 435 790000595
408 436 869612866
408 437 737071990
408 438 631562011
408 439 706279779
408 440 864644171
408 441 994775554
408 442 694733657
408 443 606413926
408 444 714362876
408 445 611160971
408 446 781253008
408 447 893235746
408 448 731167210
408 449 525962413
409 425 730058685
409 426 997272753
409 427 706123828
409 428 644954763
409 429 778170293
409 430 594020349
409 431 715519544
409 432 706610334
409 433 510791853
409 434 997427708
409 435 863410898
409 436 928115526
409 437 833689190
409 438 877534575
409 439 762087179
409 440 643703738
409 441 524605595
409 442 809478709
409 443 976569133
409 444 596160962
409 445 843852291
409 446 769218373
409 447 716033004
409 448 643526930
409 449 887059118
410 425 540054481
410 426 821626459
410 427 628542527
410 428 964317454
410 429 917189122
410 430 643156203
410 431 671339203
410 432 900633796
410 433 971758645
410 434 859586172
410 435 853033101
410 436 617328350
410 437 925605087
410 438 580566076
410 439 894218926
410 440 968185111
410 441 756060942
410 442 686610103
410 443 528661757
410 444 636202063
410 445 717580872
410 446 778539233
410 447 523870130
410 448 712901997
410 449 805557975
411 425 833416487
411 426 885569049
411 427 816007182
411 428 889508332
411 429 785385820
411 430 631734877
411 431 903055187
411 432 551438269
411 433 809816213
411 434 801867729
411 435 587215731
411 436 681213812
411 437 971576505
411 438 888078427
411 439 728337963
411 440 849739430
411 441 800681172
411 442 512215732
411 443 635826343
411 444 833208531
411 445 522464487
411 446 707567639
411 447 902974557
411 448 641403434
411 449 698589579
412 425 964170193
412 426 523368065
412 427 833382790
412 428 735873207
412 429 711769331
412 430 935818485
412 431 879995211
412 432 580650938
412 433 508495066
412 434 748409164
412 435 909238790
412 436 862365275
412 437 624519199
412 438 963135211
412 439 725086615
412 440 584524608
412 441 933836036
412 442 552175410
412 443 606078520
412 444 937769629
412 445 910406213
412 446 743371193
412 447 820357325
412 448 578771291
412 449 676854071
413 425 645997160
413 426 815030010
413 427 630775431
413 428 646589314
413 429 834341625
413 430 603657062
413 431 963170610
413 432 563090467
413 433 753902532
413 434 834035115
413 435 560793356
413 436 508939502
413 437 761710278
413 438 584325182
413 439 799113504
413 440 672695970
413 441 667982180
413 442 829603008
413 443 715955292
413 444 751669118
413 445 741059473
413 446 933605687
413 447 907509177
413 448 545629848
413 449 833066768
414 425 644974510
414 426 945484791
414 427 898175231
414 428 880483175
414 429 550288473
414 430 627126995
414 431 851624897
414 432 800581496
414 433 808417702
414 434 591596227
414 435 721317260
414 436 724453667
414 437 772973667
414 438 884821086
414 439 701868123
414 440 909020412
414 441 958637861
414 442 835843027
414 443 887837108
414 444 670560479
414 445 813353904
414 446 711911398
414 447 915063917
414 448 887922788
414 449 691891951
415 425 846055316
415 426 642462418
415 427 811115764
415 428 910425275
415 429 875954739
415 430 513076604
415 431 551895994
415 432 551488832
415 433 583929995
415 434 511568034
415 435 660834447
415 436 582661825
415 437 853793536
415 438 778595224
415 439 816133986
415 440 615349471
415 441 723289104
415 442 555069293
415 443 904717802
415 444 950810699
415 445 582992130
415 446 937104299
415 447 641007878
415 448 526463121
415 449 591702708
416 425 528072224
416 426 679391310
416 427 638340181
416 428 714857025
416 429 566790608
416 430 536205208
416 431 511223787
416 432 702898864
416 433 718196811
416 434 504405517
416 435 885236540
416 436 715137378
416 437 504472170
416 438 741012711
416 439 601699906
416 440 961672247
416 441 577911233
416 442 894542287
416 443 941085419
416 444 989968660
416 445 565738135
416 446 852108055
416 447 677627547
416 448 891232216
416 449 729096988
417 425 939058204
417 426 624893915
417 427 893795700
417 428 522513096
417 429 825458208
417 430 559298949
417 431 966149818
417 432 754244110
417 433 630085633
417 434 650976039
417 435 551078403
417 436 583022462
417 437 917535418
417 438 661677640
417 439 816994981
417 440 503640776
417 441 946142288
417 442 780061292
417 443 538243306
417 444 873413822
417 445 771971759
417 446 952852517
417 447 947144355
417 448 627853695
417 449 725508898
418 425 536274260
418 426 813410884
418 427 685610879
418 428 573270688
418 429 793888170
418 430 694039051
418 431 815155451
418 432 652288593
418 433 972692656
418 434 995354653
418 435 506153259
418 436 726728898
418 437 713678130
418 438 710419124
418 439 880395202
418 440 950320020
418 441 896763331
418 442 610770723
418 443 607582763
418 444 987762582
418 445 864094373
418 446 505783344
418 447 977845805
418 448 785340852
418 449 632956448
419 425 827594927
419 426 823898516
419 427 732460197
419 428 814623223
419 429 765470306
419 430 837783321
419 431 658833171
419 432 570104425
419 433 641184001
419 434 762391272
419 435 921006348
419 436 852123911
419 437 592617851
419 438 962430553
419 439 764224410
419 440 865338797
419 441 875506324
419 442 708361370
419 443 758269981
419 444 860345065
419 445 605926533
419 446 586623005
419 447 662197057
419 448 544483651
419 449 843899616
420 425 836233292
420 426 620702767
420 427 709277809
420 428 731190415
420 429 989739699
420 430 570369757
420 431 719692414
420 432 709658717
420 433 998821040
420 434 606620737
420 435 955339351
420 436 685926874
420 437 560480176
420 438 915464023
420 439 819950569
420 440 642725563
420 441 575382445
420 442 840097860
420 443 509854851
420 444 898801663
420 445 803126464
420 446 641724391
420 447 829536061
420 448 838975132
420 449 618481411
421 425 528144031
421 426 605341885
421 427 581522389
421 428 722376928
421 429 738679189
421 430 971383975
421 431 826692401
421 432 639282479
421 433 974947373
421 434 824760538
421 435 565308334
421 436 965341367
421 437 563151533
421 438 634844923
421 439 962612949
421 440 833855102
421 441 618594906
421 442 897146806
421 443 936290175
421 444 818572885
421 445 698312588
421 446 745912280
421 447 549799573
421 448 675971196
421 449 743220436
422 425 589496100
422 426 970112771
422 427 935307630
422 428 743452619
422 429 924189468
422 430 997597864
422 431 831520707
422 432 930950892
422 433 930474432
422 434 605743441
422 435 760440455
422 436 906049258
422 437 657192056
422 438 654931567
422 439 950239860
422 440 896293466
422 441 525093852
422 442 668110466
422 443 726302177
422 444 764116434
422 445 532319465
422 446 663410653
422 447 953930235
422 448 931434017
422 449 646649955
423 425 715014176
423 426 784695233
423 427 570396565
423 428 970552954
423 429 638098017
423 430 690060134
423 431 605990328
423 432 615026344
423 433 547332122
423 434 755505062
423 435 976210466
423 436 677029861
423 437 894044495
423 438 507337908
423 439 725625266
423 440 948476417
423 441 718899349
423 442 609530160
423 443 517076306
423 444 935049634
423 445 904485937
423 446 867222920
423 447 514216639
423 448 942392028
423 449 706091618
424 425 634906964
424 426 578921481
424 427 869494391
424 428 920346125
424 429 692657160
424 430 743942335
424 431 568686296
424 432 565123482
424 433 639254426
424 434 832115184
424 435 559464040
424 436 983298199
424 437 549693065
424 438 529787829
424 439 576648022
424 440 867620620
424 441 995821037
424 442 889752300
424 443 904501835
424 444 968290584
424 445 784993110
424 446 993847296
424 447 864163214
424 448 779518003
424 449 505450987
425 450 707008433
425 451 714958502
425 452 879302894
425 453 569296131
425 454 537307269
425 455 887727937
425 456 755455778
425 457 965639874
425 458 535669231
425 459 593637687
425 460 684074551
425 461 997682358
425 462 618153794
425 463 524773050
425 464 858608530
425 465 778753129
425 466 807758200
425 467 881342234
425 468 751043338
425 469 896482171
425 470 769637136
425 471 908918571
425 472 813642255
425 473 545539447
425 474 960603471
426 450 719480721
426 451 504205750
426 452 819343141
426 453 762055405
426 454 921896114
426 455 659465719
426 456 525261358
426 457 957787462
426 458 766911991
426 459 719379247
426 460 955278286
426 461 685807712
426 462 860747431
426 463 719849956
426 464 860269765
426 465 854017280
426 466 516702972
426 467 684888933
426 468 646165067
426 469 798626420
426 470 893639970
426 471 714918194
426 472 958328698
426 473 605571573
426 474 857972616
427 450 709497735
427 451 862885708
427 452 740255635
427 453 515384408
427 454 599614122
427 455 661522835
427 456 634129723
427 457 610080799
427 458 654667414
427 459 790802930
427 460 821536256
427 461 619248166
427 462 907195911
427 463 568884566
427 464 883003237
427 465 951633197
427 466 932088742
427 467 568153197
427 468 906368046
427 469 721733187
427 470 733450917
427 471 957115724
427 472 890368568
427 473 938103739
427 474 729249254
428 450 594676357
428 451 665777177
428 452 600665137
428 453 565941542
428 454 716868832
428 455 920213710
428 456 524671195
428 457 767601693
428 458 779924905
428 459 785329461
428 460 688278104
428 461 715539575
428 462 531860508
428 463 776354503
428 464 731874900
428 465 936609051
428 466 544977435
428 467 786866302
428 468 685670540
428 469 555351469
428 470 628888174
428 471 582214394
428 472 792832048
428 473 521133499
428 474 745264176
429 450 932470407
429 451 819549038
429 452 768454822
429 453 714165415
429 454 550855752
429 455 571360058
429 456 766305637
429 457 540735035
429 458 688786754
429 459 909306560
429 460 581083488
429 461 777617461
429 462 534687645
429 463 789366456
429 464 534700030
429 465 998932680
429 466 675140470
429 467 588225391
429 468 775741655
429 469 673764233
429 470 921258844
429 471 709748843
429 472 748260109
429 473 847608417
429 474 630670677
430 450 657634764
430 451 995775142
430 452 962496562
430 453 973990066
430 454 809968636
430 455 940552932
430 456 571725436
430 457 775033297
430 458 807954052
430 459 741452829
430 460 987595686
430 461 765907897
430 462 941725316
430 463 958135273
430 464 854405400
430 465 649620371
430 466 746152376
430 467 514881589
430 468 959517239
430 469 972830565
430 470 532453631
430 471 529333010
430 472 951485722
430 473 614421968
430 474 532587485
431 450 991011087
431 451 772410026
431 452 840961559
431 453 850575927
431 454 754252195
431 455 518475174
431 456 657795740
431 457 548657032
431 458 934563592
431 459 992866492
431 460 631702290
431 461 852012592
431 462 568415805
431 463 665175301
431 464 515218266
431 465 562317315
431 466 550327626
431 467 542879158
431 468 793079638
431 469 849204144
431 470 625990831
431 471 555633061
431 472 756083344
431 473 910735554
431 474 570188977
432 450 522126354
432 451 802534718
432 452 560373055
432 453 744254965
432 454 847840922
432 455 543222574
432 456 760008785
432 457 628223422
432 458 832630690
432 459 878841746
432 460 757753855
432 461 727388610
432 462 600498977
432 463 530417044
432 464 620538469
432 465 688450487
432 466 752114973
432 467 975691542
432 468 728246737
432 469 825683983
432 470 878767726
432 471 793208363
432 472 817652930
432 473 962679553
432 474 829991591
433 450 579586015
433 451 764397933
433 452 668097952
433 453 778391461
433 454 967045728
433 455 749169427
433 456 643959967
433 457 526093051
433 458 721739241
433 459 841075587
433 460 683517769
433 461 582768815
433 462 723386635
433 463 799650581
433 464 776485511
433 465 640747375
433 466 752631417
433 467 795381864
433 468 554667101
433 469 670960767
433 470 785723167
433 471 598409231
433 472 832451860
433 473 953930252
433 474 776056840
434 450 891439082
434 451 693502376
434 452 504286756
434 453 777549408
434 454 982955263
434 455 953857313
434 456 852487734
434 457 518126384
434 458 801413492
434 459 928463821
434 460 671375194
434 461 840877688
434 462 642231460
434 463 761475929
434 464 884531579
434 465 689496948
434 466 943667473
434 467 877619322
434 468 550146738
434 469 694966725
434 470 913625181
434 471 695616783
434 472 845822594
434 473 805375022
434 474 666356980
435 450 951838805
435 451 839891448
435 452 862438369
435 453 962917763
435 454 829798872
435 455 858580301
435 456 694988711
435 457 844239641
435 458 853762718
435 459 761928476
435 460 804097998
435 461 810726063
435 462 983792363
435 463 827240324
435 464 598733867
435 465 860248534
435 466 839841128
435 467 638997246
435 468 826573602
435 469 555281346
435 470 964432328
435 471 709615449
435 472 742617359
435 473 646598446
435 474 931484736
436 450 895867752
436 451 867264008
436 452 759419061
436 453 777588259
436 454 768762574
436 455 969100759
436 456 552954378
436 457 874821367
436 458 931694129
436 459 787772829
436 460 707811317
436 461 725161723
436 462 986104857
436 463 923914780
436 464 607507110
436 465 572803897
436 466 991501616
436 467 534430053
436 468 521820018
436 469 998787691
436 470 667392618
436 471 971367802
436 472 861093177
436 473 599877822
436 474 877986988
437 450 612095759
437 451 516551028
437 452 924818476
437 453 755364978
437 454 559554781
437 455 956950677
437 456 750394452
437 457 636380930
437 458 543201683
437 459 677801909
437 460 617222518
437 461 821562699
437 462 559563290
437 463 512563584
437 464 812090624
437 465 904608786
437 466 864846372
437 467 802662957
437 468 780349304
437 469 552619691
437 470 801833239
437 471 568127119
437 472 919954490
437 473 514777499
437 474 818648999
438 450 599924568
438 451 879099593
438 452 607498515
438 453 729691181
438 454 609767179
438 455 694389999
438 456 881850892
438 457 865501519
438 458 922259368
438 459 627545586
438 460 583469431
438 461 571991431
438 462 786688879
438 463 621751837
438 464 962548729
438 465 868113153
438 466 754742999
438 467 631397895
438 468 860082676
438 469 732806097
438 470 726056376
438 471 851622183
438 472 819938470
438 473 795067990
438 474 883935501
439 450 802505528
439 451 798604748
439 452 711916078
439 453 760541515
439 454 823468156
439 455 763525383
439 456 682444377
439 457 728790074
439 458 518478033
439 459 878329406
439 460 787774066
439 461 723749781
439 462 824473874
439 463 996738888
439 464 767387251
439 465 977202795
439 466 543198143
439 467 515774594
439 468 667727658
439 469 532383581
439 470 922130455
439 471 668928912
439 472 868760582
439 473 767339142
439 474 890485642
440 450 749833418
440 451 920031080
440 452 936874184
440 453 933325127
440 454 666562198
440 455 968782523
440 456 751111152
440 457 997128473
440 458 890820458
440 459 822115989
440 460 944634782
440 461 544890759
440 462 705393509
440 463 834207738
440 464 960904733
440 465 799800895
440 466 606677649
440 467 799167652
440 468 787418060
440 469 505852313
440 470 984981046
440 471 975586713
440 472 723097160
440 473 882072090
440 474 743832936
441 450 839347122
441 451 784432867
441 452 967480505
441 453 786756182
441 454 811597828
441 455 896897665
441 456 574629959
441 457 799228306
441 458 669577465
441 459 723823984
441 460 907549827
441 461 917355772
441 462 749194786
441 463 722317243
441 464 668489886
441 465 546496528
441 466 598615590
441 467 537692199
441 468 592202897
441 469 963991364
441 470 922334862
441 471 638637229
441 472 740060023
441 473 650856399
441 474 633075916
442 450 868412807
442 451 782131151
442 452 581976457
442 453 712085642
442 454 927908782
442 455 561172670
442 456 699435950
442 457 692692109
442 458 553319952
442 459 646172763
442 460 910129612
442 461 920338435
442 462 854383406
442 463 723322495
442 464 849483236
442 465 545213640
442 466 616880849
442 467 569066421
442 468 525813170
442 469 986466151
442 470 617055032
442 471 554923524
442 472 637894397
442 473 882790224
442 474 864263449
443 450 994623132
443 451 540051611
443 452 960931471
443 453 626002156
443 454 738585117
443 455 823305528
443 456 870989916
443 457 555286565
443 458 650207429
443 459 605205740
443 460 582136792
443 461 895356520
443 462 800360700
443 463 622438976
443 464 624569957
443 465 692409652
443 466 794846059
443 467 641314238
443 468 582788765
443 469 518106713
443 470 985860069
443 471 755743628
443 472 610389027
443 473 805671196
443 474 964030627
444 450 888229329
444 451 606354827
444 452 770079601
444 453 840677940
444 454 805624212
444 455 736332723
444 456 894073775
444 457 793234828
444 458 928956200
444 459 960519269
444 460 724630151
444 461 708310282
444 462 951511636
444 463 866431881
444 464 580139841
444 465 809128968
444 466 884334099
444 467 591027499
444 468 824254674
444 469 970201709
444 470 996719994
444 471 925135760
444 472 885072022
444 473 523308250
444 474 548680311
445 450 959462123
445 451 930319746
445 452 728800401
445 453 954839072
445 454 943383684
445 455 864608051
445 456 513428100
445 457 835746154
445 458 650850116
445 459 940726237
445 460 976032369
445 461 940524577
445 462 576681675
445 463 654060523
445 464 610329419
445 465 814453242
445 466 689192818
445 467 549503524
445 468 898800773
445 469 575902291
445 470 786993703
445 471 863709368
445 472 945978348
445 473 734135570
445 474 780781535
446 450 683027348
446 451 803895102
446 452 715263962
446 453 896819739
446 454 992758837
446 455 670575874
446 456 984710351
446 457 710797021
446 458 697558074
446 459 928030496
446 460 692735967
446 461 822354569
446 462 987642107
446 463 844873340
446 464 605268658
446 465 568883710
446 466 670651448
446 467 755181657
446 468 735176707
446 469 888735515
446 470 757107369
446 471 525606035
446 472 956285164
446 473 727541257
446 474 909625335
447 450 921806387
447 451 847333597
447 452 812046737
447 453 898775473
447 454 624530920
447 455 752309448
447 456 825205722
447 457 949874770
447 458 777733017
447 459 601876764
447 460 943110809
447 461 900595812
447 462 754746084
447 463 847325539
447 464 708209507
447 465 801478988
447 466 693696558
447 467 875991082
447 468 814081248
447 469 925936773
447 470 718898534
447 471 991023714
447 472 577774231
447 473 782492814
447 474 972796410
448 450 869900451
448 451 727766557
448 452 899805287
448 453 825856523
448 454 510888747
448 455 965230363
448 456 786244353
448 457 552523173
448 458 638236720
448 459 600326478
448 460 571532374
448 461 865261852
448 462 964111866
448 463 938935720
448 464 578863785
448 465 642671914
448 466 967397059
448 467 909483586
448 468 603739827
448 469 737481223
448 470 960518585
448 471 915042593
448 472 991309813
448 473 537741929
448 474 593775602
449 450 877563934
449 451 901202482
449 452 704344472
449 453 954530290
449 454 502918553
449 455 719838497
449 456 554557647
449 457 576323701
449 458 642955668
449 459 878879965
449 460 898885119
449 461 944569208
449 462 955606867
449 463 726857629
449 464 704913326
449 465 542717841
449 466 517526509
449 467 798178194
449 468 765229305
449 469 894977294
449 470 904430196
449 471 862738511
449 472 923078916
449 473 929597241
449 474 938609108
450 475 838170282
450 476 887516967
450 477 637257419
450 478 602439307
450 479 933674576
450 480 963725069
450 481 517121333
450 482 601372652
450 483 760545911
450 484 569326361
450 485 914140870
450 486 725073411
450 487 832155779
450 488 684551546
450 489 508838520
450 490 993853858
450 491 831077781
450 492 772270886
450 493 871537664
450 494 670925660
450 495 868862929
450 496 538699948
450 497 922647817
450 498 687986850
450 499 894994791
451 475 511605082
451 476 653226141
451 477 688618450
451 478 597916069
451 479 693958210
451 480 550553940
451 481 977536270
451 482 998466679
451 483 980250036
451 484 954557972
451 485 639510630
451 486 671675717
451 487 810153412
451 488 878428260
451 489 630660612
451 490 925928931
451 491 834132765
451 492 811323979
451 493 543353061
451 494 738086690
451 495 702367113
451 496 794768434
451 497 969611882
451 498 916821654
451 499 632528362
452 475 533647653
452 476 739459201
452 477 837497101
452 478 969942472
452 479 677606924
452 480 994349508
452 481 686756989
452 482 519552437
452 483 872002597
452 484 646824043
452 485 950729939
452 486 889591945
452 487 971782792
452 488 991474311
452 489 804712743
452 490 893443409
452 491 630218647
452 492 666475995
452 493 749383085
452 494 935559722
452 495 854366041
452 496 835747770
452 497 910036255
452 498 908833272
452 499 922467294
453 475 672402380
453 476 980540913
453 477 618978429
453 478 827607925
453 479 771115645
453 480 809861883
453 481 773520927
453 482 727770307
453 483 904572777
453 484 684817645
453 485 966060732
453 486 980862430
453 487 619798894
453 488 972421888
453 489 956375693
453 490 755999483
453 491 507387989
453 492 689083778
453 493 793473927
453 494 765856765
453 495 893848857
453 496 664161812
453 497 916593675
453 498 575529320
453 499 733886703
454 475 572799000
454 476 543434655
454 477 945222199
454 478 744695008
454 479 925918822
454 480 875662418
454 481 909971094
454 482 611420362
454 483 953871700
454 484 890999513
454 485 716394522
454 486 566236514
454 487 768727296
454 488 966730717
454 489 864524377
454 490 804765845
454 491 739888456
454 492 502778826
454 493 636599564
454 494 945272245
454 495 571676914
454 496 972025597
454 497 882937533
454 498 696601641
454 499 834851736
455 475 727454618
455 476 985850485
455 477 987618089
455 478 838042205
455 479 687715878
455 480 587653810
455 481 600730332
455 482 942417197
455 483 603873627
455 484 808761065
455 485 631625060
455 486 664463094
455 487 652705926
455 488 577320116
455 489 643069248
455 490 615711003
455 491 939100238
455 492 836345316
455 493 970250369
455 494 953731334
455 495 904841160
455 496 652941679
455 497 652645054
455 498 649120045
455 499 897340450
456 475 710132744
456 476 899279872
456 477 681818503
456 478 822586769
456 479 891919579
456 480 990090290
456 481 508181211
456 482 524915851
456 483 569185743
456 484 545189088
456 485 523228334
456 486 846309785
456 487 515557338
456 488 938656840
456 489 706485834
456 490 687082094
456 491 932550136
456 492 916590947
456 493 812789822
456 494 639461547
456 495 738633448
456 496 865354532
456 497 730094348
456 498 596577085
456 499 505015514
457 475 941813243
457 476 637848231
457 477 788913133
457 478 725084562
457 479 764590371
457 480 744087971
457 481 717043158
457 482 804033457
457 483 899670484
457 484 691762702
457 485 690747385
457 486 864556623
457 487 637587040
457 488 987060689
457 489 935423227
457 490 835143850
457 491 880224027
457 492 750673964
457 493 533841518
457 494 794606059
457 495 938551290
457 496 913541456
457 497 620329049
457 498 613413293
457 499 669907205
458 475 555635532
458 476 524251870
458 477 758567667
458 478 863031949
458 479 715557080
458 480 555046222
458 481 991726018
458 482 629747383
458 483 745734971
458 484 822528552
458 485 874906374
458 486 688274084
458 487 588713562
458 488 873270546
458 489 562719561
458 490 562241009
458 491 819623362
458 492 864808031
458 493 975380209
458 494 811070693
458 495 519186359
458 496 907483609
458 497 566755039
458 498 716379835
458 499 508736883
459 475 524993562
459 476 955026203
459 477 968486624
459 478 811596992
459 479 992442265
459 480 782568901
459 481 747578808
459 482 880891944
459 483 631591895
459 484 979988128
459 485 806603052
459 486 949458381
459 487 932888301
459 488 720214528
459 489 703421200
459 490 975381941
459 491 737561024
459 492 527580121
459 493 747681267
459 494 540238112
459 495 737021664
459 496 536868791
459 497 897481406
459 498 828382699
459 499 897113407
460 475 796961269
460 476 599440906
460 477 503581674
460 478 660437260
460 479 886755332
460 480 963948561
460 481 827015839
460 482 783146968
460 483 940323055
460 484 654930187
460 485 652685352
460 486 948386763
460 487 673948721
460 488 773449424
460 489 537536360
460 490 509131917
460 491 914062464
460 492 593234851
460 493 965155509
460 494 547533084
460 495 595900768
460 496 660619452
460 497 850228102
460 498 857700394
460 499 952806439
461 475 536173733
461 476 758654609
461 477 979268895
461 478 885341127
461 479 513601168
461 480 799046477
461 481 790706541
461 482 754673699
461 483 591021139
461 484 599632690
461 485 692784611
461 486 783779838
461 487 895125470
461 488 793810131
461 489 533375306
461 490 959757933
461 491 941180424
461 492 560437811
461 493 522578952
461 494 732642163
461 495 996290718
461 496 892929290
461 497 719219824
461 498 970417764
461 499 520470459
462 475 515165113
462 476 878385752
462 477 890065969
462 478 620446703
462 479 667872953
462 480 615422464
462 481 772633378
462 482 638665638
462 483 932083295
462 484 732403550
462 485 582176675
462 486 512404490
462 487 642923744
462 488 651750010
462 489 971791552
462 490 761846118
462 491 516064011
462 492 724173499
462 493 509309879
462 494 871204215
462 495 764053963
462 496 951696008
462 497 689851121
462 498 901707555
462 499 629964791
463 475 757904607
463 476 892350374
463 477 914695682
463 478 705133192
463 479 787337671
463 480 919698983
463 481 557613250
463 482 972665564
463 483 635522061
463 484 959102048
463 485 604249337
463 486 514113006
463 487 790875586
463 488 551746863
463 489 802504014
463 490 808958186
463 491 601931032
463 492 524769240
463 493 774836183
463 494 953029630
463 495 770339573
463 496 512185757
463 497 621297943
463 498 926428293
463 499 915009463
464 475 579079485
464 476 622418794
464 477 772591039
464 478 942614096
464 479 816687947
464 480 914680178
464 481 813972071
464 482 537276832
464 483 813321985
464 484 978105480
464 485 568574102
464 486 514107431
464 487 599539203
464 488 738248432
464 489 631688177
464 490 713873928
464 491 839506313
464 492 594072124
464 493 944638915
464 494 799484844
464 495 624754162
464 496 608697591
464 497 679715400
464 498 680684022
464 499 627060383
465 475 684527480
465 476 664596880
465 477 787745439
465 478 637659739
465 479 649141861
465 480 966516138
465 481 552990434
465 482 678812590
465 483 931145847
465 484 667296682
465 485 892638346
465 486 738523794
465 487 885986083
465 488 705511089
465 489 842048365
465 490 691109566
465 491 518762485
465 492 982738688
465 493 807064385
465 494 914719441
465 495 923468822
465 496 881243041
465 497 857038533
465 498 732682870
465 499 620114047
466 475 725758180
466 476 589424426
466 477 995632545
466 478 612264157
466 479 655093002
466 480 984082339
466 481 954696331
466 482 611726652
466 483 802554687
466 484 588635215
466 485 914026147
466 486 571789359
466 487 812130306
466 488 848780471
466 489 653416380
466 490 896620339
466 491 882100370
466 492 705749580
466 493 547671770
466 494 507196628
466 495 892219084
466 496 628259609
466 497 625060005
466 498 847659863
466 499 584773253
467 475 759521751
467 476 746460962
467 477 902301305
467 478 852840912
467 479 950984518
467 480 671956010
467 481 941777031
467 482 669772783
467 483 865004333
467 484 984547317
467 485 881742253
467 486 863406854
467 487 574104580
467 488 733286556
467 489 747598808
467 490 563523615
467 491 936868986
467 492 788481178
467 493 614839855
467 494 553620879
467 495 509335234
467 496 952853717
467 497 668864671
467 498 978216460
467 499 933707734
468 475 791471948
468 476 717153557
468 477 688202422
468 478 524486333
468 479 591742810
468 480 727290188
468 481 994472035
468 482 590000201
468 483 649528966
468 484 789616717
468 485 539929722
468 486 614422410
468 487 979145416
468 488 870217149
468 489 980338617
468 490 908721960
468 491 531461496
468 492 946555770
468 493 829212897
468 494 549604814
468 495 740049654
468 496 570451634
468 497 537987003
468 498 598327616
468 499 767172951
469 475 653793553
469 476 997548818
469 477 915069012
469 478 935864383
469 479 592725723
469 480 616832163
469 481 582558152
469 482 602126456
469 483 980676927
469 484 775761034
469 485 738454254
469 486 845536533
469 487 538367551
469 488 522276527
469 489 921803883
469 490 770202575
469 491 583657706
469 492 776973607
469 493 717802870
469 494 934895960
469 495 678132510
469 496 739369583
469 497 871162164
469 498 860803142
469 499 535978288
470 475 641401082
470 476 501610286
470 477 640010622
470 478 544364562
470 479 826975455
470 480 984123934
470 481 552616302
470 482 815204664
470 483 809999273
470 484 755568461
470 485 874409770
470 486 569580035
470 487 786495710
470 488 966118399
470 489 644435975
470 490 573864792
470 491 849027205
470 492 987917855
470 493 784488475
470 494 837019303
470 495 846339092
470 496 746551431
470 497 814090434
470 498 812827596
470 499 515844489
471 475 521768796
471 476 561547601
471 477 699645552
471 478 662255058
471 479 525379528
471 480 673049803
471 481 980063505
471 482 953944973
471 483 839078414
471 484 572018061
471 485 673313322
471 486 993701118
471 487 681700388
471 488 851037881
471 489 669166227
471 490 722694609
471 491 989348909
471 492 892592313
471 493 920858477
471 494 668500505
471 495 526228732
471 496 788146672
471 497 977371633
471 498 567312829
471 499 721811422
472 475 801567413
472 476 519000402
472 477 703514824
472 478 967664311
472 479 688724100
472 480 555396049
472 481 739934230
472 482 682013601
472 483 584516518
472 484 964571927
472 485 673106386
472 486 523103636
472 487 948064012
472 488 934445774
472 489 991043655
472 490 929964213
472 491 968539319
472 492 626846063
472 493 914079618
472 494 648784140
472 495 969338243
472 496 513761777
472 497 978802662
472 498 686974882
472 499 617925898
473 475 508048422
473 476 545787407
473 477 711756171
473 478 645552947
473 479 769688382
473 480 581144004
473 481 620365921
473 482 571607097
473 483 582588611
473 484 680534006
473 485 995628699
473 486 991527109
473 487 554372857
473 488 754085092
473 489 634377754
473 490 971576555
473 491 704593904
473 492 659208854
473 493 612415708
473 494 658386547
473 495 813536191
473 496 562561822
473 497 744653830
473 498 513068556
473 499 821790590
474 475 517580690
474 476 999609903
474 477 776048373
474 478 999845278
474 479 500936216
474 480 716577117
474 481 749615766
474 482 754831292
474 483 583829162
474 484 515976372
474 485 778883073
474 486 681379249
474 487 881829484
474 488 909027033
474 489 689860365
474 490 552456776
474 491 756779748
474 492 912076903
474 493 998074913
474 494 602722598
474 495 635313892
474 496 635715045
474 497 606414091
474 498 549427251
474 499 582317267
476 270 70118603
98 59 19263097
390 141 66869541
496 158 80601019
233 38 54399384
182 175 72929664
353 152 52682607
249 102 46026810
409 181 98732664
337 181 85990128
67 21 95815459
53 15 35345882
80 33 25615068
82 34 95557723
447 64 20643818
286 271 55403347
363 91 81189535
272 10 63329201
429 268 86324213
43 18 95218584
125 33 66737538
286 79 33204177
472 158 36395311
148 5 64619958
386 32 4957312
380 75 89190638
134 13 43253406
82 65 71097787
415 336 96369282
141 35 5192405
409 43 67918344
400 220 16855817
217 204 55087731
477 223 67316148
101 92 30168314
30 26 69649024
424 422 9320022
298 24 87334606
143 52 48137655
496 146 44571960
400 275 11183915
464 45 9308919
426 411 80360538
153 42 87611569
234 35 13096387
290 167 17838832
484 201 17815752
439 352 10036029
197 20 71929856
196 71 66988619
385 0 50703255
406 249 90444419
216 15 55747807
412 13 4214340
421 176 61598270
284 69 63815584
489 291 66925433
267 252 50400771
57 7 63504171
204 38 75483099
364 45 98160382
453 215 24603064
224 124 6734038
460 95 29508537
367 76 85388043
331 316 69676459
447 104 65286764
151 122 58822865
379 353 87731821
153 14 73698837
493 395 14776513
155 71 4189231
289 136 23542206
204 130 258517
38 0 46263716
225 155 95645218
83 58 65844894
452 261 54162898
464 431 48418928
290 264 28316435
42 17 5241285
70 67 61876815
354 122 37706451
39 23 19881880
178 5 56669804
356 204 28733397
389 254 54430662
134 16 37389953
452 76 16917236
224 147 2099940
94 24 26860170
182 31 57178527
358 276 78462759
103 22 85956671
325 72 24734215
132 112 36039692
229 120 70491864
153 106 48990671
53 37 8583441
471 277 57869325
218 99 40264411
365 87 41682811
434 133 63325560
245 93 41893132
36 18 1742134
314 133 68685167
85 83 9126252
117 49 91492013
336 145 17150119
198 18 42751808
432 167 37303187
46 8 51347667
343 169 23594910
266 76 32506961
385 91 10522231
218 36 40222822
482 214 3531934
411 252 19834839
467 319 15432672
451 80 41118815
235 47 94138232
29 4 27500299
199 60 80172413
456 51 10578380
464 236 41461050
336 215 53867189
68 66 48938819
371 359 42258091
189 106 89610887
50 8 5633383
480 3 43790828
384 282 95873376
210 145 96153016
401 142 56621373
271 34 46617821
484 117 53748820
226 17 91415879
195 131 681372
351 171 86884673
347 222 15815925
27 15 17383438
435 95 48459157
224 217 27198499
282 105 50208359
56 26 31607290
428 188 21770686
45 9 85011058
399 311 67452314
30 23 51516816
466 154 89497766
85 45 43815422
229 119 69501929
275 69 5283179
73 57 56318546
118 89 96816210
318 93 98917606
476 423 61723855
229 62 93084608
261 7 52140790
155 52 9779270
195 67 41503227
131 127 94966486
419 69 26502076
49 47 8357969
298 186 66983681
50 36 97255300
133 18 83810811
90 3 44543528
398 387 49914713
493 38 42551103
326 232 45596736
347 214 44713214
30 27 78420814
92 37 37409792
168 162 11482038
209 15 86583080
40 13 82396249
125 49 4663594
40 0 602336
461 21 72738927
194 8 3257011
200 189 74615650
54 4 31258743
425 224 60754494
235 129 26197978
246 193 82219286
87 40 82227521
479 197 28355658
411 119 51908393
234 179 56957594
332 9 39357320
488 89 62325671
278 235 80987624
75 15 99231655
313 174 50680986
295 190 64851861
183 90 38471576
81 64 52978942
66 17 75247548
159 71 16457006
292 10 75265929
345 302 93764570
381 335 2789650
426 188 53856531
120 35 13511279
420 271 9875144
120 25 44858061
122 12 31493177
296 246 95970294
191 76 61911371
104 20 85644078
236 116 20169567
202 60 29871358
183 164 91823682
59 5 26507526
311 70 48484633
482 166 31566205
391 187 43627049
460 11 86336184
437 397 6324438
443 50 40671041
219 68 38956143
324 122 46864819
467 207 84692601
221 214 98087059
353 195 76278165
375 169 76358898
69 6 42039852
471 387 55018047
145 73 68943487
229 157 58795904
325 125 85681710
25 19 62741368
493 222 23007319
365 77 4405472
177 84 43861837
51 0 8563651
279 229 71723829
442 441 4000164
34 2 66294588
204 178 12597021
356 120 7117035
227 12 51240636
463 194 28876599
400 396 17954292
276 158 6437280
380 251 24640483
225 44 78014358
273 217 74974524
442 137 12293182
248 17 86807054
443 353 75949445
313 250 3651335
223 180 2998626
323 248 24878616
111 100 34490479
419 169 85423657
499 73 62864451
397 152 70160658
467 215 15041487
371 327 63211703
279 145 64704553
107 68 81788145
342 191 77961458
308 195 59099035
290 37 74576514
128 54 69376106
72 7 3102804
321 132 24486430
75 51 76917601
452 186 42898554
40 11 96838635
201 10 68904890
166 18 20946822
349 118 82166848
465 199 62282844
240 24 81908083
301 74 6247176
137 21 78215621
125 22 68751673
418 372 66041514
64 32 24068120
456 293 52319310
53 10 23606992
166 24 37080011
264 114 31761282
149 117 34202784
390 326 4736752
232 180 82587743
176 6 67925341
332 173 76789303
380 318 28070857
245 183 50194079
201 144 48722213
160 23 34804855
167 12 16347422
90 20 34066245
211 12 91115156
286 144 15130562
390 355 52166556
303 213 65502037
440 10 52203711
440 192 86640748
233 181 28909113
136 47 70384387
153 54 94754676
206 104 82798147
250 141 55940986
340 87 478681
459 266 577661
244 138 10704588
326 154 70609261
96 84 13554467
119 114 66030413
372 101 6203183
43 30 70773989
467 113 39617311
205 136 99152529
124 58 54642053
85 40 48769481
78 60 30526981
118 100 83569391
225 30 59912675
419 20 48128288
248 241 93727600
299 99 69607059
174 144 777847
371 9 62388397
60 51 23162100
49 22 5328488
345 127 45924851
315 46 34949525
282 32 83494295
157 121 49735091
71 14 12149903
193 99 93981707
236 42 52580392
25 5 49978252
211 199 9769047
66 59 85120756
461 427 85324104
354 62 80118184
233 7 53230488
81 2 35489394
436 95 96722529
425 20 72985636
198 151 9549387
46 7 27641383
480 82 3935174
116 9 84668611
439 78 11364147
361 252 76195446
229 115 98580824
49 21 8688872
410 193 37290162
421 378 11212980
116 90 75547235
290 185 35280071
200 29 36635810
159 79 72719683
99 25 27285128
62 43 27490115
486 7 82664393
394 96 79019
67 37 83599687
366 297 52611395
125 30 98965139
37 29 59892982
170 49 46763348
88 61 89070163
131 25 67439450
340 149 8823471
28 21 94903543
382 298 62913677
401 382 54825831
79 6 15062883
391 359 92064371
450 283 74886359
56 8 88359331
224 64 81466650
149 84 24847349
211 22 67624964
427 135 51234070
474 62 86639845
139 80 2381069
434 193 14847265
68 18 52128846
486 371 93503665
427 215 56875316
36 31 93896357
393 365 15876630
224 80 22835795
467 42 96778714
188 182 9216680
216 19 34529167
386 33 9250929
177 68 73194231
483 213 84683256
68 51 44127685
299 279 87194368
250 244 50656857
192 99 27003142
152 84 59894399
322 144 59182313
458 436 97998648
494 409 47783605
275 105 92144948
137 130 93162411
162 18 57099097
288 100 89409744
40 16 33810731
433 44 10965570
32 30 4724851
82 13 78855737
316 203 1268034
494 119 20805975
177 156 75863958
373 308 25103998
399 54 60068172
255 135 22739673
287 136 10233191
184 37 91540460
324 140 54892746
412 57 78977525
125 58 13500784
400 280 5801141
177 67 66769078
246 172 57822832
228 114 83091601
64 2 11313580
103 26 18864959
413 182 24086648
413 235 92594641
29 24 36969874
343 84 11196904
43 23 14874301
373 76 40891068
478 22 79631194
30 29 13000560
393 295 92003509
42 3 57439245
322 161 38784919
378 249 19634338
455 27 91410938
274 267 65305772
329 128 58596666
457 251 74593158
47 17 32731623
443 11 45037962
193 47 94329678
368 240 63237264
117 19 49715392
461 259 82747452
183 160 4669278
359 222 33218491
344 227 5929425
189 17 13881672
219 109 13801940
217 8 78287692
384 86 66283275
305 28 57085929
177 105 41740803
448 191 75987634
39 33 30543186
279 240 86694482
108 13 74440200
303 68 34059878
381 362 71708681
291 26 86645169
166 105 17283349
253 178 68527426
305 78 10924511
191 130 27184599
52 38 42055283
475 322 34820868
375 79 36367693
406 401 68098189
124 119 98056974
201 90 27856111
38 7 10001861
278 75 48840399
459 108 53513311
290 63 47049896
49 48 53538828
365 316 28626225
458 354 79544167
363 117 50401171
253 13 51531698
313 89 32911827
202 8 26542800
409 394 44627282
86 1 80165290
86 24 70400098
135 97 94688407
217 178 17948839
448 125 64064381
172 159 67368429
369 321 19787705
202 24 85677074
309 297 94899625
293 168 86999115
342 50 90145507
472 437 45688844
202 6 69142638
435 160 65524614
424 195 65360589
59 25 47531892
61 6 23204390
139 42 73733691
169 120 63167916
432 329 41732527
97 87 83086396
425 230 13525616
62 24 32892100
356 10 79252566
186 51 68631139
198 104 33473944
459 297 51328967
339 71 77113539
159 135 55516948
60 45 11515433
439 44 31967407
335 53 62457305
431 246 40339047
345 326 90908911
390 389 47994745
229 57 33016609
223 136 51885368
150 145 86665067
270 131 44694728
411 358 13316997
444 9 25857637
320 256 28977669
69 53 36461554
226 91 98502887
430 350 26476036
494 60 34976537
132 73 5152833
436 341 44287847
448 391 78737288
494 98 52884
318 179 70924337
199 176 71386889
301 85 95041502
282 233 59707053
253 245 7651267
226 145 37051609
185 118 8088409
495 131 99083659
176 156 55838717
363 271 95957179
389 129 45700640
221 196 16034072
118 6 62367573
256 215 41146137
91 49 76424055
398 48 40364847
439 208 48336769
40 6 59870896
296 184 83918211
94 65 96677166
408 229 47232672
150 48 88002047
346 109 97743210
37 1 73009097
361 173 91684691
378 9 41062893
34 6 58218203
88 32 24979172
190 83 57414179
99 12 68547621
56 29 95834768
100 30 82393220
77 37 42596068
379 171 23770005
355 249 97222687
222 211 14781277
112 11 7480648
28 14 28443887
392 12 1958253
411 259 88511429
95 71 15576016
250 60 32935611
165 21 90846571
426 75 74608765
253 126 89167115
125 64 29205451
48 39 91625959
425 395 73597157
321 55 84623290
148 144 83715373
272 40 70452054
437 34 95967506
272 179 8910065
277 268 79965954
377 132 88856658
421 158 89321525
135 22 44693073
299 235 16309037
119 66 72614045
423 187 7295844
31 29 63056317
399 240 10761008
162 73 79986166
184 79 63936208
35 23 84296774
408 227 26424450
243 140 76477877
469 97 75971420
417 147 24765173
230 66 89362851
244 128 54063531
296 237 74634725
181 102 37167545
445 21 26646421
429 247 46546691
475 323 50899313
423 51 16934330
364 50 8255854
253 45 6311857
187 115 79049073
337 177 31567814
195 135 74315451
218 30 13400507
224 201 32638150
65 57 80720715
364 107 52163834
337 161 84509992
400 317 5063830
403 283 26770048
313 188 82082719
163 117 39228094
432 275 6786502
435 83 60717067
335 63 97219603
386 120 99400258
190 9 34075715
101 52 90044622
88 62 68922426
305 259 54296776
477 35 59615497
99 14 85336911
63 62 31423236
315 166 79230173
148 36 78834946
384 276 10655743
199 10 30908310
121 21 66954814
54 38 79602038
240 147 32782184
164 76 193905
199 66 8424463
411 238 19044049
244 93 32377029
303 231 12600644
478 462 19480941
213 205 73686978
138 127 95616928
418 411 27927473
417 149 52903937
110 64 81321682
329 178 9462033
183 67 83094532
497 284 64639751
232 215 58033272
249 65 21241240
162 9 30552218
370 205 20613548
53 13 93375940
152 75 64698309
155 134 30763514
478 116 48945757
169 40 91744332
469 436 69387675
428 397 66063145
484 456 49031638
39 27 79922132
447 25 22611157
321 205 47833491
350 273 34254492
422 411 32162702
186 29 90759386
200 74 83729111
488 413 81996198
38 17 8673375
405 56 74346711
171 168 15805937
119 48 76854838
283 90 3823873
271 35 84512166
257 122 42719110
356 41 22975198
195 14 53866528
299 215 83590052
227 200 58906976
373 195 45831697
231 68 26087724
389 14 34019428
313 57 31911957
395 83 22368414
308 282 2855919
446 30 77909601
393 9 30008516
123 77 14564012
313 39 27683808
96 68 26915648
371 304 99782050
177 60 76945665
121 11 66069859
54 18 39689988
89 3 88266023
171 21 4908321
31 8 74627076
45 26 3565102
227 221 99417428
256 177 64975660
330 97 57928299
178 154 15257563
258 5 74667932
425 148 54160190
402 137 15386540
34 16 81715252
357 154 81623477
84 18 28367531
480 221 64150754
197 125 8171237
87 62 99647502
330 81 55144887
443 197 66373685
478 425 72479514
208 187 24364761
393 303 14227972
480 333 5968593
181 126 41225870
133 34 31855499
147 55 35762574
443 103 72107099
379 292 12723149
164 94 87905542
216 194 67876427
201 188 79999112
118 48 60911287
344 0 71853877
90 29 73958047
153 71 4734352
123 48 48578347
93 68 81914663
286 211 55899705
35 32 67189758
95 55 68851515
273 219 53134534
484 445 20946613
423 33 88769547
118 4 6041025
202 119 57904069
470 299 87819199
328 208 53373507
391 58 41087882
417 169 94176581
157 120 27136166
51 19 12475180
271 40 57355165
207 186 23372260
55 42 36717561
248 36 49179645
33 27 49974090
77 51 90834001
475 355 92997818
254 52 12551237
138 69 22126912
297 104 91891693
455 376 11439769
168 61 75647295
255 204 28202499
371 28 94838720
34 25 72102708
327 1 92235354
177 123 57603883
427 65 42992002
458 420 18619870
230 84 258929
338 107 23159739
355 39 22074658
76 30 87522111
342 113 6343757
166 145 94233229
137 84 77376069
229 61 58049253
349 27 25803362
330 283 83459066
412 91 57865506
485 388 16484171
282 193 79114357
244 155 1361429
476 225 3269701
222 204 56483532
78 35 93730604
434 94 82860121
265 32 80938186
179 100 60621689
207 25 76274555
466 327 52643303
278 219 1447104
65 61 34059150
462 272 76805208
294 139 63443253
475 250 75107660
440 289 94574367
217 67 1517673
470 231 66495896
357 354 32614583
113 100 79430847
158 143 38208376
231 11 62191322
199 55 35290575
380 239 78348464
139 2 59137613
293 2 16254421
39 30 77137923
499 317 88732992
428 326 65485504
281 79 35701389
54 0 22815017
178 55 52087021
268 31 67966432
199 28 48295807
90 5 40266470
304 80 95781084
396 139 85380396
455 181 93422323
28 23 53634191
409 261 49094588
379 342 20433347
30 24 65045245
312 108 99192086
122 70 8555337
109 8 41290151
305 133 13346501
141 87 39295956
382 232 73560476
194 192 54364464
469 290 23799649
202 85 61703252
440 205 82995297
114 4 58177855
311 241 98528289
310 106 72850845
42 7 87807814
299 33 48234221
125 17 23236681
196 161 42892891
252 173 73400967
263 167 88999735
132 17 56156772
375 146 82914366
159 67 32855690
223 128 49201321
291 25 79023830
87 3 44927368
285 259 12543130
47 37 96267925
91 5 27221521
171 70 43168145
150 15 75891619
462 436 55054698
114 45 92741930
219 138 59943066
46 2 5988174
62 47 85117860
38 12 35198663
342 207 97800984
162 126 38899455
178 64 72712449
74 65 20125269
364 109 58053228
43 13 18914708
214 123 55041916
471 375 44895614
493 470 54008722
158 82 82250554
326 176 78889903
83 21 73077548
129 57 1989355
439 138 39340796
112 2 21717007
122 107 64086611
165 34 70324541
329 188 49633527
257 37 37608275
456 230 21834624
250 195 5925835
477 147 74058797
171 95 15405668
235 52 14881638
480 170 36260455
248 202 62543123
155 94 37852389
218 100 31007316
97 81 12981015
307 273 9671792
62 33 53338895
456 292 77205576
137 118 58172747
256 235 52995011
75 32 76626108
37 10 76712131
396 305 10832511
315 144 11158155
187 64 66308318
36 34 58311751
160 21 23576849
436 88 9560652
97 11 51288926
291 137 28778144
479 459 7944035
404 186 85292462
56 22 68609463
314 212 96074554
290 244 46152008
418 115 74578332
477 170 93712195
477 120 30411160
486 136 89737670
328 19 92966617
433 187 20475895
291 152 754225
253 66 47945533
361 137 39950233
268 233 11820665
301 140 4888202
150 112 47780725
80 60 66801262
315 125 77225777
378 356 49437306
377 113 82142370
238 62 19323061
339 204 90409915
272 43 90114651
483 455 52338955
145 115 25484524
184 119 16709375
268 237 58422692
171 36 2117260
492 199 80282853
41 4 89162225
364 265 27554513
83 42 52329017
488 349 8635864
324 319 86677463
169 89 12616320
459 165 93679062
391 220 47927541
457 187 30691077
401 242 28024131
335 29 11085290
196 179 17349108
125 74 34457591
101 49 64594847
489 454 43482063
258 33 51286891
210 81 59154811
470 289 96807345
330 310 78000731
251 25 41639086
409 269 61667183
251 165 15074455
391 180 50030779
157 20 52693480
335 133 44301809
311 7 19441355
80 41 9877077
222 154 90424817
453 9 61092180
450 192 59114129
172 17 55994007
301 141 32878749
198 64 47401085
492 460 43889001
423 70 269838
252 242 26613469
72 56 97101224
193 175 85898163
102 32 99421897
435 70 15513842
479 268 63652491
100 8 31080853
379 57 73418046
202 178 88660231
467 311 10096657
460 187 17003066
224 175 64084190
463 307 98729833
225 17 91880365
85 21 66715120
371 293 66347199
353 217 54513912
386 157 4737007
338 26 86646418
366 251 87506869
325 309 31334213
198 51 67494322
31 19 60692208
103 53 51162993
355 133 58247079
63 60 52657177
153 35 41136347
388 212 10070668
430 270 66600869
245 44 496205
314 64 47023331
288 266 37244347
356 337 11963192
31 10 33122518
34 23 27060399
75 48 15320836
36 20 29158610
230 3 19421108
44 31 98961961
480 334 26366836
237 162 64361018
27 22 13166003
210 207 21137152
148 141 97506611
186 32 80153328
106 88 16328653
370 81 1848263
123 112 62391194
442 371 34225475
204 72 61378863
395 133 9120869
237 186 26840948
442 134 99236893
170 18 42757158
489 212 13911207
280 154 90662458
439 58 83664023
48 16 41595503
354 129 36084268
194 139 12589309
352 8 53485452
206 30 41544942
195 191 21001602
416 312 69152606
203 37 46466035
363 268 90995467
389 221 69862173
315 186 10389541
264 78 10497976
296 135 29149541
25 1 27535474
307 284 91941851
116 54 88536466
214 46 12546257
450 415 12074609
468 445 31746830
467 345 47033777
84 80 68909399
151 141 12227609
366 283 44646450
296 150 11270840
239 151 99090442
329 233 53301419
235 187 66133610
106 35 95424109
363 82 43519570
341 212 87115334
327 220 36046784
230 43 21832702
431 236 33817832
453 134 81942143
140 115 80549274
41 14 40627280
28 0 38811449
296 125 10252103
423 375 488952
439 360 50310798
192 106 78301342
377 168 22403985
184 54 95800030
412 202 95184868
211 183 51453675
382 235 69181328
131 72 74576542
138 82 55843598
426 74 60385504
301 177 47598572
477 434 94162107
46 10 80083254
214 8 57427358
114 102 2755095
440 278 66791518
371 192 91061886
192 89 38385530
98 89 26701337
114 86 65397723
438 62 59989326
319 95 20438940
376 74 2585835
35 2 4633306
239 69 69376787
462 379 3963136
254 238 38254246
329 311 66176590
304 275 47738551
47 1 9416115
184 42 65765132
451 71 25036049
146 34 57728508
185 23 45098550
389 319 36061725
132 51 57162402
87 55 94701587
277 182 29784747
441 292 16351214
316 15 36852160
467 264 73461059
363 46 92484791
67 33 31984628
303 138 14293041
458 405 6107706
245 174 24931744
169 12 93046502
121 62 27238669
44 9 95318340
186 79 73823495
182 71 14948547
99 31 27914515
397 283 36375276
490 103 76346684
299 86 74327677
73 61 64126938
307 280 51075758
126 37 47321999
389 270 69581173
117 94 38360356
176 19 95446769
431 344 83414426
378 82 6539418
415 130 27701245
175 23 26016848
203 0 38968395
267 3 84094285
476 182 83160627
403 140 51291156
193 140 14215285
492 395 97412262
455 56 35775393
182 5 50896053
339 282 21409196
320 259 26402479
149 69 85913701
202 183 91751279
269 155 70531855
157 46 23824442
187 44 17580787
377 246 466056
52 6 15693221
484 372 6979354
194 101 25807037
85 0 46835735
110 75 3274773
444 384 34691427
293 99 9852774
432 180 19398523
336 27 36407482
89 56 29048538
379 109 19851348
430 64 69834981
416 40 81832950
481 44 56110143
458 153 98878108
310 156 26130570
44 11 64036085
422 43 38104839
124 22 56534326
250 112 58576839
461 353 76701599
208 24 94317336
263 43 63593203
471 304 3470861
403 348 43817467
251 185 38981810
388 332 73230476
450 310 16659141
454 197 77544122
393 364 98460815
169 45 89165280
480 85 83781991
453 325 34612087
103 78 95067846
346 67 16599459
194 47 84428165
332 263 28377897
259 111 65548924
352 303 50055577
114 65 7252713
200 102 77706516
149 103 2981685
70 49 3435617
263 240 96245183
186 55 51868445
469 236 41156181
394 161 43552133
368 360 13009896
67 62 49892883
228 40 75038576
33 13 61120430
221 209 27693771
476 237 26323746
454 75 45877903
301 28 21789285
29 15 75447906
152 81 52903004
116 50 76648259
136 126 76717784
97 49 96705444
142 72 69778665
333 117 37377231
128 16 65813693
416 9 92877270
309 18 36469120
383 300 82993302
310 95 35583158
447 415 63130878
301 88 92042329
71 6 4139809
205 62 7952682
313 179 48223480
363 349 4110961
43 20 62051528
485 81 66496035
482 385 4934273
137 100 60822483
125 21 76566152
427 353 86737302
217 149 94815675
320 128 76031481
388 376 64015467
356 194 45885669
480 345 23375511
264 183 48809530
298 177 72651904
136 103 9829316
397 270 38426655
279 160 6376349
113 99 83819392
197 78 97842780
434 284 45713638
126 12 63923474
165 47 83909405
479 87 96523087
167 41 75026913
416 42 72535030
451 391 74742747
131 115 7918946
424 250 59232119
294 191 51092485
407 0 81067348
273 145 71689628
64 45 79731313
238 115 9776867
330 221 55926457
477 42 94903371
435 248 91889423
106 99 7684004
149 65 35113895
433 133 26765709
289 191 81528723
355 277 35623001
257 69 68175552
274 85 1513494
387 276 88632675
89 28 95157910
388 281 84391238
119 37 23435662
475 44 20186644
238 141 22497172
145 117 61241723
117 106 60817773
420 278 86498281
161 30 25677473
307 45 27169112
69 66 85480328
210 60 4361870
446 352 90650119
214 92 2919192
27 25 90118507
391 189 81119197
153 113 66576144
364 172 33474077
170 90 66523466
34 11 88271171
386 250 54783864
463 251 61444688
88 50 10745894
305 126 29110379
285 20 33089987
189 171 22522287
105 71 52005155
145 39 7143338
494 125 96110275
125 113 81378046
65 64 10810879
310 191 54852029
106 64 9068605
263 78 24317613
195 132 55234912
426 233 21951082
440 224 85801522
396 232 59137559
57 18 12552166
362 215 79462256
205 149 69951704
372 356 86701242
457 232 3572083
242 172 94629164
113 44 59284133
66 16 26932631
179 78 87651923
251 120 30242246
322 209 38323022
451 218 58014464
422 332 13406507
245 233 63496705
69 56 96740467
247 125 57022576
117 86 28700909
256 203 65992229
86 32 65898488
437 48 69081588
79 45 36089763
358 355 58029756
372 280 59363786
67 9 84809108
222 21 48409393
353 69 99890518
138 12 9601885
174 4 3362742
200 122 6148982
85 34 83788013
184 81 98401997
222 110 20850906
394 107 91514587
148 102 35642239
379 168 52237781
424 318 29641711
443 436 19959728
142 90 58842447
456 24 15717600
260 68 45518213
290 147 11279127
422 64 29645605
194 53 35924751
107 13 10305319
31 2 45142739
62 23 81816736
437 171 51717790
387 28 94267382
134 65 92690881
283 252 50066413
170 3 93366403
353 259 82277078
427 210 41385232
384 363 56297701
139 60 49170459
377 47 26053117
131 86 74064281
417 110 17385779
172 2 73184858
39 26 67023532
452 219 62980637
25 9 42064624
72 57 72224037
464 386 52278520
388 187 49635610
90 27 84268136
106 37 10710033
48 29 53665764
240 58 30851778
301 163 70107707
444 86 29104824
314 107 25326946
447 204 31263667
400 327 10974995
322 154 32281915
419 317 79026840
185 110 32105221
498 445 27243867
37 3 79719144
113 4 40045327
422 324 33043797
295 101 5179929
389 11 33073666
249 10 66242068
400 157 38799623
365 308 94893318
457 270 92496231
183 155 91772047
266 233 73400813
133 97 11070483
175 89 24496164
251 77 17877703
239 83 19716709
246 87 45636749
207 119 27638923
69 8 31200923
185 90 87600221
58 34 5429778
46 45 72398978
135 70 69158380
468 196 84712865
88 24 70846059
191 0 76967724
56 11 5059188
203 32 59681723
374 23 27945209
303 168 62215870
476 403 83471389
115 61 23096629
431 201 62522706
28 24 30671675
142 54 83432295
355 79 19689858
256 236 43171065
215 167 86535968
402 97 13028062
320 274 59771316
148 96 63610278
272 20 47240899
130 62 3386057
216 83 84083476
373 92 44300351
383 370 49844212
69 42 24208267
331 150 74504539
70 33 61493599
395 223 1439714
65 47 42262826
483 266 68626176
396 48 25229871
51 17 80058528
35 19 25493200
433 2 62282765
388 367 76168183
62 54 27030260
188 144 28042443
209 117 48045874
155 86 8985799
113 27 20718987
77 52 42095530
302 126 74532871
350 72 53161861
116 109 10367632
255 185 65328168
60 5 11315260
208 76 58715356
314 127 35680773
169 57 37660052
268 114 176812
449 189 93003082
207 38 70164101
181 143 82609902
330 28 56474334
153 47 18384328
154 120 31175080
133 80 16607833
326 320 24147282
211 44 86915483
142 99 47146040
496 209 36880709
332 235 67935386
184 30 30738721
419 49 9426668
182 102 17955129
259 209 30202255
85 48 89294026
144 119 27678577
119 110 42091449
289 198 65734927
394 249 64911783
164 134 42989444
347 83 81071834
87 46 29215293
210 85 89263598
445 85 5373842
305 251 30898676
483 184 85408336
258 167 12212710
404 140 2830041
78 5 2040026
200 83 94732412
363 200 48872208
472 49 82780545
153 91 80170675
239 120 10690468
371 106 42164198
432 394 61004113
152 77 8327078
198 113 14570795
482 306 72965283
80 17 99210085
283 163 47423703
82 7 97855059
137 37 78472081
297 130 17476231
440 154 93269205
316 64 405489
71 37 37802670
235 198 41301963
357 327 29481741
95 27 5938897
276 173 59959174
427 179 63141581
355 156 51712667
188 40 35119309
212 75 64901326
412 392 85450135
231 197 44564218
60 43 17674248
400 345 69061191
483 86 45330772
126 107 14392140
342 263 8701414
341 7 24243638
426 142 60009263
189 12 53199071
372 123 54228399
39 22 53437213
80 55 77626895
205 3 39417047
278 50 594754
156 91 2141738
272 201 97654056
320 12 72058932
42 40 64442159
485 309 70390637
305 171 42718110
156 135 21891478
59 36 54128800
230 49 98992067
58 50 5839557
220 128 99729324
427 378 65257109
201 30 79286261
346 322 97476645
207 58 22310411
412 386 40162978
378 116 98417284
406 113 9623703
444 187 85369315
395 254 17153361
131 46 7292290
203 90 13740801
286 274 67054990
140 40 52080518
310 272 46477057
180 177 90317827
493 342 39559729
493 489 15233651
253 221 26638104
55 33 49282442
214 29 10136564
334 160 76151831
327 315 30473591
442 138 64556944
376 70 99208106
222 130 9667300
263 105 60983900
243 134 40282089
340 127 66505349
120 7 13178339
365 309 62231433
135 61 92610862
363 110 52948340
98 19 38255805
138 49 54522306
357 207 52757802
468 176 27310902
339 272 51452724
29 16 71269792
450 99 17893439
458 301 24026720
91 69 91646527
300 231 97364314
49 27 46407818
65 12 24037048
348 108 60517566
244 68 93623825
183 151 38846662
455 115 38826323
372 138 47006090
418 190 85848088
419 153 10365292
112 16 93889362
312 92 81193716
69 50 17014359
465 220 28530101
107 16 99067865
466 143 29999781
152 82 97781815
199 105 73734540
198 164 38668310
61 30 27767668
243 180 47368940
68 28 45929755
330 212 88352593
461 125 70223301
86 35 81552616
186 178 916903
172 52 48762049
215 213 52823609
111 20 73738299
387 152 66195361
80 11 13586012
134 12 63693233
203 21 51423745
425 383 60598021
486 153 14610937
230 119 5139101
136 94 58017885
130 40 93504100
304 131 76300077
474 219 14821827
345 292 36762144
293 50 79519132
469 221 7221522
331 297 38594075
275 113 495422
399 289 31377452
344 77 65093505
85 66 30341161
466 194 79808126
477 214 73461274
126 93 73359063
283 154 4903656
373 292 13945438
430 335 84959569
493 485 51177314
182 145 82243378
493 309 24041994
309 241 88333565
172 31 79255932
83 26 92660130
295 84 96471105
476 206 31897800
156 38 322519
36 27 44556806
353 322 11865957
324 207 58500334
451 359 51255957
195 136 78480260
71 2 56226199
333 190 55419630
113 50 30645530
137 120 85800964
410 360 29047160
361 182 72497367
183 165 29316492
234 14 67288554
113 15 17612285
462 90 7004035
499 316 54685425
374 107 51151465
183 93 20812211
312 285 16051784
442 143 19748374
359 251 77540149
130 24 20702881
51 15 58232835
208 121 40558752
115 66 99508570
422 121 53645283
271 85 38184182
450 306 2509619
81 9 57980116
125 12 35615925
202 12 78809153
198 47 58124864
380 329 53432554
385 105 69414941
431 186 59893525
104 32 85274494
342 330 79293806
57 13 90222212
468 155 88182913
224 49 82938349
357 80 67634327
392 49 25965301
349 124 14918998
324 204 84221347
221 203 93728887
485 111 77300910
222 88 95853715
213 74 23852755
206 159 3911520
27 4 14384639
469 26 94938768
273 269 34434670
416 371 71523070
221 38 29247772
40 27 89941030
495 282 66011519
284 200 77862517
169 17 32723464
318 194 87884260
412 4 96218233
420 335 60774948
392 234 73884536
357 220 65256779
474 133 61362181
427 104 34128173
158 106 5120757
497 470 91409931
251 188 19529418
488 244 72459518
498 250 13882914
239 162 79953644
190 181 40732266
472 70 31147815
106 104 99030144
310 273 66263920
36 7 18472903
127 25 48892061
307 228 2269803
464 331 45657063
324 89 661646
186 106 85326595
281 54 64502873
135 40 89669488
70 18 22292957
140 119 19408294
445 349 10702612
36 29 29829548
493 194 97047190
433 402 85141143
376 182 4150665
288 225 90078127
43 10 85527191
311 209 22213602
374 256 75216927
153 69 18037644
271 95 83947285
94 76 58735220
360 190 99078618
42 2 16916779
272 77 80153131
496 194 73777379
196 48 24347161
467 346 72445343
218 44 26860013
39 11 90317516
400 388 23550933
59 39 41988143
86 2 87235286
269 45 20561073
143 74 78835569
171 12 30076830
328 260 49643426
283 14 15364152
455 155 68496001
133 115 44456746
183 62 56625277
143 49 27287511
238 174 92077188
353 82 96338013
430 282 66386686
453 329 41367973
124 16 80616248
459 173 76880154
307 121 39994014
147 76 28084400
335 270 93064094
65 56 10313408
123 51 6130607
320 69 86676706
166 35 70054251
304 139 9068246
349 49 90576639
90 74 26132129
73 69 88668084
364 169 44072433
313 242 72529634
116 67 16853406
491 446 23482257
31 20 31972420
356 342 23254895
415 273 86642877
397 308 25140717
334 52 15512431
236 153 15431225
41 5 76768510
164 15 79628688
439 347 1727466
308 44 13151273
283 127 89636561
269 97 25756556
113 84 79676392
265 199 65552126
415 163 14649022
172 26 32215251
422 217 10416740
181 141 90168448
341 186 86998829
109 0 93785229
122 116 10224934
482 384 72780642
40 10 94831811
389 207 95366257
326 316 10497854
464 393 20383049
379 206 1899569
435 314 15613278
330 107 47290530
253 26 18510276
154 116 38198537
48 27 45506969
299 91 59772003
411 103 81705895
471 454 6256825
250 0 64446908
302 143 15049286
237 198 43863377
162 50 48553189
217 40 4510732
206 154 83975135
156 152 93157277
270 222 3475174
238 228 97094202
412 250 45589073
499 53 82347684
193 189 66848214
222 215 78089160
152 79 51834826
197 114 95955512
422 12 73650378
160 22 52133984
183 76 8049961
35 20 43840387
214 203 27114876
287 27 42294444
182 75 47306192
133 95 96695880
423 2 41892212
337 122 88536560
414 113 9467611
250 219 66291665
64 47 43502363
446 340 48122913
115 24 63198980
139 101 73832450
332 190 35350405
339 81 97939261
206 47 55118416
100 60 13465569
417 326 42348903
207 195 44379991
320 158 96784702
91 15 29849211
122 46 82891813
77 24 40724514
93 82 83793520
73 0 17489423
166 159 44068807
54 52 80445366
169 163 33456346
174 137 23288766
231 159 20784201
293 181 14584806
452 447 66917029
270 169 50862936
380 78 8301115
158 103 90740180
271 119 49723228
491 254 95646828
135 98 37929541
306 138 60546979
95 19 15591857
52 15 74418554
291 212 41058641
367 238 5962237
290 121 66213262
130 9 76844305
349 346 96744592
237 124 47487959
339 154 75028697
349 269 18671216
319 264 5741177
81 67 99427402
83 11 63834315
56 37 28548596
227 22 40730790
31 28 33350105
465 404 35083462
200 142 38188860
184 19 71903608
322 184 52848561
350 198 6458480
314 167 161975
421 413 66166375
182 136 61736
278 32 85094089
476 83 36445716
474 5 60940908
375 26 71915184
449 269 59270235
343 89 92688752
162 16 21028296
170 11 60682091
259 206 87598089
85 32 76677811
458 365 54001176
241 8 75738950
289 88 38285294
65 0 56242899
304 167 84370301
148 145 46767222
216 181 62747366
28 26 17111578
108 30 97798882
315 207 54612982
424 229 48493240
252 73 46944209
306 133 43283035
317 40 12673036
180 127 54394563
70 38 11691781
410 23 16191962
307 96 28000912
155 29 40550687
98 93 9945187
100 11 12351477
329 206 5289138
484 465 11366111
338 284 79629016
188 136 30514970
469 84 53725693
415 227 83153869
208 145 10537819
131 114 99984804
126 28 47526746
155 131 12219155
412 373 79922482
286 63 84279672
155 16 44714962
499 235 8256165
48 8 43241402
232 169 51086050
421 170 53998546
227 1 92795739
221 49 4994165
71 69 53897014
485 333 80248160
350 251 8396651
484 100 56023606
416 182 25224128
187 168 66810992
74 67 96532882
246 56 33270974
387 384 27712037
356 255 2784934
38 31 7221597
469 465 94614116
169 136 32666602
405 177 87922064
275 143 76797502
183 55 11508729
353 187 37028389
283 102 96358711
36 12 82459298
311 58 21455496
332 237 73229132
357 262 75142338
243 15 51425877
392 294 9835133
439 312 73867171
142 66 30110003
71 4 81701862
50 31 10994728
287 203 16871044
485 166 58561930
464 152 71091443
245 136 23901427
92 64 49737823
373 316 51476891
84 43 92145179
456 127 60173039
114 28 41896756
35 0 25612449
103 99 4663845
138 10 82304851
464 69 82737150
130 49 54351897
193 62 24182339
469 456 68937374
363 146 60123655
187 152 74748967
398 101 40472003
262 163 56521956
80 38 77604800
445 216 70806849
369 260 35155180
94 69 96604847
236 134 51274721
337 66 33625881
379 122 58171615
351 66 30296084
366 156 5103196
475 304 71939401
227 103 86940461
341 163 58214507
218 31 72256031
324 34 7387374
78 61 91332331
84 56 99355154
300 127 35261375
463 371 57683638
219 209 86833695
270 17 70408502
315 24 34715093
78 21 6359108
471 62 87915392
331 305 6080327
407 33 12817378
380 187 51197702
484 410 10823273
455 440 64464042
73 67 48536835
208 92 22124310
139 126 4854054
420 207 82161696
175 138 2355455
116 95 80301670
487 441 97250490
238 214 15232176
88 16 18328804
211 90 49851526
404 57 1698904
65 22 1109654
239 75 28273171
390 223 40630979
171 38 68342072
471 416 3669291
222 91 69421509
268 193 92771706
172 94 37664043
275 186 91852448
207 169 75317559
38 3 70822149
158 53 93534097
319 80 47346622
358 203 86956611
26 18 37020598
78 75 41267623
124 88 37784693
296 158 65414866
34 32 65124732
433 50 45255851
224 197 3159334
126 34 6791851
389 194 34508865
490 89 42756432
260 114 71310393
87 61 13457140
45 21 39809529
280 144 16885916
366 201 22562027
154 96 76248801
168 126 64560371
303 229 6584247
345 225 31667777
461 287 5363980
33 19 47433081
363 350 3196412
360 47 45114572
491 195 18330608
350 280 37825628
428 282 60933664
84 35 46017916
363 338 93585523
166 48 48709308
493 325 78895992
375 111 5561057
380 194 77211531
292 285 72333774
193 81 14090628
255 203 54888032
316 108 41598573
101 73 12304137
352 182 69522140
30 21 66606877
76 62 89147910
328 303 67709923
284 49 59410815
221 186 56520274
445 401 17476915
431 123 41809946
72 33 64010474
199 58 19453767
415 203 69868451
249 231 25459248
357 179 62250394
263 44 26464945
495 373 94299585
463 129 28241031
296 121 13189474
78 29 19708964
147 119 99324379
204 160 97610310
103 3 19553490
202 108 39077017
157 149 29132096
431 365 80913659
171 100 22233808
44 7 62164932
48 41 68361330
488 280 73439547
248 11 94732221
48 21 50431269
264 140 47344161
320 309 46499871
180 37 69832363
424 106 82384536
389 330 5590776
435 166 79371172
31 14 95573343
356 236 23918913
422 52 91594451
338 324 68009360
230 20 90248637
420 330 4475742
463 50 61020335
428 153 26299910
484 198 31099201
34 21 57375271
251 214 16458061
27 7 22129993
99 66 35214271
280 269 45852528
269 57 44622162
421 363 6651404
168 43 99021753
498 54 51530418
33 26 12942120
202 128 29450358
174 83 35861674
486 453 30176051
454 389 78543176
361 244 99611254
497 398 96403947
368 126 66415625
61 51 2597717
80 20 82966460
364 249 29808414
366 329 86066997
79 7 29615312
109 3 26054003
421 153 89331957
190 21 54731061
287 234 17962000
398 189 12044995
81 57 19847984
200 167 881437
299 8 55858937
160 19 4018360
479 336 22997853
388 48 23233437
145 43 76258381
294 257 68855917
301 251 9220622
51 12 79466634
341 208 70616284
170 92 73511435
259 30 55973761
141 5 5557521
342 217 53960713
329 274 57516156
224 101 59269272
212 48 60932713
438 287 70171725
35 11 9427901
459 116 22177895
406 42 80362210
398 91 12276377
65 37 71876976
180 98 38693981
27 19 14447070
150 90 45585225
393 304 47223259
89 79 36252049
401 83 57473518
480 27 79975947
473 47 765450
199 124 24713282
80 75 87703124
130 23 39520759
142 41 3410917
211 108 61246312
159 7 89749106
98 7 9776929
117 3 69393897
465 371 16388675
158 58 97250007
448 133 23512944
126 31 49271281
117 51 29705895
65 10 21691741
172 112 46753486
454 339 15411784
162 102 14437534
108 68 15388715
198 17 44964451
303 264 19328077
339 329 6210601
87 86 44316191
199 39 5584885
492 94 51351104
453 204 69422463
224 187 90609441
185 20 79963130
326 92 34598331
465 383 19942122
302 86 54343713
477 401 59467938
386 295 7663131
315 115 34694416
242 199 99937507
121 32 23616835
131 58 43590240
433 185 52816114
116 10 3715909
167 145 85821398
81 77 52735032
417 278 6559429
317 303 62967962
318 6 37978120
366 158 54225557
275 180 14615918
410 9 30329673
481 480 27332431
370 53 10304682
406 190 58664191
134 100 88611867
356 35 62099879
363 105 29275762
320 279 2846366
126 80 47496343
125 111 80497841
191 75 42880117
403 51 14675658
316 36 40951317
420 8 71358145
408 26 24286709
67 6 6828760
464 82 80323600
55 40 11566103
148 130 80265917
64 7 51469350
134 120 11901135
421 419 97653803
28 6 58141241
84 76 832638
190 149 11051709
241 222 41225735
362 62 30106689
258 236 44973387
174 131 75864968
134 29 91400404
363 29 59334801
309 52 45778984
477 151 33675714
450 2 46236219
139 52 16767340
44 34 22042350
475 313 50504675
422 356 91206864
418 130 84796060
398 41 12276843
176 9 15679921
274 114 50478904
439 151 77690735
72 45 91587358
481 224 3280310
399 360 69349611
475 23 1961514
118 47 32349384
70 1 63217120
427 388 76833565
341 68 91446119
164 25 44841823
447 125 49386179
66 45 91855315
493 378 28577521
486 101 96578836
388 130 39831822
40 29 83958101
292 28 789504
187 99 21405162
145 14 48245180
289 230 80518067
321 54 5206906
363 3 75284360
474 457 97363538
371 233 78757166
79 25 42563286
370 72 12744547
247 51 81641347
192 38 87923310
444 365 35808321
423 100 44443274
217 144 81362200
437 16 36777641
423 48 48887598
441 189 25142494
60 39 12742968
394 85 16387730
404 249 17232651
376 290 1999173
358 134 8229241
273 253 59882727
167 4 33847363
166 127 54587488
361 203 37131265
483 238 60486160
324 0 73971296
353 171 15850623
466 451 57530144
329 117 51470209
241 227 58801330
47 30 90632910
473 15 44921643
28 10 97081529
139 14 42759251
108 84 13668930
49 35 25452239
308 162 84912310
185 147 33397855
367 334 37481891
303 248 71511731
201 38 5572782
412 398 69402795
71 50 28545336
79 19 33229442
497 374 86310088
412 389 18969213
164 142 52631012
426 269 52822177
476 53 26819181
379 226 9671857
452 271 74657600
470 377 7110309
53 28 86594740
397 148 95503564
172 111 70794014
437 383 63368580
245 66 86909224
448 440 1415622
56 17 94143607
50 20 56578034
349 271 29189835
107 94 65856316
485 454 64726935
244 192 39390387
476 50 50836897
468 303 37551590
95 33 6079988
214 185 86771438
346 205 58784211
204 56 45859874
427 93 99306844
247 197 14238940
216 70 37833684
230 229 43385970
279 101 58631482
90 67 71152965
420 289 64086255
387 196 83012870
299 72 94348080
168 112 49178751
55 10 11311162
296 281 85489227
129 15 54926009
328 221 318815
157 18 86253110
116 56 58048333
113 7 67782989
357 145 86449767
320 154 93962583
133 27 43836763
311 116 83250242
331 217 94650804
370 353 92468905
161 31 91507715
354 143 91700776
102 92 54756905
322 160 64765884
318 155 55246570
77 47 5860146
186 73 67146412
140 67 66618897
360 143 7546996
436 48 35754093
292 167 89721813
471 460 40734861
477 31 27446789
254 220 56266212
459 418 70514317
231 175 44224114
249 116 4140132
487 181 48139524
328 225 15017622
185 62 95468076
350 121 84595245
288 255 89061158
186 65 66691879
454 396 14906441
270 78 62275127
326 321 24772282
333 226 26399384
330 76 81966754
251 56 74912223
65 38 33563344
215 158 39585471
432 273 80182736
356 235 40884903
288 263 33080842
26 2 18581179
57 45 74480430
364 293 67147365
154 30 57765242
225 26 36016984
69 40 81401409
221 0 8879324
283 191 96872579
268 181 50622495
150 111 74903315
427 129 87739437
397 302 35993156
335 122 72539201
469 72 63487502
490 63 57058227
178 135 38142076
155 121 67840440
250 39 9417732
138 51 32501689
422 234 43689598
166 144 71134330
317 208 95928975
258 136 12361789
154 39 61495638
76 44 80158076
339 305 64847190
403 120 36973676
75 47 26618604
126 20 52815758
484 278 82447969
95 68 25036668
448 329 61298352
30 25 52449419
345 119 73043459
431 355 30790195
72 60 77918733
311 15 62594976
464 124 50323496
165 6 11411957
426 321 764283
223 185 10845170
191 190 19132265
94 91 41573316
264 214 98564346
187 76 98005702
334 138 51533125
134 5 9277291
181 66 93657021
342 144 62843535
348 286 7552107
87 27 61006491
66 41 28355667
288 29 84890749
499 194 33906522
106 7 53755264
338 88 39628555
289 51 38855008
337 217 12389267
346 133 84232411
109 76 67592709
220 72 76480469
51 46 21803533
34 24 88822160
471 175 90405640
77 25 17112392
484 61 11042076
460 188 75929053
133 65 44751711
239 52 24444722
301 58 19850489
341 243 43770290
78 45 4311890
238 125 39324945
29 1 77926547
69 7 7464839
491 153 44346033
458 425 49275649
293 58 7307954
439 309 35965726
253 143 55044055
44 28 59735996
362 97 69571073
391 50 18132715
396 262 24167147
298 198 41436083
87 49 75385946
80 8 6279041
63 13 59165629
201 179 66684991
114 72 47847315
363 357 63538060
347 6 34399484
308 242 78155784
417 393 86859722
248 93 48394804
375 349 10985035
222 10 55790661
360 225 12627915
290 38 20302331
356 344 29842128
254 93 24720592
489 154 49805847
493 18 50473304
318 109 1498485
214 70 73513378
320 93 20836152
474 229 41265641
300 142 69910526
132 107 94615595
141 48 83331373
328 170 44587584
94 87 65537527
342 173 81903674
348 22 2710787
312 249 78676799
127 115 16733147
31 22 81429671
375 25 73022638
169 132 55884512
420 299 38298352
428 418 29763443
312 104 89753182
332 178 44141215
255 221 80879260
253 68 46665882
488 166 93589147
300 30 623561
175 113 3074179
302 140 37850561
339 316 46460701
213 187 68795300
86 65 80261189
211 182 45669470
471 336 16470166
348 46 23563289
342 225 33824390
152 7 1914157
495 279 54411320
230 21 50678847
325 97 62268663
233 56 12185911
189 96 14284792
203 25 71212404
26 5 29954344
400 161 95233190
455 124 71900822
132 83 12245422
318 189 59853892
472 170 99349345
421 385 73215726
413 2 93245231
370 98 62783373
230 70 52352934
394 33 31953610
104 71 45513845
160 7 91162468
392 84 99039663
356 283 48661476
498 208 43755669
378 190 76846513
277 164 51171873
89 45 31243805
53 38 2182032
128 101 20930361
467 382 38383843
307 259 74540411
344 189 68682947
46 23 34868365
300 118 59435516
173 22 81492827
411 165 64455871
172 64 76848632
182 108 52238491
81 17 97439681
463 449 61572330
150 46 9686898
156 114 50483286
46 32 64437521
438 355 67446714
485 16 49777563
195 113 67268822
160 26 94401938
108 75 24883405
377 188 73976710
457 15 30021675
51 20 72688508
393 18 32861945
421 84 36575983
230 141 39573264
156 90 21635089
139 134 33309368
389 58 7731628
493 354 39065432
201 31 99381154
162 39 81470290
458 190 86143095
153 112 13770807
178 17 66445654
161 50 6216366
153 105 30020764
198 67 38189184
293 175 80273251
388 209 60749589
246 107 98852415
372 234 49268197
273 129 94724523
273 134 44767497
309 123 6254467
161 127 83587281
164 28 74622579
44 27 97964916
183 56 28852268
382 240 88441653
373 187 62652055
269 94 49555430
169 84 55353908
296 46 22502838
286 18 96235301
303 24 87812376
79 22 39268485
280 70 54679344
339 201 80304289
37 19 60001543
119 67 55879698
487 240 28794856
361 235 44381644
257 93 58278293
213 2 29980169
51 37 91339844
404 244 1850157
226 3 93472345
312 172 4568000
221 74 47335148
481 227 16390928
53 14 36899427
78 14 26861365
408 218 93390602
155 77 74089825
367 357 82458658
190 108 32605173
452 21 97534783
495 341 30287628
172 32 20033519
138 62 23731741
270 264 83291697
144 115 55470399
479 166 19578554
118 111 74883552
307 211 11336285
56 43 34480272
202 188 69721292
87 23 1554855
223 204 64920260
290 127 22973345
359 158 63184481
103 48 42995906
75 72 80207335
95 24 26326866
498 62 94097000
431 130 218188
176 87 74213023
463 330 57218905
310 248 56173317
187 186 60527189
474 50 73707686
484 12 28321953
409 101 23398311
291 178 66776003
468 70 69038438
468 368 75078625
490 143 91546144
147 4 40788960
86 8 9532123
362 243 80226472
399 102 46225465
289 217 27768294
173 83 35960333
399 103 83830821
446 75 94465429
193 43 54610217
404 16 6073735
336 180 97425599
467 148 49610859
85 35 7031090
107 28 74085959
164 156 22929497
152 141 6640928
244 131 75667836
265 218 73201026
392 41 58037983
440 31 36776865
41 18 68053648
102 46 92732697
295 21 23547087
171 27 2340613
386 40 31390716
243 2 80616283
466 169 2751412
455 95 23136747
323 280 42545223
287 248 4950594
159 31 46111870
290 48 93890607
480 339 66170195
272 6 48087988
206 157 86068707
94 72 50279543
100 82 13367057
66 26 18639050
418 248 76023138
247 35 61011138
161 105 84778304
79 0 88589212
209 68 61248891
134 49 62260620
55 11 26003038
406 73 86993109
35 16 41565840
78 32 7596710
188 127 93422147
263 257 81375591
483 98 12837410
338 244 69312428
128 93 23927333
439 19 41204120
230 47 91968872
407 92 63000826
191 129 38746420
132 27 60422784
68 3 49077044
498 449 96890393
403 93 75059236
243 10 65395246
79 12 36194921
63 59 45459062
50 3 72457259
434 73 49724316
69 31 10428789
330 150 89529344
199 30 79125997
257 32 7277607
417 408 30519255
192 74 9220271
95 41 43573580
313 244 40215806
74 61 28262239
414 404 11233746
131 53 55952491
301 68 28529989
396 11 87777132
467 394 34662799
182 72 56275355
35 33 80845467
93 81 39359710
260 209 28072498
289 239 3793249
142 52 33612495
226 163 8429977
342 165 76140999
295 49 5377669
480 176 23494280
183 64 54618575
96 94 68614767
243 194 17092042
54 36 19850606
253 247 46443272
398 121 30703892
457 347 39972652
151 4 8705289
436 21 25006646
381 243 85743283
389 93 21626690
65 18 23432566
291 120 64147049
268 80 32383564
147 64 34100150
165 57 65868155
418 268 12976671
202 13 46180241
432 3 76380071
390 288 96028045
368 334 37784707
185 39 86422461
262 25 49744441
212 95 55032604
316 268 40306217
206 203 47144944
242 123 5405934
313 149 90084781
347 133 74691957
126 49 88641275
144 139 97664172
386 316 82448987
243 123 63140728
333 16 82005677
167 97 61147152
54 32 72812996
194 121 81915347
411 279 87145551
104 17 67582348
38 6 75789046
401 92 91522562
295 233 77172508
96 39 42367058
290 19 76716009
37 32 10992939
196 165 50681838
442 149 7507002
320 75 21978087
179 67 97682144
324 228 95872467
234 160 1853558
402 280 73879365
250 167 18209576
172 30 66535204
275 85 45069701
84 79 82528821
471 380 66519487
419 202 48214060
243 232 28778712
45 32 19569268
240 165 90159675
372 59 50484199
371 174 61239925
464 147 77443889
474 180 77186272
237 92 99205761
449 433 96484892
104 65 94623840
274 251 20797786
251 227 21663759
449 178 30912583
129 47 68326764
181 73 79727114
77 46 2725135
60 46 70480053
482 23 92530343
296 31 75570726
171 166 47503461
68 14 51351774
235 159 94766764
342 55 43974824
410 344 80067980
72 50 56559555
235 80 57185470
405 120 14779511
114 15 61035453
288 222 79397544
42 23 81510518
476 371 88584507
374 14 21550061
64 52 58320834
150 149 85666433
315 9 81786372
424 112 95536357
370 181 89266688
130 79 9358252
305 134 67622112
152 86 73274690
278 121 71415614
252 171 76216608
348 12 5608527
259 72 14450300
459 71 86805217
443 361 10047784
481 14 86452680
257 139 50379634
472 319 85408332
359 225 16744475
299 63 74130229
156 72 3905547
79 32 42503727
36 2 15220933
87 1 65063151
240 72 13703101
469 393 63534604
329 265 97199900
62 4 48880252
245 231 72490665
237 233 80094459
212 124 90601991
145 86 33319518
388 296 45480156
465 269 18666106
381 343 36947088
179 127 6621095
378 5 46477447
87 75 85735471
376 309 54346251
402 198 68171228
264 157 10709311
290 203 24955015
438 55 85763744
346 96 5402574
174 39 30494509
189 168 91898550
211 119 98837832
473 154 59742629
260 216 84826910
105 44 10914740
133 92 19899553
374 161 48560423
120 84 58969222
241 21 58322566
348 229 18749609
231 9 91452718
76 59 5120690
251 240 47106467
276 113 48209916
70 60 91265462
226 25 86599684
408 58 22450995
473 316 30594067
91 19 99017602
434 117 23472299
195 159 65598322
416 345 17802438
118 72 20493254
487 151 53630469
99 13 85861332
232 138 28306562
407 24 19358614
105 16 98513109
323 108 19490325
192 76 3237383
360 261 90678456
41 11 35335525
301 236 54550940
429 410 55891249
206 142 74459015
188 139 6967491
345 15 44616057
274 240 89955049
161 152 4545558
493 106 95709751
329 249 24272395
26 12 98981830
409 381 24009469
145 72 28035998
175 155 76042003
316 112 50668460
298 125 7305808
107 22 11611243
426 182 4272190
424 278 34245822
336 135 54064477
139 29 97175089
443 118 76186787
440 137 67564813
186 155 16019646
266 65 92228057
458 224 3657579
398 337 4086473
483 447 26376451
167 8 75208965
298 297 40004374
124 41 96854440
225 133 78555335
137 71 77595181
434 289 8799250
102 37 80168659
481 365 76401515
83 12 82766422
246 137 54750345
25 8 64543342
367 304 1301696
72 38 95187105
283 179 34952930
293 245 83409204
137 12 87909648
338 91 56671746
346 299 84184011
443 270 59285621
464 207 39469144
99 95 46354202
490 88 80971947
479 436 9749824
333 181 49057887
358 312 16334927
381 269 70420633
230 203 46868178
456 105 5355550
119 80 23508395
63 29 26142947
75 60 33833001
110 53 83422822
223 62 84210233
247 89 53738676
439 374 76800516
256 157 56784845
322 187 61373599
238 36 12339894
64 27 46541707
152 26 25438384
233 159 82494930
176 16 37476432
89 88 34476906
467 266 65980747
246 116 59501064
390 103 17280858
231 82 71147425
215 115 38322855
445 196 28290377
480 278 73655768
358 40 30817324
62 48 57955058
483 233 84799773
339 47 39716319
248 63 42914239
78 54 30964279
404 191 84966358
104 5 38377663
98 10 7945982
86 15 56409307
133 70 23974776
298 200 28685327
34 31 86226748
29 13 23253736
234 165 66103801
299 30 26245009
74 17 44483684
445 274 85103655
261 29 74049302
292 106 57279491
419 243 56131052
444 41 85752548
99 83 98604688
43 39 79548357
393 310 33520581
298 216 23296672
100 45 50396528
386 61 64719469
107 35 88532282
236 226 92227745
95 17 8937047
460 119 3622587
477 168 93324150
355 327 42246492
350 180 74338540
219 49 64811916
234 51 96939211
330 185 36120151
374 278 88443883
205 176 27482936
413 266 19587694
188 64 19028628
128 96 53307733
283 268 36018996
447 324 14309037
440 14 42336279
178 52 95571899
419 5 23343302
82 80 78219065
205 131 65389909
485 120 8127322
488 196 38373177
315 117 16532018
227 2 96141040
96 30 99443442
232 80 31042953
404 50 22155280
172 135 33985660
202 9 67267855
436 415 42315592
334 220 64931903
333 255 20538122
220 213 63562710
136 121 46192451
438 418 76282611
75 52 57249536
259 54 35198811
178 53 23506794
351 318 21914691
80 48 61575780
169 151 74478817
294 283 27601133
229 85 94071910
396 380 69289747
360 88 8812682
349 262 88874642
78 72 2088049
276 0 38973182
133 132 42357875
144 74 98332574
68 30 8129777
57 12 80002961
176 145 39052918
211 77 24304320
249 193 18987957
156 58 5907028
139 114 80718896
235 27 35137264
305 200 98625199
336 176 43776526
414 88 73054226
68 12 42738932
157 92 9775214
183 33 91198876
298 203 80735426
300 292 76747478
210 57 91930195
476 60 42432758
487 472 90501975
261 247 1065320
84 31 77495757
72 68 27409146
313 12 16799813
49 40 93411250
25 21 15096415
489 345 29806453
496 111 49052442
197 21 38101405
130 25 62408215
239 43 87291549
265 162 91718497
442 314 66267192
32 29 16260010
485 141 69527849
290 93 16199907
476 74 10650676
232 96 49687932
223 145 29271119
82 66 15501915
312 187 60744679
339 99 69429787
471 118 26593404
356 274 15344530
472 168 95570908
422 93 22173048
392 47 32802051
86 61 76947104
118 23 48339376
306 292 85300652
163 112 37491762
465 56 34920367
242 111 81216760
378 284 60314431
131 29 78844861
122 5 47604841
264 176 14226980
149 126 9064927
468 48 21839358
171 167 49235325
40 36 47856076
428 303 67277657
355 129 29857374
451 187 82742501
390 370 33436932
94 29 23605843
294 78 9442537
472 98 86285704
165 5 70967992
75 53 79198566
485 275 9629656
74 38 92620216
148 48 77763160
171 143 32893361
131 87 21352146
68 0 22479560
153 141 27782886
262 166 51614163
157 77 98692309
262 221 13074447
445 177 47196572
420 174 41710260
417 297 44007179
454 246 54204389
447 336 84765920
492 55 53594746
129 56 49037576
365 51 88052886
309 229 82689502
87 79 21870536
404 182 96555957
257 31 50609039
62 5 93359473
128 61 50868691
383 293 94319011
220 101 9415114
97 33 95001623
258 54 42462116
52 12 41205675
333 155 68693519
166 7 53752741
26 3 98325258
432 255 43018351
350 186 50057517
274 125 96215470
425 13 69582181
291 241 72166246
140 4 86410068
230 164 82926261
175 157 51314469
495 248 47971997
404 96 92083350
212 210 58322393
339 168 27407981
201 135 42169703
375 160 37513042
484 362 45051921
344 27 89512680
336 184 84168285
228 46 22642110
191 15 48157362
481 163 75998005
498 367 41004878
258 186 69753283
470 97 30933164
317 128 14944624
199 161 61220808
495 190 5033013
432 41 94501839
257 47 57169201
79 60 63466860
428 247 17298478
316 1 31329595
490 456 24376770
232 89 57369164
257 248 92764411
212 207 18021354
457 93 57549772
474 124 45989511
133 37 75180990
78 18 12760752
55 41 93049380
35 26 53242342
139 32 98462830
52 35 67464257
268 39 22023979
146 50 81313752
43 16 82067957
52 3 31519358
252 213 59916336
319 256 31551994
138 112 17328036
59 55 14942548
162 125 93585336
52 4 87877686
96 3 68505794
181 170 62743804
205 116 72623151
285 140 59049648
475 400 96426991
116 70 68360862
437 291 27832554
351 242 13284522
229 47 83841520
71 35 18307630
61 17 97761692
72 44 43873641
495 123 4485541
251 45 3555307
186 95 72087056
333 297 40416132
298 199 73150306
31 30 44225465
190 84 67115401
422 215 45764659
423 179 21035408
191 107 56669015
359 23 44655448
173 62 59896741
269 227 65853033
132 76 46832787
133 31 68015402
126 116 38087930
45 18 89821277
184 78 61938181
328 166 11516952
104 62 26810562
431 54 78921494
411 35 85656729
165 14 5610364
140 44 67120666
403 309 17156467
310 1 16220414
466 276 99233622
351 182 54710706
301 31 66000957
238 168 63476868
137 39 39906047
470 19 13374452
251 156 56934688
296 78 17049668
346 336 25239533
67 43 78548875
372 4 47077778
489 340 21877458
205 193 79452140
414 321 39445433
199 137 92155678
495 298 35515902
275 148 87446032
128 98 63984201
29 8 15482755
233 99 19857778
152 34 41557399
50 33 48506813
91 41 73153361
291 148 78880458
475 386 38527357
42 14 29478739
181 74 26636081
407 73 36444883
292 264 12703539
396 165 65244093
375 2 53594489
123 42 9504761
308 226 22375420
284 126 75766929
114 23 98857989
79 37 6429394
336 245 76787360
232 13 16849250
369 76 36783065
98 64 94833827
467 59 90179408
446 134 67052348
80 58 82394278
290 102 88222106
50 15 40201099
350 52 71239125
86 85 80228582
274 105 86567158
290 195 6623708
267 225 25344775
211 172 73103373
468 190 5950822
196 192 49008790
102 15 13009117
229 160 41013812
219 154 95426705
122 36 57420229
144 37 27920314
384 299 64326359
370 155 41952412
469 224 62716473
275 87 46600751
470 455 32742536
167 37 90316865
283 230 86715537
271 256 633985
211 148 61321643
183 106 74377698
39 14 84894275
264 117 92818462
265 28 96484642
151 124 72680262
234 132 21113003
441 227 20868879
79 76 14633950
394 355 20416889
446 334 64875570
403 254 18252714
188 176 70654327
279 276 71015663
216 80 62870841
429 134 92951216
239 194 40802618
458 419 90238521
234 43 73689052
298 36 72368307
353 304 8662425
290 282 41532575
407 358 94819396
296 71 15251643
297 290 26448812
182 52 57427554
400 152 11553296
201 88 69082513
423 107 52198497
278 11 41373192
114 107 85674388
227 34 9790608
279 118 48973772
296 45 98544275
206 21 27389646
38 11 54807019
191 59 92650043
407 143 41551299
431 76 6919579
152 136 1742386
324 166 86973886
112 102 33863799
152 51 92453817
348 315 40814584
444 154 27554940
483 432 32446407
58 12 71798991
128 74 82169975
344 266 79972784
133 4 26258248
327 285 56261379
213 150 5078668
293 77 48355534
250 10 2680509
290 271 49759855
78 56 65690937
123 101 63100224
269 14 79881147
90 4 22347662
54 12 89932054
206 28 80142994
281 272 37745890
330 220 65246542
458 360 89714409
83 57 62189359
444 117 89551474
376 314 23248279
347 101 49146786
267 86 63295207
72 51 72336262
180 25 4488624
197 51 9456498
467 37 97743726
435 402 8993111
328 70 55425919
241 177 28913538
297 150 95821339
199 189 99371460
499 139 34792052
48 30 18264847
248 157 14679572
93 32 50079604
445 222 90764683
41 25 62736792
197 147 78379767
302 78 61852729
257 100 47448258
340 130 68992004
158 42 40122030
326 70 27654030
255 17 40218653
97 28 48181022
358 59 37517220
428 335 93349860
71 43 39871857
373 231 55085628
361 218 49683211
412 3 29462130
145 27 84465538
142 68 56341686
138 100 41528221
309 230 35299817
55 39 59425624
235 164 85762523
462 454 34652004
133 10 24363598
348 305 5005517
317 156 60068245
59 37 68307067
424 363 32744091
163 15 96759987
387 170 46624476
178 7 19810854
444 223 47638859
244 239 46928654
408 121 19762132
163 95 48544887
293 38 24182036
333 6 78722
494 182 16521306
294 175 4376533
31 27 10666117
346 294 76927121
381 131 81308894
399 304 96100879
343 91 54566373
64 59 16330173
147 33 73242208
266 148 24250761
92 65 68909476
140 5 86714541
184 151 70046608
71 10 34056308
340 11 49452760
388 275 57976549
323 63 94594401
108 39 79252494
62 46 76053695
394 37 33766974
339 178 37793030
251 17 94129829
150 66 74873049
66 12 4617532
237 175 69689928
63 53 43456611
150 122 32917490
244 42 83088249
233 102 83140808
460 241 58532813
295 216 14409432
309 2 43118111
58 19 45019221
233 195 86028281
278 56 6968865
350 306 48877870
339 318 7080428
222 24 49596353
264 85 68354890
280 94 62007615
140 25 13169033
496 226 77707041
450 308 64529776
317 244 36844792
148 83 6773128
276 102 77379409
120 41 89140430
27 17 9972031
258 128 65764452
423 314 48500747
133 33 55128994
151 72 32072816
224 7 37748593
177 132 6184739
216 59 24162747
209 167 10438823
403 175 39599957
228 207 31184936
77 73 84927523
327 49 93587088
225 150 74554702
347 33 72915205
349 125 66664154
433 257 62999077
189 14 56379956
77 68 94736350
365 31 41012055
225 16 24508673
37 13 19086557
292 42 15570454
286 100 43619102
415 26 82084050
459 226 572000
174 10 20920945
375 99 42518316
428 249 78124304
179 143 631231
164 106 44227331
59 32 78516687
312 241 13689062
36 17 64704826
444 283 2558411
455 226 81703484
382 128 57358268
243 80 94702783
144 32 46789131
159 107 56800065
110 88 62729020
483 449 30841122
471 327 64283892
433 289 51421305
467 438 38765337
100 57 94575112
417 88 91529634
455 120 28100174
137 42 99975902
286 23 77989135
499 444 19591667
29 2 89903179
52 13 33135558
332 205 12491831
443 135 43614007
435 199 81537866
414 99 39950329
271 77 1486354
43 5 60109024
407 292 66456774
293 72 97669005
247 165 2209948
191 99 76357027
34 15 24423177
497 109 9833225
27 8 6003695
436 338 66404645
156 146 2226188
237 141 31439956
151 148 82794984
43 0 88211767
489 477 24006380
155 150 18173856
106 5 90720630
132 116 57936951
268 249 34856148
240 182 404922
413 127 57660264
240 41 2948851
317 132 97906353
349 276 98635767
207 12 5394604
158 27 10054397
425 121 77559409
452 240 30991516
373 139 42729481
103 47 40949475
392 359 32452030
200 12 17892904
288 269 61192065
82 2 87161722
74 43 65241481
82 44 35099028
126 125 24762229
272 133 72092610
178 31 40513026
247 141 65926628
415 260 61115187
374 87 12042328
189 18 1315133
404 246 23949555
43 11 86518120
269 264 68475916
83 32 90762452
154 20 77591082
112 3 36978375
282 153 72843922
443 68 21240066
325 176 13547724
227 180 60273928
272 241 23031130
318 216 46684592
406 328 20583946
59 45 27486881
50 17 94934438
465 335 52515587
66 11 26748918
316 220 33570266
481 310 65709349
370 38 15782108
27 24 98401437
489 106 98257878
368 248 75549342
483 129 30790957
56 54 68153708
223 168 13589364
45 28 16879246
444 247 22005739
308 154 85042420
168 105 82687934
27 9 51624375
178 36 14176173
294 234 34674916
412 249 341857
120 3 49061228
285 10 90913757
106 87 52611277
105 74 41692827
191 24 51064022
314 14 48781145
168 4 81488895
367 66 33083765
375 7 76759308
166 92 95689901
456 41 89491065
394 337 11195662
166 38 31466156
221 53 56693249
490 190 8721846
241 94 49543085
177 20 31058705
340 250 1922224
326 14 35797585
382 109 87121195
142 114 57481048
351 283 72541021
95 87 93252805
322 35 67292419
46 21 30511476
90 33 10959547
216 131 72735235
302 46 75351099
466 212 96865396
444 400 15963292
299 76 33292700
216 157 25937888
253 182 68080986
316 168 49504187
490 440 82178214
350 164 54789576
486 207 61262518
467 36 91959896
362 278 15166578
498 438 69700343
290 68 12059451
378 178 21239487
388 67 55006312
269 218 8658701
276 41 26728399
134 51 19486933
58 45 64001603
483 181 82277840
330 260 41537957
295 46 89919623
451 30 13780502
35 5 86423445
65 5 63528352
319 39 3810493
101 24 95150191
295 182 89295491
434 179 11977439
406 273 59351332
375 72 86694058
276 19 2948073
88 69 58591712
442 418 16130164
132 12 34143082
390 219 40369693
439 69 97378615
187 126 41652267
205 10 97353895
173 19 1037656
463 370 42983081
371 338 48562631
443 143 44651534
98 48 67085457
98 68 62163378
251 93 58571420
27 18 26069307
193 7 79594116
350 317 89512355
242 209 64589150
349 25 55031525
99 91 69113186
106 52 1608270
397 276 84471719
202 189 86805509
379 223 88352012
115 56 81179863
219 108 18877919
47 25 64408417
271 31 46253817
72 55 37102831
324 258 12875564
319 109 31682934
429 235 50224125
171 106 26251574
75 66 41853283
371 369 33492780
199 182 51893217
77 29 54273669
418 250 30126028
93 1 41351653
480 455 22540211
253 138 73869124
457 39 78642773
57 37 63490163
229 44 26219848
95 83 11357343
251 61 62668318
464 208 84167386
217 58 40309174
421 131 89741848
88 45 85089696
352 75 60566629
96 0 479043
491 466 74049096
241 22 81126269
127 63 82604490
76 8 70338439
111 73 80507510
400 359 42178968
135 131 33496843
97 61 45076417
317 52 52581571
310 69 36438647
437 394 5294044
338 256 72557146
176 96 5794924
404 147 58478293
284 55 31553426
193 155 66008227
276 24 3391874
248 47 27374337
358 194 83824010
97 31 24108636
148 111 10193225
269 42 95203626
374 160 72737632
426 129 46872072
187 117 55377465
107 101 69094156
474 209 74629876
427 132 20662198
375 143 2557394
202 187 40425961
43 14 38938280
296 148 59765313
407 319 57193046
376 246 38632259
223 116 49143598
165 98 84310856
428 371 7521604
113 93 13119322
226 20 20799899
370 297 76060525
490 457 86677201
318 73 23606984
403 401 24268886
344 289 23697810
441 339 19472991
234 6 13133525
464 220 99817473
61 32 3105383
321 228 25456247
160 137 72961618
311 96 89461975
443 34 60625707
345 260 36154139
58 22 86285714
490 363 16515588
445 74 95748607
417 43 52879564
74 4 77728376
359 25 94676456
331 44 99772303
383 56 42714868
185 74 84042969
145 4 48431593
321 303 25674699
190 182 23136456
445 143 29748822
425 389 42916944
61 45 90695048
161 14 2453365
67 32 33820076
290 20 1287746
196 157 51364098
75 0 95161950
32 16 88125920
402 225 79757060
38 15 28503378
439 14 39529955
372 44 992190
461 118 60276653
237 4 19155181
121 47 72761694
298 114 31917268
483 339 95443373
208 45 34402093
481 197 98124229
296 155 33756713
221 81 62572085
204 66 76530746
350 124 74346213
262 19 81829904
464 350 98915180
156 142 96605746
483 205 51654711
274 44 81829072
128 56 9020449
477 100 54067944
338 232 78041767
467 1 12315327
334 124 55798785
236 231 53827265
493 409 77690501
164 150 12269620
175 52 82755372
346 84 7586939
464 113 11295108
468 165 70288533
58 48 89938608
329 121 2351076
328 283 23296638
281 245 51139992
320 73 54133396
220 74 58773353
30 16 79964573
173 74 64675400
339 244 27667151
499 180 61805697
255 199 19112185
105 0 4651847
80 18 61585419
192 150 90105240
385 181 43862780
189 184 51618977
489 388 82206050
88 87 32668837
376 225 91384326
422 339 70395490
494 215 86147649
121 34 4142118
312 15 48461343
36 33 42742584
368 97 78996054
28 25 9306943
37 35 8654033
409 333 72231500
167 115 96641753
401 169 65765728
485 288 25559690
296 133 73182532
50 28 20665884
345 60 21215468
437 385 6761803
380 317 69399133
489 191 73233655
455 379 67193411
182 120 40974351
191 168 43225049
364 278 51797344
126 100 98786046
234 29 25851508
62 15 41397605
351 174 4494114
178 127 84992223
44 43 50190094
349 98 17844188
121 63 66326772
232 83 40079377
468 200 47087447
32 2 22979185
98 81 15835533
374 208 88508561
195 68 40948362
484 421 99019534
234 185 19811209
345 291 68671285
103 95 54526684
267 167 79802981
361 77 64252487
105 76 25798456
203 104 12402885
199 145 49298453
440 388 26988470
385 85 61209034
109 35 93190681
298 1 69346264
369 355 38672915
147 25 89694639
412 68 62498456
84 60 46333808
120 23 91111063
356 187 38091285
152 25 90113675
57 32 45497830
302 115 20651089
198 81 64994416
162 38 23125996
451 294 83656170
293 121 88899972
364 229 27748861
295 172 23898601
414 255 74663181
316 273 626989
255 147 2068633
486 208 19241160
400 185 97975202
152 121 56059343
404 284 86727401
477 321 75221411
470 306 43254114
174 127 42050608
310 182 19819007
44 41 14553684
129 24 90191656
267 245 16931952
98 28 45857293
386 2 63039435
304 145 20973724
437 133 29722828
87 82 58837603
455 165 93843679
343 289 74666775
187 136 44899614
63 3 20399420
289 11 54117608
448 164 95977142
237 126 93675081
346 225 19323009
290 58 54441999
408 43 83321338
355 49 38225283
358 101 39675806
397 235 15973296
107 11 20673090
451 185 45413202
278 31 73187316
467 252 54206225
81 20 35935554
404 121 20544889
428 159 38590182
207 202 63078132
171 74 50116849
400 118 18196011
266 258 28151509
372 110 72705041
51 22 68371196
109 57 72839483
477 289 48249334
367 41 95293755
471 292 79686914
408 263 55790824
287 96 46300111
171 154 46344804
392 64 69974969
491 324 65437043
44 38 19539296
81 55 59146242
158 16 92915688
330 154 50307094
69 18 45008112
239 166 44544166
414 157 66301909
418 208 45620222
279 16 5827070
266 193 25313676
455 77 11808814
438 425 40831521
178 145 44291826
37 17 82792964
294 180 12514256
102 90 38397946
499 394 72971651
213 1 40284275
281 277 83368868
408 403 35810204
300 162 75790850
98 26 57803703
376 103 8931472
39 0 26843574
107 103 74529476
250 179 73122366
372 13 27985784
341 133 47766213
306 92 10440025
334 168 9477710
58 10 30831115
412 188 66473132
245 222 6059981
73 37 50856806
453 384 55941408
381 298 62067833
499 20 17409931
411 49 21075586
40 35 42655997
217 112 40715181
411 114 57370962
188 155 52682158
201 107 66884000
139 96 24813406
349 168 585475
65 2 81596055
307 30 97991369
232 189 22535261
116 34 78795937
104 85 2030134
108 64 9710118
263 200 32617655
137 59 9705940
300 22 30809759
60 54 9417800
402 66 64513842
428 217 3227239
42 26 55678089
363 84 57879425
385 202 74929470
55 30 30376479
401 227 47725170
162 79 74246665
153 44 76299984
469 419 57605938
52 24 81087159
368 51 16775546
38 29 38239276
412 244 31528509
35 21 85300154
460 24 54165492
218 152 7100895
227 175 69817432
425 408 96943363
239 201 98991629
209 7 14107750
303 80 33344172
459 438 15372001
455 285 60739027
57 0 13230969
220 109 81108938
372 207 47563615
206 96 37678715
85 84 64138769
191 158 96525746
139 21 28673225
247 201 77516274
492 390 71623597
215 46 32840918
410 182 67486024
388 258 82093388
286 213 23802514
282 164 61355627
462 67 44874273
205 87 82960933
397 341 70999136
178 50 30964008
317 223 67244088
466 334 5092585
398 182 16713048
466 275 87856062
438 183 70563372
211 146 92939660
177 158 57979800
424 105 88334372
158 123 66892518
69 29 2183641
263 70 5873991
245 238 83742297
306 197 85491930
405 46 42672043
155 12 15865992
111 6 20407066
191 65 45717278
313 255 96072287
140 68 88622505
245 120 4417726
482 293 13886326
53 9 11466993
353 126 96727276
485 124 39445086
156 70 39606076
102 72 59318415
219 83 32771712
105 58 63254675
82 75 82978739
411 304 96129130
358 165 80641329
288 16 12905517
424 404 51772438
133 74 98926965
181 173 58260560
440 301 36935899
217 100 92255916
336 328 2982113
292 271 77592280
164 147 93134182
276 167 29281331
49 0 47943178
241 57 9499911
214 179 71058001
456 84 86075769
377 292 43737839
311 17 44967853
493 212 74753749
219 23 32948431
218 52 45186893
127 69 91461700
201 193 86135922
234 106 22857888
213 83 34199725
139 97 43680055
460 262 22178052
218 151 24621317
46 0 83869083
304 293 35449235
283 206 60088913
421 290 31241815
444 137 33929672
333 8 4008340
378 310 90615551
340 72 41115707
221 142 69892313
180 63 24785063
45 7 91191867
76 5 71433761
292 178 6259663
371 87 90887174
285 69 60402893
234 65 6332777
153 119 83744829
450 233 66768270
490 120 64082665
354 309 3955052
304 227 70551524
197 152 23222282
97 9 91087571
496 29 62559703
458 158 87902420
261 126 59994318
162 114 17058682
476 5 32932055
454 279 33674684
484 132 78663296
97 78 12169226
224 69 65878446
255 234 47272983
85 6 84264078
489 74 81488035
240 12 51093303
102 62 9060913
394 331 20115735
73 4 55187395
277 15 6211500
477 158 61777815
72 39 57524968
209 27 73990833
436 98 90817577
244 191 37808629
406 309 82555106
453 91 90282920
48 23 56287599
428 338 83366643
42 25 1721306
348 323 96123104
207 93 24746832
403 54 73818182
46 19 55384556
313 294 78945667
479 102 20509794
116 33 20572535
108 49 9121470
91 40 80862460
349 265 88772074
198 33 61718951
281 104 96370606
61 39 78005411
389 60 62608406
392 165 92579547
253 203 93014300
297 86 51617820
216 0 5287363
232 0 14691447
394 212 59493136
385 31 74195183
375 152 90116761
176 28 6733455
223 63 33252592
129 97 93473830
203 155 42255664
455 0 68950039
335 239 84869083
87 10 4457638
97 32 2245445
257 224 4717250
489 169 28605379
407 313 62963789
343 2 32252886
216 191 55486931
358 346 3263271
261 105 16579772
101 39 70241675
177 87 43238033
260 258 93479879
88 29 34423937
120 37 48970915
135 130 94385537
455 162 87622423
127 105 50434143
342 143 90269860
443 166 34609302
99 54 67982838
92 33 92053418
421 273 25312993
76 14 27038034
118 77 75481456
219 58 75282975
104 58 67445685
461 302 50099455
281 203 8626790
485 136 40404853
225 121 51720595
185 15 52121731
171 104 95528531
96 1 28479051
349 50 67069923
415 13 4682325
494 239 61020077
186 126 31684091
488 453 40472052
399 66 23954981
135 95 25755091
268 23 42385820
395 71 25618735
165 0 73321780
104 4 90872732
196 52 32460579
302 203 37603609
252 140 5880924
492 250 55556920
310 192 60080578
122 2 53669653
253 21 73723999
120 49 67142546
401 182 35307084
429 166 73729207
370 359 14819145
192 160 8789044
74 53 46631628
187 166 14104575
171 19 82456380
293 206 53831905
222 9 63041843
188 31 39263546
411 13 15305320
209 67 26347681
293 159 73603556
115 55 42926887
65 44 99111027
456 213 23662740
127 113 96783037
428 62 42624373
162 35 55378821
125 54 19178674
219 3 56448567
177 137 42755160
190 48 94588932
461 137 4052904
355 313 95942088
163 19 14993044
338 290 66583742
453 316 99543662
168 115 37383920
132 101 1441646
100 44 32412433
370 219 62475035
148 6 7449521
27 6 25401137
282 13 95085307
493 286 85546365
70 40 79183279
79 11 68544713
221 90 97716782
221 46 22042310
475 95 45508014
268 48 95148869
255 245 43683239
253 148 35353293
407 335 4966912
157 27 9744083
428 427 23205891
188 49 15403895
276 269 63501818
457 91 62164010
420 129 45177714
451 403 33009687
30 18 22581392
182 99 19080544
229 174 92240786
451 163 19448196
472 193 98143921
268 219 48583727
146 9 50202001
421 184 29625126
116 7 17327696
213 116 7310112
460 82 88702253
270 6 97466387
70 28 62192397
303 270 59523915
429 141 55734077
408 202 63859090
213 173 97264350
73 42 49970144
118 116 47674684
130 21 87598254
219 123 79043302
64 46 84893172
487 359 5127239
245 200 28249592
150 27 83448661
288 84 44097793
37 30 21620750
148 53 97906627
228 185 30213472
394 135 75673258
121 119 13915771
420 361 17212222
490 231 88143409
425 269 6727054
318 134 39264003
247 228 72753987
276 148 699141
253 87 64021655
332 144 6060796
379 144 19338513
55 49 66444044
351 346 75471049
186 99 97895816
338 0 71995453
467 397 48056667
59 51 88614430
207 177 12997760
400 340 94845213
403 105 19682692
497 461 38600258
172 71 70625312
175 68 70370509
104 95 34716538
250 102 76186146
371 317 94888843
166 121 40019698
492 72 20245848
49 20 87482122
343 283 33989921
186 41 46721529
313 214 25338625
407 401 8758025
121 96 63665802
136 91 35393144
184 24 73030606
136 26 19053894
239 92 81953754
434 400 22726163
329 161 12259375
60 21 63044481
46 29 44357345
264 146 40375016
274 244 76153597
54 8 98042109
300 67 82450798
54 13 39597247
256 65 19741132
144 102 95650063
304 128 81054166
58 35 79115576
358 16 9177022
304 271 23989389
290 81 75585057
375 368 76327328
52 5 49311779
409 56 24581445
28 19 57609682
197 127 33905680
494 358 18201324
448 8 58873904
94 35 82617294
263 246 32548100
173 9 57452004
229 29 14046256
268 202 33433177
232 10 82007669
495 160 55498365
37 25 2777188
124 80 6507375
132 23 21212370
135 39 12543988
282 198 78151183
166 137 64038146
438 235 38343274
45 23 79570068
413 3 45485110
145 144 89467811
299 71 97051974
239 106 69922624
397 372 52164323
97 59 53185732
259 45 58549236
78 28 67259063
135 121 98077812
497 441 10641672
112 25 53479036
495 408 75191257
253 72 28421118
264 80 26656811
102 54 93936543
210 156 42214910
450 362 24630563
457 70 682183
41 10 16483898
205 195 19302728
404 219 41191438
429 358 75264816
206 156 41410950
50 30 89777285
286 212 82970564
234 37 46619482
214 102 9977479
180 65 14842711
30 1 2738062
401 354 85942784
120 108 38577744
83 0 36827068
263 109 84125208
267 258 55239910
348 154 37838181
226 173 33758718
209 182 31964691
84 1 19625509
244 92 89473515
442 310 42966081
121 23 73642573
388 70 35717927
251 115 48456160
245 176 58670489
185 8 83774408
435 429 5074583
39 37 37004667
302 83 96853111
468 323 1763989
217 30 79400981
303 57 44029391
408 188 22817824
224 66 65946429
284 10 42684397
496 451 571827
183 30 98663170
457 453 27174552
313 38 64851793
273 208 29946104
207 188 58618485
77 53 90071980
72 59 70613808
220 81 66545425
363 356 52158219
294 176 84167137
191 51 15985337
262 89 54380976
397 394 26383427
421 128 52451974
50 45 90766843
417 3 45094904
274 30 5964788
382 241 19972551
470 241 71618336
400 326 25651066
282 176 57166186
280 219 55051020
162 123 60554506
45 1 51702653
285 103 32410991
331 295 21216867
431 325 53324684
378 22 58690843
208 144 35202607
254 177 72676076
200 168 42414679
492 387 19790338
296 262 6068279
488 201 57676719
370 64 90664602
218 166 88258582
69 15 85175987
366 125 3894242
242 197 25445200
228 89 33207877
266 262 29445341
140 39 2483944
317 0 11338488
335 28 39875028
350 94 20027604
430 290 65446874
410 16 65794649
433 207 80397
51 26 86336701
137 98 12071464
466 4 33928636
33 0 91738984
98 57 97931544
356 301 81300783
426 399 15739137
233 44 9172155
248 204 78612337
154 133 17156581
92 16 53230042
446 68 3773058
111 9 34720128
481 263 97731213
62 7 97509366
245 137 88315003
413 296 35656201
295 204 91359808
192 174 31549881
296 225 52946825
310 17 92504242
426 36 11722788
130 16 8929863
163 76 26680326
271 132 91493273
322 17 48767221
45 22 80732562
450 49 14169684
179 24 74111052
305 154 15666300
395 295 69004958
412 246 84621108
288 151 92023298
386 15 94275562
179 128 28366087
251 104 99320488
372 167 57417497
472 210 74324969
168 155 9006023
208 77 10096426
415 169 63952219
29 12 10871375
122 63 40515888
395 256 96481384
423 145 65326360
120 74 49182216
317 209 97537804
243 136 62389579
199 76 97287367
467 380 41429498
162 140 84625535
105 66 49970346
432 242 5399380
328 129 36577609
368 160 64769663
321 311 83440277
289 263 25485538
93 7 59371286
213 212 42070613
258 224 41760897
84 8 38120595
307 218 5376748
111 59 38090387
487 458 71916633
244 44 67258873
230 146 70991720
476 289 91348935
131 13 5256867
181 168 3774939
489 397 65224091
414 168 72016628
200 48 91235991
274 169 66288837
120 67 23866632
437 178 87806933
331 198 32366830
169 2 93929690
110 40 55384220
288 211 17491354
265 3 2471191
353 107 62237740
42 33 48093880
46 31 12309227
79 72 95153013
429 97 20655830
197 86 62375725
187 63 58162979
425 231 96375905
196 60 10587436
221 12 56529841
318 263 12868386
190 85 94915218
321 251 8412107
356 252 93763532
226 77 12122376
441 84 587956
246 125 30039165
255 113 2543165
114 96 23950576
493 236 55759105
390 183 52741438
375 210 87164031
360 86 16095815
198 5 19067381
50 32 24553094
294 116 72244438
331 45 27644686
126 72 72106468
376 112 53373139
420 308 78160614
210 115 38462911
167 15 20286288
273 216 66954654
318 211 5321940
367 63 50488290
302 209 66598826
165 37 74037069
330 72 5553257
230 0 22953043
415 118 75806084
375 322 81872815
147 117 71883003
345 224 97329449
347 240 85156628
89 68 62292208
366 96 10670051
106 14 78819505
293 283 38574566
167 137 76136112
171 114 20682337
65 36 73715508
210 200 95615986
361 205 46855810
405 215 71792751
400 291 15296755
487 21 22010484
71 61 8377526
281 159 7604200
100 58 44807177
41 32 12674965
301 259 38632998
363 65 57841172
432 248 59222755
371 347 99807230
471 279 52066202
447 303 52095942
384 256 58050585
481 368 25363536
165 123 78208158
489 37 64613392
150 24 11997513
320 63 72355882
299 149 7966813
465 51 74523492
326 118 29184610
80 43 37412241
496 332 72649309
440 414 39160712
57 52 12845728
462 437 74969630
337 84 37439050
270 139 78844864
142 64 60574157
476 200 58345003
294 103 10870589
151 80 42801263
458 280 97706347
118 28 3450974
326 233 76603874
117 73 12408148
242 207 26171421
114 91 65051992
105 27 23035976
485 66 32722772
468 397 88537454
329 236 6816205
207 106 76159371
176 48 95097029
340 81 62718546
371 226 74349724
366 272 98333182
367 274 24314373
416 124 25305881
238 97 96444909
395 224 44894322
328 304 12237450
169 67 70519903
226 60 15882036
484 29 31695918
240 149 26743488
267 120 51001877
482 440 96414447
98 27 7000800
246 19 53998595
272 158 6938339
274 71 37432262
249 108 9643936
213 25 28617358
374 200 3027575
445 309 50491354
334 48 70068603
350 269 46407295
469 42 93643410
242 202 20363442
204 32 94689667
331 250 71892474
115 91 87484281
123 65 46508086
195 101 86981652
436 248 97569938
74 1 54328605
43 33 37986350
138 4 79537947
165 16 30335334
370 80 48531948
320 182 39243739
493 115 65929211
170 27 44337260
74 14 21632896
493 318 37052436
404 7 39360368
453 251 28800182
266 161 13802788
211 206 28011582
398 235 68524154
420 103 25203733
153 23 50458054
453 244 91679662
179 5 21324790
431 132 10176260
486 48 20918786
372 115 78929131
336 46 70762334
33 2 92998264
391 388 35818491
434 258 97242023
402 13 77030689
207 163 14814272
77 35 55185826
466 320 95547798
152 125 85005296
42 13 73484585
348 252 94995129
278 217 24654203
456 372 88706615
226 105 91156436
52 29 22522947
44 35 68476359
207 176 48563831
139 103 21806499
384 310 33735392
103 69 89092219
158 125 89420620
470 201 36945929
200 149 75523630
360 298 45803784
405 26 51452147
395 138 62277844
392 273 37578896
386 118 44091014
253 69 71939615
234 104 40998867
25 11 54714999
175 165 55686287
467 466 76732094
150 31 9230623
302 210 10663683
132 24 85095808
121 20 91591192
318 315 78352916
280 211 19653327
74 18 40104142
88 2 74808292
206 102 63928045
393 185 56123196
377 374 91075568
469 226 76393495
419 41 10320776
226 90 1403415
187 169 95548572
335 333 47040135
88 30 55686492
378 257 87125137
98 91 19921651
110 24 82102026
457 448 61970453
25 24 3289457
191 101 44490801
229 123 90436131
315 132 57924786
38 13 32295874
229 151 98546938
129 11 11096653
289 23 33271987
238 117 29656720
81 61 13428561
380 122 22759095
308 36 42579823
308 253 86103920
183 103 95059191
124 81 11896486
371 203 75070602
268 155 68330333
165 122 40727660
286 31 76310984
68 65 80867834
175 40 73099175
93 2 36987991
407 388 53121376
285 163 30143427
206 72 57602210
169 97 78338559
272 259 59952466
103 31 94514051
261 162 18165690
271 130 55625675
429 351 77512581
168 9 94922437
483 351 42095387
114 3 2242464
187 140 71250805
30 5 30696067
412 226 8692289
427 363 67814176
227 163 35147044
449 34 72891747
239 23 72903489
155 73 33374919
65 42 64009498
72 5 20806704
42 21 24838571
141 105 68219664
333 85 49150949
287 123 72284231
344 315 41820495
214 143 74613959
205 11 13098394
119 82 12998167
370 197 45284920
258 86 43740103
351 146 54008608
164 75 22060058
462 140 25769231
53 12 33892016
419 227 64412105
168 10 53609607
400 91 72093210
305 246 20490968
334 6 62818934
317 259 73934882
237 40 46340100
441 240 83591540
257 9 74862166
165 109 45579072
64 33 11735853
152 148 27073274
417 340 32758419
102 10 5016396
135 129 95514876
434 393 74630471
455 352 21934382
369 328 94929464
351 138 12755856
237 130 65941640
44 2 19312726
424 78 71186354
210 183 31598299
176 72 31308861
75 59 43591648
468 175 53945901
475 332 56534072
66 46 15895165
97 93 2994617
314 271 18643496
359 169 59700153
56 30 34462081
435 175 13020518
370 108 58863339
300 203 45866311
477 221 37375761
100 51 92400638
372 63 5377041
30 12 60624961
334 74 38762191
386 125 75175149
402 223 32966175
46 22 65912507
351 89 36123880
332 230 81133872
139 100 29161736
267 55 78606278
165 136 64842119
192 172 93082931
126 67 19303700
370 243 86409913
258 67 14233483
337 211 86811819
69 63 11009987
227 222 67919067
215 131 32420032
223 30 83391998
153 97 54829266
186 100 5884843
108 25 9541412
123 43 29740481
276 31 21124030
120 106 6085956
378 88 49862576
40 14 88529758
365 282 70037229
52 2 99132710
446 380 37906924
445 416 56834736
129 85 68730756
396 50 7417828
166 28 93611898
327 23 17617342
314 116 72036591
230 71 82513141
257 83 1127254
367 282 58753945
487 110 53995847
301 262 74644949
47 20 84040477
215 175 76277385
89 87 25293719
441 400 29126391
108 57 96058468
322 140 14226564
84 14 43383910
88 31 62189762
320 292 91036784
392 55 44081171
414 217 45475012
445 215 3668745
342 145 61085770
202 42 32916016
393 30 98527851
208 56 10393393
160 92 42882435
435 368 12976445
375 21 33791242
296 21 57542654
480 191 48196972
344 335 13658515
202 73 95906198
82 51 93096831
313 262 46288301
178 76 27865751
150 75 69531214
165 151 59067249
280 263 25908033
90 79 78254165
129 106 62288743
55 26 80981378
350 166 40965737
87 78 55938752
365 227 92907608
223 129 63438944
30 2 41990961
244 77 76862109
264 147 74783789
233 229 56528799
416 231 17988828
452 320 90052022
164 14 37073608
158 40 74191693
286 108 83902932
489 368 70924259
494 195 9315664
109 46 52779985
411 57 97432219
443 322 99889
142 37 47377111
192 145 38149658
436 188 31329093
125 19 33988418
242 226 35958998
74 56 28418419
111 34 52998872
78 51 65565404
467 28 75261029
267 229 69466702
306 212 67341378
275 177 80843950
87 77 69856716
337 259 23627613
256 158 14044077
426 422 94676641
445 193 52317646
213 3 26952428
359 278 52633102
471 122 94131838
391 146 2659863
77 74 16004641
297 187 17101380
51 25 18693555
381 363 93100909
361 159 45603692
435 299 40498709
128 126 98191359
457 122 32931854
102 52 95997654
281 100 33950792
166 97 21754109
444 416 69949475
69 45 51837913
410 325 20953150
368 63 29975827
435 345 8611097
303 10 58543968
183 69 98986202
462 114 47755895
321 314 92440227
342 121 66263112
123 102 95636923
485 404 71139951
136 41 81525657
244 81 83512302
425 341 15787002
265 164 16665012
222 136 7106580
88 18 59730262
26 1 30303994
256 180 10961346
245 150 26854244
305 163 84894131
265 33 42525291
405 155 92806331
438 428 61473575
387 149 22843281
378 160 80276711
498 76 95411242
468 313 2837549
289 284 55808465
299 166 22606523
154 129 86316116
252 94 35546729
186 91 52172475
447 254 50932602
141 102 35621828
294 83 57079850
113 19 45155058
129 35 78962973
379 15 93716240
137 88 17960156
111 89 3043507
69 21 23328902
414 101 48759049
188 46 75889038
105 62 27759689
187 184 74368353
481 42 21132327
113 75 50150317
260 8 9218119
498 259 43971079
379 266 24975615
259 26 6558071
221 86 29704621
315 38 7356051
292 23 57703457
133 41 7592926
119 99 68256961
339 314 84353200
351 272 75135139
210 139 97857230
395 251 39616801
429 131 47186966
195 168 31988381
341 311 72186635
200 162 1002711
302 267 57838090
187 27 58449696
366 37 75842066
270 34 22683998
193 187 16364297
273 115 38502256
50 23 89639907
305 161 55452894
172 33 54161415
166 32 23585981
438 405 64439852
33 25 38968032
420 348 89380405
176 63 13020542
264 97 1710229
323 284 83209414
398 45 89503004
286 121 57779696
64 60 49669745
495 359 15938875
487 45 43793987
127 120 78766914
360 78 11684568
38 35 88598454
398 240 14230922
184 137 47672825
220 79 42270730
172 167 94452207
392 21 49939048
176 143 5150566
197 43 7533550
421 63 19520683
321 195 49963425
70 32 17651114
239 6 9875304
332 306 68952995
316 118 51231815
261 102 83956295
218 4 39412276
472 151 73819869
279 12 85146371
489 296 69071166
53 49 43069905
131 60 65020007
218 39 90319395
436 387 26940168
457 167 87923472
337 254 48135712
463 368 94440368
157 6 53866580
186 115 45986183
255 111 29074814
478 194 54986304
350 303 58401632
109 60 31220507
470 198 90272445
470 331 39188350
153 102 57414403
254 215 80300153
179 160 74968497
286 5 51620069
223 46 86442434
359 138 14139144
130 2 91067125
318 238 72922085
91 31 58839852
261 222 87876909
320 187 60689287
486 137 75699770
420 108 84208945
311 19 18583403
350 179 51737850
288 268 69643606
209 110 87256159
182 144 37689340
32 14 70833330
281 210 23265710
480 189 47539512
432 327 94302112
301 61 55498341
459 51 59287188
413 247 50966677
226 193 79973504
141 89 88721049
355 257 44556591
99 46 63323890
404 156 51141528
422 54 65337792
358 191 6210765
471 306 61888132
179 39 8633439
106 85 14150489
305 188 56781044
465 253 1780969
216 28 88268745
356 27 26795741
80 46 44641215
352 130 42751519
256 232 4700267
341 81 61184988
376 132 10976952
415 193 53061112
55 12 18358833
130 125 87309909
245 95 73637363
265 260 72804680
250 77 68084105
163 136 54286449
333 2 41002512
488 387 9813570
246 146 82747475
301 108 96590093
273 57 97951779
423 244 35842144
186 86 4237767
170 28 36012684
206 111 18761343
360 188 1116613
59 6 27540168
243 92 2163208
214 207 41352417
29 0 4371887
374 267 90670075
213 108 26937514
75 25 74669352
396 125 87996549
218 194 54232022
171 137 84233609
358 171 37445624
282 208 12660146
423 236 28795775
57 46 10707000
350 101 61821813
236 212 87732937
228 112 5687540
200 47 47569100
498 267 31412526
90 65 30003428
99 7 87259209
280 104 56615469
136 25 79599174
430 370 13811652
490 421 3356365
359 294 64291043
412 395 8240184
223 218 75204777
464 87 91253850
181 99 46832419
156 1 52033513
346 298 78195100
345 214 33760119
96 88 91189138
334 142 52310684
438 72 65464006
154 87 55254369
387 247 59903543
477 101 27066609
232 79 4393886
458 381 42477632
213 7 32251502
466 142 85385186
401 338 53185893
87 43 64660667
294 140 71914771
92 7 66858946
371 368 94403792
249 245 85076507
491 11 95716245
468 170 63027987
40 25 32509628
262 55 23266690
326 20 97291032
460 38 54343836
179 69 39122749
53 21 19097753
48 11 12793005
464 296 70547733
273 153 15071594
450 59 48271844
232 35 9661020
354 23 20787798
141 1 35724264
230 26 2632271
476 180 30112157
64 63 9176261
472 264 11418686
369 346 11912127
299 23 19388464
483 106 58807388
352 307 20717616
91 28 81764932
127 83 51349392
292 15 92821341
38 9 20822970
300 173 77398883
328 252 84853837
361 278 53587885
163 20 2149864
219 40 13748243
481 171 82762783
90 63 10446424
115 67 57108204
77 1 71195715
311 133 54684920
289 155 92712772
355 302 15083209
67 36 58235197
345 222 42711482
333 144 37713631
429 82 98958961
184 36 74106179
341 21 10682576
461 211 66308681
96 20 95467976
241 114 24101934
77 17 70016595
250 93 78791663
270 14 21938256
285 245 27445572
93 89 38163593
323 315 82669229
391 143 21171169
105 42 16931745
263 204 15276354
73 30 8564840
97 56 62154937
399 230 50810639
56 27 1166236
234 221 15108253
55 48 41370613
224 27 64306004
228 214 42203529
316 156 45450546
39 29 92449882
369 332 98703141
210 75 51935164
39 25 83090317
391 314 4833559
287 30 27492086
117 52 56696365
342 56 37394755
124 61 31560903
325 133 76316207
284 259 86633851
444 378 17570700
67 25 62578673
453 40 97238936
411 47 43968491
442 66 43045588
347 331 99463255
141 115 27462809
121 1 65886107
217 102 6137526
135 110 35384446
373 307 75418911
86 56 46618569
378 81 15879075
426 260 72679049
45 37 70091197
276 159 34442928
145 93 85732342
391 150 27069055
194 157 61861407
221 54 80484378
434 374 73819425
493 270 85810908
230 81 73105318
359 353 54513580
313 53 17648114
147 114 14666829
207 135 83675604
129 58 94605632
436 371 66582352
487 349 71966501
244 38 62795300
486 387 54734017
488 355 20618849
161 28 64955459
369 190 57159124
174 54 6831048
331 226 64059906
79 18 30265270
349 275 81358268
314 5 33200051
250 241 84505240
43 25 95005149
197 48 99104924
154 18 95965486
181 135 62550270
213 89 92139161
84 81 54738059
269 36 96381269
52 14 51264960
160 72 64283273
396 372 90119840
350 231 70390107
256 78 94920262
401 136 83664743
321 35 57668881
88 14 29224637
392 23 22358842
290 47 75230532
315 36 12125117
390 71 38918936
385 216 27386791
115 9 3689917
313 151 23280020
151 61 22928456
251 228 14218680
298 39 45123703
111 14 81738925
76 23 4350784
213 194 10271153
256 103 30362484
254 216 49569173
43 28 23034828
237 1 23691697
140 79 1802974
359 100 97799271
105 90 70867207
257 3 16075006
195 102 12130596
450 136 70597471
389 363 94573971
69 34 85160697
129 96 48053232
269 120 75664466
317 148 90977374
53 42 52151229
477 211 31466234
277 119 40766162
443 440 20084689
42 20 69170392
170 168 89793136
293 122 5924124
438 221 77435968
226 28 59990018
36 1 9573821
168 153 26160514
205 91 42171674
468 111 79260164
43 31 88407069
448 271 32958718
77 7 33691218
127 14 89213249
118 16 22477831
255 22 32622017
46 27 69925171
317 245 4397248
83 61 80885240
293 244 84057932
159 143 43220205
276 162 74445329
329 111 73108601
365 97 18715147
232 221 60582346
468 325 40204112
136 52 79359545
467 450 93480779
468 185 59017185
293 14 94338901
153 4 62405709
244 6 5237771
406 366 23944131
455 133 68422666
319 314 6091381
466 25 10797227
227 123 3480705
136 117 88472007
472 239 17410046
288 209 47793684
149 21 98216151
447 419 84752220
312 33 88010628
251 192 11301694
489 110 57391799
341 112 89811447
249 75 98252318
121 30 8578286
123 38 11624484
169 70 44136260
390 307 24048510
390 101 25471376
320 127 79366971
222 166 56064419
334 221 34714529
462 332 30157751
315 307 46241243
275 185 62846036
162 48 74778937
181 142 41571353
369 257 49320787
47 35 95422279
273 60 18092363
36 22 7060357
250 99 83793380
459 443 11366689
85 28 94145032
29 10 75735421
103 11 20632272
343 250 46056094
239 77 96571394
198 125 41965534
134 30 52341336
421 95 30159557
376 7 44623776
261 239 71225206
74 52 97748571
367 79 17310727
67 35 74508572
454 248 1250902
236 135 61980924
470 323 36540458
463 246 96962963
349 173 40677174
87 18 86701534
363 239 49582424
409 239 36673031
265 124 84380889
295 53 98239961
373 256 72369487
138 44 6195234
80 13 94883462
272 232 66445609
481 149 8953906
122 49 93875746
165 160 28461563
299 237 50141854
184 49 93527152
76 31 86102776
43 24 19474212
268 105 10052003
93 59 424182
126 55 27103692
262 176 46975877
326 270 7932165
381 348 87929459
341 73 63547360
207 6 75034515
428 263 45369023
302 186 9873727
304 50 61086239
194 140 91448225
249 151 86548056
68 34 63811833
345 37 45616268
49 31 65946440
475 141 36811647
435 145 35125458
87 52 61084406
186 31 562680
391 151 35050
142 46 9418023
95 65 12494928
139 37 11691063
80 54 36590510
423 318 95421325
191 136 18909490
221 192 8528506
128 116 93259449
228 3 42707150
279 103 44302065
408 225 24887898
64 49 88632773
357 52 81324285
162 112 33905265
207 203 53364179
90 50 62142879
282 94 45781807
28 11 56188256
328 92 9533101
474 372 91039185
349 296 96242452
228 130 5860670
272 163 54179217
255 115 33281121
369 236 51931107
320 294 68257782
323 306 27786747
161 93 8197127
315 201 63562121
251 130 9430561
116 87 99409309
76 47 6916854
277 37 49459563
42 22 59317255
96 70 24816471
112 81 37474842
341 116 71684108
254 214 75866832
376 116 71831364
496 1 7074447
69 43 37310100
34 27 61447186
431 304 24322962
103 72 45479781
266 138 22365699
223 134 99408538
372 147 39488465
224 37 18762289
440 358 57516833
182 59 57568126
492 100 55137669
346 321 5325502
491 369 94994350
77 55 48010584
127 82 78335621
35 27 65305856
276 131 76900116
428 339 16859189
314 273 15924612
237 216 61546824
432 27 17175530
493 253 55782951
118 11 49543359
210 157 82212193
270 243 41606012
175 81 24818646
245 108 91319722
105 22 49886033
101 67 28683158
278 124 98119344
226 210 75031926
302 279 72399971
161 41 64300661
214 18 45761520
130 71 65333835
259 118 39008106
423 422 32377156
392 220 95391960
348 327 48893307
300 74 63505455
264 51 39591257
62 14 29475585
191 124 16711089
267 25 80231752
370 28 23178394
431 29 51617721
210 59 7825890
43 32 88762234
200 63 98749215
389 357 30423143
478 404 57419163
166 78 93349869
112 91 28710125
299 20 46951830
140 127 10114679
420 184 59206177
159 39 76972896
403 261 9193237
235 33 49360758
168 80 23727773
395 13 81702863
209 40 16616790
359 209 56361640
288 281 24719996
412 411 52000935
305 256 70896507
61 24 35446158
163 132 53136784
305 211 89784194
110 90 30429525
309 133 20294119
267 246 15546358
474 73 54318916
222 108 69003159
337 307 22279325
201 56 82324600
32 10 8854696
149 14 5863192
443 55 25492648
436 34 88265265
426 144 27182398
488 159 56369589
459 201 70539572
367 105 11282976
278 77 97676401
404 136 79922864
379 248 31028125
271 109 10151181
126 109 58197922
177 55 74994375
260 154 57536890
95 80 68913662
77 13 37566796
444 232 41051423
223 77 14416143
71 51 79252706
119 40 16888218
60 1 44797848
376 155 85364706
306 8 15790916
135 27 9128677
496 289 35191434
304 189 29715783
71 36 31694262
386 377 18480932
369 304 66936975
250 194 17528621
394 258 29374256
289 122 19123872
457 10 83761130
25 20 26557706
300 222 82543486
185 84 17472686
225 181 41196793
48 42 14928380
302 220 56663428
495 489 37506927
304 89 25775925
63 16 2329883
374 308 36686299
402 274 45988168
179 114 17964564
106 93 6740335
430 412 92794729
398 166 44973646
62 6 14042915
136 89 3250732
466 128 49994710
338 312 13580015
232 97 20609904
66 3 98712516
81 14 68284813
280 9 6381665
458 410 23108428
282 150 82298175
368 62 97770505
175 20 40920927
73 14 85690313
275 43 56985709
472 265 15301675
464 21 16713834
65 8 41395434
218 78 55618040
432 184 92477791
294 276 88355283
242 196 56497481
425 284 19641004
67 23 86572144
65 40 78739678
32 6 73036453
334 137 67056819
109 27 61514364
178 97 50391740
221 190 81371442
403 60 26449351
389 236 83219212
353 251 5619583
453 193 53186603
97 73 82961169
67 38 17623510
474 450 72554585
144 67 45681883
213 138 34793523
106 61 14333899
384 240 87161926
261 99 13593160
384 207 45942692
424 208 60424572
284 45 90017846
127 5 95484249
226 208 28898967
42 24 46124639
134 32 87086722
258 47 99819371
484 281 13803630
355 293 449332
322 297 62395748
120 57 67159026
477 26 48168924
68 47 44602780
234 224 53247410
262 15 22617721
101 45 7223609
472 415 4999658
255 120 42999348
170 31 97513731
392 214 92923151
93 9 45162053
447 159 45362838
174 82 78748673
172 37 12119927
354 167 55603897
471 111 7368436
244 65 60698369
307 163 88761063
334 114 98546247
73 72 73737841
288 9 56111347
246 198 73733392
63 39 57060419
40 5 20794380
149 112 86195916
65 33 14290880
174 134 18332523
298 219 50379717
168 60 12636510
128 102 87333302
260 112 96347360
91 54 27087467
144 142 64650374
450 447 42887585
436 240 72462768
256 249 44147244
306 97 55082773
351 103 49463901
396 269 67900522
473 470 6540699
243 64 73806761
347 304 63425429
252 170 4550459
101 78 82682394
336 125 23171253
27 16 17727356
104 10 86805857
249 202 97321259
304 279 84419734
218 154 34370254
73 25 44455165
345 275 7817871
104 72 77365307
317 93 44796127
230 223 34660793
391 371 38868902
445 208 35878720
172 62 14949573
390 332 82158503
224 46 66429643
293 80 41811048
290 120 54786054
456 182 12552339
447 343 52790754
421 246 34226436
240 17 98798011
302 133 50022622
311 193 75437914
89 66 26438978
117 97 74230326
69 25 79054637
64 39 19157446
463 68 14562237
297 281 49965136
115 38 67836797
201 178 10296188
479 469 75996582
62 10 74249744
118 87 37710028
65 59 88986803
32 22 9756578
209 108 33190408
292 92 58867803
190 138 17583915
59 7 41922452
98 55 2833334
54 22 20349069
148 49 32544134
260 123 33268513
302 173 58429075
492 295 54098264
278 148 5092334
421 313 58830258
232 142 14876038
322 185 67406936
88 55 80581866
486 450 11355622
421 337 83244284
277 274 60739537
378 251 51990701
459 66 76555178
233 62 91842750
363 308 61049030
363 307 18713056
25 6 49023741
482 204 33899059
85 58 61180834
58 9 94484534
334 10 90051499
359 281 97088700
495 419 3916921
42 9 32924722
185 125 35520570
46 18 58300135
362 1 28923939
66 54 19792369
80 68 49892282
312 215 23784562
76 29 52161343
355 175 24580621
36 9 18360561
293 183 17366492
66 33 78152665
404 260 88165276
460 186 57184788
89 15 69224473
469 459 11244674
435 177 73150471
438 243 35624105
472 439 371224
314 304 30689458
350 115 75270404
151 95 22715788
383 214 20387203
435 107 80322550
403 197 53996071
367 309 43917302
480 68 47112210
196 170 63752021
420 351 57561166
469 100 47683995
250 108 86435524
339 299 20274549
407 135 31648361
93 16 55703706
183 94 22698942
398 119 68878512
498 439 34191920
196 2 40692771
231 109 72998819
56 1 83839938
488 260 15660550
127 126 37018496
442 49 32686391
181 93 17356748
304 9 67063829
74 50 50538760
297 202 59210774
233 34 42933540
151 50 7775518
276 212 60785272
85 74 22827047
287 33 19271822
390 318 15276087
367 171 19537433
200 4 83446828
160 146 37216368
44 17 60778767
61 28 49730445
490 309 87742334
268 116 92926767
229 216 16985833
373 78 24852187
104 9 73808843
367 285 24948303
113 36 92144482
442 396 75543304
259 170 26016411
440 254 38348233
307 247 6327581
63 21 82323056
372 193 17976943
481 285 29464940
173 101 21907593
185 10 44162165
299 98 64549214
407 402 93270414
171 2 94774608
386 147 62417994
146 61 79934710
32 17 69003674
457 79 20768983
366 323 91135183
68 1 57577355
463 326 84943052
389 151 88463060
428 257 92333245
239 54 50452035
320 100 95185893
277 276 79865920
240 151 71457487
214 5 19457711
245 87 39732944
81 35 25716021
407 234 17162621
196 45 35690197
239 157 16809136
97 40 54915213
416 154 59124826
175 86 27639810
117 43 57444989
145 11 47352452
190 61 94658640
447 377 65604585
428 172 31567629
38 2 9250554
266 201 84120618
350 169 7700584
379 356 4703280
413 347 38613256
402 26 93532973
357 296 80992616
202 201 23508416
87 68 32251921
452 29 31368682
200 184 54732987
437 422 85505628
263 218 29983563
258 177 32988693
60 48 96667652
351 173 46677033
275 233 25069763
213 196 60474671
429 392 97737481
249 215 49725781
167 103 92620641
488 358 28005956
41 35 94071030
221 113 61531529
398 96 29566109
54 46 35858103
384 223 76691464
285 251 38073317
309 167 10842759
305 96 46976565
303 233 62981766
415 77 44845623
330 79 52458148
279 27 10416979
251 147 95742907
61 55 12050370
439 269 94066842
433 150 30175029
191 12 22351430
302 215 18381719
451 122 24587321
426 265 98468439
459 222 89203001
224 220 23229727
92 13 7610302
481 136 23943641
29 21 50861250
40 33 29415709
285 36 15053870
196 195 11088017
188 87 82692682
341 16 93812563
324 62 26857374
157 23 8850744
474 233 65656932
434 24 91418198
449 171 82528550
474 31 57319406
120 92 26599415
224 100 72911463
218 200 9767416
419 13 15082707
486 382 6907229
116 100 11344613
219 89 75797048
261 42 40950529
89 58 47385727
167 58 37512673
101 48 96328077
460 189 24102467
26 19 27455956
102 56 34778063
310 239 14738690
370 55 47040358
464 311 83662789
243 58 56112516
174 62 73031100
271 167 62814143
225 193 25246530
344 57 57004184
67 19 15774157
97 30 85484174
175 13 65668534
380 98 45355065
356 273 16785702
362 329 8402382
496 20 67415561
301 179 65233158
374 321 68760234
220 175 26349475
453 366 20400080
170 4 8706718
357 219 64410417
297 182 40518599
291 209 62770704
406 237 24745729
191 89 52616351
114 82 74662214
466 271 9702079
191 165 94953602
113 51 57202643
443 121 99127428
495 152 96928869
314 257 37437547
68 35 3362710
117 1 11775488
443 304 66240659
58 11 14186815
341 277 68253353
288 136 68829463
200 41 97550136
109 31 55674172
407 233 16235338
266 121 16379975
270 19 26556531
208 61 68890572
440 79 58675104
183 167 76582638
175 16 76459658
60 33 4055696
149 47 76947550
154 149 49775287
149 32 60147455
209 163 40784955
221 40 17369381
311 178 86061231
375 288 26164730
94 50 44326511
74 55 26855931
379 309 58276837
441 260 66679844
413 220 9634874
452 260 86048337
426 250 27811162
290 136 60435005
483 157 73477012
252 243 61176341
484 268 64179962
73 5 46232209
205 21 28783400
64 44 10429726
45 2 37406531
454 234 31307129
256 237 77527623
351 292 19402016
306 23 29719241
303 187 51584522
137 79 97779862
289 231 66464354
435 97 40059992
188 65 87485323
494 492 90867358
494 152 60137765
436 372 46209122
202 120 192347
343 83 6940836
77 70 25801172
174 102 8809126
176 89 48752809
351 36 53327478
168 79 8153182
214 186 62428311
410 81 26241427
288 72 96011946
476 463 89684904
427 243 89468385
198 19 9378804
205 57 85658693
44 40 73160823
444 93 27827681
257 177 72717946
163 92 50423614
137 129 69363070
76 49 54099683
129 10 66392938
378 164 43113074
449 64 86114570
261 56 86041867
473 171 44409124
285 187 67266151
199 88 23878530
169 44 85163701
268 259 11065511
145 106 53985547
195 7 16132399
226 15 97755980
298 27 54904562
137 94 51201874
171 16 8526804
309 32 18155738
125 110 17126280
249 244 74809043
135 10 33288487
218 126 78282552
63 14 13339324
270 115 89921322
479 250 43731085
382 315 70478625
404 236 14381654
119 116 32178450
217 136 13895774
189 166 82347099
316 247 62691643
440 367 65859519
259 93 38867785
126 19 29256149
278 238 84841122
131 4 37106883
152 126 77211324
90 34 6637542
248 153 75679373
70 24 49608
151 136 32937305
430 409 84026559
434 384 64221338
300 79 17954310
83 38 5014758
481 34 55633610
211 137 52678545
464 174 53352555
272 114 3832309
246 143 22673356
419 265 30496611
105 21 93662912
441 372 68562121
353 226 32460554
350 4 29932631
181 91 15731046
106 33 77007827
158 147 59890600
266 107 72851518
160 45 34189975
224 135 31421437
446 288 50060429
126 105 55234428
200 141 19362562
223 66 33688251
472 392 95002118
431 53 15601895
368 162 52779597
343 278 93366228
442 383 57346910
198 154 5543163
257 195 48049979
108 22 36120546
164 101 35168192
482 364 74089994
273 173 52260737
67 2 60485300
151 36 24999731
376 48 72471627
412 368 28176958
274 180 97266103
146 3 6017050
82 45 36680994
386 379 20700274
470 338 19451224
201 34 32255110
157 32 6859561
163 114 50220787
411 20 18463611
481 99 37326060
112 96 71453809
431 418 76604090
231 23 91111192
327 246 13888651
328 215 50030979
293 137 79292959
384 348 51614579
209 16 35060405
176 169 19758372
50 47 31914230
342 39 19087790
407 267 24515913
483 51 10880025
383 173 39894706
430 361 10302364
343 211 47104177
379 78 95241458
468 441 77276636
140 45 71088376
269 68 57333538
264 37 51422806
408 63 32838237
398 267 95947200
372 239 1490832
238 11 62175005
378 122 40390162
325 108 39438356
438 274 84888587
252 189 353558
491 428 49395277
394 393 66522200
417 23 10343788
232 19 81909232
215 127 71033139
173 34 43818129
358 282 16619702
137 82 24282625
447 13 57410804
104 50 27994590
358 47 53101315
108 100 93534948
333 212 90221505
252 60 97562933
434 349 82249250
112 28 22931827
289 283 19924348
399 164 76132739
76 46 87790806
481 102 16121411
132 95 30984994
380 285 64672738
281 32 14595576
157 84 49773268
281 121 47842011
338 238 63223849
495 350 77219857
321 165 33713309
240 114 81170849
430 187 9194641
248 203 62034989
34 0 62623967
134 108 97630995
115 54 64720735
49 11 79711553
407 185 35361938
195 83 76639623
304 170 56532602
216 166 41164678
223 61 47975443
257 45 31792380
301 9 66921215
319 57 40317496
463 256 47906051
111 35 62286741
287 270 17608909
327 319 75410816
156 126 66212976
147 77 5174259
466 365 8327973
93 85 64270469
111 99 46697479
381 317 17097594
334 298 57215453
388 291 98538904
263 233 11230191
114 47 47858565
415 367 32110129
367 146 36254296
193 49 16810250
307 251 65493637
157 126 39029280
310 97 2059439
136 95 68639509
127 66 41615439
471 448 35909783
357 133 42225118
257 78 63728934
262 103 40630979
366 336 72647496
455 110 59973412
391 231 76271323
172 130 89598365
95 69 47326368
304 61 71072892
320 237 27564336
436 172 82839967
463 110 98403551
435 428 48183936
194 14 32488488
349 240 46041218
353 36 43116591
110 81 80855003
349 274 92126935
208 183 28332898
157 151 87393142
391 354 45652848
121 67 11949723
237 164 65228701
359 350 83935316
358 230 40919507
202 90 84986550
456 54 46386685
136 65 2603361
494 79 38045766
465 283 29800817
172 132 62804830
404 106 37302932
460 146 2790842
492 336 67791653
52 11 34095513
424 257 25403233
87 2 11760957
172 103 73465366
414 251 84847945
380 289 60234167
398 151 93972775
204 176 61274127
258 243 36359858
85 29 60872271
188 19 86970929
292 200 12907613
343 309 18064276
308 58 24374910
321 22 34839694
392 152 44420431
382 28 22262251
346 287 87588053
127 50 63184830
141 68 17252355
162 94 8071113
316 259 54790864
300 61 58324208
339 111 99023345
262 175 87113375
104 42 30291458
347 272 66299518
153 10 24739054
284 185 10467881
336 99 68821595
464 391 85743909
274 263 65520283
275 232 8503648
271 36 90049198
239 64 18337270
372 359 45648680
76 32 23535606
460 310 94195793
483 115 86895108
111 104 25526431
365 276 7078165
96 85 78047468
174 106 45783638
419 315 21335625
421 47 49713103
478 174 41114369
68 37 75511251
85 81 13180980
378 26 12122089
271 126 84277284
66 65 41186144
166 23 9389042
305 89 19183919
248 143 70562735
403 275 64915722
366 279 61727710
78 25 65291484
346 9 59146218
342 136 24164325
363 160 60264938
433 104 33826517
368 132 29521527
238 26 89835871
257 10 63782285
413 149 95799266
395 160 72679228
201 136 26834317
94 70 75547237
118 108 34186254
135 33 46012273
401 5 42170830
301 214 26283235
140 110 95289161
485 228 95390909
331 61 3388475
145 15 10185849
51 31 99409264
428 86 92839431
202 191 86138971
295 202 69374376
320 115 23793568
455 186 19669642
260 160 82063369
326 309 82382254
276 13 56503199
463 21 44305149
363 48 45321817
246 21 32145951
496 208 45150014
177 110 73180105
109 1 77026886
46 11 25336493
430 391 86925972
191 172 44398578
457 278 42859480
330 133 34827313
316 288 64698012
471 426 72385105
172 153 47855364
428 399 43938364
197 174 70572193
341 58 19820120
313 267 6895943
270 245 16411652
194 136 56734304
127 112 37732177
235 203 54943392
318 226 26618622
163 153 59466825
289 1 6230089
180 28 71889030
348 208 528301
341 293 64110648
206 115 80572802
438 142 32087824
487 354 49173588
202 173 43395144
45 34 24959014
152 0 49295626
128 120 88951841
244 219 27792566
136 127 48083751
461 291 48070328
251 52 62869504
387 301 89999615
38 28 56348625
359 12 29445888
493 368 25197274
442 10 9506295
445 444 6340108
239 79 34250845
391 278 26658594
64 51 83603769
142 81 21596199
491 342 26236369
301 232 62082048
120 71 86971577
207 196 35494753
353 18 70426146
294 247 80408073
204 113 53571541
403 50 2141111
101 65 82683603
481 470 92062032
132 1 92674094
439 353 46826588
499 57 61561982
435 269 44820404
495 201 10380070
323 283 59144453
308 171 4555079
370 95 51646415
225 109 15382155
235 232 99062015
338 165 53789632
142 133 78024787
258 129 83717513
292 218 37261894
70 50 5806223
288 147 95563009
53 39 2251606
460 98 79394503
303 215 25713202
357 355 61353297
212 102 59779261
196 3 40499742
268 99 96148492
46 1 74093183
476 18 30427627
258 160 46308256
198 193 35378000
479 462 81550960
203 2 23648066
337 136 9765137
257 160 61861967
199 52 66459294
337 49 4208634
202 145 17942279
202 16 22767934
236 132 80443743
390 96 25286488
417 283 41611334
166 71 52556669
238 126 28277996
89 16 17973336
458 62 42298948
313 254 57141549
308 67 43587711
394 246 37673222
249 125 83063464
229 93 98591320
286 273 26352851
119 0 6334814
63 41 37244525
403 382 26508242
366 149 44318790
158 78 93475893
357 35 95056084
130 89 32240634
468 386 93667380
303 205 17890207
276 213 1373749
377 349 46308647
285 202 61171086
352 94 42381600
122 11 36175698
30 17 93827047
80 0 21193648
372 60 60764937
105 68 14117496
455 173 42534498
454 119 96786945
40 38 42085438
454 243 88150924
49 10 64937725
121 45 27701450
239 204 89346011
477 455 18489762
321 162 57304154
61 41 20481826
337 170 43737489
394 341 78323565
54 9 81839289
378 205 57030294
162 111 56376144
43 22 82897230
87 71 56260561
210 152 70521920
296 170 78935169
267 125 43104288
258 196 46190187
394 99 6687881
254 53 71670365
62 28 38905804
401 152 33560472
394 121 18799719
107 6 88541852
300 138 70037237
157 2 19820875
218 62 76782955
447 301 82285173
71 19 57999147
379 48 33889711
379 62 66101863
186 154 50692795
213 67 89703259
366 51 22950554
100 35 42733036
415 198 6912927
381 138 75760103
337 302 98277526
441 160 25167816
283 11 92567970
169 87 9187278
402 363 99095287
190 102 45592414
364 131 85107525
398 356 65927227
354 345 47331950
378 38 3402702
477 285 25568251
84 30 24369199
415 205 36312430
104 82 3013361
28 7 5770398
456 274 39934975
317 136 34638330
353 299 72354677
210 50 42039448
360 90 51262678
361 322 72869269
261 212 97637860
432 15 93376454
488 477 87463639
44 36 28847937
113 5 42092722
283 242 90376757
300 12 6863004
254 179 1820332
73 62 90082945
227 152 18672972
388 228 43794241
499 135 75980240
123 118 73276228
348 138 88279184
300 26 23960584
157 132 68180156
363 35 29182218
494 3 63454045
134 103 14368048
469 172 51328259
270 105 37706648
115 35 29259984
301 271 87468343
125 26 41199534
223 96 32531156
431 239 35267416
249 15 24797932
364 128 27566209
232 128 98176637
299 196 67375312
150 99 71672653
247 178 36388896
192 9 40822517
291 54 84906328
337 281 49281470
367 272 62922595
201 158 29937065
343 32 495800
112 62 99814369
379 101 88932046
41 22 43894569
170 128 49857225
230 51 76801912
479 148 65961385
361 62 25290244
491 8 87465026
409 340 45292317
88 38 38252748
323 274 96691104
369 172 89364987
314 132 25943639
442 422 91725004
379 350 71793107
178 54 66205544
236 6 36236281
184 131 84231305
375 356 80514852
286 223 32031703
146 84 34898959
159 124 13253259
412 254 97893612
280 276 24941011
41 34 31296428
369 124 49509474
479 74 12316695
443 256 81141401
435 423 88357584
69 61 5342673
69 48 64626001
483 275 54126202
213 41 96549694
374 156 52387865
167 128 17491736
274 171 33062804
60 19 19421884
386 142 82469316
225 59 71436052
314 55 24114271
468 55 88605088
395 215 27853638
109 102 22719124
324 237 89846542
33 31 62903752
154 5 56754718
126 6 58059808
494 38 71826688
351 102 44914810
166 72 12668721
456 277 58830329
312 246 60965103
163 156 62638484
215 48 27738202
375 266 48246315
228 13 1389985
76 71 4428368
417 255 85245597
91 10 75049700
181 177 58965628
396 286 99790622
87 57 73712202
492 473 88058709
289 288 71462906
274 38 69773203
125 15 18108195
87 72 43735377
317 210 27654797
409 332 33833308
311 143 73061866
309 36 92528688
407 152 25786066
415 380 15620788
145 84 1870658
369 300 49735278
58 1 38798009
304 113 21922894
330 117 78276756
205 45 67145083
34 22 1061731
412 315 45207846
338 179 37416946
274 94 51360585
237 37 33765488
459 431 91820993
484 300 80289644
474 190 88661278
27 12 93608562
437 41 89494553
198 147 84659749
30 3 88637458
282 154 39245279
83 54 8034320
288 111 30200086
304 39 59735848
332 124 26761963
259 121 51902698
71 59 60369684
249 64 49153489
394 342 31990252
55 23 99628367
87 73 54594154
300 177 14811121
180 92 69548036
478 238 85993441
154 66 6355731
322 310 40168072
154 110 68451789
174 165 24924087
299 182 47060928
364 147 59429385
122 69 83742041
164 40 60267541
66 29 6613400
239 105 35153171
272 184 79902939
426 98 20468667
327 148 74566905
196 107 66952517
163 84 29105191
479 7 70517243
276 151 27326946
50 11 1488783
429 106 12172832
95 39 5565543
354 331 77710169
449 270 96237765
470 75 35960049
184 66 81995975
58 47 43150073
135 73 31574981
330 36 30520447
112 51 65065816
466 272 18224042
393 336 2615427
349 151 94329332
411 319 9936316
114 49 24064240
227 78 92207962
114 1 46322967
376 263 17981819
299 172 44180860
286 20 15786012
124 108 79645886
210 114 8696025
263 82 28787217
252 115 60484853
159 83 6312875
42 38 46175424
248 49 90976368
237 132 14761390
244 236 1969802
127 114 60793921
367 300 54795819
79 30 65820751
184 110 31112969
84 22 69279747
101 37 86742376
210 197 8552841
229 137 64883141
131 94 4227286
141 129 31491466
489 235 69906881
76 66 73145242
28 3 77407066
217 74 44887687
363 38 10577355
362 210 9826633
346 255 91540299
214 161 24340878
361 139 729990
266 206 60894739
281 244 28102783
470 355 49055342
198 112 53714720
154 52 11050307
192 59 1944276
378 358 25385352
358 256 78539538
431 45 86302034
185 22 19003993
195 186 92772669
381 185 15103602
489 96 94537591
77 49 21266365
415 140 54780311
172 117 7823714
341 189 5370717
391 74 26362324
118 39 92037869
443 154 27739551
447 73 41665405
31 15 74279324
111 52 33578208
486 254 43339680
286 216 77171725
108 40 42797309
63 11 56861633
246 153 3188430
185 100 91358718
53 32 98504838
263 185 20584047
482 329 63811156
141 108 6516445
126 73 31858121
101 19 38282736
190 74 97037264
75 8 35675047
193 103 14259734
459 338 1920182
197 26 64192046
407 386 13950389
497 134 50940879
259 196 16101169
269 136 25520317
476 427 18597403
107 83 51740949
464 52 67543797
159 126 50816955
496 424 46481439
342 189 14399408
69 26 57122489
485 198 39759951
390 22 70148281
45 3 22842088
460 37 70248
191 174 16883789
394 130 69207380
417 214 49864386
129 67 76732836
288 6 13214204
305 103 13108944
55 21 25793930
336 190 11890627
129 99 42188425
159 6 41328028
114 95 56731240
391 13 27461725
225 194 47480696
171 23 99657696
288 184 24841198
486 64 51407062
229 186 2034542
67 55 92742990
233 192 96494979
56 13 9497662
165 59 39119170
379 49 75462340
466 279 79946670
207 105 99481868
297 241 8228220
164 39 54978654
348 136 2838558
188 162 80775616
440 324 11684206
495 478 81613839
314 4 55558057
60 29 47721832
86 27 89936010
312 141 71857680
349 166 13432432
432 280 20510398
88 8 8426834
403 250 44464227
267 19 67769590
367 88 39838461
462 303 69024951
449 154 28003330
367 351 18756772
225 111 58611491
380 206 5876014
418 139 21122833
281 163 73305766
311 111 36417520
306 156 92876442
408 222 83621239
102 87 15862294
119 16 77390211
276 224 15596719
392 343 52905314
476 386 11889030
388 18 84462149
83 2 82706069
468 61 35594892
59 23 1924098
474 409 83485900
31 25 61333705
399 291 77453357
65 29 59096440
126 108 5794722
438 334 1325036
363 127 67741655
58 40 46795460
410 99 44104205
240 227 40845638
245 4 52105790
98 6 81866131
81 69 36937336
175 91 37030206
319 258 5371314
377 32 18467200
320 198 69910912
189 56 96558902
182 105 4942902
413 242 29991149
293 258 11672948
482 415 43382673
381 236 88992582
73 34 36424922
463 144 26205503
466 99 52859974
431 203 97419645
387 2 29450546
306 50 23962562
397 299 23462747
403 200 8692077
386 185 35884296
313 99 39624034
497 340 59574957
355 335 53437117
136 33 30650163
173 172 16742565
402 44 72126416
369 167 52956483
295 105 78516262
250 115 36679613
177 147 73560281
159 73 21570414
134 61 49252340
38 30 67775563
228 75 26477299
51 42 49622283
180 68 79299841
263 77 67517464
196 75 61160273
288 10 48078776
75 42 51208884
157 8 9744454
486 463 68194621
336 327 10959003
159 38 38309815
122 61 47364609
338 95 58619915
81 44 99358506
383 166 94119929
186 88 39605792
200 137 9341724
92 81 35229835
375 115 9773701
411 311 94645726
491 200 23397196
122 74 43525199
322 248 84721659
50 29 68356918
425 53 39318763
490 249 6186774
242 192 31501471
339 34 66084414
127 111 48713770
359 166 78068674
226 181 77079232
398 27 67157938
249 119 30262512
288 155 2608774
452 432 61239607
341 129 25549705
409 98 19624277
433 412 70439326
497 208 72487933
329 277 31626211
339 224 86850922
143 100 89672297
394 49 28863033
224 71 3084727
292 280 3247874
73 47 10413579
383 260 44197270
274 18 43680495
191 176 47420058
430 94 34941735
36 15 4785344
417 399 36558844
144 75 61675974
98 8 98513400
341 56 53598913
148 51 65930275
222 57 81253783
193 148 11040938
339 218 84448756
134 115 40751757
91 4 93470856
453 340 94900542
408 3 96449695
187 75 99784031
70 14 64827441
405 332 71141096
185 31 29926765
173 113 19192812
328 13 45679451
232 93 6268529
407 399 18910289
234 88 19432765
124 23 87043568
109 15 38855479
298 245 62922737
105 54 37804259
393 223 90746351
221 89 69036939
99 19 29682963
292 172 50658883
291 258 51515552
318 118 19957201
448 327 18475721
496 249 82327423
410 202 10071321
44 3 58343895
299 170 32905112
313 155 70380050
56 49 90614917
459 360 75078171
457 380 99766995
478 178 23361385
411 340 12024381
351 235 61073463
185 133 41776649
159 148 2953003
318 86 39185315
342 268 74954249
306 245 84294303
126 23 28423991
291 12 55951836
52 43 82557015
261 208 46284134
269 215 68277437
484 414 22626742
128 123 49429603
124 74 57187366
361 263 21822101
353 173 49796438
281 257 26589462
242 52 41838106
29 7 69009307
359 279 67675324
74 46 80076464
426 249 12157007
192 115 41842949
147 99 67798324
438 144 97877212
444 65 22211717
54 29 6738444
442 101 65192663
29 14 54658430
459 367 83828933
353 92 90200757
44 6 44318483
94 14 78429212
372 10 45375268
352 212 22150504
479 39 57113436
203 187 23700014
68 10 43333202
436 286 80038658
166 47 61649115
309 281 57309179
371 25 28596268
313 280 48225811
43 29 15002742
443 182 22604912
392 189 29681042
443 144 36887758
261 90 58163169
324 130 12163932
231 176 48345655
464 457 48536650
497 268 1169380
397 84 59513202
418 24 53179999
255 58 23548507
387 305 85019153
409 109 7822900
242 219 73869415
51 9 73638261
476 110 88637086
380 138 33208638
373 330 71193576
438 66 16169479
121 101 15011226
413 351 66426879
294 170 76891509
479 276 45530566
219 71 12728151
211 121 11198259
288 279 31688661
51 43 90827846
145 112 88245670
180 175 6515919
153 65 39674610
396 82 50903665
226 146 20987455
322 117 44285472
145 107 88992592
134 67 7275026
296 186 97464
318 143 61153406
236 31 77117241
339 141 68638854
253 191 38988372
26 8 84591382
121 97 12314409
308 42 13881497
358 18 51188835
171 152 17801653
186 76 47796734
368 203 51512517
445 76 32910198
492 214 25402793
156 83 36886221
209 197 60104351
275 164 67920154
354 273 25865395
429 149 80860015
280 40 63363652
326 80 34585280
437 268 70994840
164 96 99884074
369 61 64571801
292 229 93035285
195 88 41095132
263 249 54968626
378 266 2640153
425 228 68417713
113 98 27471763
68 42 49681788
413 52 10645624
183 71 55243025
86 19 63204673
62 27 22002014
232 107 12512612
98 23 66646106
445 271 69511010
214 178 96214071
414 219 73069908
485 256 73631874
432 139 64809022
279 29 37454910
406 343 37269653
405 317 90014542
324 270 92986171
63 38 28788144
149 36 32322977
180 77 73800209
237 91 41395157
199 25 38217891
384 252 96849780
316 211 94987936
487 481 14626629
213 156 58868813
388 173 79929018
153 110 92174222
242 198 37167974
355 217 50008853
214 181 38146562
249 27 79005086
292 117 46330443
128 60 79848671
267 263 54978969
74 20 89246868
465 274 23904278
123 122 89743312
481 335 35303890
391 269 63306165
419 316 94909361
350 178 30244453
447 119 86174085
456 232 61814637
372 253 67077065
366 166 46603638
358 160 38126232
383 130 29330766
260 66 51301098
285 205 62890540
123 45 52479832
207 147 38903098
481 395 71334390
308 56 58671507
86 49 20160576
238 206 73810998
135 26 70035131
35 1 49141934
106 11 96297951
404 76 84325438
151 132 35572522
290 196 45440922
133 66 28369066
102 65 74048175
320 151 92755960
398 88 16382355
412 55 2232741
58 15 18786604
57 31 16554897
131 51 93802695
459 9 47643782
287 253 1047403
322 142 31328
363 229 15752173
72 48 41946301
396 44 90533693
430 234 2960900
78 58 54755875
129 45 27593856
237 163 21140608
109 56 42501360
243 102 69395161
191 128 46706214
153 85 76013866
196 86 10397993
494 169 38937384
142 73 37922988
332 321 62777796
470 417 26098517
73 70 12420302
93 25 80089206
281 139 40007564
91 29 92880029
302 65 89884990
52 17 70892207
280 14 89404488
436 126 68434932
58 36 18184388
442 384 74762763
280 169 35062085
66 32 25147378
74 32 16496006
495 253 40742972
153 137 27580091
195 76 37218786
137 54 90451713
83 55 16149920
215 111 74235249
282 61 15926587
148 40 55089607
373 284 33328141
143 111 79555857
174 109 73458199
419 358 30886655
492 259 71353691
189 81 96783748
100 75 39128330
194 124 48276456
498 418 70100073
310 149 51928311
343 148 76671238
362 212 52398004
135 84 33495909
419 82 64684590
291 7 64602518
148 74 83522495
346 45 63892563
321 24 77068163
298 117 72631241
281 226 87967426
54 20 28929639
427 159 46769533
56 38 69005806
377 89 55011524
188 160 70395222
356 243 26673969
86 72 62035240
358 166 89962292
393 141 16886492
182 128 20860527
473 195 78018293
134 128 54531672
390 108 21055111
125 108 18760681
109 20 5726298
359 77 91387228
226 24 20300720
436 287 69227852
33 24 61780888
201 181 30510723
92 48 25879181
269 124 36694714
318 138 14518115
133 43 30729166
332 323 35217782
483 144 34046765
81 48 26497771
49 1 27233317
153 29 69720921
321 201 93072174
410 299 79880985
353 193 19815456
190 66 75171807
314 300 61408416
424 279 99838843
411 22 96500758
89 13 4420217
421 147 13980218
254 202 67845000
368 184 45575510
179 9 18920991
379 9 9530023
226 133 64679535
404 150 9263883
163 127 56831316
112 87 41541121
280 235 47491645
497 217 17963881
263 54 63509603
69 1 75478048
481 174 21985313
445 411 63325582
306 6 23669522
319 122 20266615
93 13 89980016
170 51 95190015
226 143 35023034
389 203 70231007
344 98 55090472
237 136 52501953
282 220 6372023
134 77 87114300
212 11 99661442
36 26 8976793
120 81 48366194
354 351 82372225
35 31 54953602
194 72 21919894
442 261 86719398
292 185 51327342
192 82 10127029
421 309 36195732
198 37 18208103
102 73 90021382
403 86 85243504
269 38 54824735
207 55 1052934
425 47 1210278
470 457 87352781
183 138 30250905
136 18 42726500
91 45 14083503
224 134 44497080
250 16 40024691
35 7 45119798
166 112 19495056
337 198 3345408
79 59 93756783
286 44 62575375
422 336 7816497
230 188 92113721
467 91 38703480
272 173 16037752
206 88 93506338
238 208 47192898
76 22 72852088
169 1 92776624
77 62 68354277
354 119 23649229
492 290 24075512
159 119 64450418
497 438 84344400
354 251 18192026
210 182 32641969
113 72 2953610
121 5 42134032
453 83 13355608
106 9 33497566
372 240 2964617
294 159 88353290
331 263 15140985
359 212 54401591
423 218 35604351
373 287 33727843
493 58 75124586
198 99 37839194
472 62 20553904
463 54 45802184
324 293 16062334
177 81 81014963
418 72 68863111
277 148 98275266
455 104 80740341
103 15 12253708
253 71 64445734
498 300 88823074
245 22 26717212
84 41 93759300
347 303 7578446
269 163 41369967
372 222 60152420
135 68 28191675
195 188 70270830
215 146 28912251
217 203 73010141
172 160 23510565
289 264 71460436
370 54 16258706
279 6 5161341
489 158 86721464
478 447 73162664
244 84 41369634
322 37 73369375
49 14 75075557
254 122 57582464
378 24 54003630
417 97 18211492
188 181 56614750
451 425 25701038
148 81 29152145
394 344 79068667
382 379 89167611
159 27 39011848
458 47 69497395
258 159 79898076
379 158 34925470
136 29 30601940
336 221 48683308
467 344 6676379
495 289 87141974
383 128 22123748
281 17 8478056
57 9 79923621
296 65 82309608
450 376 63328651
194 133 40895027
391 3 31329916
219 169 38485344
400 303 20332617
408 377 32228067
397 240 50207643
68 56 31454970
184 121 12736770
159 77 33834383
499 338 34098193
174 26 54927490
203 181 41401727
143 87 96559701
189 11 83394163
335 56 94064791
192 113 60813058
405 262 26012930
310 117 90071837
339 75 62971260
82 14 95731868
454 134 26051099
404 399 62134101
201 118 20745368
186 2 28310919
